{"type":"FeatureCollection","features":[{"type":"Feature","properties":{"_gpxType":"trk","name":"เพชรบุรี","desc":"Length: 431.9 km (268.4 mi)","coordinateProperties":{}},"geometry":{"type":"LineString","coordinates":[[99.852885,13.301738],[99.852212,13.309193],[99.856072,13.328852],[99.846458,13.332992],[99.832621,13.336499],[99.830127,13.339266],[99.817607,13.340097],[99.814599,13.337643],[99.811693,13.340226],[99.808085,13.338855],[99.806182,13.336274],[99.807558,13.334891],[99.805725,13.333935],[99.805044,13.330812],[99.802858,13.330074],[99.795616,13.331655],[99.790488,13.33676],[99.783883,13.333418],[99.772065,13.338006],[99.766598,13.338535],[99.761504,13.344321],[99.748436,13.337866],[99.745552,13.339363],[99.736686,13.333219],[99.731595,13.331673],[99.726922,13.327365],[99.71478,13.324379],[99.71349,13.322701],[99.708328,13.322793],[99.699159,13.317518],[99.695239,13.308236],[99.691195,13.303548],[99.684668,13.300001],[99.685591,13.294682],[99.682476,13.290928],[99.665377,13.28646],[99.661898,13.278407],[99.664255,13.270738],[99.667293,13.268159],[99.668287,13.260335],[99.664989,13.24264],[99.667892,13.237849],[99.663305,13.228963],[99.664526,13.222635],[99.661791,13.218471],[99.663967,13.215642],[99.661158,13.211523],[99.65649,13.213513],[99.638359,13.210654],[99.636308,13.208184],[99.636391,13.201941],[99.626136,13.205363],[99.6224,13.203792],[99.618474,13.204945],[99.615451,13.203931],[99.604408,13.205577],[99.59643,13.202926],[99.595944,13.19982],[99.593019,13.19808],[99.585484,13.200019],[99.576026,13.19774],[99.56476,13.205109],[99.556482,13.203709],[99.552163,13.207411],[99.550053,13.206951],[99.546779,13.202956],[99.539955,13.203633],[99.537951,13.207003],[99.532225,13.208548],[99.528354,13.208055],[99.521547,13.209916],[99.514208,13.200817],[99.513926,13.193389],[99.50944,13.190064],[99.507816,13.181329],[99.500925,13.179786],[99.499367,13.184859],[99.489007,13.191946],[99.485636,13.190967],[99.483608,13.192249],[99.482503,13.195702],[99.478173,13.200683],[99.461749,13.186446],[99.461025,13.183113],[99.459533,13.182817],[99.456854,13.186229],[99.452953,13.184514],[99.438728,13.184875],[99.43608,13.186779],[99.435526,13.190334],[99.433882,13.190155],[99.431359,13.195393],[99.427245,13.19783],[99.422915,13.198291],[99.419612,13.196367],[99.41465,13.197691],[99.410948,13.200748],[99.407755,13.210692],[99.404497,13.212804],[99.402218,13.212098],[99.398403,13.217098],[99.396548,13.21716],[99.394178,13.212589],[99.37298,13.218966],[99.370848,13.220743],[99.370747,13.228402],[99.367177,13.233331],[99.361,13.232369],[99.357117,13.233412],[99.349471,13.242688],[99.343837,13.238263],[99.338316,13.231191],[99.339099,13.229211],[99.335786,13.222722],[99.329795,13.220457],[99.324632,13.221734],[99.323468,13.220737],[99.323877,13.214387],[99.321717,13.214426],[99.319087,13.208096],[99.318814,13.189374],[99.323832,13.186649],[99.325762,13.183322],[99.32333,13.176346],[99.310491,13.170969],[99.30503,13.163587],[99.295556,13.162273],[99.279985,13.151506],[99.270638,13.148558],[99.264432,13.156149],[99.264998,13.158183],[99.255361,13.170071],[99.251971,13.171676],[99.249844,13.176798],[99.246033,13.179808],[99.244998,13.186102],[99.242604,13.185908],[99.239073,13.188231],[99.237217,13.191414],[99.23385,13.193519],[99.229459,13.202481],[99.221136,13.204844],[99.215375,13.201068],[99.210061,13.208519],[99.203764,13.203535],[99.203219,13.199271],[99.199193,13.193836],[99.197172,13.193593],[99.19482,13.19713],[99.191591,13.195682],[99.190335,13.192892],[99.186461,13.193713],[99.18289,13.192264],[99.174959,13.201908],[99.166772,13.205076],[99.163891,13.20774],[99.156753,13.208511],[99.150158,13.206055],[99.138516,13.205559],[99.13749,13.20407],[99.129132,13.201024],[99.122994,13.19416],[99.125117,13.187051],[99.123045,13.181749],[99.117231,13.176728],[99.117022,13.174439],[99.119622,13.173303],[99.122184,13.169711],[99.124995,13.170193],[99.134031,13.16468],[99.136776,13.149513],[99.130145,13.142316],[99.131263,13.137421],[99.135818,13.135186],[99.134829,13.130832],[99.136157,13.129343],[99.13283,13.121994],[99.133436,13.118346],[99.12926,13.118684],[99.128017,13.115939],[99.12741,13.102589],[99.131261,13.097172],[99.124539,13.095277],[99.121009,13.09673],[99.113203,13.087485],[99.111229,13.08771],[99.107847,13.082799],[99.105001,13.084549],[99.102039,13.08228],[99.102228,13.080308],[99.10005,13.078692],[99.099762,13.072348],[99.102736,13.069161],[99.104366,13.06343],[99.110326,13.063613],[99.114176,13.058308],[99.113691,13.054242],[99.119072,13.044711],[99.124891,13.039677],[99.124777,13.038411],[99.126751,13.038746],[99.13432,13.033215],[99.139862,13.033026],[99.140394,13.034775],[99.146334,13.032781],[99.147696,13.026602],[99.15487,13.026486],[99.156798,13.020681],[99.158648,13.019373],[99.162599,13.02019],[99.170967,13.014498],[99.168742,13.008887],[99.173086,13.003417],[99.172653,13.001592],[99.18021,12.996031],[99.18095,12.993402],[99.188758,12.990851],[99.193353,12.991998],[99.194878,12.990725],[99.190121,12.983983],[99.190551,12.98206],[99.187591,12.978933],[99.187455,12.974991],[99.190381,12.967329],[99.193145,12.965896],[99.195243,12.956539],[99.193553,12.953608],[99.190455,12.953117],[99.188283,12.949066],[99.186256,12.948415],[99.184658,12.944766],[99.171946,12.942615],[99.171285,12.936424],[99.168261,12.932894],[99.167886,12.930031],[99.162967,12.927889],[99.16666,12.924397],[99.175606,12.920648],[99.18298,12.910322],[99.181616,12.907167],[99.183315,12.901234],[99.183291,12.893077],[99.180896,12.888994],[99.182775,12.884772],[99.188746,12.879993],[99.185196,12.862409],[99.187373,12.856313],[99.185901,12.850828],[99.189618,12.846013],[99.197625,12.844966],[99.198848,12.840344],[99.203782,12.838963],[99.20618,12.836588],[99.207345,12.831875],[99.211205,12.826647],[99.217748,12.828419],[99.219239,12.823508],[99.222368,12.823752],[99.223448,12.814247],[99.225309,12.812913],[99.229252,12.796571],[99.22814,12.791784],[99.23111,12.783724],[99.233561,12.782496],[99.234515,12.777668],[99.232459,12.769816],[99.234421,12.755449],[99.231899,12.747886],[99.22872,12.74646],[99.227707,12.743602],[99.233946,12.738321],[99.234391,12.734976],[99.241422,12.722029],[99.245486,12.719524],[99.248419,12.719925],[99.253068,12.724102],[99.260777,12.726528],[99.264608,12.725835],[99.270422,12.729252],[99.272459,12.724234],[99.275333,12.722875],[99.27841,12.717529],[99.284339,12.715428],[99.289409,12.71578],[99.290448,12.714329],[99.288413,12.710099],[99.290049,12.707266],[99.289407,12.69913],[99.293794,12.69738],[99.300326,12.689867],[99.299351,12.685027],[99.296136,12.68175],[99.295287,12.677715],[99.307501,12.671028],[99.308504,12.668037],[99.3137,12.667053],[99.317735,12.669437],[99.322904,12.668746],[99.338014,12.662122],[99.345183,12.647153],[99.343729,12.642419],[99.34746,12.639319],[99.354643,12.639994],[99.354851,12.637288],[99.357289,12.635552],[99.364409,12.635406],[99.366986,12.633404],[99.365493,12.626018],[99.370544,12.622416],[99.378195,12.621913],[99.378697,12.616327],[99.380668,12.615815],[99.384677,12.617737],[99.393091,12.61447],[99.403252,12.613624],[99.411404,12.616058],[99.420991,12.607076],[99.425239,12.595491],[99.427806,12.594804],[99.431182,12.59119],[99.433849,12.590669],[99.441088,12.581034],[99.453782,12.57922],[99.461574,12.582225],[99.464745,12.58588],[99.469703,12.586583],[99.47208,12.588646],[99.478658,12.590051],[99.481729,12.588653],[99.488216,12.590575],[99.494341,12.590638],[99.496629,12.593483],[99.504214,12.594881],[99.517585,12.589298],[99.51974,12.587145],[99.526856,12.587905],[99.528308,12.583105],[99.537267,12.579813],[99.538693,12.576959],[99.545338,12.579589],[99.575905,12.57688],[99.578092,12.579185],[99.583537,12.572913],[99.585653,12.56252],[99.593413,12.548642],[99.603056,12.542153],[99.618995,12.541449],[99.617332,12.548382],[99.622455,12.553196],[99.621034,12.566477],[99.624472,12.578339],[99.623484,12.586928],[99.628426,12.595291],[99.626995,12.601855],[99.614028,12.611983],[99.614569,12.631875],[99.61359,12.635759],[99.62053,12.644962],[99.619064,12.651759],[99.627959,12.652223],[99.632876,12.642507],[99.637815,12.642011],[99.646621,12.636696],[99.655136,12.639025],[99.666173,12.64558],[99.67458,12.64847],[99.686935,12.648924],[99.690894,12.65134],[99.708191,12.652749],[99.718062,12.648842],[99.719037,12.643988],[99.722982,12.641065],[99.729402,12.640077],[99.735321,12.636665],[99.737283,12.631808],[99.737817,12.624164],[99.746971,12.628869],[99.749531,12.628862],[99.748062,12.62171],[99.749156,12.615884],[99.747651,12.607882],[99.75245,12.607394],[99.75681,12.585032],[99.75945,12.58338],[99.765335,12.58612],[99.765075,12.589267],[99.786068,12.60532],[99.790787,12.60733],[99.81989,12.62812],[99.828654,12.631095],[99.8326,12.628098],[99.845893,12.622448],[99.871577,12.626922],[99.87671,12.625806],[99.883555,12.619576],[99.886088,12.622762],[99.89081,12.624965],[99.893618,12.628712],[99.89695,12.628609],[99.904327,12.636129],[99.912606,12.630324],[99.914639,12.625772],[99.918393,12.625679],[99.921466,12.623861],[99.923261,12.62462],[99.923699,12.638182],[99.92494,12.639183],[99.928421,12.636486],[99.930012,12.631172],[99.931413,12.63042],[99.934276,12.632949],[99.934038,12.634185],[99.946057,12.632805],[99.949217,12.634118],[99.955949,12.63258],[99.959424,12.666735],[99.964073,12.690922],[99.964609,12.728204],[99.974296,12.767567],[99.989868,12.808241],[99.996377,12.815062],[100.002051,12.812457],[99.992917,12.81682],[99.992453,12.81828],[100.002506,12.814353],[99.994979,12.81784],[99.994338,12.823622],[100.003389,12.843125],[100.013003,12.858017],[100.012163,12.861027],[100.019292,12.87534],[100.025348,12.894661],[100.029115,12.934482],[100.037932,12.95478],[100.03796,12.960467],[100.044829,12.974372],[100.066345,13.006576],[100.082016,13.023787],[100.093485,13.039852],[100.101471,13.054431],[100.098401,13.055067],[100.098221,13.056302],[100.090348,13.056318],[100.084021,13.060714],[100.082365,13.060466],[100.082361,13.06246],[100.070981,13.073515],[100.065209,13.08432],[100.064051,13.095603],[100.064736,13.130939],[100.070262,13.149077],[100.069631,13.152045],[100.058355,13.164458],[100.047456,13.171381],[100.033644,13.177174],[100.031006,13.179465],[100.020308,13.183667],[100.005168,13.199094],[99.996516,13.222178],[99.979372,13.24137],[99.973984,13.243685],[99.96918,13.242578],[99.965186,13.245298],[99.964907,13.247554],[99.957599,13.255192],[99.955172,13.259852],[99.948715,13.264244],[99.944017,13.264653],[99.942105,13.266525],[99.945866,13.271724],[99.950513,13.2827],[99.952927,13.297485],[99.945022,13.296527],[99.934761,13.292201],[99.93308,13.285],[99.924253,13.280719],[99.92175,13.281181],[99.917492,13.285666],[99.914404,13.282142],[99.906894,13.282377],[99.906271,13.283898],[99.900336,13.285169],[99.894436,13.284043],[99.89627,13.275872],[99.893027,13.27215],[99.894696,13.269223],[99.892581,13.264395],[99.887058,13.263707],[99.881464,13.259145],[99.884723,13.251187],[99.884192,13.248077],[99.8769,13.251323],[99.875833,13.250137],[99.870838,13.250363],[99.867254,13.246865],[99.860384,13.246016],[99.859031,13.246981],[99.858418,13.263015],[99.853805,13.286733],[99.852885,13.301738]]}},{"type":"Feature","properties":{"_gpxType":"trk","name":"ประจวบคีรีขันธ์","desc":"Length: 637.9 km (396.4 mi)","coordinateProperties":{}},"geometry":{"type":"LineString","coordinates":[[99.656622,12.635685],[99.654889,12.638928],[99.62168,12.645],[99.619581,12.641504],[99.618278,12.608814],[99.628233,12.599427],[99.621616,12.58699],[99.614445,12.58096],[99.585172,12.568479],[99.579022,12.579224],[99.573341,12.576777],[99.540237,12.578661],[99.536651,12.581149],[99.5397,12.574936],[99.520093,12.561582],[99.498551,12.574172],[99.496922,12.593649],[99.491897,12.589901],[99.479242,12.590279],[99.463459,12.585127],[99.454483,12.579128],[99.441118,12.580981],[99.438955,12.583376],[99.430336,12.581638],[99.428014,12.577691],[99.43536,12.56527],[99.432233,12.556118],[99.424312,12.557246],[99.421857,12.551803],[99.423686,12.542235],[99.421828,12.529957],[99.417989,12.525221],[99.420287,12.506032],[99.425815,12.496262],[99.425425,12.491205],[99.416533,12.488987],[99.405929,12.480292],[99.406367,12.472768],[99.40342,12.470049],[99.401917,12.459616],[99.414041,12.450161],[99.424701,12.448985],[99.425822,12.425767],[99.435096,12.414433],[99.443383,12.410731],[99.446524,12.406328],[99.441798,12.400574],[99.442669,12.382896],[99.436814,12.37513],[99.437798,12.370524],[99.433944,12.36856],[99.432375,12.363543],[99.444236,12.355501],[99.443705,12.35143],[99.437177,12.349271],[99.433901,12.343117],[99.44526,12.332405],[99.442806,12.328104],[99.444401,12.31727],[99.448519,12.312147],[99.452464,12.312143],[99.45834,12.299359],[99.462339,12.297215],[99.460924,12.287771],[99.465928,12.282318],[99.474289,12.283043],[99.476144,12.279903],[99.482613,12.278592],[99.484057,12.273046],[99.480406,12.266646],[99.48182,12.254422],[99.476199,12.242493],[99.473207,12.24286],[99.47126,12.23618],[99.481783,12.224011],[99.48076,12.222033],[99.484722,12.220884],[99.486391,12.211996],[99.490374,12.210016],[99.491946,12.200029],[99.49614,12.197294],[99.494792,12.190085],[99.488126,12.181145],[99.489477,12.172083],[99.48622,12.166104],[99.478499,12.164015],[99.473024,12.157921],[99.473209,12.132008],[99.478357,12.134189],[99.489436,12.128646],[99.494411,12.130744],[99.499449,12.14361],[99.512428,12.145286],[99.514471,12.147983],[99.523374,12.147169],[99.523469,12.145189],[99.528841,12.148288],[99.539252,12.144446],[99.548526,12.151132],[99.561553,12.148358],[99.564346,12.145411],[99.57083,12.145241],[99.569537,12.137271],[99.560159,12.128713],[99.560245,12.11965],[99.555457,12.114478],[99.555879,12.093863],[99.551216,12.091191],[99.550426,12.083119],[99.54019,12.075185],[99.533697,12.066092],[99.532337,12.054161],[99.535426,12.049908],[99.535134,12.043429],[99.540298,12.039908],[99.540992,12.029936],[99.538389,12.027114],[99.53745,12.014722],[99.562802,12.011634],[99.56663,12.007801],[99.576769,12.00694],[99.581901,11.999571],[99.589667,11.997457],[99.592328,11.992985],[99.590143,11.981159],[99.593637,11.978336],[99.591296,11.965073],[99.593365,11.955147],[99.579746,11.94371],[99.586022,11.930852],[99.58557,11.913138],[99.579528,11.905099],[99.584626,11.889444],[99.58891,11.887095],[99.588258,11.87284],[99.594877,11.872569],[99.599533,11.879056],[99.603291,11.870963],[99.609632,11.868635],[99.613225,11.859076],[99.62527,11.849623],[99.621427,11.833147],[99.634869,11.831791],[99.635375,11.828518],[99.658683,11.829019],[99.664885,11.823115],[99.659555,11.819829],[99.658814,11.810905],[99.652653,11.813166],[99.650338,11.811456],[99.651128,11.80716],[99.644951,11.790443],[99.641392,11.791911],[99.641496,11.77813],[99.643479,11.76808],[99.640039,11.765457],[99.637043,11.745901],[99.639723,11.743903],[99.636429,11.727562],[99.630433,11.72406],[99.618372,11.722668],[99.620374,11.718051],[99.615562,11.710926],[99.601408,11.707253],[99.596122,11.699017],[99.597132,11.69412],[99.589984,11.692053],[99.588357,11.68321],[99.58298,11.678701],[99.587061,11.659919],[99.569544,11.642513],[99.571576,11.636768],[99.565667,11.626408],[99.554747,11.624267],[99.550729,11.627651],[99.544792,11.627528],[99.541929,11.623703],[99.530006,11.621396],[99.522593,11.624634],[99.518527,11.635164],[99.505835,11.636118],[99.492406,11.628243],[99.491535,11.625258],[99.483074,11.626374],[99.474536,11.623299],[99.466784,11.613164],[99.467623,11.606737],[99.462273,11.599397],[99.46283,11.588714],[99.45782,11.583185],[99.463798,11.575534],[99.467522,11.563692],[99.463183,11.557052],[99.4627,11.549133],[99.468426,11.549279],[99.469005,11.5433],[99.473064,11.538824],[99.473949,11.532535],[99.453636,11.509868],[99.448383,11.508583],[99.458154,11.495094],[99.456045,11.489977],[99.452636,11.493013],[99.444138,11.490912],[99.441361,11.486718],[99.444013,11.48056],[99.440777,11.478965],[99.431202,11.481193],[99.430263,11.478992],[99.426175,11.482116],[99.419632,11.480795],[99.418995,11.474906],[99.411006,11.472729],[99.409239,11.462657],[99.404316,11.466573],[99.394441,11.46128],[99.393741,11.451658],[99.401686,11.44342],[99.396377,11.439611],[99.402767,11.424705],[99.401672,11.410767],[99.405071,11.407382],[99.39768,11.400344],[99.401968,11.389918],[99.396049,11.38242],[99.384398,11.381484],[99.378639,11.375514],[99.365202,11.37183],[99.353003,11.354542],[99.346484,11.352055],[99.342778,11.344029],[99.343089,11.332972],[99.331943,11.337664],[99.326959,11.33696],[99.326724,11.329624],[99.311973,11.317521],[99.323175,11.302849],[99.326294,11.288021],[99.32424,11.282662],[99.31697,11.276495],[99.317498,11.274116],[99.313821,11.272136],[99.306833,11.256381],[99.297196,11.252319],[99.295779,11.248387],[99.301907,11.240053],[99.305838,11.239592],[99.309584,11.234606],[99.30737,11.217706],[99.302868,11.21543],[99.297615,11.205345],[99.291541,11.203226],[99.293999,11.194675],[99.291088,11.195211],[99.286624,11.190775],[99.280709,11.191444],[99.278515,11.198779],[99.269885,11.204521],[99.26311,11.200788],[99.257527,11.192792],[99.258924,11.188078],[99.25214,11.175735],[99.252813,11.169213],[99.242077,11.154941],[99.239645,11.15547],[99.231252,11.143718],[99.225294,11.14276],[99.223862,11.135588],[99.228831,11.130816],[99.227605,11.112079],[99.217286,11.105904],[99.216039,11.100975],[99.21111,11.097868],[99.203116,11.101359],[99.199554,11.090173],[99.188925,11.083445],[99.178948,11.08199],[99.177653,11.074416],[99.179766,11.07154],[99.176883,11.062607],[99.179891,11.060457],[99.174515,11.058809],[99.170323,11.051755],[99.172784,11.045802],[99.170918,11.042964],[99.164656,11.041986],[99.164836,11.039191],[99.156711,11.032394],[99.150745,11.03345],[99.15075,11.020338],[99.146986,11.016388],[99.149763,11.013822],[99.152693,11.015254],[99.154298,11.012308],[99.165218,11.01049],[99.167343,11.003301],[99.174331,10.999823],[99.1803,11.001815],[99.180117,10.998293],[99.182334,10.999292],[99.181947,10.997104],[99.185732,10.995922],[99.185387,10.997659],[99.191069,10.996001],[99.193026,10.998046],[99.19938,10.996805],[99.198197,10.991449],[99.201463,10.990714],[99.20225,10.98593],[99.205654,10.989603],[99.215556,10.982381],[99.221063,10.983358],[99.240749,10.977679],[99.240841,10.971995],[99.245189,10.972334],[99.249112,10.968804],[99.255601,10.968473],[99.256946,10.965957],[99.261999,10.968037],[99.272831,10.965304],[99.274264,10.961684],[99.280987,10.958061],[99.28999,10.969395],[99.30328,10.966198],[99.328,10.969257],[99.3358,10.965658],[99.344797,10.975596],[99.369318,10.968798],[99.37515,10.972641],[99.378209,10.965107],[99.389512,10.959227],[99.407005,10.955626],[99.426663,10.970394],[99.439993,10.971197],[99.461651,10.989106],[99.472515,10.993131],[99.476937,10.989611],[99.485231,10.990801],[99.49938,10.988077],[99.502319,10.991308],[99.499704,10.992805],[99.498206,11.001316],[99.501375,11.039281],[99.486085,11.117783],[99.487261,11.136829],[99.49421,11.159983],[99.506929,11.180298],[99.521434,11.196458],[99.542902,11.207953],[99.562324,11.201916],[99.560007,11.187711],[99.566349,11.183781],[99.57821,11.196003],[99.576165,11.197488],[99.578326,11.210821],[99.581241,11.21169],[99.574333,11.214806],[99.561542,11.229097],[99.55288,11.251882],[99.549225,11.284904],[99.552106,11.312254],[99.557915,11.332435],[99.569602,11.355652],[99.576454,11.360566],[99.58042,11.357593],[99.585263,11.379645],[99.599072,11.404855],[99.599134,11.415251],[99.60542,11.41937],[99.6078,11.437496],[99.618706,11.465855],[99.62623,11.469468],[99.634459,11.509183],[99.656253,11.558153],[99.700114,11.63279],[99.710297,11.645635],[99.724399,11.679385],[99.733225,11.692336],[99.76529,11.724732],[99.792148,11.746013],[99.793346,11.744062],[99.796697,11.746078],[99.798346,11.740093],[99.807366,11.740074],[99.80635,11.736989],[99.810906,11.738343],[99.802271,11.753557],[99.804223,11.761129],[99.800368,11.765655],[99.797405,11.764653],[99.795401,11.772511],[99.80351,11.783209],[99.813005,11.784701],[99.812968,11.776913],[99.816723,11.779025],[99.81835,11.785029],[99.816436,11.78901],[99.811287,11.786899],[99.802641,11.795994],[99.799654,11.803672],[99.79921,11.817713],[99.805038,11.829329],[99.819373,11.840072],[99.830224,11.837591],[99.829248,11.828637],[99.833154,11.831557],[99.83484,11.843768],[99.829053,11.850293],[99.826,11.849161],[99.822583,11.854352],[99.824474,11.866738],[99.821581,11.862407],[99.81459,11.867373],[99.811701,11.878145],[99.813667,11.893604],[99.827189,11.930646],[99.860329,11.993011],[99.937482,12.075806],[99.935877,12.075036],[99.944664,12.083331],[99.949269,12.080938],[99.95707,12.089832],[99.959221,12.085579],[99.964186,12.09144],[99.963465,12.094362],[99.967258,12.098662],[99.966993,12.105746],[99.961367,12.111859],[99.969234,12.132262],[99.966003,12.140138],[99.969848,12.143531],[99.971436,12.141787],[100.004729,12.169268],[100.004889,12.172698],[100.019866,12.19055],[100.017514,12.189969],[100.016473,12.200857],[100.012405,12.208379],[100.004326,12.207824],[100.001037,12.212853],[100.006038,12.219333],[100.000862,12.228634],[99.983279,12.244985],[99.975903,12.258426],[99.973743,12.273596],[99.977267,12.279065],[99.981897,12.30112],[99.992431,12.328212],[99.997153,12.331756],[99.998265,12.330304],[100.00233,12.33558],[99.998832,12.339857],[100.000864,12.380978],[99.99402,12.406548],[99.988061,12.409586],[99.979427,12.435992],[99.983252,12.438139],[99.981561,12.444557],[99.98388,12.450259],[99.977246,12.462679],[99.974907,12.503616],[99.980215,12.514316],[99.984861,12.512805],[99.982,12.518141],[99.977359,12.520009],[99.966096,12.545508],[99.96365,12.568741],[99.960029,12.573388],[99.955771,12.592287],[99.955596,12.632947],[99.952001,12.635385],[99.940099,12.635751],[99.940745,12.630618],[99.926308,12.631831],[99.921363,12.624011],[99.90488,12.636429],[99.896793,12.628677],[99.892975,12.628723],[99.883515,12.619897],[99.873743,12.626626],[99.860239,12.623442],[99.843897,12.63093],[99.830881,12.629152],[99.824426,12.632347],[99.815747,12.630574],[99.811332,12.623779],[99.800763,12.622069],[99.792445,12.61528],[99.785052,12.617122],[99.771527,12.612575],[99.760431,12.614299],[99.754848,12.618479],[99.72675,12.612948],[99.721864,12.608893],[99.720473,12.602552],[99.716937,12.600333],[99.696634,12.610633],[99.680455,12.635444],[99.669117,12.637464],[99.656622,12.635685]]}},{"type":"Feature","properties":{"_gpxType":"trk","name":"พังงา","desc":"Length: 412.5 km (256.3 mi)","coordinateProperties":{}},"geometry":{"type":"LineString","coordinates":[[98.389772,9.332771],[98.384126,9.334044],[98.365644,9.276303],[98.354326,9.264538],[98.326044,9.272477],[98.309146,9.28439],[98.297346,9.274758],[98.297612,9.243976],[98.296754,9.241826],[98.292304,9.23823],[98.287133,9.22891],[98.284065,9.229231],[98.282628,9.228416],[98.281872,9.222739],[98.27679,9.208799],[98.273615,9.205627],[98.267954,9.205742],[98.265917,9.207477],[98.264446,9.207247],[98.263376,9.199306],[98.262356,9.197593],[98.263346,9.190009],[98.263013,9.176989],[98.259279,9.16891],[98.26025,9.16606],[98.259211,9.154395],[98.260539,9.148994],[98.259924,9.14727],[98.260778,9.143455],[98.257924,9.133836],[98.256534,9.132181],[98.255674,9.128366],[98.254064,9.126791],[98.251796,9.126826],[98.251067,9.128687],[98.249933,9.128366],[98.249398,9.124642],[98.250698,9.113116],[98.25107,9.081639],[98.24911,9.058782],[98.246007,9.039429],[98.247073,9.030188],[98.247081,9.003476],[98.252858,9.001144],[98.253319,8.997946],[98.258471,8.987006],[98.263173,8.958141],[98.262693,8.943771],[98.25771,8.930965],[98.25054,8.919883],[98.247005,8.916253],[98.24613,8.913438],[98.247209,8.911103],[98.253404,8.90465],[98.261543,8.890777],[98.264222,8.884358],[98.268166,8.869656],[98.265356,8.860865],[98.262684,8.857758],[98.266354,8.839708],[98.265976,8.829687],[98.264242,8.823588],[98.260736,8.816212],[98.256664,8.811655],[98.253052,8.809882],[98.251214,8.810377],[98.257009,8.802601],[98.259873,8.795883],[98.262015,8.776083],[98.259999,8.761919],[98.257061,8.759641],[98.255344,8.754338],[98.255802,8.751036],[98.254,8.747579],[98.249466,8.742862],[98.246317,8.742861],[98.24173,8.738237],[98.232952,8.7336],[98.226146,8.734031],[98.221309,8.738278],[98.222387,8.72931],[98.224817,8.727376],[98.227966,8.727028],[98.233816,8.72139],[98.235214,8.722688],[98.23594,8.722412],[98.23567,8.720032],[98.234862,8.719469],[98.238456,8.705854],[98.239298,8.705853],[98.237672,8.705762],[98.238628,8.693805],[98.239815,8.693172],[98.241207,8.674614],[98.243128,8.666588],[98.245665,8.660745],[98.245134,8.660435],[98.246608,8.65365],[98.245544,8.646983],[98.246416,8.638992],[98.244394,8.637235],[98.242649,8.630051],[98.239441,8.62926],[98.239428,8.628547],[98.231406,8.625876],[98.231701,8.623381],[98.229312,8.622969],[98.228939,8.620842],[98.232161,8.616999],[98.237187,8.616041],[98.237711,8.612867],[98.236798,8.606004],[98.238286,8.600622],[98.241166,8.599159],[98.241311,8.596814],[98.240165,8.594527],[98.239531,8.589561],[98.237402,8.585769],[98.230509,8.581809],[98.223716,8.587736],[98.218959,8.590602],[98.213997,8.589032],[98.210954,8.584344],[98.210665,8.578089],[98.208564,8.570974],[98.206065,8.56693],[98.204063,8.55786],[98.204006,8.552594],[98.20576,8.54704],[98.206946,8.546119],[98.207194,8.543406],[98.210629,8.537126],[98.219392,8.504684],[98.220916,8.50175],[98.224053,8.482615],[98.227379,8.469691],[98.230122,8.46258],[98.23625,8.43332],[98.247641,8.399017],[98.24881,8.390814],[98.252219,8.380716],[98.254802,8.36616],[98.260276,8.344251],[98.260295,8.341252],[98.264114,8.326479],[98.264961,8.319723],[98.269128,8.307224],[98.273685,8.283637],[98.275677,8.2781],[98.282198,8.248658],[98.282639,8.24026],[98.280471,8.237553],[98.283097,8.21681],[98.281562,8.201657],[98.290691,8.204578],[98.299078,8.202426],[98.307281,8.198455],[98.332432,8.178327],[98.339019,8.176597],[98.345894,8.177456],[98.34924,8.176643],[98.354511,8.173106],[98.3557,8.166617],[98.345014,8.131089],[98.371171,8.148977],[98.385419,8.130657],[98.461427,8.199904],[98.469088,8.224],[98.48019,8.229354],[98.466363,8.255199],[98.469386,8.272963],[98.467853,8.287883],[98.477289,8.304777],[98.4655,8.307487],[98.547179,8.340792],[98.538369,8.340649],[98.643075,8.376582],[98.650925,8.377705],[98.658993,8.380161],[98.662908,8.386313],[98.660043,8.393204],[98.649889,8.403812],[98.644559,8.40746],[98.643,8.410825],[98.643158,8.414503],[98.647039,8.419195],[98.655106,8.423731],[98.659845,8.424012],[98.663372,8.425866],[98.664933,8.434129],[98.662471,8.440884],[98.663044,8.445631],[98.664576,8.44839],[98.664259,8.454813],[98.666542,8.454356],[98.669607,8.457829],[98.668936,8.460058],[98.665456,8.457974],[98.664532,8.459283],[98.665557,8.460904],[98.664612,8.460479],[98.664044,8.464167],[98.664632,8.463915],[98.664411,8.466075],[98.663098,8.464866],[98.66267,8.466693],[98.660675,8.466048],[98.659414,8.4717],[98.656832,8.470628],[98.655156,8.474557],[98.653899,8.474751],[98.65384,8.476566],[98.650899,8.477575],[98.648913,8.480801],[98.650087,8.482653],[98.648196,8.483111],[98.648506,8.48449],[98.650098,8.483055],[98.652486,8.482782],[98.653788,8.483507],[98.66422,8.501397],[98.671948,8.509217],[98.675176,8.516298],[98.677862,8.525867],[98.678208,8.538092],[98.683625,8.556701],[98.687795,8.565802],[98.69238,8.572426],[98.690864,8.575749],[98.693439,8.577325],[98.703166,8.589231],[98.703888,8.593406],[98.706302,8.595004],[98.707475,8.59715],[98.70741,8.602563],[98.704176,8.604279],[98.70317,8.60758],[98.70403,8.609302],[98.703012,8.612878],[98.70309,8.6225],[98.70214,8.623015],[98.702005,8.627705],[98.703966,8.632259],[98.70041,8.633793],[98.698324,8.635991],[98.698119,8.640475],[98.693475,8.647395],[98.68666,8.652718],[98.684749,8.655961],[98.681479,8.656151],[98.676981,8.658461],[98.67529,8.660843],[98.671289,8.661032],[98.667623,8.659444],[98.667134,8.656519],[98.662877,8.655687],[98.658483,8.65654],[98.657082,8.65866],[98.653926,8.657692],[98.65293,8.659387],[98.648593,8.659552],[98.647811,8.656516],[98.64475,8.653789],[98.644087,8.650382],[98.63804,8.643904],[98.634636,8.642543],[98.632753,8.644297],[98.62939,8.644476],[98.622069,8.639796],[98.620781,8.637065],[98.616328,8.637573],[98.615758,8.638393],[98.614229,8.637696],[98.612524,8.63814],[98.609659,8.636289],[98.609136,8.63466],[98.609819,8.632241],[98.60621,8.627774],[98.603878,8.626738],[98.601631,8.63045],[98.600205,8.631044],[98.597341,8.630546],[98.592668,8.631249],[98.588283,8.627985],[98.579414,8.63204],[98.577664,8.633907],[98.574915,8.633581],[98.571415,8.636465],[98.565478,8.637761],[98.562616,8.642561],[98.55973,8.646065],[98.555696,8.648237],[98.553703,8.651697],[98.547188,8.65634],[98.54248,8.657341],[98.540579,8.659883],[98.53739,8.660015],[98.536312,8.661928],[98.538354,8.663687],[98.539063,8.666727],[98.5415,8.670757],[98.543263,8.671047],[98.545677,8.674251],[98.550524,8.67403],[98.559408,8.675239],[98.56167,8.676975],[98.563343,8.681164],[98.569954,8.682449],[98.572077,8.684792],[98.572916,8.691789],[98.57787,8.694298],[98.580422,8.696905],[98.581864,8.703674],[98.588407,8.705784],[98.592493,8.711273],[98.594361,8.712308],[98.595987,8.716898],[98.595874,8.723182],[98.594405,8.729441],[98.595096,8.741679],[98.594042,8.744143],[98.597047,8.746121],[98.596138,8.759917],[98.597493,8.762666],[98.59746,8.775378],[98.599767,8.780347],[98.6016,8.78218],[98.599704,8.785227],[98.598459,8.797408],[98.593901,8.801101],[98.58771,8.802204],[98.585835,8.805976],[98.583936,8.806647],[98.579677,8.804117],[98.574843,8.804089],[98.566942,8.808034],[98.564655,8.807211],[98.557673,8.81287],[98.554603,8.814237],[98.553538,8.817656],[98.555754,8.822062],[98.552815,8.828873],[98.548097,8.831933],[98.545532,8.837401],[98.544259,8.837822],[98.542408,8.841157],[98.533955,8.843664],[98.532443,8.845898],[98.533848,8.847614],[98.536101,8.857843],[98.533734,8.859763],[98.529964,8.859715],[98.524777,8.861086],[98.522387,8.859779],[98.517421,8.86091],[98.514775,8.860176],[98.511172,8.864848],[98.508127,8.871842],[98.506923,8.878268],[98.505316,8.88111],[98.499521,8.881181],[98.483793,8.885637],[98.47376,8.890041],[98.47125,8.889337],[98.455607,8.890478],[98.454588,8.892999],[98.449924,8.895402],[98.445434,8.895514],[98.446751,8.903633],[98.45421,8.915452],[98.453952,8.924433],[98.456275,8.932172],[98.454989,8.936604],[98.453659,8.936753],[98.450533,8.939422],[98.447802,8.939201],[98.442384,8.94515],[98.448886,8.950958],[98.449197,8.953791],[98.44834,8.956485],[98.450801,8.9664],[98.454863,8.966599],[98.456737,8.968086],[98.46294,8.96984],[98.478156,8.977738],[98.484833,8.979055],[98.49431,8.985463],[98.49827,8.983373],[98.505354,8.983294],[98.506368,8.989143],[98.510516,8.995106],[98.510358,8.998377],[98.505357,8.99993],[98.501399,9.006503],[98.499017,9.007274],[98.497219,9.011725],[98.495878,9.012228],[98.4941,9.015021],[98.487852,9.016117],[98.489441,9.019046],[98.48926,9.021851],[98.486625,9.024335],[98.485068,9.028427],[98.486078,9.031058],[98.484799,9.035276],[98.479802,9.03736],[98.479724,9.039049],[98.475494,9.043982],[98.475382,9.046602],[98.473442,9.049821],[98.474555,9.051475],[98.473573,9.053188],[98.474803,9.055451],[98.473033,9.064854],[98.48098,9.070113],[98.485831,9.070949],[98.488913,9.073659],[98.490978,9.077508],[98.49463,9.081207],[98.494515,9.082298],[98.493231,9.082828],[98.491383,9.085713],[98.491329,9.097022],[98.490199,9.100218],[98.489711,9.107642],[98.484705,9.112414],[98.486331,9.116068],[98.480414,9.123311],[98.485564,9.131548],[98.48319,9.139583],[98.48406,9.141054],[98.481461,9.145055],[98.482229,9.148398],[98.48362,9.149386],[98.485969,9.148959],[98.49286,9.150415],[98.495884,9.152838],[98.50191,9.153472],[98.502623,9.157359],[98.501542,9.160659],[98.496064,9.165847],[98.496322,9.167962],[98.494728,9.170721],[98.494511,9.173318],[98.496288,9.177121],[98.495519,9.182558],[98.492665,9.18688],[98.493968,9.191155],[98.495545,9.192878],[98.497509,9.193503],[98.498356,9.194952],[98.496457,9.199692],[98.496726,9.201588],[98.498708,9.203301],[98.500499,9.213409],[98.502266,9.216962],[98.505936,9.217295],[98.511864,9.223469],[98.511592,9.226057],[98.518335,9.228964],[98.518911,9.232943],[98.520661,9.234104],[98.522768,9.234195],[98.524913,9.235713],[98.525816,9.241531],[98.527672,9.243187],[98.5289,9.252354],[98.530932,9.257232],[98.527324,9.262465],[98.527448,9.271724],[98.526456,9.27554],[98.526634,9.280025],[98.524575,9.283068],[98.52567,9.289848],[98.527412,9.293805],[98.526674,9.298024],[98.518915,9.299886],[98.516671,9.303436],[98.505751,9.309376],[98.497838,9.306009],[98.493926,9.307489],[98.485089,9.308264],[98.480725,9.304612],[98.479609,9.30492],[98.480865,9.311447],[98.477371,9.315414],[98.473448,9.316812],[98.471955,9.321004],[98.470299,9.321823],[98.466366,9.31543],[98.464294,9.314478],[98.460192,9.316266],[98.456294,9.315887],[98.455541,9.316731],[98.459545,9.318738],[98.464664,9.323081],[98.46935,9.32952],[98.467153,9.330076],[98.463711,9.329358],[98.389772,9.332771]]}},{"type":"Feature","properties":{"_gpxType":"trk","name":"สุราษฎร์ธานี","desc":"Length: 712.9 km (442.9 mi)","coordinateProperties":{}},"geometry":{"type":"LineString","coordinates":[[98.882383,9.726043],[98.878816,9.730364],[98.864525,9.727334],[98.862133,9.718845],[98.853866,9.709366],[98.843768,9.703455],[98.838657,9.705643],[98.833363,9.699664],[98.82823,9.704113],[98.817375,9.701657],[98.804956,9.688465],[98.795808,9.688209],[98.791721,9.683668],[98.78765,9.685738],[98.788537,9.690747],[98.781928,9.692597],[98.778278,9.688719],[98.768307,9.686595],[98.767512,9.651792],[98.764629,9.646302],[98.768083,9.635017],[98.764747,9.626712],[98.737503,9.598343],[98.739152,9.581058],[98.758111,9.574676],[98.758699,9.557348],[98.767545,9.545053],[98.762941,9.537005],[98.747655,9.536219],[98.73159,9.514817],[98.724512,9.510918],[98.723672,9.503515],[98.71624,9.497865],[98.715676,9.487128],[98.704594,9.486226],[98.694677,9.469678],[98.680812,9.468772],[98.677429,9.464999],[98.669089,9.466734],[98.665343,9.460379],[98.667893,9.447389],[98.671874,9.446609],[98.680881,9.43597],[98.671017,9.424926],[98.660572,9.419992],[98.650137,9.429182],[98.647165,9.426753],[98.646963,9.413416],[98.654014,9.400236],[98.648381,9.387316],[98.672099,9.388005],[98.671721,9.368366],[98.668334,9.358533],[98.658916,9.347102],[98.635728,9.356766],[98.627695,9.353986],[98.6149,9.342449],[98.610291,9.342156],[98.589564,9.355777],[98.590449,9.362884],[98.586855,9.367683],[98.573419,9.365852],[98.565803,9.358621],[98.546478,9.36131],[98.538541,9.34975],[98.533002,9.34764],[98.51177,9.326127],[98.505751,9.309376],[98.518915,9.299886],[98.526674,9.298024],[98.524575,9.283068],[98.527324,9.262465],[98.530932,9.257232],[98.524913,9.235713],[98.518911,9.232943],[98.518335,9.228964],[98.511592,9.226057],[98.505936,9.217295],[98.502266,9.216962],[98.496726,9.201588],[98.498356,9.194952],[98.492665,9.18688],[98.496288,9.177121],[98.496064,9.165847],[98.501542,9.160659],[98.50191,9.153472],[98.482229,9.148398],[98.485564,9.131548],[98.480414,9.123311],[98.486331,9.116068],[98.484705,9.112414],[98.489711,9.107642],[98.491383,9.085713],[98.49463,9.081207],[98.485831,9.070949],[98.473033,9.064854],[98.473442,9.049821],[98.479802,9.03736],[98.484799,9.035276],[98.48926,9.021851],[98.487852,9.016117],[98.4941,9.015021],[98.505357,8.99993],[98.510358,8.998377],[98.505354,8.983294],[98.49431,8.985463],[98.484833,8.979055],[98.450801,8.9664],[98.448886,8.950958],[98.442384,8.94515],[98.454989,8.936604],[98.45421,8.915452],[98.446751,8.903633],[98.445434,8.895514],[98.455607,8.890478],[98.47376,8.890041],[98.505316,8.88111],[98.514775,8.860176],[98.536101,8.857843],[98.532443,8.845898],[98.542408,8.841157],[98.555754,8.822062],[98.554603,8.814237],[98.574843,8.804089],[98.583936,8.806647],[98.598459,8.797408],[98.6016,8.78218],[98.59746,8.775378],[98.597047,8.746121],[98.594042,8.744143],[98.595987,8.716898],[98.588407,8.705784],[98.581864,8.703674],[98.580422,8.696905],[98.572916,8.691789],[98.569954,8.682449],[98.563343,8.681164],[98.559408,8.675239],[98.545677,8.674251],[98.536312,8.661928],[98.55973,8.646065],[98.565478,8.637761],[98.588283,8.627985],[98.592668,8.631249],[98.601631,8.63045],[98.603878,8.626738],[98.609819,8.632241],[98.609659,8.636289],[98.620781,8.637065],[98.62939,8.644476],[98.634636,8.642543],[98.644087,8.650382],[98.648593,8.659552],[98.667134,8.656519],[98.667623,8.659444],[98.67529,8.660843],[98.684749,8.655961],[98.698119,8.640475],[98.698324,8.635991],[98.70572,8.629889],[98.71564,8.632507],[98.721669,8.629473],[98.745611,8.672693],[98.760397,8.672344],[98.764695,8.664965],[98.795482,8.640567],[98.800193,8.646738],[98.799718,8.655516],[98.860009,8.655676],[98.878265,8.660309],[98.890738,8.667552],[98.911407,8.615064],[98.918401,8.608445],[98.914905,8.602502],[98.92162,8.590039],[98.935759,8.585254],[98.93797,8.574041],[98.932502,8.550817],[98.934495,8.538236],[98.941169,8.532608],[98.945983,8.496247],[98.950163,8.492252],[98.947214,8.484149],[98.948525,8.472303],[98.940532,8.456182],[98.942141,8.452173],[98.938739,8.443139],[98.946374,8.426301],[98.970039,8.417248],[98.997262,8.392082],[99.034256,8.365312],[99.048645,8.360379],[99.062145,8.360081],[99.075514,8.363837],[99.091711,8.362648],[99.122281,8.366903],[99.143318,8.360415],[99.152613,8.361162],[99.163256,8.369233],[99.169013,8.368757],[99.176224,8.373276],[99.203203,8.367088],[99.201789,8.358395],[99.206459,8.352381],[99.209059,8.337398],[99.231499,8.317726],[99.264072,8.301831],[99.275266,8.300657],[99.292242,8.31263],[99.288349,8.317259],[99.283751,8.316622],[99.279391,8.342284],[99.274345,8.344079],[99.277265,8.347678],[99.275418,8.351989],[99.27168,8.349948],[99.269584,8.353773],[99.266174,8.349683],[99.259781,8.352357],[99.257634,8.357977],[99.25256,8.359371],[99.245777,8.367939],[99.240349,8.3661],[99.242279,8.368741],[99.23978,8.369506],[99.2401,8.374895],[99.237065,8.375987],[99.238549,8.381819],[99.234356,8.385634],[99.236681,8.38839],[99.235461,8.400048],[99.239189,8.399862],[99.249276,8.41168],[99.249218,8.419807],[99.253801,8.423558],[99.257118,8.434219],[99.261943,8.436999],[99.259405,8.448661],[99.265239,8.450451],[99.266872,8.454823],[99.272532,8.454649],[99.271028,8.458463],[99.274443,8.455474],[99.278362,8.456688],[99.278222,8.462143],[99.282646,8.465566],[99.288016,8.464059],[99.288889,8.467165],[99.286393,8.466994],[99.287904,8.470625],[99.293429,8.470507],[99.295974,8.4757],[99.314706,8.476659],[99.326224,8.490356],[99.349492,8.49451],[99.352972,8.499916],[99.361678,8.501433],[99.376896,8.515378],[99.388648,8.516212],[99.391258,8.512677],[99.395184,8.518563],[99.39334,8.525945],[99.395711,8.533479],[99.401328,8.53675],[99.405256,8.5495],[99.416234,8.553249],[99.417919,8.569982],[99.43174,8.583541],[99.441367,8.60044],[99.454489,8.602092],[99.456202,8.608698],[99.448209,8.620825],[99.447872,8.631984],[99.453969,8.638461],[99.453645,8.642216],[99.463614,8.65005],[99.469717,8.646197],[99.47958,8.647682],[99.477481,8.656474],[99.488576,8.671787],[99.494801,8.672189],[99.491267,8.680193],[99.497094,8.685114],[99.492254,8.696691],[99.506727,8.706899],[99.507043,8.712821],[99.522538,8.719262],[99.529818,8.761501],[99.522535,8.765804],[99.521897,8.790212],[99.52661,8.810598],[99.522447,8.818049],[99.521095,8.830843],[99.516876,8.835369],[99.520691,8.836869],[99.523233,8.844404],[99.530298,8.850038],[99.540296,8.851823],[99.54421,8.848443],[99.559807,8.851019],[99.556476,8.86481],[99.558535,8.878698],[99.573876,8.891335],[99.575748,8.910345],[99.580215,8.912272],[99.582944,8.918296],[99.592944,8.920455],[99.595967,8.92519],[99.606752,8.928602],[99.615707,8.927315],[99.618943,8.921892],[99.61681,8.917923],[99.622727,8.912358],[99.631457,8.913356],[99.63487,8.917099],[99.638204,8.9165],[99.636312,8.921627],[99.633201,8.921177],[99.643641,8.92831],[99.645478,8.926409],[99.648024,8.929229],[99.648491,8.922483],[99.675366,8.928148],[99.676996,8.930812],[99.685938,8.93108],[99.69033,8.935427],[99.696395,8.935122],[99.695743,8.952117],[99.688911,8.959813],[99.695544,8.975295],[99.712945,8.97044],[99.717521,8.977244],[99.722579,8.977233],[99.724345,8.985703],[99.731236,8.994844],[99.730835,9.005339],[99.733722,9.007768],[99.732713,9.012451],[99.744669,9.026763],[99.739781,9.037698],[99.744787,9.049244],[99.740332,9.05769],[99.745326,9.070807],[99.749931,9.068153],[99.75931,9.069077],[99.766573,9.078234],[99.7653,9.088874],[99.771784,9.099225],[99.753045,9.109665],[99.742603,9.110894],[99.740707,9.114692],[99.728256,9.110706],[99.723993,9.113479],[99.734432,9.121128],[99.73381,9.131283],[99.722859,9.142409],[99.720262,9.154674],[99.727565,9.161996],[99.730984,9.160183],[99.737322,9.168732],[99.742109,9.189021],[99.738679,9.200952],[99.747281,9.204778],[99.747814,9.216033],[99.75377,9.2203],[99.751061,9.226116],[99.748404,9.264277],[99.762518,9.268556],[99.766997,9.262242],[99.772603,9.263443],[99.771799,9.277823],[99.763172,9.291601],[99.765942,9.298184],[99.764948,9.314735],[99.769107,9.323139],[99.760869,9.315827],[99.750145,9.318185],[99.742081,9.323927],[99.744296,9.329258],[99.734471,9.320631],[99.731173,9.312209],[99.720228,9.314716],[99.704335,9.325513],[99.702335,9.322384],[99.687941,9.32968],[99.688499,9.334729],[99.680573,9.337962],[99.684947,9.333064],[99.680521,9.322402],[99.682782,9.315867],[99.676082,9.310095],[99.674261,9.311848],[99.66808,9.303874],[99.644086,9.30338],[99.622864,9.28531],[99.614349,9.271669],[99.601866,9.267745],[99.587881,9.268637],[99.539294,9.287226],[99.525693,9.282201],[99.510241,9.264159],[99.496338,9.227839],[99.497858,9.221426],[99.485812,9.21193],[99.474282,9.210368],[99.466386,9.19825],[99.413016,9.205944],[99.381899,9.193231],[99.387569,9.199788],[99.375332,9.194973],[99.375625,9.201432],[99.371442,9.19107],[99.367169,9.18982],[99.368417,9.193572],[99.364498,9.194059],[99.365884,9.198062],[99.360701,9.198368],[99.358477,9.206798],[99.36178,9.215163],[99.344894,9.20735],[99.34273,9.209723],[99.338706,9.207005],[99.334994,9.208801],[99.337765,9.217457],[99.34417,9.221675],[99.336871,9.223671],[99.334958,9.221276],[99.337357,9.227194],[99.321542,9.215667],[99.311296,9.221606],[99.31251,9.227577],[99.320985,9.230979],[99.322506,9.23532],[99.315254,9.235429],[99.323623,9.243832],[99.317251,9.246295],[99.310683,9.239227],[99.313119,9.244693],[99.310232,9.245166],[99.307263,9.237806],[99.289291,9.228941],[99.285626,9.232963],[99.285201,9.228666],[99.273652,9.215103],[99.272686,9.217681],[99.267873,9.214569],[99.263274,9.216479],[99.258991,9.227181],[99.251417,9.222931],[99.222941,9.257427],[99.226622,9.281182],[99.221641,9.282575],[99.212537,9.306402],[99.214955,9.330103],[99.218763,9.339035],[99.233858,9.346067],[99.234086,9.350596],[99.237292,9.347396],[99.237774,9.353244],[99.262503,9.362141],[99.261833,9.3678],[99.268074,9.375717],[99.269145,9.370822],[99.279085,9.39167],[99.29082,9.403323],[99.296448,9.404688],[99.312616,9.38898],[99.311398,9.395951],[99.30195,9.409435],[99.273904,9.435216],[99.257693,9.456328],[99.236469,9.498124],[99.233711,9.510345],[99.213244,9.55465],[99.207656,9.577701],[99.209375,9.600587],[99.176116,9.645961],[99.160949,9.67991],[99.159198,9.704187],[99.154054,9.698567],[99.156363,9.696777],[99.151519,9.695918],[99.134732,9.70851],[99.12854,9.703655],[99.046036,9.707014],[99.037865,9.702255],[99.034268,9.693411],[99.024496,9.698005],[99.019494,9.695214],[99.011294,9.699338],[98.982103,9.671058],[98.978439,9.680127],[98.966789,9.676177],[98.961637,9.681236],[98.952228,9.679638],[98.936757,9.689174],[98.920765,9.705789],[98.909921,9.723247],[98.900408,9.717367],[98.882383,9.726043]]}},{"type":"Feature","properties":{"_gpxType":"trk","name":"เกาะสมุย","desc":"Length: 89.98 km (55.91 mi)","coordinateProperties":{}},"geometry":{"type":"LineString","coordinates":[[100.06913,9.589963],[100.068533,9.59057],[100.068352,9.591448],[100.069386,9.593648],[100.068423,9.593779],[100.067689,9.593471],[100.067477,9.593085],[100.066754,9.592668],[100.065081,9.59016],[100.065086,9.589492],[100.065299,9.589296],[100.066664,9.589011],[100.067114,9.588374],[100.068042,9.588169],[100.068353,9.587502],[100.068039,9.585769],[100.068873,9.584926],[100.067329,9.579257],[100.065469,9.575056],[100.061837,9.570009],[100.061265,9.568329],[100.061835,9.565613],[100.061632,9.564572],[100.061149,9.563458],[100.058961,9.561012],[100.056382,9.559134],[100.052757,9.557456],[100.051617,9.55729],[100.049715,9.558073],[100.04773,9.558637],[100.04598,9.559454],[100.044819,9.559772],[100.043904,9.560284],[100.042425,9.561954],[100.042339,9.563166],[100.041903,9.564207],[100.041233,9.56503],[100.040735,9.564946],[100.040581,9.562795],[100.04031,9.562093],[100.038493,9.561566],[100.037679,9.560964],[100.035475,9.560145],[100.033114,9.559845],[100.031707,9.559933],[100.027123,9.561296],[100.024782,9.562462],[100.018194,9.567272],[100.017568,9.569677],[100.017873,9.570299],[100.01884,9.570605],[100.01904,9.571112],[100.018751,9.571367],[100.018304,9.572716],[100.017333,9.573417],[100.016848,9.574158],[100.016349,9.574344],[100.014589,9.572553],[100.0121,9.571067],[100.010072,9.570177],[100.00819,9.569819],[100.00286,9.569669],[99.999598,9.570209],[99.995355,9.572319],[99.98758,9.579063],[99.985607,9.581107],[99.984875,9.582784],[99.984195,9.583803],[99.982278,9.585737],[99.982075,9.586615],[99.98244,9.587444],[99.982177,9.587614],[99.980487,9.586845],[99.975275,9.585845],[99.972652,9.5847],[99.970949,9.584411],[99.970445,9.58406],[99.968831,9.583947],[99.966887,9.583403],[99.96566,9.582406],[99.962923,9.5813],[99.955463,9.579769],[99.948517,9.578754],[99.94553,9.578884],[99.939693,9.578683],[99.934214,9.578041],[99.934002,9.578483],[99.933539,9.578561],[99.932283,9.57782],[99.932605,9.577206],[99.932523,9.576985],[99.931706,9.576472],[99.929739,9.576102],[99.927158,9.575906],[99.922781,9.574751],[99.921794,9.575033],[99.920067,9.576102],[99.919274,9.577112],[99.918131,9.577229],[99.916879,9.575921],[99.916161,9.574059],[99.915521,9.573598],[99.915505,9.572778],[99.915255,9.572466],[99.915054,9.571219],[99.914315,9.570838],[99.913536,9.570871],[99.913022,9.571521],[99.911892,9.571043],[99.911676,9.570742],[99.911653,9.569969],[99.912128,9.569553],[99.913127,9.569502],[99.914906,9.57029],[99.915476,9.570232],[99.916465,9.56974],[99.918129,9.56792],[99.922549,9.564126],[99.924435,9.562061],[99.927401,9.557938],[99.929456,9.553013],[99.929898,9.550875],[99.93017,9.547463],[99.930668,9.544732],[99.931255,9.54361],[99.932927,9.541229],[99.933995,9.538473],[99.93415,9.534929],[99.93374,9.532058],[99.933727,9.527327],[99.934069,9.523945],[99.933941,9.522637],[99.933529,9.521172],[99.932233,9.518307],[99.931789,9.516546],[99.931991,9.514958],[99.932635,9.514154],[99.932757,9.513104],[99.933497,9.512254],[99.933747,9.51123],[99.934104,9.510617],[99.934207,9.509267],[99.934558,9.508607],[99.934854,9.507394],[99.933921,9.501363],[99.932114,9.496797],[99.930189,9.494466],[99.926835,9.4921],[99.925798,9.491773],[99.921999,9.491653],[99.920802,9.492031],[99.920634,9.492353],[99.920802,9.494412],[99.920681,9.494636],[99.919757,9.49443],[99.91832,9.492061],[99.918741,9.489921],[99.91916,9.489777],[99.920049,9.490821],[99.920724,9.490936],[99.921975,9.490251],[99.92556,9.485542],[99.926581,9.482648],[99.926748,9.479262],[99.926141,9.478312],[99.926466,9.477501],[99.927348,9.477213],[99.928132,9.477817],[99.928443,9.477717],[99.929585,9.476587],[99.930273,9.475558],[99.931835,9.470784],[99.932725,9.467431],[99.932788,9.463969],[99.93263,9.461704],[99.932797,9.461367],[99.933564,9.460829],[99.933579,9.459466],[99.934435,9.456699],[99.934231,9.453296],[99.934999,9.449357],[99.935421,9.448411],[99.935184,9.447815],[99.935023,9.446291],[99.934392,9.444911],[99.934594,9.444157],[99.933958,9.443614],[99.934105,9.441899],[99.933718,9.440195],[99.934114,9.43952],[99.934121,9.438967],[99.933814,9.438297],[99.934154,9.437687],[99.934385,9.435814],[99.934332,9.433652],[99.935227,9.43186],[99.936841,9.430977],[99.937301,9.429592],[99.936855,9.428492],[99.935831,9.426855],[99.935106,9.426217],[99.934303,9.426154],[99.933875,9.42633],[99.933856,9.426514],[99.934249,9.426603],[99.934245,9.42681],[99.933117,9.427279],[99.930933,9.428595],[99.92939,9.428837],[99.929024,9.4287],[99.928817,9.428347],[99.927929,9.423372],[99.928604,9.421114],[99.928446,9.420241],[99.928775,9.417962],[99.929075,9.417607],[99.929503,9.417496],[99.932719,9.418062],[99.933815,9.418027],[99.936509,9.419167],[99.937433,9.41992],[99.938853,9.421657],[99.939516,9.422109],[99.942021,9.422725],[99.943323,9.422772],[99.94555,9.422518],[99.945983,9.422146],[99.946284,9.421427],[99.94721,9.420926],[99.947965,9.421058],[99.94826,9.421504],[99.949093,9.421942],[99.949584,9.422897],[99.950791,9.42283],[99.95365,9.421681],[99.955631,9.421091],[99.956706,9.420449],[99.960236,9.417191],[99.959954,9.415893],[99.961143,9.414987],[99.961715,9.414016],[99.962034,9.411955],[99.962957,9.41064],[99.964519,9.410251],[99.964758,9.409945],[99.964773,9.409083],[99.96549,9.409063],[99.966637,9.411068],[99.967196,9.411225],[99.967646,9.410831],[99.968019,9.411344],[99.968261,9.412154],[99.96873,9.412688],[99.970194,9.41272],[99.978039,9.418777],[99.98148,9.420395],[99.984201,9.422157],[99.986018,9.422717],[99.990017,9.423158],[99.991317,9.423113],[99.99278,9.423534],[99.994001,9.42354],[99.995365,9.423806],[99.996819,9.424454],[99.997301,9.4242],[99.997784,9.424189],[99.999893,9.424989],[100.000474,9.424939],[100.00034,9.424215],[100.000757,9.424085],[100.000789,9.423752],[100.002579,9.423277],[100.003256,9.422275],[100.006882,9.421921],[100.007965,9.420992],[100.008135,9.420497],[100.008819,9.420427],[100.009074,9.420167],[100.009632,9.420301],[100.010184,9.420859],[100.011326,9.420937],[100.012332,9.421388],[100.013248,9.422129],[100.014531,9.423839],[100.016626,9.424501],[100.016875,9.425085],[100.016564,9.425865],[100.016575,9.426527],[100.017691,9.429438],[100.019341,9.432276],[100.020557,9.433107],[100.020928,9.433614],[100.021657,9.436709],[100.022998,9.440056],[100.023254,9.441319],[100.024358,9.44414],[100.025602,9.445568],[100.026435,9.44695],[100.02708,9.448523],[100.027608,9.450509],[100.028254,9.451343],[100.028939,9.451534],[100.029847,9.451491],[100.030361,9.451222],[100.031629,9.45105],[100.034215,9.451572],[100.035581,9.452297],[100.036879,9.453308],[100.037798,9.453282],[100.038925,9.452247],[100.040125,9.452373],[100.040214,9.454188],[100.043946,9.461798],[100.046009,9.465232],[100.049156,9.469117],[100.049919,9.469676],[100.051142,9.470019],[100.053046,9.471553],[100.056921,9.472389],[100.058636,9.472099],[100.060822,9.472232],[100.063401,9.471966],[100.064323,9.471512],[100.064611,9.471063],[100.065866,9.470018],[100.067342,9.469856],[100.067571,9.469601],[100.068165,9.469534],[100.068142,9.468424],[100.068342,9.46786],[100.069177,9.467288],[100.070004,9.467466],[100.07122,9.469791],[100.072477,9.47001],[100.073531,9.470979],[100.073866,9.471565],[100.073567,9.472455],[100.072586,9.473103],[100.071832,9.473166],[100.071041,9.473672],[100.069864,9.473542],[100.06947,9.473915],[100.069519,9.474358],[100.070894,9.475893],[100.070756,9.477615],[100.070296,9.478406],[100.069915,9.478484],[100.069024,9.477559],[100.06847,9.477885],[100.068119,9.477578],[100.067386,9.477482],[100.066634,9.477889],[100.065874,9.478608],[100.066019,9.479228],[100.066443,9.479846],[100.066634,9.480546],[100.066503,9.481432],[100.066906,9.482315],[100.066597,9.482858],[100.066649,9.483478],[100.067028,9.484303],[100.066496,9.48586],[100.066442,9.487631],[100.065871,9.487475],[100.065586,9.488052],[100.065708,9.488649],[100.065513,9.489019],[100.065149,9.488596],[100.064651,9.488715],[100.064335,9.489121],[100.063819,9.489323],[100.063797,9.489813],[100.063584,9.490072],[100.062443,9.490129],[100.062231,9.490851],[100.061822,9.49067],[100.06151,9.490765],[100.061088,9.491723],[100.061841,9.492334],[100.061434,9.493478],[100.061632,9.494076],[100.061314,9.495129],[100.061361,9.496286],[100.060949,9.496863],[100.060693,9.496958],[100.06072,9.49736],[100.060411,9.49795],[100.060476,9.498742],[100.059997,9.499748],[100.058268,9.501279],[100.057547,9.50153],[100.056874,9.501446],[100.056416,9.501706],[100.056118,9.5024],[100.05536,9.502886],[100.054927,9.503528],[100.055061,9.505957],[100.055565,9.508965],[100.056019,9.510034],[100.057193,9.511012],[100.056067,9.511283],[100.055874,9.512127],[100.056337,9.515794],[100.057933,9.520608],[100.059275,9.523729],[100.059861,9.524521],[100.061431,9.528945],[100.061854,9.529394],[100.06243,9.529628],[100.063813,9.529783],[100.066013,9.53125],[100.068297,9.533241],[100.069412,9.536275],[100.070139,9.537413],[100.072895,9.539706],[100.075034,9.53981],[100.075984,9.540369],[100.076093,9.541489],[100.075509,9.543393],[100.075463,9.54815],[100.075702,9.548992],[100.076232,9.549647],[100.077116,9.550318],[100.078448,9.553627],[100.079114,9.554235],[100.079695,9.555197],[100.080191,9.555498],[100.081784,9.555881],[100.082421,9.556308],[100.083029,9.5576],[100.083291,9.558816],[100.083957,9.559425],[100.086004,9.559679],[100.08706,9.559466],[100.087572,9.559532],[100.088184,9.560163],[100.088608,9.56173],[100.088331,9.562239],[100.088369,9.562771],[100.088709,9.563299],[100.088131,9.563775],[100.088082,9.564934],[100.088256,9.565275],[100.08878,9.565456],[100.089167,9.565963],[100.08942,9.567691],[100.089302,9.568544],[100.089503,9.569077],[100.090654,9.570016],[100.090448,9.57049],[100.089693,9.570598],[100.08877,9.570335],[100.088366,9.57042],[100.088056,9.57099],[100.087096,9.571892],[100.086226,9.571679],[100.085352,9.572599],[100.084962,9.572666],[100.084182,9.572451],[100.082523,9.572401],[100.081539,9.572867],[100.080526,9.57383],[100.079871,9.574897],[100.079826,9.575279],[100.080309,9.576141],[100.080103,9.576754],[100.080467,9.577444],[100.080349,9.57825],[100.079894,9.578947],[100.080143,9.5798],[100.081419,9.580588],[100.081662,9.581015],[100.081699,9.581603],[100.081269,9.582402],[100.081253,9.582794],[100.080941,9.583107],[100.080209,9.583215],[100.079746,9.583576],[100.079846,9.584867],[100.080395,9.585095],[100.080386,9.585741],[100.080026,9.585743],[100.080511,9.587148],[100.080467,9.587702],[100.079985,9.588732],[100.07955,9.588871],[100.07902,9.588783],[100.077837,9.587385],[100.077547,9.587256],[100.076699,9.587399],[100.076311,9.587257],[100.07587,9.586781],[100.075552,9.586691],[100.074332,9.586961],[100.073781,9.587369],[100.072355,9.590019],[100.071902,9.590445],[100.071451,9.590532],[100.069947,9.589862],[100.06913,9.589963]]}},{"type":"Feature","properties":{"_gpxType":"trk","name":"เกาะพงัน","desc":"Length: 61.97 km (38.5 mi)","coordinateProperties":{}},"geometry":{"type":"LineString","coordinates":[[100.027794,9.804018],[100.027011,9.804342],[100.025373,9.804582],[100.024806,9.804486],[100.023786,9.80391],[100.021805,9.803285],[100.02122,9.802619],[100.020348,9.80237],[100.02001,9.802522],[100.019804,9.803227],[100.018929,9.802689],[100.018471,9.802595],[100.017162,9.802819],[100.016671,9.802459],[100.016099,9.800943],[100.01616,9.800348],[100.016436,9.799897],[100.01635,9.799252],[100.015613,9.798356],[100.014969,9.798019],[100.01337,9.798714],[100.012939,9.798659],[100.012842,9.798347],[100.012916,9.796698],[100.012816,9.796164],[100.011784,9.793772],[100.01095,9.792851],[100.010709,9.790939],[100.010343,9.79003],[100.009279,9.788928],[100.007049,9.787543],[100.005558,9.787136],[100.004151,9.787259],[100.002469,9.788086],[100.00101,9.78926],[99.999708,9.789967],[99.998661,9.790759],[99.99695,9.791335],[99.995278,9.792896],[99.995297,9.793317],[99.996447,9.794323],[99.997026,9.795292],[99.997744,9.796131],[99.997501,9.796516],[99.997142,9.79656],[99.996807,9.796341],[99.996417,9.796662],[99.995975,9.796644],[99.995771,9.796948],[99.995156,9.797159],[99.994472,9.797797],[99.994028,9.799496],[99.993964,9.801195],[99.993681,9.80184],[99.99226,9.803671],[99.991373,9.803952],[99.990376,9.803854],[99.989801,9.803374],[99.989686,9.802426],[99.989226,9.801921],[99.989268,9.801172],[99.989072,9.800475],[99.989389,9.799763],[99.989414,9.798954],[99.988986,9.798622],[99.988024,9.798563],[99.98708,9.798759],[99.985399,9.799675],[99.984822,9.799704],[99.98442,9.799569],[99.983654,9.799838],[99.9827,9.799936],[99.982332,9.799793],[99.982128,9.799442],[99.982157,9.798416],[99.982039,9.798048],[99.981758,9.79784],[99.980547,9.797582],[99.980303,9.797275],[99.979463,9.795002],[99.97863,9.793703],[99.977707,9.792946],[99.976963,9.792044],[99.976666,9.791936],[99.975017,9.792093],[99.973605,9.791675],[99.972852,9.792174],[99.972155,9.792409],[99.97099,9.792091],[99.971518,9.790808],[99.973062,9.788795],[99.97318,9.788469],[99.972672,9.786925],[99.970755,9.784769],[99.97031,9.784675],[99.968892,9.785387],[99.968387,9.786151],[99.967636,9.786086],[99.967155,9.786284],[99.966912,9.786193],[99.966745,9.785767],[99.966711,9.784604],[99.965929,9.783822],[99.966398,9.78202],[99.966099,9.780462],[99.96613,9.779904],[99.966627,9.779041],[99.966712,9.778464],[99.966347,9.776745],[99.965322,9.774577],[99.964556,9.773765],[99.963956,9.773545],[99.962129,9.773398],[99.961669,9.773241],[99.961498,9.772848],[99.961982,9.771933],[99.96189,9.771304],[99.960817,9.769504],[99.960626,9.76842],[99.960796,9.767547],[99.961714,9.766243],[99.961856,9.765771],[99.96185,9.76508],[99.961012,9.762406],[99.961088,9.762008],[99.961422,9.761675],[99.962849,9.76137],[99.963826,9.760177],[99.964513,9.758027],[99.964781,9.756161],[99.965473,9.753135],[99.965328,9.752802],[99.964971,9.752509],[99.96371,9.752361],[99.963532,9.751584],[99.963778,9.751292],[99.96529,9.750403],[99.965727,9.750335],[99.966202,9.750513],[99.96776,9.752318],[99.96832,9.752457],[99.968945,9.75175],[99.969302,9.751651],[99.97012,9.75179],[99.970901,9.752248],[99.971282,9.752182],[99.971725,9.75184],[99.972483,9.750919],[99.973549,9.75011],[99.974397,9.748256],[99.974924,9.747566],[99.975557,9.745884],[99.975803,9.744572],[99.976684,9.741879],[99.977328,9.740595],[99.977841,9.738504],[99.978949,9.736952],[99.979856,9.734893],[99.980194,9.733499],[99.980252,9.732721],[99.980153,9.732217],[99.97982,9.73162],[99.979652,9.73156],[99.978549,9.731969],[99.978209,9.73193],[99.977198,9.73071],[99.97601,9.730202],[99.975664,9.729491],[99.975796,9.728325],[99.975138,9.727048],[99.97516,9.726766],[99.976157,9.724926],[99.976051,9.723454],[99.976278,9.723001],[99.977092,9.722699],[99.977779,9.720711],[99.978558,9.720661],[99.97868,9.720099],[99.978821,9.719955],[99.979073,9.71996],[99.979835,9.720354],[99.980073,9.720345],[99.980579,9.720048],[99.980924,9.719617],[99.983719,9.713769],[99.984848,9.711836],[99.986476,9.70975],[99.989026,9.707509],[99.990831,9.706404],[99.992189,9.705913],[99.993306,9.705965],[99.994726,9.706223],[99.996648,9.706847],[99.99808,9.707059],[99.998856,9.706857],[100.000161,9.707048],[100.000657,9.70654],[100.001691,9.706225],[100.002161,9.705848],[100.004555,9.70459],[100.008294,9.703463],[100.010479,9.703221],[100.011209,9.702848],[100.011696,9.702423],[100.012127,9.702294],[100.013812,9.702303],[100.016565,9.70177],[100.018643,9.701205],[100.019536,9.700774],[100.023209,9.698331],[100.024485,9.697794],[100.027564,9.697246],[100.028846,9.69674],[100.031141,9.696362],[100.031604,9.696037],[100.032558,9.695986],[100.03406,9.695192],[100.035227,9.69506],[100.035679,9.694875],[100.038096,9.694463],[100.03907,9.693897],[100.03959,9.693294],[100.039573,9.692452],[100.039917,9.692091],[100.041063,9.691456],[100.043643,9.688474],[100.044293,9.687938],[100.045465,9.68754],[100.047169,9.686654],[100.047655,9.686144],[100.048479,9.685735],[100.048778,9.685191],[100.049416,9.684992],[100.0504,9.684214],[100.051946,9.684124],[100.052257,9.683672],[100.054208,9.683016],[100.054752,9.682644],[100.058003,9.681265],[100.05984,9.679697],[100.060394,9.678874],[100.061123,9.678166],[100.061732,9.677045],[100.063371,9.674867],[100.063848,9.674402],[100.06472,9.672748],[100.065026,9.672498],[100.065497,9.672397],[100.066357,9.67245],[100.067273,9.671972],[100.069239,9.669965],[100.069757,9.669132],[100.069871,9.668715],[100.069617,9.666822],[100.069909,9.66668],[100.071632,9.666701],[100.072581,9.666293],[100.073229,9.666167],[100.073913,9.66628],[100.074844,9.666069],[100.07538,9.666113],[100.075651,9.666381],[100.076125,9.66634],[100.07636,9.666673],[100.07701,9.666497],[100.077189,9.666605],[100.077198,9.666865],[100.076934,9.667443],[100.077192,9.667799],[100.077124,9.668088],[100.077426,9.668041],[100.077603,9.668149],[100.077683,9.66842],[100.077231,9.668526],[100.0763,9.66845],[100.073981,9.669593],[100.073341,9.669527],[100.072866,9.669922],[100.072649,9.670512],[100.072664,9.671043],[100.072097,9.671542],[100.072018,9.672005],[100.071483,9.672123],[100.071346,9.6724],[100.071103,9.672552],[100.070649,9.672577],[100.068956,9.67344],[100.068286,9.674136],[100.067856,9.676354],[100.0679,9.677784],[100.068515,9.679673],[100.069921,9.679435],[100.070735,9.679443],[100.071574,9.679772],[100.071843,9.680198],[100.072871,9.680919],[100.073501,9.681182],[100.073761,9.681884],[100.074389,9.682088],[100.075202,9.681899],[100.075675,9.681078],[100.07675,9.682156],[100.077309,9.682188],[100.078046,9.682922],[100.078141,9.683325],[100.078017,9.683961],[100.076758,9.685456],[100.075981,9.685853],[100.075809,9.686292],[100.075439,9.686617],[100.07535,9.687448],[100.075096,9.687761],[100.075158,9.68828],[100.074775,9.688444],[100.073804,9.689603],[100.07359,9.690643],[100.073653,9.691461],[100.07416,9.69274],[100.074942,9.693301],[100.075803,9.693446],[100.076326,9.693339],[100.077425,9.694372],[100.076894,9.694963],[100.076839,9.695621],[100.077437,9.696484],[100.078138,9.697011],[100.08032,9.696283],[100.081544,9.696866],[100.08149,9.697581],[100.080796,9.698103],[100.079843,9.698294],[100.078901,9.698241],[100.078624,9.698728],[100.079047,9.699475],[100.079632,9.700003],[100.080044,9.700843],[100.079816,9.70172],[100.079088,9.702543],[100.078648,9.704854],[100.077786,9.70659],[100.077485,9.70681],[100.077639,9.707364],[100.076545,9.70925],[100.075602,9.713224],[100.075221,9.713654],[100.075015,9.714162],[100.0751,9.7149],[100.075687,9.715739],[100.076259,9.71629],[100.077063,9.716448],[100.077911,9.716189],[100.079147,9.71691],[100.079873,9.717598],[100.079689,9.718037],[100.079752,9.71889],[100.078115,9.719396],[100.076545,9.719335],[100.076198,9.719844],[100.076077,9.720953],[100.076313,9.721656],[100.076862,9.722091],[100.077054,9.72299],[100.077072,9.72419],[100.077253,9.725309],[100.078196,9.727449],[100.077909,9.728132],[100.077843,9.728779],[100.077577,9.729011],[100.077406,9.729716],[100.07771,9.729968],[100.078991,9.730215],[100.079412,9.730558],[100.079896,9.731963],[100.080742,9.733402],[100.081304,9.734056],[100.081189,9.736318],[100.081277,9.73746],[100.080936,9.738708],[100.081105,9.739896],[100.080571,9.739979],[100.080017,9.740721],[100.079952,9.741599],[100.079492,9.742593],[100.0793,9.74347],[100.079815,9.744057],[100.079276,9.745455],[100.078546,9.745944],[100.077992,9.746709],[100.077391,9.747265],[100.076883,9.748019],[100.075859,9.747828],[100.075313,9.747877],[100.0757,9.748545],[100.075586,9.748891],[100.075684,9.749698],[100.075592,9.750034],[100.074589,9.749577],[100.073954,9.750412],[100.074237,9.750999],[100.074947,9.751041],[100.076127,9.754058],[100.076271,9.754784],[100.07561,9.755053],[100.075485,9.755631],[100.075081,9.756186],[100.074544,9.757966],[100.073953,9.758212],[100.073643,9.759032],[100.073086,9.759128],[100.073124,9.759693],[100.072836,9.760191],[100.072677,9.760988],[100.071905,9.76225],[100.072365,9.76317],[100.072809,9.763606],[100.073208,9.764262],[100.072946,9.765221],[100.072951,9.76619],[100.072712,9.766999],[100.071596,9.767213],[100.069452,9.768437],[100.068537,9.769192],[100.067834,9.77036],[100.067841,9.771457],[100.067648,9.772381],[100.066794,9.773481],[100.06583,9.77373],[100.0633,9.772716],[100.063102,9.770697],[100.062563,9.770032],[100.061408,9.769426],[100.060245,9.769501],[100.057095,9.771839],[100.056217,9.772859],[100.056452,9.77333],[100.057129,9.773672],[100.057193,9.774768],[100.056792,9.775752],[100.057169,9.77658],[100.057566,9.776959],[100.057209,9.777526],[100.055816,9.778018],[100.055754,9.779484],[100.05593,9.781767],[100.056576,9.78271],[100.057273,9.782672],[100.057208,9.783492],[100.057629,9.78379],[100.058512,9.78367],[100.059423,9.78431],[100.060169,9.78463],[100.061402,9.784589],[100.062498,9.785009],[100.062699,9.785574],[100.062716,9.786577],[100.061779,9.787413],[100.061128,9.787556],[100.060057,9.787388],[100.058932,9.788041],[100.058087,9.788749],[100.055998,9.789602],[100.055747,9.790411],[100.05488,9.791385],[100.053907,9.79214],[100.051806,9.792867],[100.051235,9.792674],[100.050678,9.792954],[100.049503,9.793018],[100.048805,9.792918],[100.047945,9.793188],[100.046736,9.793217],[100.046007,9.793905],[100.045716,9.793996],[100.045354,9.793919],[100.043721,9.792819],[100.042768,9.792927],[100.040693,9.794311],[100.039254,9.794792],[100.038088,9.794681],[100.03762,9.79389],[100.037546,9.793105],[100.036881,9.792832],[100.036345,9.792363],[100.036134,9.792351],[100.035426,9.792724],[100.034103,9.793068],[100.033671,9.793638],[100.033564,9.794569],[100.033653,9.795976],[100.033352,9.798285],[100.032674,9.799697],[100.032656,9.80069],[100.031736,9.801098],[100.031688,9.802321],[100.031239,9.803166],[100.030334,9.803621],[100.029672,9.803659],[100.028908,9.804114],[100.028523,9.804208],[100.027794,9.804018]]}},{"type":"Feature","properties":{"_gpxType":"trk","name":"กระบี่","desc":"Length: 516.8 km (321.1 mi)","coordinateProperties":{}},"geometry":{"type":"LineString","coordinates":[[98.753843,8.672145],[98.748926,8.673853],[98.745611,8.672693],[98.736982,8.659589],[98.734931,8.651973],[98.721669,8.629473],[98.71564,8.632507],[98.7099,8.632051],[98.707247,8.629841],[98.703729,8.631734],[98.702005,8.627705],[98.704176,8.604279],[98.70741,8.602563],[98.707475,8.59715],[98.703888,8.593406],[98.703166,8.589231],[98.690864,8.575749],[98.69238,8.572426],[98.683625,8.556701],[98.678208,8.538092],[98.677862,8.525867],[98.671948,8.509217],[98.66422,8.501397],[98.652486,8.482782],[98.648506,8.48449],[98.648196,8.483111],[98.650087,8.482653],[98.648913,8.480801],[98.650899,8.477575],[98.65384,8.476566],[98.656832,8.470628],[98.659414,8.4717],[98.660675,8.466048],[98.66267,8.466693],[98.663098,8.464866],[98.664411,8.466075],[98.665456,8.457974],[98.668936,8.460058],[98.669607,8.457829],[98.666542,8.454356],[98.664259,8.454813],[98.664576,8.44839],[98.662471,8.440884],[98.664933,8.434129],[98.663372,8.425866],[98.655106,8.423731],[98.647039,8.419195],[98.643158,8.414503],[98.644559,8.40746],[98.660043,8.393204],[98.662908,8.386313],[98.658993,8.380161],[98.636839,8.375897],[98.629512,8.369626],[98.624539,8.361841],[98.617928,8.342758],[98.608238,8.325843],[98.603535,8.301684],[98.612479,8.25212],[98.623066,8.233078],[98.630934,8.224489],[98.642735,8.215792],[98.662724,8.207327],[98.671767,8.19606],[98.685975,8.168238],[98.695649,8.144652],[98.695026,8.140338],[98.686445,8.13225],[98.676492,8.128438],[98.665606,8.133514],[98.663022,8.128138],[98.671555,8.099227],[98.6722,8.092372],[98.668763,8.077713],[98.671519,8.071909],[98.66747,8.037222],[98.692093,8.044915],[98.700266,8.052032],[98.709934,8.073195],[98.716782,8.080903],[98.72138,8.094176],[98.731369,8.106962],[98.742529,8.115617],[98.747257,8.114742],[98.746916,8.088579],[98.742942,8.085955],[98.740441,8.077076],[98.74183,8.077713],[98.744845,8.0733],[98.74344,8.066654],[98.748326,8.06031],[98.749771,8.054797],[98.757575,8.050032],[98.765009,8.03547],[98.763605,8.033808],[98.764822,8.021086],[98.769362,8.020091],[98.770156,8.022017],[98.772354,8.021876],[98.77376,8.024507],[98.771605,8.028836],[98.773033,8.041248],[98.779226,8.042146],[98.781572,8.04436],[98.788871,8.046411],[98.794641,8.04517],[98.796808,8.048178],[98.806458,8.045301],[98.816127,8.038878],[98.814696,8.038341],[98.826639,8.028134],[98.8297,8.023352],[98.828962,8.019644],[98.826782,8.019381],[98.826612,8.017245],[98.828585,8.015573],[98.831435,8.019072],[98.83588,8.016319],[98.838473,8.010356],[98.835465,8.009685],[98.840127,8.005566],[98.840275,8.003136],[98.843453,8.002482],[98.84492,8.006135],[98.843451,8.008323],[98.841402,8.00837],[98.842673,8.012718],[98.849312,8.014442],[98.856039,8.021816],[98.858423,7.994808],[98.876739,7.971546],[98.885821,7.95007],[98.893954,7.936984],[98.928067,7.976181],[98.937172,7.992246],[98.954006,8.002069],[98.959193,8.025295],[98.959909,8.01828],[98.962366,8.017153],[98.962902,8.014834],[98.960231,8.015104],[98.959453,8.013684],[98.968084,8.009389],[98.965512,8.007425],[98.96861,8.006957],[98.967991,8.00566],[98.971248,8.004456],[98.976944,8.013062],[98.982018,8.015642],[98.981354,8.013579],[98.984783,8.006159],[98.982093,7.995407],[98.979608,7.993356],[98.975104,7.992895],[98.973042,7.989072],[98.96461,7.984696],[98.95907,7.98805],[98.954238,7.996512],[98.950733,7.997829],[98.944883,7.99498],[98.941321,7.990321],[98.945508,7.979162],[98.960098,7.95761],[98.972846,7.932735],[98.973475,7.936641],[98.978188,7.939371],[98.98393,7.938475],[98.996144,7.941386],[99.001659,7.937969],[99.00347,7.927338],[99.013915,7.917494],[99.015367,7.904685],[99.019588,7.891843],[99.022997,7.888385],[99.036163,7.885666],[99.050646,7.896186],[99.058246,7.906747],[99.064378,7.921824],[99.06993,7.922916],[99.06927,7.917242],[99.073719,7.915595],[99.080397,7.918399],[99.083509,7.913708],[99.08353,7.909387],[99.076566,7.887179],[99.066044,7.872685],[99.047588,7.859959],[99.034144,7.837773],[99.026197,7.836406],[99.033727,7.820193],[99.038963,7.819001],[99.033826,7.818775],[99.029424,7.828498],[99.027602,7.829523],[99.022592,7.828249],[99.021716,7.824103],[99.018124,7.824828],[99.016848,7.822554],[99.01945,7.814409],[99.024607,7.809784],[99.027601,7.800331],[99.030707,7.797166],[99.027706,7.796632],[99.027314,7.792541],[99.022235,7.785672],[99.022027,7.780914],[99.024114,7.780586],[99.026425,7.77393],[99.028951,7.773089],[99.033358,7.77511],[99.045425,7.77271],[99.049027,7.769531],[99.049702,7.76636],[99.045997,7.760552],[99.043089,7.759126],[99.048398,7.765371],[99.046588,7.770326],[99.037141,7.77256],[99.023693,7.770605],[99.019608,7.764645],[99.021523,7.751865],[99.029578,7.732733],[99.029724,7.729183],[99.041655,7.700257],[99.045136,7.697732],[99.047363,7.698649],[99.050768,7.697003],[99.061476,7.697162],[99.062835,7.69945],[99.062171,7.702534],[99.058702,7.705937],[99.052442,7.720224],[99.046892,7.724893],[99.052621,7.721855],[99.059068,7.708348],[99.062536,7.705052],[99.064381,7.697913],[99.067293,7.694719],[99.078133,7.693766],[99.078857,7.691964],[99.091312,7.690346],[99.096481,7.691823],[99.103512,7.69841],[99.103075,7.699943],[99.10743,7.706491],[99.10858,7.721456],[99.106411,7.726752],[99.107847,7.729573],[99.106742,7.739425],[99.102048,7.748564],[99.106787,7.743658],[99.110588,7.727571],[99.111903,7.738656],[99.110041,7.741397],[99.112631,7.741312],[99.115015,7.752725],[99.113542,7.755559],[99.106353,7.757969],[99.100354,7.763511],[99.09909,7.771609],[99.103037,7.76152],[99.122302,7.753332],[99.134173,7.741595],[99.144004,7.726489],[99.177691,7.612849],[99.218807,7.638901],[99.248493,7.652034],[99.264904,7.665395],[99.275906,7.680114],[99.286256,7.680551],[99.285187,7.685688],[99.286705,7.687899],[99.290666,7.687274],[99.291793,7.689707],[99.295719,7.690423],[99.297849,7.688432],[99.298689,7.691512],[99.307728,7.70135],[99.310256,7.71142],[99.308233,7.720737],[99.312098,7.727571],[99.310743,7.736621],[99.307605,7.740306],[99.305947,7.75563],[99.300076,7.756007],[99.296938,7.758922],[99.291639,7.760017],[99.288469,7.762791],[99.287897,7.774549],[99.300951,7.789576],[99.299618,7.792417],[99.303261,7.809159],[99.299735,7.810594],[99.28736,7.810663],[99.287286,7.817882],[99.293318,7.81974],[99.294022,7.825102],[99.289105,7.83137],[99.288768,7.835942],[99.282303,7.840844],[99.278396,7.848559],[99.279649,7.853798],[99.290174,7.861869],[99.297371,7.861973],[99.301773,7.865612],[99.31141,7.865891],[99.32191,7.871553],[99.332068,7.882721],[99.330999,7.892834],[99.333693,7.902712],[99.33367,7.928565],[99.350801,7.931644],[99.363917,7.936764],[99.364229,7.944272],[99.369172,7.946384],[99.376127,7.943054],[99.386182,7.941954],[99.38998,7.949181],[99.396766,7.953791],[99.396902,7.956671],[99.393046,7.963637],[99.397795,7.983307],[99.409007,7.99689],[99.415748,8.001545],[99.409767,8.008664],[99.407221,8.018207],[99.402034,8.027031],[99.401187,8.033041],[99.396617,8.040866],[99.395045,8.050737],[99.385191,8.07211],[99.385265,8.082222],[99.394014,8.087269],[99.392506,8.108501],[99.387911,8.116122],[99.386588,8.126934],[99.387406,8.13869],[99.384929,8.141949],[99.359914,8.133485],[99.351278,8.132388],[99.344946,8.13605],[99.296957,8.131983],[99.295597,8.135484],[99.296811,8.135555],[99.296691,8.140599],[99.298829,8.141035],[99.295234,8.147044],[99.293458,8.146448],[99.293584,8.149432],[99.288534,8.151403],[99.291036,8.153274],[99.288329,8.155377],[99.289773,8.15591],[99.290148,8.16606],[99.296596,8.167168],[99.296334,8.168441],[99.297976,8.16751],[99.29834,8.171286],[99.30008,8.171951],[99.302793,8.170035],[99.30737,8.175327],[99.30833,8.179539],[99.30716,8.179054],[99.308237,8.180898],[99.305982,8.183545],[99.307445,8.185046],[99.305977,8.186781],[99.307067,8.189347],[99.305748,8.190314],[99.30834,8.190446],[99.307038,8.191837],[99.311826,8.195137],[99.315531,8.193504],[99.317054,8.19563],[99.315908,8.196496],[99.320372,8.202729],[99.318258,8.203056],[99.319971,8.204637],[99.318886,8.205823],[99.321656,8.209389],[99.319328,8.214189],[99.320091,8.219023],[99.318761,8.2184],[99.314085,8.228814],[99.315419,8.229688],[99.313083,8.234205],[99.311897,8.234123],[99.312387,8.236297],[99.314358,8.236371],[99.315071,8.23926],[99.31358,8.239252],[99.320256,8.243803],[99.319685,8.247475],[99.322847,8.250206],[99.322315,8.251582],[99.333445,8.2577],[99.331501,8.261344],[99.33389,8.262594],[99.33399,8.267586],[99.335762,8.269398],[99.332216,8.273897],[99.333351,8.27604],[99.331232,8.28059],[99.332349,8.281748],[99.331113,8.282121],[99.330766,8.291198],[99.327625,8.29166],[99.328104,8.293754],[99.324184,8.296303],[99.321345,8.293915],[99.319185,8.295632],[99.317566,8.294377],[99.317807,8.296292],[99.315863,8.296067],[99.312759,8.300611],[99.307999,8.301488],[99.306234,8.304461],[99.30219,8.304353],[99.30344,8.306683],[99.298552,8.306744],[99.300355,8.311093],[99.299006,8.310998],[99.299432,8.315973],[99.295911,8.315582],[99.294021,8.312567],[99.292242,8.31263],[99.290314,8.309296],[99.275266,8.300657],[99.26854,8.302473],[99.264072,8.301831],[99.231499,8.317726],[99.219004,8.32654],[99.209059,8.337398],[99.208696,8.343243],[99.205845,8.345974],[99.206459,8.352381],[99.201789,8.358395],[99.203946,8.364744],[99.203203,8.367088],[99.199314,8.366051],[99.193052,8.36728],[99.183687,8.372013],[99.176224,8.373276],[99.169013,8.368757],[99.163256,8.369233],[99.152613,8.361162],[99.146245,8.362099],[99.143318,8.360415],[99.122281,8.366903],[99.094705,8.364652],[99.091711,8.362648],[99.075514,8.363837],[99.062145,8.360081],[99.048645,8.360379],[99.034256,8.365312],[98.997262,8.392082],[98.995391,8.395322],[98.970039,8.417248],[98.946374,8.426301],[98.943058,8.434831],[98.939771,8.437179],[98.938739,8.443139],[98.942141,8.452173],[98.940532,8.456182],[98.944699,8.460727],[98.944846,8.466704],[98.948525,8.472303],[98.946415,8.480342],[98.947214,8.484149],[98.949099,8.484988],[98.950163,8.492252],[98.945983,8.496247],[98.94247,8.509022],[98.941169,8.532608],[98.934495,8.538236],[98.932502,8.550817],[98.935296,8.556511],[98.93797,8.574041],[98.935759,8.585254],[98.930033,8.588452],[98.92162,8.590039],[98.914905,8.602502],[98.918401,8.608445],[98.911407,8.615064],[98.908413,8.625774],[98.896016,8.648184],[98.89029,8.663494],[98.890738,8.667552],[98.878265,8.660309],[98.860009,8.655676],[98.799718,8.655516],[98.800193,8.646738],[98.795482,8.640567],[98.785641,8.646769],[98.777254,8.655749],[98.771533,8.657864],[98.764695,8.664965],[98.764078,8.669497],[98.760397,8.672344],[98.753843,8.672145]]}},{"type":"Feature","properties":{"_gpxType":"trk","name":"เกาะลันตา","desc":"Length: 54.01 km (33.56 mi)","coordinateProperties":{}},"geometry":{"type":"LineString","coordinates":[[99.045684,7.645846],[99.044758,7.646418],[99.043818,7.646963],[99.043335,7.647213],[99.041859,7.647909],[99.040371,7.64858],[99.039891,7.648831],[99.039084,7.649558],[99.038618,7.649815],[99.034316,7.65051],[99.033897,7.650234],[99.033491,7.649875],[99.033062,7.649541],[99.029946,7.647356],[99.029045,7.646748],[99.028584,7.646462],[99.027612,7.645971],[99.027093,7.64581],[99.026552,7.645759],[99.02492,7.645761],[99.023833,7.645805],[99.022212,7.646003],[99.021761,7.646299],[99.021385,7.646691],[99.021033,7.647105],[99.020719,7.647547],[99.020457,7.648023],[99.02006,7.648366],[99.019702,7.648762],[99.019354,7.648597],[99.018963,7.647581],[99.018824,7.647061],[99.018804,7.646516],[99.01881,7.644888],[99.018838,7.644347],[99.019052,7.64385],[99.019401,7.643438],[99.019838,7.643116],[99.020291,7.642815],[99.020454,7.643112],[99.020386,7.644195],[99.020535,7.644706],[99.020841,7.645158],[99.021374,7.645112],[99.022455,7.644972],[99.02353,7.644792],[99.024591,7.644555],[99.026174,7.64415],[99.026656,7.643909],[99.027068,7.643556],[99.027358,7.643098],[99.028359,7.640574],[99.028741,7.639558],[99.029098,7.638533],[99.029904,7.635941],[99.030085,7.635429],[99.030526,7.634437],[99.031044,7.633482],[99.031363,7.63304],[99.031604,7.632565],[99.031885,7.630959],[99.032043,7.629885],[99.032226,7.628267],[99.032266,7.627182],[99.032155,7.626658],[99.031797,7.626254],[99.031376,7.62591],[99.030936,7.625591],[99.030467,7.62532],[99.029959,7.625447],[99.029492,7.625725],[99.029014,7.62564],[99.027262,7.623559],[99.026932,7.623133],[99.026793,7.622606],[99.026813,7.622067],[99.027293,7.620511],[99.027643,7.619484],[99.028224,7.617962],[99.031593,7.609368],[99.032144,7.607837],[99.032481,7.606805],[99.033417,7.603685],[99.033597,7.602614],[99.033736,7.600991],[99.033652,7.600464],[99.032547,7.598594],[99.032293,7.598114],[99.032061,7.597622],[99.031932,7.5971],[99.031954,7.594928],[99.032003,7.594387],[99.032105,7.591582],[99.032089,7.590508],[99.032044,7.59001],[99.03184,7.589677],[99.031202,7.589772],[99.030728,7.589511],[99.030532,7.589059],[99.031249,7.587008],[99.031358,7.58648],[99.031344,7.585937],[99.03129,7.585397],[99.030968,7.583248],[99.030865,7.582169],[99.030848,7.581625],[99.030855,7.581081],[99.030885,7.580539],[99.030956,7.580002],[99.03147,7.57789],[99.031777,7.576849],[99.032318,7.575313],[99.032761,7.574316],[99.032857,7.573792],[99.032826,7.573244],[99.032842,7.572701],[99.032885,7.57216],[99.032966,7.571623],[99.033091,7.570545],[99.033286,7.569477],[99.033754,7.567356],[99.033905,7.566835],[99.034124,7.566337],[99.034678,7.565404],[99.035106,7.564581],[99.035399,7.564112],[99.035916,7.563156],[99.036136,7.562661],[99.036743,7.561147],[99.037909,7.558098],[99.038331,7.557098],[99.038793,7.556119],[99.039568,7.554691],[99.040121,7.553758],[99.040695,7.552836],[99.043067,7.549184],[99.044204,7.547333],[99.044737,7.546389],[99.044986,7.545908],[99.045443,7.544925],[99.045861,7.543922],[99.04867,7.536853],[99.049522,7.534855],[99.049931,7.533849],[99.050304,7.53283],[99.050651,7.531801],[99.051314,7.529732],[99.051888,7.527627],[99.052048,7.527109],[99.052233,7.526603],[99.052458,7.526116],[99.052752,7.525662],[99.053427,7.524798],[99.053734,7.524349],[99.053973,7.523864],[99.054348,7.522835],[99.054585,7.52235],[99.05489,7.521905],[99.055552,7.521044],[99.056954,7.519368],[99.05763,7.518516],[99.058245,7.517628],[99.05851,7.51716],[99.058736,7.51667],[99.058936,7.516164],[99.059488,7.514619],[99.060471,7.512085],[99.060905,7.511091],[99.061151,7.510609],[99.061704,7.509674],[99.062591,7.508304],[99.063829,7.506519],[99.064701,7.505143],[99.066108,7.502821],[99.066623,7.501896],[99.06672,7.500815],[99.066869,7.500305],[99.067652,7.499557],[99.068178,7.498606],[99.06916,7.497306],[99.069466,7.496853],[99.069851,7.49653],[99.070394,7.496671],[99.070717,7.4971],[99.071005,7.49756],[99.071351,7.497947],[99.071879,7.498032],[99.072393,7.497847],[99.072894,7.497634],[99.073349,7.497338],[99.073729,7.496952],[99.074053,7.496516],[99.07434,7.496053],[99.074583,7.495569],[99.074983,7.494558],[99.075207,7.494064],[99.075718,7.493105],[99.075913,7.4926],[99.076071,7.492079],[99.076204,7.491552],[99.076384,7.490481],[99.076504,7.489953],[99.076677,7.489437],[99.076797,7.488891],[99.077222,7.488772],[99.078298,7.488939],[99.078837,7.488949],[99.079262,7.488626],[99.079367,7.488095],[99.079393,7.487553],[99.079385,7.487008],[99.079473,7.486485],[99.079861,7.486107],[99.080302,7.485921],[99.080601,7.486374],[99.081009,7.486717],[99.081493,7.48696],[99.082031,7.48691],[99.082548,7.486746],[99.083004,7.486453],[99.083407,7.486089],[99.083771,7.485685],[99.084556,7.484933],[99.084603,7.484417],[99.084469,7.48389],[99.084513,7.483372],[99.084932,7.483031],[99.085408,7.482765],[99.085921,7.482592],[99.086442,7.482688],[99.086949,7.482856],[99.087509,7.482786],[99.088031,7.482639],[99.088429,7.482308],[99.088756,7.481866],[99.089325,7.48092],[99.08958,7.480439],[99.089812,7.479946],[99.090014,7.479444],[99.09033,7.478403],[99.090673,7.477372],[99.090388,7.476982],[99.0899,7.476738],[99.08954,7.476375],[99.089479,7.475836],[99.089475,7.475292],[99.089546,7.474756],[99.089744,7.474248],[99.090235,7.474181],[99.090771,7.474283],[99.091285,7.474156],[99.091693,7.473799],[99.09281,7.472611],[99.093243,7.472281],[99.093783,7.472274],[99.094318,7.472194],[99.09485,7.472221],[99.095337,7.472445],[99.095965,7.471559],[99.096509,7.470621],[99.096988,7.470378],[99.097508,7.47022],[99.098053,7.470215],[99.098318,7.469784],[99.098433,7.469257],[99.098283,7.468182],[99.098292,7.467641],[99.098514,7.467319],[99.098646,7.467846],[99.098819,7.468354],[99.099125,7.468807],[99.099503,7.469191],[99.100791,7.470191],[99.101297,7.470206],[99.101757,7.469917],[99.102293,7.469845],[99.102776,7.470031],[99.103188,7.470397],[99.103537,7.470806],[99.103761,7.471293],[99.10412,7.472327],[99.104359,7.472813],[99.104891,7.473762],[99.105128,7.474249],[99.105308,7.474763],[99.105448,7.475288],[99.105508,7.475826],[99.105423,7.476361],[99.105429,7.476901],[99.105847,7.478477],[99.106015,7.478992],[99.106265,7.479472],[99.106557,7.479931],[99.107069,7.480059],[99.107616,7.480092],[99.10815,7.480187],[99.10862,7.480463],[99.108968,7.480873],[99.109463,7.481852],[99.109595,7.482364],[99.109513,7.483454],[99.109546,7.483997],[99.109613,7.484538],[99.109741,7.485061],[99.110014,7.48554],[99.110088,7.486066],[99.110047,7.487704],[99.110092,7.48824],[99.110383,7.488698],[99.11077,7.48908],[99.110952,7.48953],[99.110759,7.49002],[99.110788,7.494362],[99.110773,7.496533],[99.110751,7.497075],[99.110585,7.498148],[99.110383,7.498649],[99.110063,7.499089],[99.109714,7.499505],[99.108609,7.500709],[99.108362,7.501184],[99.10728,7.504522],[99.107084,7.505027],[99.106856,7.505511],[99.106574,7.505965],[99.106231,7.506383],[99.105076,7.507555],[99.104294,7.508312],[99.103917,7.508702],[99.103585,7.509134],[99.103303,7.509599],[99.103073,7.510092],[99.102692,7.511672],[99.101692,7.516459],[99.10156,7.516984],[99.101399,7.517502],[99.100649,7.519541],[99.100443,7.520044],[99.100205,7.520531],[99.099939,7.521006],[99.099646,7.521464],[99.09902,7.52235],[99.097415,7.524542],[99.09711,7.524991],[99.095986,7.526173],[99.095576,7.526528],[99.094674,7.527139],[99.094277,7.527499],[99.0941,7.528],[99.094112,7.528545],[99.094317,7.529612],[99.094572,7.531221],[99.094633,7.531759],[99.094625,7.532304],[99.094443,7.532812],[99.094101,7.533228],[99.093662,7.53355],[99.093193,7.533823],[99.09128,7.534859],[99.090885,7.53522],[99.089534,7.536922],[99.087945,7.539125],[99.086713,7.540914],[99.086417,7.541369],[99.085616,7.542788],[99.08565,7.543269],[99.085947,7.543724],[99.085859,7.5442],[99.085463,7.544572],[99.083828,7.546004],[99.082156,7.547394],[99.081755,7.54776],[99.081396,7.54817],[99.081087,7.548616],[99.080801,7.549079],[99.08054,7.549555],[99.080056,7.55053],[99.079845,7.55103],[99.079668,7.551542],[99.079359,7.552583],[99.078789,7.554682],[99.07847,7.555718],[99.078252,7.556212],[99.077973,7.556681],[99.077734,7.557168],[99.077354,7.558186],[99.077024,7.559221],[99.076471,7.561321],[99.076283,7.56183],[99.076119,7.562346],[99.076013,7.562879],[99.07574,7.564485],[99.07567,7.565023],[99.075485,7.567186],[99.07544,7.568271],[99.075414,7.572414],[99.075495,7.57295],[99.075647,7.573472],[99.076833,7.575291],[99.076865,7.57581],[99.076411,7.576796],[99.076163,7.577279],[99.075981,7.577792],[99.075855,7.578319],[99.075782,7.578858],[99.07575,7.5794],[99.075749,7.579945],[99.075809,7.580481],[99.075966,7.581004],[99.076381,7.582006],[99.07675,7.583599],[99.076923,7.584109],[99.077159,7.584594],[99.078008,7.585992],[99.078256,7.586474],[99.078478,7.58697],[99.078678,7.587476],[99.079017,7.588506],[99.079435,7.590081],[99.079659,7.591144],[99.079735,7.591681],[99.07985,7.592761],[99.08,7.593836],[99.079996,7.594379],[99.079945,7.594919],[99.079796,7.595994],[99.079662,7.596521],[99.079486,7.597034],[99.079262,7.597528],[99.07897,7.597986],[99.078621,7.598404],[99.077897,7.599214],[99.076355,7.600745],[99.075661,7.601583],[99.0753,7.601987],[99.074903,7.602357],[99.074058,7.603043],[99.072749,7.604017],[99.069366,7.606757],[99.068511,7.607426],[99.067642,7.608073],[99.067175,7.608343],[99.066159,7.608748],[99.066037,7.609252],[99.06604,7.611423],[99.066188,7.611932],[99.066731,7.612873],[99.067202,7.613851],[99.067329,7.614373],[99.067192,7.614893],[99.066899,7.615348],[99.065031,7.617322],[99.064579,7.617597],[99.064129,7.617436],[99.063929,7.616931],[99.063989,7.616395],[99.064117,7.615867],[99.064204,7.615331],[99.064109,7.614802],[99.06388,7.614307],[99.063349,7.613359],[99.06304,7.612912],[99.062681,7.612503],[99.062265,7.612155],[99.061816,7.611831],[99.061326,7.611754],[99.06082,7.611985],[99.060348,7.612251],[99.05992,7.612588],[99.059533,7.612969],[99.059188,7.61339],[99.058887,7.613841],[99.058355,7.614788],[99.057855,7.615753],[99.057185,7.617237],[99.056346,7.619241],[99.055688,7.620735],[99.055302,7.621748],[99.055147,7.622266],[99.054914,7.623327],[99.054657,7.624937],[99.054355,7.627638],[99.054275,7.628174],[99.054055,7.629235],[99.053778,7.630284],[99.053465,7.631326],[99.052799,7.633394],[99.052433,7.634417],[99.052043,7.63543],[99.051218,7.637439],[99.049937,7.640434],[99.049048,7.642416],[99.04879,7.642894],[99.048512,7.64336],[99.048204,7.643808],[99.047858,7.644227],[99.04746,7.644596],[99.047039,7.644941],[99.0466,7.64526],[99.045684,7.645846]]}},{"type":"Feature","properties":{"_gpxType":"trk","name":"กระบี่1","desc":"Length: 40.19 km (24.97 mi)","coordinateProperties":{}},"geometry":{"type":"LineString","coordinates":[[99.06933,7.687473],[99.068798,7.687585],[99.068255,7.687624],[99.067167,7.687635],[99.066622,7.687645],[99.066082,7.687603],[99.065545,7.687516],[99.065003,7.687473],[99.064459,7.687438],[99.063916,7.68742],[99.062283,7.687413],[99.061198,7.687487],[99.059566,7.687497],[99.059022,7.687521],[99.058481,7.687578],[99.057938,7.6876],[99.057394,7.687596],[99.056849,7.687605],[99.056308,7.687557],[99.055231,7.687388],[99.054706,7.687256],[99.054196,7.687068],[99.05369,7.686864],[99.051648,7.686112],[99.050749,7.685824],[99.050217,7.685709],[99.049683,7.685605],[99.049144,7.685535],[99.048602,7.685484],[99.048059,7.685444],[99.047516,7.685414],[99.045341,7.685326],[99.044797,7.685313],[99.044253,7.68531],[99.042072,7.685336],[99.041528,7.685334],[99.040987,7.685322],[99.040453,7.685261],[99.039948,7.685041],[99.039467,7.68479],[99.039029,7.684467],[99.038646,7.684075],[99.038592,7.683542],[99.038676,7.683004],[99.038971,7.681402],[99.039175,7.680335],[99.040014,7.67607],[99.040219,7.675003],[99.040514,7.673401],[99.0407,7.672333],[99.040875,7.671263],[99.041036,7.670192],[99.041101,7.669655],[99.041131,7.669114],[99.041136,7.668572],[99.041122,7.668028],[99.041078,7.666938],[99.041064,7.666394],[99.041073,7.665308],[99.041058,7.664766],[99.040997,7.664227],[99.040908,7.663691],[99.040795,7.66316],[99.040647,7.662637],[99.040483,7.662119],[99.040301,7.661608],[99.040088,7.661109],[99.039867,7.660613],[99.039668,7.660107],[99.039286,7.659091],[99.038726,7.657562],[99.03815,7.65603],[99.037981,7.655517],[99.037937,7.654989],[99.038218,7.654525],[99.038551,7.654094],[99.038942,7.653717],[99.039361,7.653368],[99.039814,7.65307],[99.040279,7.652791],[99.040751,7.652519],[99.041707,7.651998],[99.042673,7.651499],[99.043162,7.651261],[99.044152,7.650809],[99.045148,7.650372],[99.04615,7.649946],[99.048159,7.649108],[99.049159,7.648682],[99.050153,7.648243],[99.050604,7.647939],[99.050985,7.647552],[99.051299,7.647108],[99.051867,7.646181],[99.052103,7.645694],[99.052266,7.645175],[99.052406,7.64465],[99.052522,7.644119],[99.052605,7.643583],[99.052799,7.641965],[99.052885,7.641429],[99.052997,7.640899],[99.053127,7.640373],[99.05327,7.639849],[99.053886,7.637764],[99.054083,7.637259],[99.054316,7.636768],[99.05457,7.636288],[99.054858,7.635828],[99.055166,7.63538],[99.055457,7.634921],[99.055742,7.634459],[99.056404,7.633579],[99.056475,7.633059],[99.056495,7.632524],[99.056489,7.63198],[99.056449,7.630882],[99.05644,7.630334],[99.056453,7.629791],[99.056513,7.629251],[99.056699,7.628181],[99.056911,7.627116],[99.057001,7.626581],[99.057161,7.625507],[99.057248,7.624971],[99.057366,7.624441],[99.057578,7.623942],[99.057874,7.623486],[99.058189,7.623044],[99.058519,7.622611],[99.058864,7.622191],[99.059232,7.621791],[99.059634,7.621425],[99.060077,7.621112],[99.060555,7.620851],[99.061039,7.6206],[99.061551,7.620421],[99.062086,7.620321],[99.063162,7.620156],[99.063698,7.620066],[99.064211,7.619891],[99.064667,7.619594],[99.065073,7.619235],[99.065455,7.618848],[99.065822,7.618447],[99.066158,7.618021],[99.0668,7.617144],[99.067126,7.61671],[99.068133,7.615428],[99.06846,7.614994],[99.068556,7.614472],[99.068432,7.613944],[99.068212,7.613448],[99.067689,7.612497],[99.06742,7.612025],[99.067126,7.611569],[99.066854,7.611102],[99.06714,7.610664],[99.067968,7.60996],[99.068387,7.609613],[99.068814,7.609277],[99.069249,7.608951],[99.071014,7.60768],[99.071452,7.607357],[99.071884,7.607028],[99.072309,7.606691],[99.073145,7.605997],[99.073969,7.605288],[99.074784,7.604568],[99.075999,7.60348],[99.076394,7.603108],[99.07716,7.602335],[99.077932,7.60157],[99.078325,7.601195],[99.078733,7.600837],[99.079582,7.600158],[99.081688,7.598439],[99.082961,7.597421],[99.083394,7.597093],[99.083864,7.596818],[99.08435,7.596574],[99.084848,7.596355],[99.085359,7.596171],[99.08589,7.59605],[99.086413,7.5959],[99.08694,7.595767],[99.08748,7.595679],[99.08801,7.595741],[99.088503,7.595972],[99.088961,7.596266],[99.089388,7.596601],[99.089777,7.596981],[99.090111,7.597411],[99.090303,7.597916],[99.090463,7.598436],[99.090608,7.59896],[99.090738,7.599487],[99.090848,7.600018],[99.091048,7.601086],[99.091143,7.601621],[99.091224,7.602157],[99.091177,7.602698],[99.090976,7.603199],[99.090645,7.603628],[99.089938,7.604453],[99.089953,7.604936],[99.090228,7.605404],[99.090616,7.605686],[99.091126,7.605501],[99.09265,7.604918],[99.093162,7.604733],[99.093687,7.604592],[99.094218,7.604475],[99.094746,7.604343],[99.095819,7.604166],[99.096332,7.603989],[99.097335,7.603564],[99.09783,7.603337],[99.098335,7.603138],[99.098848,7.602956],[99.100392,7.60243],[99.10091,7.602264],[99.101451,7.602228],[99.101979,7.602362],[99.102499,7.602531],[99.103023,7.60268],[99.103555,7.602767],[99.104096,7.602798],[99.104641,7.602796],[99.105188,7.602781],[99.106277,7.602763],[99.106821,7.602739],[99.107363,7.602696],[99.107904,7.602641],[99.10844,7.602548],[99.108972,7.602435],[99.1095,7.602305],[99.110022,7.602151],[99.111057,7.601815],[99.112083,7.601449],[99.112568,7.601209],[99.113026,7.600915],[99.113476,7.600608],[99.113915,7.600284],[99.114357,7.599967],[99.114831,7.599707],[99.115853,7.599313],[99.116292,7.599017],[99.116615,7.598569],[99.116905,7.598109],[99.11711,7.597606],[99.117262,7.597082],[99.117301,7.596545],[99.117249,7.596002],[99.117148,7.595469],[99.117029,7.594939],[99.116899,7.594411],[99.116624,7.593361],[99.115901,7.590745],[99.115764,7.590219],[99.115705,7.58968],[99.115655,7.58914],[99.115629,7.588598],[99.115624,7.588054],[99.115527,7.587522],[99.115396,7.586994],[99.115619,7.586684],[99.116131,7.586863],[99.117131,7.58729],[99.117637,7.587489],[99.118151,7.587666],[99.118669,7.587835],[99.11918,7.588018],[99.119684,7.58823],[99.120148,7.588509],[99.120567,7.588859],[99.120936,7.589256],[99.12128,7.589678],[99.121601,7.590118],[99.121885,7.59058],[99.122114,7.591074],[99.122264,7.591596],[99.122454,7.5921],[99.122732,7.592569],[99.123018,7.593039],[99.123231,7.593528],[99.123215,7.594076],[99.12307,7.594598],[99.122876,7.595105],[99.122417,7.596089],[99.121482,7.598049],[99.121319,7.598565],[99.121317,7.599107],[99.121328,7.599652],[99.121325,7.600193],[99.121177,7.600712],[99.120975,7.601218],[99.120819,7.601736],[99.120764,7.602277],[99.120752,7.602821],[99.120755,7.603365],[99.120781,7.603906],[99.120911,7.604433],[99.121159,7.604914],[99.121427,7.605387],[99.122207,7.606818],[99.122472,7.607292],[99.122744,7.607762],[99.123035,7.60822],[99.123693,7.609086],[99.124093,7.609452],[99.124433,7.609849],[99.124465,7.610393],[99.124543,7.610993],[99.124264,7.611329],[99.123744,7.611484],[99.123168,7.611603],[99.122645,7.611779],[99.122145,7.611997],[99.121689,7.612286],[99.121264,7.612627],[99.12043,7.613327],[99.120032,7.613697],[99.119678,7.61411],[99.119409,7.614579],[99.119217,7.615091],[99.119157,7.615627],[99.119153,7.616169],[99.11917,7.617256],[99.119173,7.619427],[99.119254,7.619958],[99.119453,7.620463],[99.119394,7.620944],[99.118994,7.621313],[99.11868,7.621755],[99.118409,7.622226],[99.118201,7.622727],[99.118011,7.623236],[99.117834,7.623749],[99.11768,7.62427],[99.117548,7.624802],[99.117476,7.625337],[99.117598,7.625865],[99.117834,7.626355],[99.118088,7.626835],[99.118353,7.62731],[99.118894,7.628253],[99.119204,7.628699],[99.119576,7.629094],[99.119959,7.62948],[99.120347,7.629861],[99.121944,7.631338],[99.122348,7.631702],[99.122757,7.632059],[99.123172,7.632409],[99.123598,7.632746],[99.124046,7.633052],[99.124964,7.633639],[99.125398,7.633964],[99.125795,7.634337],[99.126186,7.634714],[99.12652,7.635142],[99.126838,7.635583],[99.12778,7.636914],[99.128394,7.63781],[99.128691,7.638264],[99.128972,7.63873],[99.129222,7.639212],[99.129454,7.639706],[99.129652,7.640213],[99.12979,7.640735],[99.12989,7.641269],[99.129959,7.641811],[99.13,7.642352],[99.129991,7.642893],[99.129918,7.643433],[99.129822,7.643968],[99.129712,7.6445],[99.129475,7.645561],[99.129366,7.646092],[99.129333,7.646632],[99.129434,7.647164],[99.129777,7.648757],[99.129887,7.64929],[99.129778,7.649819],[99.129661,7.650348],[99.129534,7.650878],[99.129399,7.651405],[99.129254,7.651929],[99.129097,7.652448],[99.128921,7.652962],[99.128357,7.654491],[99.128183,7.655005],[99.127673,7.656554],[99.127335,7.656966],[99.126936,7.657338],[99.12657,7.65774],[99.125846,7.658552],[99.125537,7.658996],[99.125247,7.659455],[99.124441,7.660792],[99.123512,7.662132],[99.123211,7.662584],[99.122926,7.663047],[99.122699,7.66354],[99.122567,7.664067],[99.122508,7.664606],[99.122486,7.665149],[99.12243,7.666234],[99.122332,7.667314],[99.122372,7.667864],[99.122344,7.6684],[99.122185,7.668914],[99.122001,7.669425],[99.121792,7.669931],[99.121561,7.670427],[99.121311,7.67091],[99.121045,7.671382],[99.12077,7.671849],[99.120487,7.672312],[99.120197,7.672772],[99.118722,7.675056],[99.118151,7.67598],[99.117787,7.676382],[99.116947,7.677072],[99.116555,7.677448],[99.11621,7.677868],[99.115586,7.678758],[99.11466,7.680099],[99.114037,7.680989],[99.113721,7.68143],[99.113399,7.681868],[99.11307,7.6823],[99.112068,7.683586],[99.111723,7.684006],[99.111353,7.684403],[99.110591,7.685179],[99.110219,7.685575],[99.109827,7.685969],[99.109381,7.686237],[99.108842,7.686151],[99.108307,7.68601],[99.107786,7.685852],[99.107268,7.685684],[99.106754,7.685504],[99.10625,7.685298],[99.105758,7.68506],[99.105322,7.68474],[99.104474,7.684062],[99.103635,7.683369],[99.101965,7.681971],[99.101125,7.68128],[99.100274,7.680606],[99.099842,7.680278],[99.099379,7.679982],[99.098887,7.67974],[99.098377,7.67957],[99.097843,7.67948],[99.096209,7.679331],[99.095667,7.679294],[99.095123,7.679264],[99.094579,7.679256],[99.09349,7.679251],[99.092402,7.679261],[99.091859,7.679279],[99.091329,7.679403],[99.090821,7.679598],[99.089813,7.680008],[99.089315,7.680226],[99.088822,7.680455],[99.088331,7.680692],[99.087847,7.680939],[99.087371,7.681201],[99.086927,7.681514],[99.086486,7.681833],[99.086017,7.682108],[99.085533,7.682357],[99.085024,7.682552],[99.084484,7.682573],[99.083937,7.68256],[99.083403,7.682646],[99.08301,7.683012],[99.082665,7.683432],[99.082311,7.683844],[99.08181,7.684044],[99.079718,7.684643],[99.078677,7.684961],[99.078161,7.685131],[99.077646,7.685308],[99.077135,7.685493],[99.07663,7.685705],[99.076131,7.685938],[99.07563,7.686157],[99.075118,7.686325],[99.074591,7.686411],[99.07405,7.686426],[99.072951,7.686373],[99.072407,7.686383],[99.069849,7.687309],[99.06933,7.687473]]}},{"type":"Feature","properties":{"_gpxType":"trk","name":"นครศรีธรรมราช","desc":"Length: 657.1 km (408.3 mi)","coordinateProperties":{}},"geometry":{"type":"LineString","coordinates":[[99.781564,9.311639],[99.775152,9.314879],[99.772866,9.320981],[99.769107,9.323139],[99.764948,9.314735],[99.765942,9.298184],[99.763172,9.291601],[99.771799,9.277823],[99.77317,9.268742],[99.771059,9.265394],[99.772603,9.263443],[99.766997,9.262242],[99.762518,9.268556],[99.748404,9.264277],[99.751061,9.226116],[99.75377,9.2203],[99.747814,9.216033],[99.747281,9.204778],[99.738679,9.200952],[99.742109,9.189021],[99.737322,9.168732],[99.730984,9.160183],[99.727565,9.161996],[99.720262,9.154674],[99.722859,9.142409],[99.73381,9.131283],[99.734432,9.121128],[99.723993,9.113479],[99.728256,9.110706],[99.740707,9.114692],[99.742603,9.110894],[99.753045,9.109665],[99.771784,9.099225],[99.7653,9.088874],[99.766573,9.078234],[99.75931,9.069077],[99.749931,9.068153],[99.745326,9.070807],[99.743925,9.062107],[99.740332,9.05769],[99.744787,9.049244],[99.743548,9.042063],[99.739781,9.037698],[99.744669,9.026763],[99.732713,9.012451],[99.733722,9.007768],[99.730835,9.005339],[99.731236,8.994844],[99.724345,8.985703],[99.725398,8.982405],[99.722579,8.977233],[99.717521,8.977244],[99.712945,8.97044],[99.695544,8.975295],[99.688911,8.959813],[99.695743,8.952117],[99.69802,8.942025],[99.696395,8.935122],[99.69033,8.935427],[99.685938,8.93108],[99.676996,8.930812],[99.675366,8.928148],[99.670862,8.928647],[99.663813,8.924539],[99.648491,8.922483],[99.648024,8.929229],[99.645478,8.926409],[99.643641,8.92831],[99.633201,8.921177],[99.636312,8.921627],[99.638204,8.9165],[99.63487,8.917099],[99.631457,8.913356],[99.622727,8.912358],[99.61681,8.917923],[99.617175,8.922096],[99.618943,8.921892],[99.615707,8.927315],[99.606752,8.928602],[99.595967,8.92519],[99.592944,8.920455],[99.582944,8.918296],[99.580215,8.912272],[99.575748,8.910345],[99.573876,8.891335],[99.558535,8.878698],[99.556476,8.86481],[99.559341,8.861054],[99.559807,8.851019],[99.54421,8.848443],[99.540296,8.851823],[99.530298,8.850038],[99.523233,8.844404],[99.520691,8.836869],[99.516876,8.835369],[99.521095,8.830843],[99.522447,8.818049],[99.52661,8.810598],[99.521897,8.790212],[99.522535,8.765804],[99.524838,8.762501],[99.529818,8.761501],[99.52944,8.748233],[99.522538,8.719262],[99.507043,8.712821],[99.506727,8.706899],[99.492254,8.696691],[99.497094,8.685114],[99.491267,8.680193],[99.494801,8.672189],[99.488576,8.671787],[99.477481,8.656474],[99.47958,8.647682],[99.469717,8.646197],[99.463614,8.65005],[99.453645,8.642216],[99.453969,8.638461],[99.447872,8.631984],[99.449722,8.628536],[99.448209,8.620825],[99.456202,8.608698],[99.454489,8.602092],[99.441367,8.60044],[99.43174,8.583541],[99.417919,8.569982],[99.416234,8.553249],[99.405256,8.5495],[99.401328,8.53675],[99.395711,8.533479],[99.39334,8.525945],[99.395184,8.518563],[99.391258,8.512677],[99.388648,8.516212],[99.376896,8.515378],[99.373903,8.510377],[99.361678,8.501433],[99.352972,8.499916],[99.349492,8.49451],[99.326224,8.490356],[99.314706,8.476659],[99.295974,8.4757],[99.293429,8.470507],[99.287904,8.470625],[99.286393,8.466994],[99.288889,8.467165],[99.288016,8.464059],[99.282646,8.465566],[99.278222,8.462143],[99.278362,8.456688],[99.274443,8.455474],[99.271028,8.458463],[99.272532,8.454649],[99.266872,8.454823],[99.265239,8.450451],[99.259405,8.448661],[99.261943,8.436999],[99.259838,8.437295],[99.259455,8.433952],[99.257118,8.434219],[99.257223,8.430497],[99.254339,8.428863],[99.253801,8.423558],[99.251908,8.424095],[99.249218,8.419807],[99.249276,8.41168],[99.239189,8.399862],[99.235461,8.400048],[99.236681,8.38839],[99.234356,8.385634],[99.238549,8.381819],[99.237065,8.375987],[99.2401,8.374895],[99.23978,8.369506],[99.242279,8.368741],[99.240349,8.3661],[99.245777,8.367939],[99.25256,8.359371],[99.257634,8.357977],[99.259781,8.352357],[99.262706,8.352944],[99.266174,8.349683],[99.269584,8.353773],[99.272623,8.351838],[99.27168,8.349948],[99.275418,8.351989],[99.277265,8.347678],[99.274345,8.344079],[99.279391,8.342284],[99.281926,8.337228],[99.283751,8.316622],[99.288349,8.317259],[99.288726,8.314185],[99.294021,8.312567],[99.299432,8.315973],[99.298552,8.306744],[99.30344,8.306683],[99.30219,8.304353],[99.306234,8.304461],[99.307999,8.301488],[99.312759,8.300611],[99.317566,8.294377],[99.324184,8.296303],[99.328104,8.293754],[99.327625,8.29166],[99.330766,8.291198],[99.332216,8.273897],[99.335762,8.269398],[99.331501,8.261344],[99.333445,8.2577],[99.322315,8.251582],[99.320256,8.243803],[99.31358,8.239252],[99.311897,8.234123],[99.320091,8.219023],[99.321656,8.209389],[99.318258,8.203056],[99.320372,8.202729],[99.315531,8.193504],[99.311826,8.195137],[99.307038,8.191837],[99.30834,8.190446],[99.305748,8.190314],[99.30737,8.175327],[99.302793,8.170035],[99.29834,8.171286],[99.297976,8.16751],[99.290148,8.16606],[99.288329,8.155377],[99.291036,8.153274],[99.288534,8.151403],[99.293584,8.149432],[99.293458,8.146448],[99.295234,8.147044],[99.298829,8.141035],[99.296691,8.140599],[99.296957,8.131983],[99.344946,8.13605],[99.351278,8.132388],[99.384929,8.141949],[99.387406,8.13869],[99.387911,8.116122],[99.392506,8.108501],[99.394014,8.087269],[99.385265,8.082222],[99.385191,8.07211],[99.395045,8.050737],[99.396617,8.040866],[99.409767,8.008664],[99.415748,8.001545],[99.397795,7.983307],[99.393046,7.963637],[99.396766,7.953791],[99.38998,7.949181],[99.386182,7.941954],[99.376127,7.943054],[99.391455,7.92536],[99.398355,7.921337],[99.423322,7.925995],[99.419041,7.909404],[99.420229,7.866363],[99.43512,7.874116],[99.438073,7.878696],[99.443623,7.881288],[99.446686,7.887476],[99.454516,7.889309],[99.47147,7.904755],[99.478927,7.88237],[99.481585,7.881058],[99.489609,7.887084],[99.495964,7.88222],[99.502929,7.886405],[99.509601,7.88437],[99.515125,7.878542],[99.533509,7.881181],[99.539995,7.885956],[99.535453,7.886349],[99.538324,7.891365],[99.534702,7.893858],[99.535887,7.900386],[99.54161,7.904997],[99.542329,7.914043],[99.548872,7.921009],[99.555093,7.923082],[99.556672,7.92054],[99.563566,7.927291],[99.563106,7.932689],[99.565221,7.93433],[99.562103,7.935811],[99.563425,7.939581],[99.56871,7.938933],[99.572098,7.948908],[99.577303,7.947223],[99.583759,7.949315],[99.582038,7.952049],[99.58611,7.95312],[99.585684,7.959556],[99.597684,7.96065],[99.593518,7.965789],[99.598608,7.966703],[99.598064,7.971016],[99.600408,7.97089],[99.603794,7.981075],[99.607249,7.98086],[99.604119,7.987854],[99.612695,7.989345],[99.614128,7.991924],[99.616406,7.990309],[99.630667,8.009282],[99.636203,8.008567],[99.644757,8.011915],[99.654875,8.011107],[99.656308,8.012811],[99.667185,8.006959],[99.670986,8.008731],[99.671772,8.006451],[99.672869,8.008465],[99.676245,8.006507],[99.67518,8.004113],[99.694171,7.998851],[99.698968,7.994515],[99.71291,7.99325],[99.742296,8.006674],[99.746756,8.002418],[99.746306,7.98367],[99.74838,7.982757],[99.751044,7.986972],[99.757824,7.986666],[99.757612,7.982934],[99.753673,7.979235],[99.751686,7.969851],[99.746138,7.97108],[99.743278,7.967456],[99.746562,7.967376],[99.740974,7.95227],[99.734939,7.944374],[99.743128,7.932702],[99.735074,7.912024],[99.732359,7.887851],[99.739607,7.877474],[99.734998,7.866432],[99.738334,7.857528],[99.746803,7.859577],[99.749645,7.855383],[99.753088,7.858728],[99.763267,7.860729],[99.77219,7.857351],[99.783298,7.857485],[99.78603,7.862384],[99.792511,7.864837],[99.795448,7.874086],[99.79998,7.877555],[99.79794,7.878559],[99.806101,7.890858],[99.809029,7.888499],[99.81229,7.890286],[99.819323,7.884821],[99.822222,7.887943],[99.828333,7.88513],[99.83708,7.886039],[99.842032,7.891327],[99.850861,7.888246],[99.860817,7.888446],[99.861694,7.886569],[99.882606,7.892451],[99.916377,7.869965],[99.928069,7.872646],[99.934768,7.878077],[99.94085,7.878471],[99.942598,7.885096],[99.946783,7.885265],[99.946331,7.888754],[99.953158,7.897571],[99.980523,7.866201],[99.994923,7.85615],[100.034488,7.846716],[100.044922,7.841726],[100.047182,7.837021],[100.055739,7.838162],[100.063901,7.843503],[100.071741,7.842825],[100.072019,7.84686],[100.098235,7.873972],[100.107336,7.87882],[100.123895,7.878475],[100.134159,7.874995],[100.13965,7.868446],[100.173433,7.881239],[100.179259,7.875912],[100.188505,7.878705],[100.232539,7.882281],[100.266838,7.906022],[100.266495,7.914219],[100.295664,7.916094],[100.307462,7.914421],[100.306699,7.924102],[100.312244,7.936858],[100.326519,7.938667],[100.336909,7.931889],[100.290734,8.202198],[100.27883,8.250655],[100.245563,8.361037],[100.217788,8.435871],[100.192975,8.480314],[100.171579,8.502704],[100.159338,8.511611],[100.131775,8.519115],[100.127452,8.516259],[100.128748,8.514044],[100.13541,8.514294],[100.145637,8.51046],[100.165141,8.488077],[100.167998,8.473455],[100.166235,8.47409],[100.17289,8.457279],[100.167744,8.454718],[100.155277,8.439202],[100.161109,8.421229],[100.158447,8.419395],[100.166141,8.401036],[100.171222,8.39716],[100.175839,8.381777],[100.169976,8.387645],[100.162139,8.38945],[100.154646,8.381053],[100.156286,8.379025],[100.146722,8.379425],[100.146025,8.376815],[100.140308,8.381906],[100.140898,8.383885],[100.116757,8.402092],[100.110574,8.403231],[100.103338,8.411034],[100.091894,8.417558],[100.089066,8.410895],[100.074374,8.441894],[100.072508,8.455638],[100.062021,8.475308],[100.063054,8.477192],[100.052616,8.49991],[100.05185,8.507618],[100.047767,8.512877],[100.047617,8.520681],[100.028776,8.546408],[100.008696,8.563965],[100.00209,8.564972],[99.996874,8.572274],[99.98075,8.57217],[99.970866,8.581039],[99.963797,8.592676],[99.954364,8.62359],[99.939848,8.725918],[99.934097,8.796657],[99.919994,8.867732],[99.913357,8.935642],[99.915344,8.994641],[99.920002,9.003756],[99.927945,9.004076],[99.928548,9.007357],[99.923581,9.007082],[99.916467,9.014845],[99.909939,9.079023],[99.91265,9.083915],[99.908721,9.098524],[99.896395,9.119433],[99.88719,9.126688],[99.881967,9.125347],[99.875342,9.140599],[99.873391,9.162519],[99.876473,9.206911],[99.880885,9.207765],[99.879427,9.218301],[99.874085,9.222011],[99.870785,9.228936],[99.870306,9.238044],[99.865641,9.236532],[99.863114,9.241323],[99.863528,9.248033],[99.858577,9.253444],[99.849045,9.253468],[99.844743,9.263787],[99.845872,9.283343],[99.8438,9.282481],[99.843336,9.294065],[99.838797,9.294815],[99.837442,9.30436],[99.829788,9.310721],[99.82424,9.29853],[99.820782,9.297021],[99.802918,9.301326],[99.799379,9.306249],[99.801704,9.311935],[99.804191,9.312223],[99.805329,9.316758],[99.800484,9.320134],[99.796664,9.309913],[99.795371,9.318246],[99.793228,9.312446],[99.786097,9.3136],[99.785077,9.318341],[99.781564,9.311639]]}},{"type":"Feature","properties":{"_gpxType":"trk","name":"ภูเก็ต","desc":"Length: 212.9 km (132.3 mi)","coordinateProperties":{}},"geometry":{"type":"LineString","coordinates":[[98.294485,8.199688],[98.28567,8.200074],[98.283574,8.196151],[98.285369,8.194819],[98.286767,8.191734],[98.296968,8.149553],[98.302164,8.116297],[98.301493,8.10628],[98.300316,8.103366],[98.29758,8.100634],[98.296887,8.098256],[98.298371,8.094761],[98.297754,8.091186],[98.296327,8.08891],[98.289635,8.089666],[98.282138,8.085495],[98.277643,8.081357],[98.273511,8.07952],[98.271137,8.074793],[98.271336,8.068131],[98.272862,8.065907],[98.276497,8.063252],[98.277246,8.053594],[98.276111,8.050636],[98.276966,8.050382],[98.276831,8.045726],[98.276199,8.045474],[98.276218,8.042774],[98.272182,8.040634],[98.272397,8.038406],[98.27423,8.037343],[98.276037,8.034251],[98.279992,8.034064],[98.280875,8.035529],[98.284105,8.036145],[98.285366,8.034695],[98.284436,8.032459],[98.280893,8.032126],[98.280077,8.029945],[98.282331,8.029832],[98.284551,8.032218],[98.287287,8.031311],[98.289457,8.028201],[98.291131,8.023052],[98.292915,8.003946],[98.289817,7.989441],[98.285676,7.984777],[98.28087,7.984417],[98.280344,7.985828],[98.277282,7.985993],[98.276904,7.987313],[98.275018,7.986772],[98.273288,7.987619],[98.273081,7.988702],[98.270751,7.989226],[98.269906,7.988292],[98.270026,7.986525],[98.272467,7.985535],[98.272273,7.984385],[98.275376,7.984445],[98.27689,7.981085],[98.276118,7.980236],[98.277489,7.979527],[98.27817,7.972468],[98.276306,7.970089],[98.279133,7.969503],[98.279471,7.968699],[98.278366,7.967163],[98.279831,7.96377],[98.282817,7.963752],[98.283403,7.962068],[98.282494,7.953516],[98.28155,7.951982],[98.277726,7.950056],[98.278186,7.94856],[98.276806,7.948725],[98.276484,7.95082],[98.272799,7.950458],[98.271928,7.948604],[98.26789,7.94697],[98.264441,7.947625],[98.262806,7.949328],[98.261766,7.947915],[98.262446,7.944403],[98.261006,7.943364],[98.258155,7.935645],[98.258983,7.934889],[98.260387,7.935547],[98.261391,7.934743],[98.262009,7.931969],[98.261008,7.927802],[98.261912,7.927949],[98.262929,7.924916],[98.261956,7.924314],[98.262961,7.923694],[98.2665,7.926183],[98.267849,7.926068],[98.268395,7.923735],[98.270549,7.923935],[98.270835,7.926124],[98.275623,7.925164],[98.27758,7.922456],[98.278851,7.922748],[98.279721,7.920558],[98.280787,7.920232],[98.281293,7.918519],[98.285434,7.916571],[98.290048,7.917474],[98.292829,7.915578],[98.29652,7.909937],[98.296201,7.901019],[98.293618,7.893306],[98.290887,7.888367],[98.286932,7.886355],[98.287018,7.884837],[98.286433,7.886863],[98.285794,7.886701],[98.286094,7.888335],[98.282604,7.88794],[98.281001,7.888707],[98.281152,7.889818],[98.276537,7.887534],[98.271412,7.887695],[98.270772,7.890357],[98.269379,7.891482],[98.266506,7.891632],[98.265696,7.8926],[98.264667,7.891809],[98.264291,7.893648],[98.263234,7.893724],[98.263462,7.891653],[98.262182,7.891265],[98.260799,7.88685],[98.263465,7.884595],[98.264801,7.881229],[98.27122,7.883261],[98.272516,7.878367],[98.275388,7.876943],[98.274794,7.874942],[98.273337,7.874636],[98.272713,7.871672],[98.271767,7.870847],[98.276179,7.865266],[98.280969,7.866651],[98.28284,7.865193],[98.282126,7.860228],[98.288803,7.859348],[98.290037,7.858068],[98.292879,7.849748],[98.294724,7.833773],[98.294085,7.830142],[98.290127,7.827766],[98.289109,7.825898],[98.28956,7.823471],[98.292209,7.825049],[98.296483,7.822151],[98.298645,7.817947],[98.298925,7.815049],[98.296096,7.814653],[98.295519,7.813712],[98.296201,7.81049],[98.298321,7.809928],[98.298807,7.804536],[98.29722,7.803637],[98.292578,7.794117],[98.284554,7.792806],[98.284658,7.788682],[98.288641,7.788122],[98.290324,7.788714],[98.290201,7.785695],[98.287582,7.783603],[98.2863,7.780513],[98.287717,7.779469],[98.287911,7.776654],[98.292268,7.777154],[98.29419,7.778702],[98.296362,7.778853],[98.297475,7.778063],[98.303724,7.779224],[98.306405,7.775932],[98.306625,7.774419],[98.304468,7.771944],[98.3058,7.768472],[98.302977,7.763616],[98.303395,7.760996],[98.302465,7.759256],[98.304633,7.761066],[98.307113,7.760914],[98.307203,7.759799],[98.310521,7.758656],[98.312355,7.759916],[98.3146,7.759927],[98.315703,7.762053],[98.317677,7.761763],[98.319031,7.765691],[98.317796,7.766057],[98.316836,7.769048],[98.319015,7.771276],[98.328865,7.776366],[98.331145,7.776464],[98.331909,7.775165],[98.334469,7.776013],[98.33794,7.780077],[98.338062,7.782108],[98.336362,7.78461],[98.333569,7.786086],[98.332439,7.788236],[98.345734,7.825326],[98.349093,7.829599],[98.354729,7.834592],[98.361297,7.836178],[98.363668,7.838857],[98.365772,7.839701],[98.374507,7.839767],[98.375528,7.841086],[98.37794,7.83763],[98.377311,7.834861],[98.379329,7.830162],[98.379327,7.828128],[98.386126,7.812915],[98.385403,7.809227],[98.389278,7.805827],[98.389232,7.809203],[98.3884,7.810265],[98.390659,7.813348],[98.393482,7.814881],[98.395997,7.814725],[98.39671,7.812653],[98.399326,7.810224],[98.399537,7.808469],[98.404908,7.806177],[98.406893,7.804021],[98.407594,7.800621],[98.409597,7.799838],[98.412302,7.801983],[98.412155,7.803327],[98.411075,7.803276],[98.409696,7.806924],[98.410288,7.808824],[98.409034,7.80919],[98.407787,7.81106],[98.405202,7.809288],[98.40153,7.813075],[98.401245,7.814851],[98.402147,7.816845],[98.404004,7.816075],[98.404502,7.818219],[98.402838,7.818573],[98.400463,7.821339],[98.400224,7.823533],[98.401892,7.82773],[98.404085,7.828728],[98.40519,7.83062],[98.40217,7.830668],[98.400989,7.832809],[98.40229,7.835342],[98.407346,7.835294],[98.41003,7.83715],[98.409252,7.838936],[98.408648,7.838304],[98.406753,7.83954],[98.40521,7.838667],[98.404051,7.839389],[98.402204,7.837947],[98.40157,7.839097],[98.397738,7.839389],[98.396899,7.838648],[98.395104,7.842825],[98.393789,7.850341],[98.392763,7.851756],[98.393768,7.854982],[98.392971,7.858404],[98.39373,7.860815],[98.393156,7.864366],[98.394509,7.865292],[98.393062,7.867686],[98.393197,7.869243],[98.395745,7.868442],[98.39618,7.869193],[98.39438,7.870069],[98.401614,7.872339],[98.410281,7.876742],[98.410681,7.878298],[98.411549,7.877268],[98.416729,7.879306],[98.416937,7.875984],[98.415883,7.873485],[98.415896,7.869834],[98.419337,7.874206],[98.421837,7.875193],[98.426071,7.874741],[98.42879,7.872319],[98.428614,7.870902],[98.432045,7.869877],[98.433313,7.866565],[98.436843,7.865891],[98.438337,7.867263],[98.437064,7.868236],[98.437397,7.870089],[98.433047,7.870338],[98.430742,7.8739],[98.429691,7.873934],[98.429376,7.876842],[98.43024,7.87916],[98.433673,7.877954],[98.437639,7.882188],[98.439573,7.882737],[98.442066,7.879778],[98.443471,7.880887],[98.443595,7.88333],[98.444652,7.88344],[98.443344,7.888135],[98.441347,7.887201],[98.439084,7.889468],[98.437492,7.897222],[98.440502,7.905839],[98.441585,7.915632],[98.43966,7.91542],[98.438382,7.914153],[98.432273,7.91187],[98.429554,7.903176],[98.428028,7.902816],[98.427456,7.898916],[98.426372,7.898761],[98.425986,7.903738],[98.423861,7.901456],[98.424487,7.904134],[98.421254,7.905096],[98.420661,7.906335],[98.416853,7.908773],[98.415441,7.908613],[98.41596,7.90997],[98.414081,7.913245],[98.41139,7.91376],[98.41341,7.916131],[98.410422,7.918144],[98.413818,7.920709],[98.412102,7.928824],[98.408144,7.933262],[98.406691,7.936513],[98.405906,7.935381],[98.404582,7.935246],[98.402128,7.937244],[98.399161,7.942115],[98.396442,7.943226],[98.39582,7.951213],[98.394516,7.952337],[98.395187,7.949378],[98.391878,7.949898],[98.394121,7.9516],[98.394351,7.953966],[98.393249,7.954029],[98.393616,7.955374],[98.39273,7.955986],[98.393753,7.957409],[98.392191,7.968517],[98.394748,7.971551],[98.395616,7.975009],[98.39314,7.979259],[98.394889,7.980688],[98.394768,7.983438],[98.396074,7.983541],[98.397442,7.981732],[98.398889,7.982224],[98.39979,7.9867],[98.410766,7.991414],[98.413487,7.991294],[98.418433,7.988693],[98.420513,7.984381],[98.422635,7.985897],[98.423823,7.985292],[98.425563,7.98911],[98.4249,7.989417],[98.422953,7.987913],[98.420199,7.989285],[98.417715,7.994307],[98.41557,7.995055],[98.413236,7.999944],[98.410741,8.002287],[98.409719,8.006614],[98.41154,8.009922],[98.408011,8.008659],[98.408145,8.010229],[98.410584,8.010471],[98.41197,8.011666],[98.411908,8.014098],[98.409792,8.013612],[98.409793,8.016588],[98.41056,8.016411],[98.411016,8.021867],[98.409886,8.021176],[98.410662,8.031285],[98.411422,8.03104],[98.411857,8.027037],[98.413305,8.029516],[98.412672,8.031677],[98.413587,8.031523],[98.4152,8.033675],[98.41409,8.035749],[98.415456,8.036782],[98.415992,8.036008],[98.417056,8.037174],[98.417317,8.039387],[98.4164,8.039821],[98.418142,8.042844],[98.420649,8.042045],[98.420101,8.044574],[98.420684,8.046186],[98.423532,8.046369],[98.424254,8.044066],[98.427519,8.043111],[98.429469,8.039874],[98.431229,8.039542],[98.432385,8.040794],[98.430583,8.042074],[98.43117,8.04682],[98.429489,8.053681],[98.430229,8.056988],[98.435993,8.067168],[98.439239,8.06717],[98.439445,8.065334],[98.443043,8.066465],[98.442934,8.069161],[98.44373,8.070531],[98.442593,8.07217],[98.43823,8.072674],[98.436592,8.071838],[98.43609,8.074659],[98.434239,8.076603],[98.434934,8.078017],[98.434972,8.086806],[98.435942,8.088014],[98.438996,8.088806],[98.440545,8.093289],[98.4386,8.094358],[98.436576,8.094175],[98.434216,8.095857],[98.43393,8.098804],[98.433015,8.099368],[98.427565,8.098799],[98.426729,8.102163],[98.424551,8.100576],[98.42595,8.097742],[98.425639,8.09622],[98.423656,8.09443],[98.422335,8.0913],[98.418538,8.08778],[98.411942,8.086842],[98.409409,8.081577],[98.407027,8.080872],[98.403824,8.081879],[98.402009,8.084578],[98.397716,8.082098],[98.387102,8.087108],[98.382459,8.092905],[98.391169,8.110077],[98.391943,8.115861],[98.393621,8.119136],[98.384367,8.120496],[98.379546,8.123206],[98.366099,8.134636],[98.36346,8.132391],[98.357744,8.122414],[98.350305,8.116854],[98.349674,8.115397],[98.347225,8.116658],[98.346272,8.118426],[98.345204,8.128938],[98.345615,8.135476],[98.347746,8.137705],[98.347846,8.144131],[98.347113,8.14377],[98.346854,8.144849],[98.343508,8.145045],[98.342607,8.146567],[98.341911,8.155516],[98.343655,8.155442],[98.345041,8.156445],[98.344743,8.158123],[98.342124,8.159493],[98.339542,8.163184],[98.338608,8.170729],[98.336555,8.17308],[98.333393,8.172734],[98.330626,8.174963],[98.328205,8.17551],[98.320887,8.180731],[98.320213,8.182861],[98.312749,8.187859],[98.31014,8.186283],[98.305125,8.192725],[98.3008,8.189589],[98.298078,8.189457],[98.298542,8.190389],[98.3024,8.191643],[98.304118,8.194352],[98.3004,8.192433],[98.302342,8.195108],[98.301926,8.198229],[98.294485,8.199688]]}},{"type":"Feature","properties":{"_gpxType":"trk","name":"ระนอง","desc":"Length: 617.9 km (383.9 mi)","coordinateProperties":{}},"geometry":{"type":"LineString","coordinates":[[98.879951,10.787875],[98.87553,10.787566],[98.875049,10.783856],[98.870477,10.78319],[98.867872,10.776691],[98.863711,10.776381],[98.862282,10.779175],[98.858342,10.775746],[98.860672,10.773771],[98.844929,10.75798],[98.844804,10.753774],[98.840347,10.753891],[98.835184,10.741546],[98.830944,10.739295],[98.831657,10.736584],[98.822798,10.730325],[98.823584,10.725769],[98.818699,10.723233],[98.818065,10.718459],[98.808892,10.71592],[98.812298,10.713707],[98.807414,10.707684],[98.800822,10.707602],[98.801771,10.699149],[98.797081,10.698195],[98.789625,10.683187],[98.784882,10.680692],[98.783216,10.684286],[98.779492,10.678308],[98.784609,10.652539],[98.775743,10.637529],[98.777435,10.634521],[98.774769,10.631528],[98.775047,10.625969],[98.771134,10.622271],[98.77315,10.6168],[98.78068,10.61602],[98.78,10.603263],[98.782041,10.601283],[98.787008,10.60635],[98.795134,10.6033],[98.799739,10.605349],[98.801212,10.60108],[98.7972,10.594739],[98.80082,10.593817],[98.801957,10.586335],[98.808874,10.593835],[98.810859,10.591689],[98.807655,10.589118],[98.809978,10.582281],[98.804033,10.563806],[98.798539,10.55958],[98.803876,10.559477],[98.808777,10.553623],[98.812787,10.555203],[98.814261,10.548526],[98.817687,10.546575],[98.809083,10.540106],[98.815154,10.540061],[98.812619,10.53024],[98.819735,10.53157],[98.82094,10.528864],[98.818286,10.527658],[98.816713,10.514396],[98.819354,10.50767],[98.81539,10.494945],[98.810005,10.489179],[98.804249,10.487323],[98.80576,10.482669],[98.800401,10.484654],[98.809321,10.470813],[98.79673,10.455742],[98.799873,10.447807],[98.782403,10.442593],[98.770869,10.42157],[98.765776,10.404051],[98.757281,10.396339],[98.743521,10.340609],[98.742964,10.324894],[98.731793,10.309622],[98.72946,10.294514],[98.698447,10.209338],[98.67697,10.185504],[98.670388,10.173145],[98.663169,10.168489],[98.65655,10.167774],[98.639332,10.131982],[98.64075,10.114265],[98.634201,10.103772],[98.632989,10.088629],[98.653921,10.088702],[98.654827,10.086457],[98.643412,10.073197],[98.630864,10.041478],[98.623815,10.035697],[98.60081,9.987185],[98.601216,9.982562],[98.591965,9.975702],[98.594259,9.970952],[98.59156,9.962393],[98.59384,9.952044],[98.589915,9.954023],[98.585242,9.942994],[98.589023,9.937589],[98.595954,9.934112],[98.585769,9.934731],[98.571331,9.930918],[98.565695,9.921745],[98.570279,9.910974],[98.575625,9.907293],[98.57237,9.906484],[98.564743,9.889565],[98.561008,9.886668],[98.556396,9.874558],[98.553811,9.883641],[98.549482,9.888105],[98.534408,9.883004],[98.526982,9.872379],[98.528438,9.860896],[98.534879,9.859643],[98.515497,9.854288],[98.523536,9.832071],[98.528499,9.829685],[98.527478,9.824611],[98.536698,9.806686],[98.535312,9.80101],[98.538828,9.800151],[98.550943,9.807102],[98.563407,9.821466],[98.565838,9.82017],[98.560165,9.812068],[98.565106,9.813422],[98.547663,9.797638],[98.548922,9.791473],[98.542952,9.78899],[98.534668,9.791048],[98.523412,9.786526],[98.518404,9.790356],[98.512345,9.784715],[98.507139,9.783945],[98.5068,9.77209],[98.512616,9.761914],[98.512665,9.753517],[98.507328,9.750947],[98.507241,9.745042],[98.50184,9.744366],[98.500435,9.74021],[98.508286,9.737161],[98.510787,9.741441],[98.519399,9.745267],[98.52196,9.750192],[98.529785,9.750917],[98.534534,9.7448],[98.543834,9.743285],[98.55802,9.753165],[98.554678,9.749662],[98.553758,9.741023],[98.557166,9.729056],[98.549471,9.722337],[98.550433,9.716142],[98.546288,9.717572],[98.541675,9.706103],[98.538862,9.706955],[98.5409,9.698457],[98.531836,9.688938],[98.529156,9.681775],[98.53542,9.678523],[98.529449,9.677494],[98.520758,9.681008],[98.50982,9.672053],[98.496958,9.676553],[98.497835,9.680987],[98.494197,9.681149],[98.491352,9.685343],[98.485109,9.686602],[98.485307,9.680715],[98.48802,9.681431],[98.492279,9.662202],[98.494659,9.662417],[98.49852,9.652252],[98.502799,9.658665],[98.52383,9.655578],[98.524354,9.653054],[98.510753,9.65377],[98.509762,9.646506],[98.500191,9.634953],[98.50037,9.630683],[98.507073,9.629104],[98.516075,9.63417],[98.510827,9.627732],[98.51778,9.620438],[98.509654,9.624983],[98.50289,9.624556],[98.503316,9.621609],[98.499965,9.623292],[98.497026,9.616046],[98.486326,9.623246],[98.485139,9.629417],[98.481268,9.630082],[98.478124,9.634679],[98.473532,9.626436],[98.469167,9.624265],[98.46312,9.628811],[98.464163,9.604174],[98.475271,9.594891],[98.49354,9.591657],[98.508151,9.595632],[98.522967,9.580917],[98.546793,9.573006],[98.544712,9.569818],[98.536075,9.573201],[98.513878,9.565491],[98.490315,9.565059],[98.494122,9.523531],[98.499232,9.514308],[98.494117,9.501747],[98.484194,9.497521],[98.481075,9.487401],[98.483165,9.476297],[98.478872,9.483871],[98.480214,9.49568],[98.496693,9.512196],[98.486515,9.537058],[98.480649,9.531182],[98.48122,9.502089],[98.469613,9.483703],[98.474418,9.471777],[98.475954,9.456651],[98.473756,9.456735],[98.4635,9.483686],[98.462801,9.493427],[98.465932,9.492443],[98.470547,9.503398],[98.469816,9.508438],[98.475416,9.525598],[98.459738,9.55774],[98.463644,9.556881],[98.469093,9.565072],[98.466033,9.566954],[98.46026,9.561988],[98.456304,9.564082],[98.435275,9.500216],[98.43693,9.492892],[98.435556,9.494323],[98.432966,9.462382],[98.425071,9.429167],[98.426932,9.429387],[98.419732,9.40982],[98.406424,9.396988],[98.40316,9.402784],[98.397213,9.403335],[98.395688,9.364205],[98.389319,9.333471],[98.398798,9.32988],[98.404306,9.350574],[98.414057,9.338146],[98.43017,9.336461],[98.437493,9.340606],[98.445121,9.338534],[98.459207,9.329144],[98.46935,9.32952],[98.455541,9.316731],[98.464294,9.314478],[98.470299,9.321823],[98.480865,9.311447],[98.479609,9.30492],[98.485089,9.308264],[98.497838,9.306009],[98.505751,9.309376],[98.505865,9.314652],[98.511618,9.321913],[98.51177,9.326127],[98.533002,9.34764],[98.538541,9.34975],[98.546478,9.36131],[98.565803,9.358621],[98.573419,9.365852],[98.586855,9.367683],[98.590449,9.362884],[98.589564,9.355777],[98.59599,9.349489],[98.610291,9.342156],[98.6149,9.342449],[98.627695,9.353986],[98.635728,9.356766],[98.639245,9.35341],[98.658916,9.347102],[98.668334,9.358533],[98.671721,9.368366],[98.672099,9.388005],[98.668434,9.388968],[98.664425,9.385911],[98.648381,9.387316],[98.647624,9.390443],[98.654014,9.400236],[98.646963,9.413416],[98.647165,9.426753],[98.650137,9.429182],[98.660572,9.419992],[98.671017,9.424926],[98.680881,9.43597],[98.671874,9.446609],[98.667893,9.447389],[98.665343,9.460379],[98.669089,9.466734],[98.677429,9.464999],[98.680812,9.468772],[98.694677,9.469678],[98.704594,9.486226],[98.715676,9.487128],[98.71624,9.497865],[98.723672,9.503515],[98.724512,9.510918],[98.73159,9.514817],[98.747655,9.536219],[98.753516,9.538309],[98.762941,9.537005],[98.767545,9.545053],[98.758699,9.557348],[98.757354,9.565711],[98.759379,9.56895],[98.758111,9.574676],[98.739152,9.581058],[98.735994,9.610517],[98.729392,9.612845],[98.721681,9.628479],[98.69699,9.635365],[98.695608,9.639361],[98.688539,9.640593],[98.685496,9.64712],[98.672563,9.654183],[98.660136,9.655024],[98.653959,9.652809],[98.652971,9.658244],[98.646741,9.66352],[98.652895,9.667414],[98.659114,9.676751],[98.659642,9.684038],[98.656582,9.68785],[98.64668,9.691651],[98.650486,9.700225],[98.639359,9.713349],[98.640586,9.716718],[98.63814,9.720429],[98.642181,9.73814],[98.634018,9.744656],[98.632396,9.75757],[98.626822,9.764818],[98.633419,9.7682],[98.629725,9.777867],[98.633035,9.789194],[98.64018,9.7924],[98.644263,9.790716],[98.65712,9.806076],[98.663797,9.808212],[98.663848,9.814543],[98.679218,9.82829],[98.682298,9.834643],[98.692898,9.833322],[98.703933,9.851097],[98.721485,9.867811],[98.72228,9.875501],[98.71969,9.882174],[98.721828,9.894105],[98.735946,9.90482],[98.745382,9.91693],[98.752211,9.918428],[98.754152,9.931884],[98.780888,9.950992],[98.795295,9.940749],[98.80284,9.942591],[98.815203,9.937177],[98.824299,9.948846],[98.822318,9.958073],[98.826695,9.969113],[98.83024,9.971769],[98.829553,9.977812],[98.841609,9.987803],[98.844357,9.993946],[98.855349,9.994518],[98.857795,9.997337],[98.864698,9.993388],[98.884592,10.005973],[98.88739,10.014291],[98.901307,10.026179],[98.90419,10.025983],[98.905771,10.03276],[98.900495,10.047234],[98.903053,10.054813],[98.892852,10.064687],[98.888304,10.060972],[98.881904,10.065175],[98.87853,10.061749],[98.868648,10.064025],[98.865042,10.06047],[98.863453,10.063889],[98.858533,10.060935],[98.838865,10.06313],[98.835559,10.065674],[98.85051,10.08606],[98.852606,10.082992],[98.862107,10.093517],[98.8659,10.109067],[98.862786,10.115753],[98.86428,10.120649],[98.858365,10.119651],[98.862166,10.133445],[98.868277,10.134618],[98.869674,10.154276],[98.883083,10.156485],[98.88893,10.160716],[98.888774,10.169318],[98.877732,10.178173],[98.877239,10.182377],[98.871187,10.185215],[98.874913,10.204986],[98.879878,10.212553],[98.884739,10.215001],[98.891398,10.225459],[98.889757,10.235254],[98.899448,10.24024],[98.899693,10.246],[98.896187,10.248695],[98.903709,10.254954],[98.908293,10.269906],[98.900456,10.273427],[98.898486,10.278814],[98.899874,10.288307],[98.906078,10.300041],[98.909377,10.299979],[98.919023,10.317108],[98.923128,10.318912],[98.925506,10.324704],[98.930065,10.326435],[98.931856,10.332619],[98.936273,10.335246],[98.943051,10.351787],[98.942089,10.359503],[98.931778,10.365069],[98.937241,10.384498],[98.929553,10.3852],[98.928321,10.395593],[98.915816,10.39533],[98.908197,10.398383],[98.901799,10.397702],[98.905149,10.410434],[98.89361,10.417249],[98.893583,10.428921],[98.896829,10.43269],[98.895063,10.441194],[98.891873,10.442304],[98.886743,10.451897],[98.8886,10.455471],[98.884345,10.457772],[98.894688,10.475131],[98.894783,10.483474],[98.911137,10.490104],[98.917816,10.507393],[98.923432,10.512799],[98.936445,10.512967],[98.944759,10.517748],[98.948053,10.52919],[98.953688,10.535872],[98.962505,10.539999],[98.943426,10.558807],[98.94141,10.569864],[98.956634,10.579674],[98.964788,10.604174],[98.961152,10.607866],[98.959491,10.616452],[98.946808,10.610346],[98.944638,10.612156],[98.950616,10.63755],[98.948505,10.642758],[98.937619,10.650155],[98.93783,10.648434],[98.928247,10.648438],[98.925127,10.655946],[98.929453,10.673401],[98.91866,10.680437],[98.90897,10.678241],[98.911066,10.685901],[98.905269,10.690797],[98.893897,10.682022],[98.889625,10.695276],[98.899153,10.706629],[98.897517,10.711788],[98.905017,10.722468],[98.904323,10.728191],[98.910187,10.734801],[98.909746,10.739763],[98.914122,10.745957],[98.909837,10.753451],[98.898621,10.752932],[98.893736,10.757415],[98.8888,10.778537],[98.886051,10.777707],[98.884143,10.785713],[98.880501,10.785354],[98.879951,10.787875]]}},{"type":"Feature","properties":{"_gpxType":"trk","name":"ชุมพร","desc":"Length: 613.5 km (381.2 mi)","coordinateProperties":{}},"geometry":{"type":"LineString","coordinates":[[99.150745,11.03345],[99.146256,11.029359],[99.133787,11.028233],[99.130484,11.030933],[99.109958,11.014696],[99.102394,11.012687],[99.100734,10.992477],[99.095406,10.985363],[99.09383,10.972146],[99.087545,10.964734],[99.084254,10.964343],[99.081163,10.955575],[99.062826,10.952167],[99.058278,10.947644],[99.054072,10.948675],[99.049988,10.961772],[99.040152,10.961989],[99.031133,10.96617],[99.030448,10.96887],[99.023592,10.970142],[99.018983,10.964768],[99.011703,10.942582],[99.002959,10.935071],[99.003499,10.929787],[98.999052,10.922851],[99.00042,10.914354],[98.997766,10.911309],[99.002708,10.907866],[99.00578,10.892725],[99.000259,10.881417],[99.008414,10.878772],[99.011506,10.872867],[99.011114,10.857251],[98.994031,10.843609],[98.99019,10.84426],[98.980012,10.830612],[98.97328,10.832267],[98.965071,10.823544],[98.965755,10.820593],[98.957946,10.811953],[98.935403,10.813549],[98.937059,10.818217],[98.930548,10.819973],[98.92351,10.827271],[98.913045,10.811494],[98.914627,10.807784],[98.905475,10.794239],[98.902948,10.778884],[98.898661,10.780617],[98.889104,10.774161],[98.894108,10.763209],[98.893736,10.757415],[98.898621,10.752932],[98.909837,10.753451],[98.914122,10.745957],[98.909746,10.739763],[98.910187,10.734801],[98.904323,10.728191],[98.905017,10.722468],[98.897517,10.711788],[98.899153,10.706629],[98.889625,10.695276],[98.893897,10.682022],[98.905269,10.690797],[98.911066,10.685901],[98.90897,10.678241],[98.91866,10.680437],[98.929453,10.673401],[98.925127,10.655946],[98.928247,10.648438],[98.937619,10.650155],[98.948505,10.642758],[98.950616,10.63755],[98.944638,10.612156],[98.946808,10.610346],[98.959491,10.616452],[98.961152,10.607866],[98.964788,10.604174],[98.956634,10.579674],[98.94141,10.569864],[98.943426,10.558807],[98.962505,10.539999],[98.953688,10.535872],[98.948053,10.52919],[98.944759,10.517748],[98.936445,10.512967],[98.923432,10.512799],[98.917816,10.507393],[98.911137,10.490104],[98.894783,10.483474],[98.894688,10.475131],[98.884345,10.457772],[98.8886,10.455471],[98.886743,10.451897],[98.891873,10.442304],[98.895063,10.441194],[98.896829,10.43269],[98.893583,10.428921],[98.89361,10.417249],[98.905149,10.410434],[98.901799,10.397702],[98.928321,10.395593],[98.929553,10.3852],[98.937241,10.384498],[98.931778,10.365069],[98.942089,10.359503],[98.943051,10.351787],[98.936273,10.335246],[98.931856,10.332619],[98.930065,10.326435],[98.925506,10.324704],[98.923128,10.318912],[98.919023,10.317108],[98.909377,10.299979],[98.906078,10.300041],[98.899874,10.288307],[98.900456,10.273427],[98.908293,10.269906],[98.903709,10.254954],[98.896187,10.248695],[98.899693,10.246],[98.899448,10.24024],[98.889757,10.235254],[98.891398,10.225459],[98.884739,10.215001],[98.879878,10.212553],[98.874913,10.204986],[98.871187,10.185215],[98.877239,10.182377],[98.877732,10.178173],[98.888774,10.169318],[98.88893,10.160716],[98.883083,10.156485],[98.869674,10.154276],[98.868277,10.134618],[98.862166,10.133445],[98.858365,10.119651],[98.86428,10.120649],[98.862786,10.115753],[98.8659,10.109067],[98.862107,10.093517],[98.852606,10.082992],[98.85051,10.08606],[98.835559,10.065674],[98.838865,10.06313],[98.858533,10.060935],[98.863453,10.063889],[98.865042,10.06047],[98.868648,10.064025],[98.87853,10.061749],[98.881904,10.065175],[98.888304,10.060972],[98.892852,10.064687],[98.903053,10.054813],[98.900495,10.047234],[98.905771,10.03276],[98.90419,10.025983],[98.901307,10.026179],[98.88739,10.014291],[98.884592,10.005973],[98.864698,9.993388],[98.857795,9.997337],[98.855349,9.994518],[98.844357,9.993946],[98.841609,9.987803],[98.829553,9.977812],[98.83024,9.971769],[98.822318,9.958073],[98.824299,9.948846],[98.815203,9.937177],[98.80284,9.942591],[98.795295,9.940749],[98.780888,9.950992],[98.754152,9.931884],[98.752211,9.918428],[98.745382,9.91693],[98.735946,9.90482],[98.721828,9.894105],[98.71969,9.882174],[98.721485,9.867811],[98.703933,9.851097],[98.692898,9.833322],[98.682298,9.834643],[98.679218,9.82829],[98.663848,9.814543],[98.663797,9.808212],[98.65712,9.806076],[98.644263,9.790716],[98.64018,9.7924],[98.633035,9.789194],[98.629725,9.777867],[98.633419,9.7682],[98.626822,9.764818],[98.632396,9.75757],[98.634018,9.744656],[98.642181,9.73814],[98.63814,9.720429],[98.640586,9.716718],[98.639359,9.713349],[98.650486,9.700225],[98.64668,9.691651],[98.659642,9.684038],[98.659114,9.676751],[98.652895,9.667414],[98.646741,9.66352],[98.652971,9.658244],[98.653959,9.652809],[98.660136,9.655024],[98.672563,9.654183],[98.685496,9.64712],[98.688539,9.640593],[98.695608,9.639361],[98.69699,9.635365],[98.721681,9.628479],[98.729392,9.612845],[98.735994,9.610517],[98.738782,9.60074],[98.747308,9.606018],[98.750765,9.612998],[98.764747,9.626712],[98.768083,9.635017],[98.764629,9.646302],[98.767512,9.651792],[98.768307,9.686595],[98.778278,9.688719],[98.781928,9.692597],[98.788537,9.690747],[98.78765,9.685738],[98.791721,9.683668],[98.795808,9.688209],[98.804956,9.688465],[98.817375,9.701657],[98.82823,9.704113],[98.833363,9.699664],[98.838657,9.705643],[98.843768,9.703455],[98.853866,9.709366],[98.862133,9.718845],[98.864525,9.727334],[98.878816,9.730364],[98.895975,9.717674],[98.900408,9.717367],[98.909921,9.723247],[98.920765,9.705789],[98.936757,9.689174],[98.952228,9.679638],[98.961637,9.681236],[98.966789,9.676177],[98.978439,9.680127],[98.979346,9.672639],[98.982103,9.671058],[99.011294,9.699338],[99.019494,9.695214],[99.024496,9.698005],[99.034268,9.693411],[99.037865,9.702255],[99.046036,9.707014],[99.109654,9.705955],[99.113735,9.703615],[99.12854,9.703655],[99.134732,9.70851],[99.151519,9.695918],[99.156363,9.696777],[99.154054,9.698567],[99.159198,9.704187],[99.145788,9.742864],[99.138254,9.809086],[99.138885,9.82487],[99.144441,9.837972],[99.15444,9.848994],[99.162133,9.848125],[99.162719,9.857924],[99.16507,9.859197],[99.156741,9.898945],[99.158354,9.908526],[99.160543,9.908589],[99.160163,9.94443],[99.150007,9.974967],[99.149332,9.989015],[99.156543,10.008739],[99.164317,10.013789],[99.167786,10.008968],[99.174832,10.007375],[99.179354,10.015781],[99.178586,10.019834],[99.172802,10.023667],[99.173615,10.031185],[99.179977,10.031751],[99.181797,10.043449],[99.174116,10.040488],[99.167497,10.044562],[99.150997,10.071679],[99.156243,10.077395],[99.154321,10.088498],[99.148822,10.093593],[99.148181,10.125749],[99.15499,10.144314],[99.157355,10.143388],[99.163728,10.150773],[99.165967,10.148715],[99.170814,10.153458],[99.176766,10.175065],[99.182626,10.175679],[99.188331,10.198667],[99.191118,10.200938],[99.190691,10.210853],[99.196975,10.217426],[99.205478,10.215991],[99.206036,10.211423],[99.209266,10.212826],[99.212592,10.210163],[99.222276,10.217551],[99.224389,10.214552],[99.234121,10.223704],[99.240731,10.225786],[99.246563,10.236172],[99.238339,10.238244],[99.223067,10.226186],[99.219077,10.228851],[99.218093,10.238129],[99.212428,10.236609],[99.202816,10.251825],[99.207651,10.265535],[99.206094,10.270585],[99.201108,10.272372],[99.19727,10.267174],[99.190862,10.265075],[99.184648,10.269487],[99.188638,10.275448],[99.174181,10.275486],[99.161966,10.279339],[99.164319,10.281461],[99.149782,10.300905],[99.149797,10.321523],[99.153217,10.331325],[99.146308,10.341385],[99.148566,10.354027],[99.156468,10.357889],[99.162572,10.368466],[99.166029,10.36662],[99.183203,10.372741],[99.194489,10.372501],[99.193918,10.374256],[99.209903,10.373447],[99.216621,10.36561],[99.220309,10.364952],[99.220138,10.36683],[99.230293,10.356977],[99.231238,10.351428],[99.238172,10.343908],[99.248178,10.359939],[99.252947,10.362999],[99.262627,10.36295],[99.262274,10.357845],[99.271302,10.357396],[99.271238,10.352702],[99.277267,10.354727],[99.284987,10.3673],[99.279359,10.399046],[99.282829,10.403669],[99.283209,10.411676],[99.280665,10.410839],[99.276024,10.414819],[99.274736,10.423341],[99.266851,10.425247],[99.248559,10.443893],[99.236244,10.45245],[99.227689,10.471844],[99.227257,10.483159],[99.232324,10.495903],[99.238212,10.496429],[99.239325,10.493556],[99.258577,10.500347],[99.267325,10.515932],[99.26059,10.51317],[99.25923,10.509465],[99.258229,10.511842],[99.248884,10.505885],[99.244026,10.507169],[99.237182,10.521666],[99.239063,10.536312],[99.243118,10.541397],[99.25162,10.541294],[99.260937,10.536621],[99.263802,10.540142],[99.269573,10.539817],[99.27492,10.544232],[99.27758,10.553963],[99.274715,10.555754],[99.275002,10.570677],[99.283082,10.583552],[99.281142,10.60031],[99.284845,10.609814],[99.296308,10.618874],[99.300859,10.638172],[99.317804,10.668668],[99.334874,10.68199],[99.35267,10.682339],[99.358738,10.675914],[99.358225,10.665417],[99.36495,10.67102],[99.368075,10.678207],[99.364218,10.680321],[99.360817,10.678442],[99.358504,10.690057],[99.370951,10.707305],[99.379642,10.707998],[99.393516,10.744071],[99.398382,10.744498],[99.399834,10.750515],[99.403926,10.752019],[99.404775,10.757321],[99.407745,10.758395],[99.406099,10.759197],[99.410268,10.7642],[99.411502,10.762399],[99.413386,10.768699],[99.411372,10.770413],[99.423664,10.798236],[99.43206,10.826011],[99.432949,10.855817],[99.441978,10.872596],[99.462502,10.873706],[99.466214,10.871494],[99.47824,10.888262],[99.483885,10.889475],[99.490095,10.881819],[99.483528,10.882943],[99.493757,10.880425],[99.49981,10.865155],[99.496018,10.863213],[99.498214,10.861791],[99.505899,10.867772],[99.505382,10.872204],[99.509134,10.872417],[99.510095,10.879492],[99.507264,10.884154],[99.511495,10.891029],[99.518821,10.895923],[99.516571,10.902653],[99.509788,10.903985],[99.507486,10.913501],[99.510204,10.914965],[99.508322,10.917704],[99.502722,10.914703],[99.492827,10.93098],[99.488543,10.954563],[99.490749,10.975377],[99.496718,10.989351],[99.492468,10.987977],[99.485231,10.990801],[99.476937,10.989611],[99.472515,10.993131],[99.461651,10.989106],[99.439993,10.971197],[99.426663,10.970394],[99.407005,10.955626],[99.389512,10.959227],[99.378209,10.965107],[99.37515,10.972641],[99.369318,10.968798],[99.344797,10.975596],[99.3358,10.965658],[99.328,10.969257],[99.30328,10.966198],[99.28999,10.969395],[99.280987,10.958061],[99.274264,10.961684],[99.272831,10.965304],[99.261999,10.968037],[99.256946,10.965957],[99.255601,10.968473],[99.249112,10.968804],[99.245189,10.972334],[99.240841,10.971995],[99.240749,10.977679],[99.221063,10.983358],[99.215556,10.982381],[99.205654,10.989603],[99.20225,10.98593],[99.201463,10.990714],[99.198197,10.991449],[99.19938,10.996805],[99.193026,10.998046],[99.191069,10.996001],[99.185387,10.997659],[99.185732,10.995922],[99.181947,10.997104],[99.182334,10.999292],[99.180117,10.998293],[99.1803,11.001815],[99.174331,10.999823],[99.167343,11.003301],[99.165218,11.01049],[99.154298,11.012308],[99.152693,11.015254],[99.149763,11.013822],[99.146986,11.016388],[99.15075,11.020338],[99.150745,11.03345]]}},{"type":"Feature","properties":{"_gpxType":"trk","name":"สงขลา","desc":"Length: 634.6 km (394.3 mi)","coordinateProperties":{}},"geometry":{"type":"LineString","coordinates":[[100.327929,7.938187],[100.312244,7.936858],[100.306699,7.924102],[100.307462,7.914421],[100.295664,7.916094],[100.281061,7.913844],[100.266495,7.914219],[100.266838,7.906022],[100.260902,7.903031],[100.250714,7.893964],[100.242863,7.890286],[100.232539,7.882281],[100.221737,7.882608],[100.177567,7.876402],[100.195791,7.801877],[100.21764,7.784235],[100.216979,7.725382],[100.237169,7.538819],[100.257177,7.500767],[100.299051,7.498642],[100.355793,7.527706],[100.38538,7.505943],[100.384048,7.43606],[100.382527,7.425925],[100.386158,7.416395],[100.397658,7.403273],[100.401227,7.377908],[100.409863,7.350877],[100.4108,7.339318],[100.41775,7.323086],[100.427312,7.310315],[100.425724,7.28174],[100.409862,7.271995],[100.409,7.267229],[100.400632,7.263621],[100.393634,7.270582],[100.386743,7.274279],[100.38241,7.282203],[100.38357,7.291513],[100.378497,7.300989],[100.378964,7.312597],[100.377098,7.313684],[100.372712,7.305184],[100.368996,7.306458],[100.357818,7.300522],[100.356267,7.296041],[100.360955,7.281555],[100.359424,7.278646],[100.347684,7.278039],[100.341383,7.270921],[100.339223,7.262907],[100.34159,7.252086],[100.340441,7.249123],[100.334019,7.244265],[100.334409,7.241058],[100.316643,7.231822],[100.305565,7.209643],[100.301917,7.208108],[100.294133,7.211017],[100.281587,7.211073],[100.271612,7.208242],[100.268942,7.204318],[100.260751,7.200736],[100.259129,7.197977],[100.255663,7.197006],[100.249185,7.19933],[100.245594,7.194573],[100.241629,7.192852],[100.238341,7.194245],[100.223976,7.193845],[100.211041,7.186432],[100.208374,7.187644],[100.20679,7.185244],[100.199428,7.183703],[100.198912,7.18194],[100.194213,7.182343],[100.187273,7.17789],[100.174112,7.176039],[100.17076,7.17083],[100.170145,7.165756],[100.165355,7.163242],[100.167697,7.160929],[100.165473,7.159699],[100.165054,7.15657],[100.162703,7.157118],[100.160253,7.15276],[100.155745,7.149646],[100.149614,7.15255],[100.146446,7.150243],[100.136269,7.153931],[100.132466,7.160957],[100.126276,7.162601],[100.121174,7.167454],[100.111347,7.16707],[100.105791,7.163684],[100.105164,7.161546],[100.097832,7.156623],[100.095902,7.153218],[100.083286,7.148086],[100.075024,7.148816],[100.068101,7.141158],[100.062928,7.139615],[100.060521,7.128402],[100.065317,7.122677],[100.06464,7.117752],[100.066366,7.112203],[100.057247,7.109649],[100.054702,7.097411],[100.058292,7.089191],[100.062537,7.084602],[100.061065,7.069318],[100.063705,7.067344],[100.064325,7.059005],[100.073497,7.049817],[100.068535,7.048729],[100.072348,7.04517],[100.078422,7.044358],[100.079035,7.040789],[100.074407,7.035383],[100.070865,7.034418],[100.066742,7.035868],[100.064208,7.03315],[100.066364,7.028048],[100.063368,7.022711],[100.064885,7.015939],[100.079916,7.00448],[100.083383,6.994343],[100.079593,6.985626],[100.081002,6.981852],[100.078444,6.963765],[100.094794,6.96501],[100.099346,6.957597],[100.101403,6.949179],[100.105761,6.949095],[100.107257,6.945544],[100.116445,6.939948],[100.120297,6.935372],[100.121783,6.923616],[100.148744,6.923365],[100.157659,6.919099],[100.163176,6.914247],[100.177757,6.91208],[100.181785,6.913398],[100.188841,6.909877],[100.191263,6.911475],[100.194121,6.909897],[100.19491,6.90686],[100.198248,6.907785],[100.200962,6.899726],[100.207319,6.895581],[100.208498,6.888649],[100.211244,6.887546],[100.212115,6.884171],[100.218646,6.879154],[100.218797,6.872166],[100.220369,6.870983],[100.210534,6.856189],[100.210811,6.843781],[100.202052,6.839927],[100.195227,6.826508],[100.196268,6.814385],[100.191167,6.809813],[100.193572,6.806793],[100.19164,6.804292],[100.192484,6.799796],[100.195956,6.795369],[100.192417,6.792823],[100.197184,6.783711],[100.199472,6.783354],[100.199071,6.776806],[100.212616,6.769066],[100.213611,6.758065],[100.206669,6.749881],[100.206008,6.728519],[100.203876,6.725806],[100.207487,6.720436],[100.214209,6.719603],[100.215209,6.713358],[100.21821,6.709664],[100.217847,6.704682],[100.224504,6.697338],[100.229448,6.696021],[100.228172,6.694471],[100.232091,6.695217],[100.237477,6.692905],[100.242747,6.694072],[100.243552,6.696423],[100.24834,6.697489],[100.253433,6.705698],[100.252567,6.708162],[100.256482,6.70897],[100.257561,6.711117],[100.263469,6.702446],[100.263602,6.699401],[100.266097,6.699399],[100.269725,6.703178],[100.274113,6.704301],[100.275194,6.706553],[100.283232,6.708814],[100.285594,6.707908],[100.290133,6.710419],[100.29495,6.704987],[100.289942,6.692275],[100.294388,6.680365],[100.29778,6.678687],[100.301499,6.680192],[100.306137,6.669105],[100.30933,6.667101],[100.315607,6.667498],[100.318246,6.665172],[100.32698,6.664518],[100.325964,6.660483],[100.319602,6.653869],[100.321503,6.64325],[100.317634,6.64006],[100.317024,6.635634],[100.321117,6.635964],[100.325455,6.622605],[100.315665,6.613963],[100.306027,6.610781],[100.304135,6.605157],[100.307246,6.60591],[100.316658,6.603172],[100.320255,6.591837],[100.325163,6.588643],[100.325217,6.586587],[100.328684,6.584643],[100.334171,6.585433],[100.341837,6.57968],[100.3409,6.576351],[100.344835,6.57181],[100.350929,6.5733],[100.353645,6.568082],[100.353124,6.56183],[100.355288,6.561596],[100.359039,6.557196],[100.358167,6.554759],[100.360686,6.546262],[100.368565,6.539951],[100.372545,6.544928],[100.386133,6.539672],[100.387891,6.535686],[100.39623,6.534163],[100.401506,6.53683],[100.402195,6.530993],[100.407591,6.529484],[100.410941,6.523524],[100.415197,6.524181],[100.420154,6.518652],[100.424246,6.519071],[100.42972,6.524229],[100.432059,6.523265],[100.44007,6.527772],[100.453111,6.527511],[100.456616,6.531873],[100.459371,6.531982],[100.462164,6.526104],[100.467166,6.524344],[100.469449,6.521014],[100.473091,6.523426],[100.48208,6.524371],[100.485124,6.523125],[100.488915,6.525916],[100.495143,6.522586],[100.49591,6.519732],[100.493089,6.517388],[100.493336,6.509678],[100.502285,6.499845],[100.505825,6.499158],[100.507672,6.500935],[100.512054,6.492657],[100.51568,6.493513],[100.518618,6.489338],[100.524798,6.490487],[100.52577,6.488036],[100.532639,6.490288],[100.536725,6.487036],[100.542533,6.491515],[100.547876,6.485348],[100.553592,6.492078],[100.562405,6.496354],[100.565866,6.490978],[100.570798,6.487378],[100.572793,6.483108],[100.583977,6.478474],[100.589606,6.479388],[100.598441,6.475157],[100.602818,6.468933],[100.604947,6.472351],[100.608204,6.472323],[100.614318,6.465561],[100.614646,6.462111],[100.625616,6.457995],[100.646458,6.458384],[100.642985,6.449441],[100.650064,6.446104],[100.6513,6.443364],[100.653828,6.443201],[100.662479,6.451006],[100.684608,6.454016],[100.686695,6.46538],[100.696964,6.466296],[100.696903,6.470801],[100.709476,6.471508],[100.711973,6.481673],[100.719388,6.486465],[100.723455,6.495555],[100.728059,6.494997],[100.730652,6.497899],[100.729497,6.500793],[100.731729,6.502001],[100.729849,6.505412],[100.73319,6.506274],[100.734055,6.50991],[100.738323,6.510231],[100.743162,6.499443],[100.73857,6.490586],[100.742734,6.481942],[100.74362,6.470292],[100.752788,6.458377],[100.766829,6.45536],[100.770542,6.45678],[100.776095,6.463199],[100.781413,6.457529],[100.781457,6.454824],[100.788801,6.452832],[100.789108,6.450388],[100.806056,6.444544],[100.810567,6.444547],[100.814614,6.433547],[100.813831,6.430938],[100.816362,6.42721],[100.816272,6.423508],[100.821531,6.415202],[100.824123,6.404782],[100.821284,6.399832],[100.823887,6.380507],[100.820424,6.368793],[100.822024,6.366002],[100.822237,6.356151],[100.827667,6.352271],[100.828969,6.347282],[100.835502,6.338695],[100.840378,6.327607],[100.840254,6.322767],[100.849127,6.31496],[100.848524,6.310289],[100.842835,6.308189],[100.848403,6.289265],[100.862172,6.293867],[100.864725,6.297342],[100.86885,6.294716],[100.889911,6.296746],[100.892308,6.301031],[100.897398,6.30362],[100.911875,6.304622],[100.916289,6.317093],[100.923446,6.320745],[100.924435,6.319246],[100.928748,6.321964],[100.925709,6.322892],[100.923985,6.326479],[100.928641,6.327041],[100.925573,6.329023],[100.926467,6.331154],[100.924638,6.335985],[100.925806,6.34018],[100.922321,6.340742],[100.920106,6.343683],[100.919951,6.348634],[100.921508,6.349449],[100.919515,6.354963],[100.925305,6.355048],[100.927409,6.366667],[100.925482,6.368942],[100.926608,6.369952],[100.922664,6.372832],[100.922439,6.380846],[100.919813,6.381425],[100.921594,6.390011],[100.917816,6.391723],[100.918415,6.415403],[100.921598,6.425216],[100.932889,6.445189],[100.937746,6.443573],[100.949797,6.443556],[100.951941,6.446057],[100.95234,6.451684],[100.959241,6.45143],[100.964107,6.468731],[100.969299,6.466688],[100.97252,6.46817],[100.971734,6.475598],[100.975434,6.480495],[100.974451,6.483938],[100.977545,6.486428],[100.983641,6.484673],[100.997047,6.485629],[101.005066,6.483242],[101.015594,6.486896],[101.020397,6.481942],[101.038715,6.484855],[101.045911,6.489023],[101.042113,6.492729],[101.040026,6.512144],[101.036512,6.516211],[101.03849,6.522474],[101.043906,6.525189],[101.043218,6.541548],[101.069029,6.544224],[101.075666,6.553304],[101.080273,6.555261],[101.085049,6.574526],[101.081503,6.585207],[101.0844,6.605739],[101.089564,6.609044],[101.08853,6.613503],[101.098897,6.619508],[101.103927,6.628019],[101.108065,6.629102],[101.097991,6.638292],[101.088185,6.642551],[101.073731,6.641928],[101.071471,6.644339],[101.068973,6.644109],[101.060439,6.657052],[101.048947,6.663274],[101.05733,6.677717],[101.062985,6.682408],[101.073029,6.685865],[101.061547,6.690168],[101.063095,6.701444],[101.058787,6.707221],[101.058816,6.709671],[101.044758,6.716245],[101.043143,6.719887],[101.027113,6.721357],[101.019992,6.723803],[101.01903,6.726895],[101.023699,6.730272],[101.024327,6.733927],[101.031313,6.739132],[101.032571,6.745002],[101.028261,6.755599],[101.033283,6.760624],[101.028339,6.765921],[101.030489,6.782551],[101.033954,6.78292],[101.038296,6.78723],[101.038085,6.789066],[101.041221,6.791409],[101.038363,6.806308],[101.042623,6.830717],[101.049083,6.836096],[101.048672,6.838581],[101.044332,6.837752],[101.042866,6.841193],[101.04539,6.845284],[101.043461,6.847834],[101.049525,6.848242],[101.063411,6.853765],[101.063685,6.857486],[101.04276,6.854344],[101.020449,6.854543],[101.003789,6.85754],[100.982457,6.864736],[100.957333,6.8809],[100.95308,6.880206],[100.931625,6.892418],[100.907046,6.910146],[100.849058,6.962185],[100.846852,6.960379],[100.838328,6.960534],[100.833089,6.954035],[100.828623,6.951504],[100.810699,6.954895],[100.793902,6.963231],[100.770059,6.980841],[100.751902,6.998784],[100.690501,7.078009],[100.656269,7.128507],[100.622966,7.184229],[100.618698,7.183068],[100.596042,7.216766],[100.590321,7.215446],[100.587075,7.217204],[100.580204,7.231349],[100.58243,7.233766],[100.559798,7.252125],[100.556355,7.249875],[100.542695,7.259689],[100.51812,7.298392],[100.47975,7.378133],[100.463099,7.42097],[100.433119,7.518098],[100.377121,7.74766],[100.336909,7.931889],[100.335097,7.931903],[100.334397,7.935036],[100.327929,7.938187]]}},{"type":"Feature","properties":{"_gpxType":"trk","name":"สตูล","desc":"Length: 326.1 km (202.6 mi)","coordinateProperties":{}},"geometry":{"type":"LineString","coordinates":[[99.967611,7.165938],[99.961895,7.167561],[99.960527,7.170929],[99.960509,7.174491],[99.958043,7.177172],[99.959176,7.181368],[99.956139,7.188197],[99.956061,7.190876],[99.959096,7.194679],[99.959372,7.19797],[99.945137,7.19456],[99.929331,7.192154],[99.914011,7.190966],[99.901941,7.189052],[99.892418,7.18632],[99.888439,7.184355],[99.875324,7.171762],[99.870413,7.169832],[99.859358,7.168468],[99.855438,7.167078],[99.84507,7.159402],[99.835888,7.148048],[99.832068,7.139301],[99.830661,7.138312],[99.823941,7.137578],[99.820874,7.134912],[99.812113,7.133581],[99.798994,7.128571],[99.787982,7.139701],[99.786276,7.139966],[99.785803,7.139023],[99.787162,7.133192],[99.78596,7.1307],[99.783098,7.127887],[99.780357,7.128276],[99.777925,7.126966],[99.771438,7.125781],[99.767504,7.126172],[99.76018,7.124678],[99.754492,7.125589],[99.747036,7.129325],[99.740706,7.131329],[99.73361,7.130273],[99.733033,7.12771],[99.735831,7.120126],[99.733669,7.110079],[99.729307,7.11283],[99.725763,7.11255],[99.710533,7.10321],[99.709733,7.100351],[99.716081,7.090148],[99.710285,7.088509],[99.70865,7.080967],[99.701087,7.068862],[99.700567,7.066661],[99.69854,7.069001],[99.697946,7.072436],[99.698752,7.075986],[99.697279,7.078547],[99.695048,7.07873],[99.687921,7.064483],[99.680252,7.054156],[99.678965,7.050804],[99.677883,7.050961],[99.676344,7.053868],[99.674488,7.052696],[99.669771,7.045623],[99.668591,7.041879],[99.672384,7.033592],[99.672188,7.031511],[99.675677,7.021699],[99.6813,7.014303],[99.68421,7.014675],[99.682733,7.012414],[99.679777,7.010335],[99.673472,7.008266],[99.671408,7.005973],[99.670298,7.002365],[99.671269,6.995991],[99.677285,6.981047],[99.681225,6.975483],[99.685676,6.973212],[99.684839,6.972186],[99.682952,6.972961],[99.682409,6.971826],[99.683728,6.966607],[99.68208,6.965676],[99.682494,6.960429],[99.68388,6.959689],[99.686375,6.960501],[99.690426,6.966593],[99.692673,6.967732],[99.698227,6.96825],[99.700645,6.967041],[99.702224,6.967344],[99.703283,6.966662],[99.704528,6.958621],[99.703843,6.956958],[99.700436,6.95401],[99.692603,6.955755],[99.685736,6.951469],[99.681426,6.945898],[99.680709,6.940729],[99.682469,6.924441],[99.682355,6.912152],[99.683053,6.910874],[99.682129,6.907576],[99.680151,6.906877],[99.679406,6.901294],[99.677819,6.902267],[99.678465,6.898787],[99.679268,6.900027],[99.68049,6.899781],[99.681,6.898103],[99.684798,6.896679],[99.686419,6.893705],[99.690388,6.880467],[99.695442,6.871678],[99.697499,6.869806],[99.700094,6.870785],[99.701796,6.869712],[99.701401,6.871],[99.703109,6.871853],[99.704546,6.871015],[99.704848,6.872033],[99.709121,6.874666],[99.710357,6.874477],[99.71159,6.872689],[99.710199,6.871068],[99.708776,6.871117],[99.706881,6.86796],[99.70705,6.866659],[99.705705,6.863992],[99.702777,6.864169],[99.701066,6.860623],[99.703611,6.859213],[99.705536,6.859743],[99.706926,6.858435],[99.712673,6.86023],[99.716223,6.859755],[99.720376,6.861922],[99.721865,6.860619],[99.722076,6.855034],[99.73549,6.849748],[99.749384,6.841152],[99.750911,6.836728],[99.752317,6.83594],[99.753497,6.833243],[99.755197,6.83301],[99.755854,6.834628],[99.755161,6.836068],[99.756046,6.837785],[99.758781,6.838392],[99.761848,6.836827],[99.762843,6.83513],[99.766282,6.836417],[99.767835,6.836183],[99.769899,6.842089],[99.773315,6.842281],[99.783116,6.83379],[99.792377,6.82153],[99.797265,6.81331],[99.80145,6.801795],[99.79966,6.79924],[99.801602,6.797762],[99.803791,6.790383],[99.805279,6.776819],[99.808189,6.772479],[99.811389,6.770225],[99.820937,6.774767],[99.821051,6.773771],[99.828152,6.778789],[99.82661,6.776338],[99.832112,6.775914],[99.835812,6.778442],[99.840102,6.778946],[99.841558,6.761233],[99.841216,6.744853],[99.852343,6.744653],[99.856744,6.743149],[99.862802,6.735675],[99.869046,6.722441],[99.873568,6.719546],[99.876947,6.718883],[99.887674,6.720365],[99.900032,6.718141],[99.907015,6.718309],[99.908456,6.719181],[99.912881,6.711814],[99.911694,6.710013],[99.907575,6.708218],[99.906687,6.706659],[99.906875,6.70505],[99.908797,6.703183],[99.91304,6.702569],[99.915796,6.695992],[99.920388,6.690441],[99.921507,6.687582],[99.920981,6.682972],[99.917704,6.676957],[99.915804,6.665585],[99.916388,6.644326],[99.843586,6.593978],[99.84337,6.591231],[99.845337,6.584927],[99.855814,6.56903],[99.857843,6.567565],[99.954595,6.53848],[99.979976,6.557363],[100.005751,6.554961],[100.009514,6.556809],[100.017742,6.548658],[100.043206,6.527079],[100.045365,6.524416],[100.054785,6.518123],[100.062638,6.516819],[100.067947,6.523957],[100.068457,6.530461],[100.072365,6.541464],[100.075259,6.546676],[100.076917,6.553321],[100.07643,6.558472],[100.080014,6.559119],[100.080201,6.560656],[100.080989,6.560558],[100.08088,6.557263],[100.090333,6.549011],[100.095468,6.551248],[100.099987,6.551662],[100.100511,6.54707],[100.096516,6.54579],[100.09499,6.542374],[100.098801,6.52916],[100.098094,6.516612],[100.095893,6.517908],[100.092665,6.513548],[100.090767,6.503357],[100.088723,6.498718],[100.085174,6.498214],[100.084264,6.497345],[100.084709,6.494864],[100.087099,6.494283],[100.100322,6.497637],[100.1014,6.496677],[100.101694,6.489087],[100.104624,6.485044],[100.111011,6.467376],[100.111468,6.462877],[100.114645,6.457798],[100.113975,6.44916],[100.115707,6.446872],[100.116351,6.443934],[100.118018,6.442867],[100.118131,6.439285],[100.116569,6.436872],[100.116714,6.432358],[100.119835,6.422667],[100.123319,6.423148],[100.125283,6.425618],[100.128191,6.426644],[100.129381,6.427991],[100.13347,6.429329],[100.134821,6.433635],[100.134168,6.439855],[100.135989,6.44072],[100.135326,6.444151],[100.139828,6.448161],[100.141973,6.447919],[100.142651,6.449188],[100.144102,6.449687],[100.144333,6.451284],[100.147555,6.452882],[100.144877,6.460409],[100.145484,6.468692],[100.147181,6.468741],[100.150329,6.470813],[100.151467,6.47258],[100.150992,6.475988],[100.154094,6.478689],[100.154923,6.47796],[100.158567,6.479893],[100.156203,6.48361],[100.154448,6.483614],[100.154782,6.487165],[100.156322,6.486626],[100.159227,6.48728],[100.160307,6.490848],[100.159302,6.496525],[100.159932,6.497139],[100.160199,6.502681],[100.157999,6.507518],[100.158471,6.509864],[100.154267,6.522768],[100.155955,6.522794],[100.156874,6.524164],[100.156083,6.52599],[100.156178,6.530279],[100.155433,6.531243],[100.156537,6.532878],[100.15562,6.536038],[100.15551,6.541718],[100.153643,6.549245],[100.15304,6.556407],[100.154742,6.559847],[100.15797,6.561187],[100.1592,6.563189],[100.158446,6.568821],[100.159079,6.571582],[100.157165,6.575292],[100.155914,6.575531],[100.156433,6.579832],[100.157972,6.579467],[100.16286,6.575451],[100.162972,6.571945],[100.16498,6.570443],[100.166795,6.57094],[100.169197,6.574497],[100.17084,6.57481],[100.172974,6.572882],[100.174554,6.567562],[100.175208,6.567517],[100.1766,6.569968],[100.176901,6.5729],[100.179761,6.573882],[100.180254,6.572952],[100.183045,6.574118],[100.182599,6.576968],[100.183414,6.577499],[100.183291,6.580464],[100.181661,6.581979],[100.18077,6.587577],[100.177995,6.591573],[100.178124,6.595793],[100.180503,6.598223],[100.180058,6.601315],[100.177673,6.605036],[100.17572,6.604377],[100.169568,6.608322],[100.167972,6.622599],[100.166906,6.624954],[100.167816,6.627864],[100.165808,6.630609],[100.165878,6.631942],[100.168004,6.633544],[100.168768,6.641685],[100.167464,6.647915],[100.172302,6.651372],[100.174322,6.651019],[100.180619,6.655099],[100.177553,6.669017],[100.180348,6.674954],[100.178563,6.682724],[100.175267,6.683224],[100.171025,6.692012],[100.171544,6.694002],[100.178392,6.697416],[100.178704,6.700625],[100.185756,6.713858],[100.185656,6.717629],[100.195456,6.721553],[100.196227,6.722727],[100.198121,6.722581],[100.206008,6.728519],[100.206976,6.7335],[100.206669,6.749881],[100.213611,6.758065],[100.213986,6.759929],[100.212912,6.763312],[100.214108,6.765297],[100.212616,6.769066],[100.199071,6.776806],[100.199472,6.783354],[100.197184,6.783711],[100.197113,6.78491],[100.194114,6.787771],[100.192417,6.792823],[100.195956,6.795369],[100.192484,6.799796],[100.192763,6.802491],[100.19164,6.804292],[100.193145,6.804923],[100.193572,6.806793],[100.191167,6.809813],[100.196268,6.814385],[100.195227,6.826508],[100.197332,6.829673],[100.198579,6.835362],[100.202052,6.839927],[100.210811,6.843781],[100.210192,6.848889],[100.211438,6.854285],[100.210534,6.856189],[100.213077,6.861317],[100.214669,6.862244],[100.21732,6.865845],[100.217703,6.868736],[100.220369,6.870983],[100.218797,6.872166],[100.218646,6.879154],[100.217963,6.880191],[100.214816,6.881466],[100.212115,6.884171],[100.211244,6.887546],[100.208498,6.888649],[100.208586,6.892294],[100.207319,6.895581],[100.204542,6.898101],[100.200962,6.899726],[100.198248,6.907785],[100.196495,6.908042],[100.19491,6.90686],[100.194121,6.909897],[100.191263,6.911475],[100.188841,6.909877],[100.187832,6.911402],[100.181785,6.913398],[100.179098,6.913157],[100.177757,6.91208],[100.173048,6.913318],[100.167698,6.913169],[100.163176,6.914247],[100.157659,6.919099],[100.148744,6.923365],[100.142935,6.924041],[100.130064,6.922676],[100.121783,6.923616],[100.120297,6.935372],[100.116445,6.939948],[100.107257,6.945544],[100.105761,6.949095],[100.101403,6.949179],[100.099346,6.957597],[100.095769,6.962265],[100.094794,6.96501],[100.079293,6.963019],[100.078444,6.963765],[100.081112,6.978469],[100.081002,6.981852],[100.079593,6.985626],[100.083383,6.994343],[100.082698,6.999206],[100.080347,7.002245],[100.079916,7.00448],[100.073895,7.008207],[100.070949,7.011759],[100.064885,7.015939],[100.063476,7.019724],[100.063368,7.022711],[100.066364,7.028048],[100.066025,7.031418],[100.064208,7.03315],[100.066742,7.035868],[100.070865,7.034418],[100.074407,7.035383],[100.079035,7.040789],[100.079317,7.042283],[100.078422,7.044358],[100.075962,7.045737],[100.072348,7.04517],[100.068535,7.048729],[100.071767,7.048411],[100.073497,7.049817],[100.064325,7.059005],[100.064535,7.064955],[100.063705,7.067344],[100.061065,7.069318],[100.060794,7.072137],[100.06262,7.07925],[100.062537,7.084602],[100.058292,7.089191],[100.054702,7.097411],[100.057361,7.105145],[100.056879,7.107688],[100.052309,7.110629],[100.048879,7.107755],[100.039824,7.109216],[100.037807,7.108167],[100.037147,7.101156],[100.034265,7.100346],[100.029176,7.090972],[100.027949,7.090322],[100.026128,7.092167],[100.026831,7.10028],[100.024401,7.104114],[100.021722,7.104562],[100.018466,7.106697],[100.00682,7.111066],[100.00442,7.110746],[99.99503,7.11794],[99.990496,7.12453],[99.985023,7.138132],[99.980324,7.14172],[99.979568,7.145133],[99.976063,7.145585],[99.971423,7.15037],[99.970885,7.154382],[99.97159,7.156704],[99.969347,7.161326],[99.968533,7.165833],[99.967611,7.165938]]}},{"type":"Feature","properties":{"_gpxType":"trk","name":"สตูล1","desc":"Length: 82.58 km (51.32 mi)","coordinateProperties":{}},"geometry":{"type":"LineString","coordinates":[[99.648715,6.737034],[99.648542,6.737899],[99.646819,6.74043],[99.645208,6.740513],[99.641544,6.738972],[99.641333,6.738668],[99.641708,6.737102],[99.640192,6.736862],[99.63964,6.736148],[99.639284,6.733466],[99.63956,6.728249],[99.640015,6.727458],[99.639949,6.726581],[99.639353,6.725672],[99.63916,6.723521],[99.639771,6.722215],[99.639221,6.721303],[99.639611,6.720505],[99.641563,6.720524],[99.641999,6.719976],[99.641678,6.719],[99.640998,6.718776],[99.640958,6.71791],[99.641895,6.716883],[99.642064,6.715462],[99.642523,6.715179],[99.643177,6.713937],[99.643,6.711408],[99.642352,6.709742],[99.641424,6.709417],[99.641078,6.708264],[99.640575,6.708134],[99.640629,6.706731],[99.640274,6.705745],[99.64083,6.705112],[99.642081,6.705276],[99.644342,6.704177],[99.644378,6.700389],[99.642681,6.692402],[99.641462,6.690843],[99.64132,6.689954],[99.641638,6.68873],[99.641111,6.68443],[99.639866,6.679525],[99.639825,6.678259],[99.639173,6.676306],[99.638549,6.677137],[99.637291,6.676428],[99.636359,6.675348],[99.636493,6.675005],[99.637425,6.674478],[99.637505,6.673763],[99.636016,6.67089],[99.635142,6.670274],[99.634242,6.670387],[99.633629,6.670766],[99.632189,6.670649],[99.631142,6.66942],[99.630623,6.667912],[99.630097,6.667971],[99.62901,6.669385],[99.628496,6.669277],[99.628368,6.668749],[99.628693,6.668106],[99.628535,6.667588],[99.627919,6.667223],[99.627812,6.664555],[99.627268,6.66362],[99.626573,6.663049],[99.625028,6.66254],[99.623763,6.662492],[99.62286,6.663079],[99.619255,6.664177],[99.618763,6.664919],[99.618255,6.664478],[99.618158,6.663945],[99.61767,6.663435],[99.618226,6.662771],[99.617686,6.661845],[99.616201,6.661201],[99.614943,6.661063],[99.614004,6.66057],[99.614244,6.651216],[99.616242,6.647834],[99.617211,6.647014],[99.618561,6.646536],[99.618638,6.645849],[99.6176,6.644628],[99.617626,6.64318],[99.617303,6.641768],[99.617351,6.639392],[99.616177,6.634103],[99.613516,6.62452],[99.61247,6.618464],[99.611947,6.617526],[99.610509,6.616482],[99.610595,6.615762],[99.609949,6.615569],[99.608707,6.614259],[99.607592,6.614668],[99.605614,6.614475],[99.604761,6.615132],[99.604066,6.614951],[99.602945,6.613546],[99.60135,6.612709],[99.600112,6.612524],[99.599589,6.612021],[99.598692,6.609892],[99.598763,6.609202],[99.597943,6.608497],[99.597244,6.60685],[99.597456,6.605974],[99.597009,6.605025],[99.596207,6.604638],[99.595695,6.602371],[99.595885,6.600037],[99.595526,6.598083],[99.596718,6.595865],[99.59668,6.594253],[99.597636,6.592333],[99.599198,6.590853],[99.600086,6.589279],[99.600509,6.587893],[99.603014,6.583314],[99.605451,6.580903],[99.60584,6.580083],[99.606585,6.579592],[99.607845,6.577402],[99.609444,6.575689],[99.609965,6.575549],[99.611251,6.573828],[99.611646,6.571905],[99.611439,6.570848],[99.611814,6.570454],[99.61185,6.569369],[99.61334,6.567516],[99.6139,6.566398],[99.615548,6.565681],[99.616463,6.564821],[99.618437,6.564652],[99.620303,6.565156],[99.621204,6.566045],[99.62208,6.56627],[99.623134,6.567234],[99.623977,6.567024],[99.624978,6.565516],[99.626427,6.564449],[99.627282,6.56329],[99.628328,6.56002],[99.629602,6.559029],[99.63061,6.557104],[99.631684,6.555905],[99.631606,6.555182],[99.632012,6.554383],[99.633301,6.553388],[99.634531,6.55308],[99.635531,6.552046],[99.636491,6.549712],[99.6379,6.548588],[99.639148,6.546837],[99.639763,6.539457],[99.638725,6.536388],[99.640239,6.5344],[99.64035,6.533317],[99.641065,6.532801],[99.64213,6.52996],[99.6426,6.526261],[99.642847,6.525987],[99.642893,6.524577],[99.643516,6.524226],[99.64395,6.52235],[99.644373,6.522012],[99.644071,6.521199],[99.644446,6.518927],[99.646225,6.516225],[99.647193,6.515423],[99.647894,6.515238],[99.648658,6.514476],[99.649551,6.512108],[99.649408,6.510338],[99.650211,6.508719],[99.650274,6.507995],[99.65266,6.504456],[99.654074,6.503332],[99.655079,6.504098],[99.658831,6.503878],[99.659377,6.504584],[99.660912,6.505139],[99.661903,6.508022],[99.663811,6.51065],[99.664796,6.513557],[99.665429,6.514182],[99.666879,6.514195],[99.668865,6.513343],[99.671924,6.513077],[99.672308,6.512687],[99.672346,6.512124],[99.67284,6.511985],[99.673367,6.512456],[99.67307,6.513686],[99.671629,6.515292],[99.670729,6.515249],[99.669457,6.516945],[99.668994,6.517199],[99.66938,6.517981],[99.669376,6.518876],[99.668717,6.519422],[99.668733,6.520815],[99.669283,6.522473],[99.669952,6.52244],[99.670739,6.521802],[99.670947,6.521303],[99.671299,6.521283],[99.671633,6.522235],[99.67096,6.522807],[99.67073,6.523468],[99.66967,6.523672],[99.669221,6.524218],[99.668726,6.524045],[99.668421,6.523382],[99.667958,6.523358],[99.668579,6.524421],[99.668084,6.525068],[99.668407,6.525509],[99.667938,6.527585],[99.667562,6.527975],[99.666402,6.531359],[99.666601,6.531666],[99.667279,6.531807],[99.667587,6.532656],[99.66793,6.532656],[99.669974,6.530669],[99.670486,6.530762],[99.671822,6.534311],[99.673905,6.537025],[99.674146,6.538072],[99.676181,6.539541],[99.677067,6.539441],[99.678841,6.537074],[99.678924,6.536546],[99.679843,6.535504],[99.680496,6.535755],[99.681114,6.53664],[99.683164,6.537169],[99.684576,6.536879],[99.685303,6.534013],[99.686173,6.533778],[99.686505,6.533372],[99.68711,6.533348],[99.687366,6.533841],[99.687573,6.533616],[99.687444,6.531815],[99.68804,6.531136],[99.689507,6.530649],[99.689578,6.530324],[99.690087,6.530173],[99.688972,6.529851],[99.689334,6.529523],[99.690946,6.529666],[99.691513,6.530351],[99.692323,6.530036],[99.692522,6.529574],[99.693174,6.529812],[99.693174,6.531078],[99.693645,6.531612],[99.693535,6.532141],[99.69231,6.532777],[99.691398,6.532791],[99.69156,6.533618],[99.691328,6.533911],[99.691825,6.536094],[99.692702,6.536177],[99.693967,6.537671],[99.693969,6.538034],[99.693304,6.538303],[99.693051,6.538961],[99.692372,6.539192],[99.693446,6.539974],[99.69366,6.541291],[99.693283,6.541655],[99.693358,6.542012],[99.695195,6.5431],[99.6961,6.543134],[99.697042,6.542652],[99.697363,6.54276],[99.697888,6.543717],[99.698166,6.545296],[99.698036,6.546367],[99.698366,6.547587],[99.698372,6.551116],[99.698094,6.552698],[99.698233,6.554845],[99.697914,6.555271],[99.698168,6.55681],[99.697282,6.558114],[99.696922,6.558064],[99.696664,6.557143],[99.695692,6.557568],[99.694306,6.55743],[99.694218,6.557732],[99.694656,6.558045],[99.693223,6.55902],[99.693096,6.559732],[99.692428,6.559881],[99.692652,6.561116],[99.69317,6.561284],[99.69303,6.561745],[99.692502,6.561856],[99.692295,6.562305],[99.692771,6.562117],[99.693366,6.562435],[99.693044,6.564186],[99.692373,6.564406],[99.692359,6.565449],[99.691696,6.566048],[99.691524,6.566732],[99.690757,6.567126],[99.6909,6.568177],[99.690673,6.56978],[99.691705,6.572576],[99.692624,6.572537],[99.693235,6.572218],[99.69373,6.572418],[99.69451,6.574607],[99.694231,6.575057],[99.69286,6.575],[99.692701,6.576013],[99.693521,6.576714],[99.694403,6.576806],[99.694715,6.578364],[99.694571,6.581249],[99.695027,6.582024],[99.695021,6.58275],[99.695347,6.583369],[99.694864,6.585271],[99.694975,6.585975],[99.694385,6.588026],[99.694507,6.588742],[99.694066,6.589926],[99.694195,6.5939],[99.693655,6.594807],[99.692985,6.595061],[99.691642,6.596458],[99.69143,6.597522],[99.692763,6.597192],[99.693434,6.59776],[99.693479,6.598659],[99.692737,6.599639],[99.693662,6.600922],[99.692196,6.602719],[99.692498,6.603927],[99.692347,6.605365],[99.691189,6.608383],[99.690828,6.608406],[99.690524,6.607983],[99.690396,6.606363],[99.689857,6.60543],[99.688968,6.604801],[99.687752,6.602458],[99.687299,6.602692],[99.687646,6.603313],[99.686916,6.606631],[99.686571,6.606706],[99.685777,6.605992],[99.685509,6.6062],[99.686385,6.607711],[99.685153,6.607703],[99.682573,6.610708],[99.680689,6.614983],[99.678741,6.616416],[99.678217,6.615951],[99.677821,6.616716],[99.678005,6.617199],[99.678701,6.617316],[99.678408,6.61791],[99.678543,6.618428],[99.679398,6.619001],[99.67882,6.620075],[99.679205,6.622019],[99.679086,6.62328],[99.678318,6.624006],[99.67782,6.625334],[99.677829,6.626233],[99.67754,6.626685],[99.677898,6.627706],[99.677843,6.629501],[99.677399,6.630662],[99.676954,6.630868],[99.678031,6.631023],[99.677739,6.63199],[99.677903,6.632322],[99.680633,6.633205],[99.680739,6.633729],[99.680377,6.635115],[99.680498,6.636367],[99.679958,6.637081],[99.680282,6.63844],[99.680135,6.639673],[99.680616,6.640191],[99.681338,6.640201],[99.683799,6.639161],[99.684112,6.63932],[99.684149,6.640378],[99.682964,6.641487],[99.681546,6.642284],[99.681363,6.642797],[99.681893,6.643252],[99.683122,6.64345],[99.683665,6.644387],[99.684247,6.644737],[99.684022,6.645387],[99.684267,6.646763],[99.683333,6.64754],[99.682545,6.648744],[99.681964,6.649164],[99.681884,6.649698],[99.68339,6.650165],[99.683664,6.651024],[99.683608,6.652291],[99.68413,6.653024],[99.684206,6.656454],[99.684998,6.659569],[99.684574,6.660365],[99.684533,6.66199],[99.684175,6.662387],[99.683995,6.665076],[99.684179,6.666556],[99.683666,6.666723],[99.683505,6.669956],[99.6824,6.673588],[99.682187,6.677009],[99.682416,6.677885],[99.682225,6.678766],[99.682417,6.679025],[99.683049,6.679038],[99.683044,6.680114],[99.683559,6.68086],[99.683579,6.681574],[99.682911,6.683242],[99.682971,6.68483],[99.684021,6.685016],[99.68336,6.686456],[99.682285,6.687111],[99.680892,6.689633],[99.679679,6.691193],[99.679333,6.691157],[99.679044,6.690102],[99.678589,6.690204],[99.677832,6.692223],[99.678084,6.694168],[99.678802,6.693788],[99.678286,6.694905],[99.677079,6.695693],[99.676788,6.696489],[99.677826,6.696307],[99.678221,6.696692],[99.678234,6.697402],[99.677049,6.699208],[99.676682,6.700361],[99.676873,6.701887],[99.676188,6.70183],[99.675915,6.702062],[99.675316,6.701934],[99.675052,6.699981],[99.67468,6.699614],[99.673996,6.699709],[99.672556,6.701285],[99.671579,6.698918],[99.6718,6.697122],[99.671592,6.69689],[99.670888,6.697844],[99.669413,6.697269],[99.668764,6.698087],[99.668535,6.699328],[99.668177,6.699743],[99.667653,6.699823],[99.667313,6.700244],[99.667351,6.701504],[99.666455,6.702021],[99.664676,6.703786],[99.665034,6.70662],[99.664473,6.707947],[99.664524,6.708855],[99.663841,6.709396],[99.663579,6.710063],[99.663951,6.712932],[99.66333,6.714386],[99.662952,6.717066],[99.66069,6.718276],[99.659886,6.71719],[99.659857,6.719362],[99.658892,6.720661],[99.656144,6.728847],[99.654979,6.729683],[99.654229,6.7307],[99.653436,6.732684],[99.651782,6.733373],[99.649769,6.734911],[99.648717,6.736135],[99.648715,6.737034]]}},{"type":"Feature","properties":{"_gpxType":"trk","name":"ตรัง","desc":"Length: 399.1 km (248 mi)","coordinateProperties":{}},"geometry":{"type":"LineString","coordinates":[[99.65877,8.011175],[99.656308,8.012811],[99.654875,8.011107],[99.652207,8.011958],[99.65229,8.010715],[99.645646,8.01074],[99.644757,8.011915],[99.636203,8.008567],[99.634179,8.010295],[99.630667,8.009282],[99.626399,8.004828],[99.626984,8.003871],[99.623897,8.002862],[99.623293,7.999468],[99.618708,7.993793],[99.617442,7.994216],[99.618331,7.991739],[99.616406,7.990309],[99.614128,7.991924],[99.612695,7.989345],[99.604119,7.987854],[99.607663,7.982771],[99.607249,7.98086],[99.603794,7.981075],[99.599625,7.973481],[99.600408,7.97089],[99.598064,7.971016],[99.598608,7.966703],[99.593518,7.965789],[99.595779,7.965378],[99.597684,7.96065],[99.585684,7.959556],[99.58507,7.954243],[99.58611,7.95312],[99.582038,7.952049],[99.583759,7.949315],[99.582319,7.949491],[99.581833,7.948098],[99.577303,7.947223],[99.572098,7.948908],[99.568655,7.942098],[99.569605,7.941158],[99.56871,7.938933],[99.565669,7.93791],[99.563425,7.939581],[99.562103,7.935811],[99.565221,7.93433],[99.563106,7.932689],[99.563566,7.927291],[99.556672,7.92054],[99.555093,7.923082],[99.551578,7.920614],[99.548872,7.921009],[99.543886,7.913561],[99.542329,7.914043],[99.543111,7.909558],[99.54161,7.904997],[99.535887,7.900386],[99.537228,7.898844],[99.534702,7.893858],[99.538324,7.891365],[99.536066,7.889581],[99.535453,7.886349],[99.539995,7.885956],[99.533509,7.881181],[99.515125,7.878542],[99.509601,7.88437],[99.502929,7.886405],[99.498288,7.885314],[99.495964,7.88222],[99.493781,7.882544],[99.489609,7.887084],[99.484963,7.882233],[99.481585,7.881058],[99.478927,7.88237],[99.475623,7.888788],[99.47147,7.904755],[99.462936,7.899135],[99.458074,7.891941],[99.454516,7.889309],[99.446686,7.887476],[99.443623,7.881288],[99.438073,7.878696],[99.43512,7.874116],[99.422321,7.866276],[99.420229,7.866363],[99.419041,7.909404],[99.423322,7.925995],[99.40163,7.923337],[99.398355,7.921337],[99.391455,7.92536],[99.390308,7.928401],[99.376127,7.943054],[99.369172,7.946384],[99.364229,7.944272],[99.363917,7.936764],[99.350801,7.931644],[99.33367,7.928565],[99.333693,7.902712],[99.330999,7.892834],[99.332068,7.882721],[99.32191,7.871553],[99.31141,7.865891],[99.301773,7.865612],[99.297371,7.861973],[99.290174,7.861869],[99.279649,7.853798],[99.278396,7.848559],[99.282303,7.840844],[99.288768,7.835942],[99.289105,7.83137],[99.294022,7.825102],[99.293318,7.81974],[99.287286,7.817882],[99.28736,7.810663],[99.299735,7.810594],[99.303261,7.809159],[99.299618,7.792417],[99.300951,7.789576],[99.287897,7.774549],[99.287507,7.770848],[99.289398,7.765302],[99.288469,7.762791],[99.291639,7.760017],[99.296938,7.758922],[99.300076,7.756007],[99.305947,7.75563],[99.307605,7.740306],[99.310743,7.736621],[99.312098,7.727571],[99.308233,7.720737],[99.310256,7.71142],[99.307728,7.70135],[99.298689,7.691512],[99.297849,7.688432],[99.296345,7.688443],[99.295719,7.690423],[99.291793,7.689707],[99.290666,7.687274],[99.286705,7.687899],[99.285187,7.685688],[99.286256,7.680551],[99.275906,7.680114],[99.261859,7.662502],[99.262712,7.659521],[99.259287,7.652641],[99.254713,7.650623],[99.251223,7.639157],[99.254359,7.628855],[99.256682,7.626507],[99.251954,7.630617],[99.245057,7.631131],[99.238628,7.633781],[99.235414,7.632276],[99.232686,7.632946],[99.232715,7.630687],[99.235859,7.627049],[99.240948,7.627771],[99.246805,7.625892],[99.251068,7.621229],[99.257113,7.619794],[99.26128,7.616704],[99.265056,7.623104],[99.269806,7.621575],[99.275139,7.633533],[99.276775,7.633776],[99.278257,7.63202],[99.277037,7.628786],[99.280539,7.620091],[99.283043,7.618984],[99.280433,7.615846],[99.27805,7.601165],[99.291341,7.579471],[99.289936,7.577003],[99.291913,7.574546],[99.293248,7.574987],[99.299265,7.569346],[99.294139,7.562956],[99.29406,7.560651],[99.309355,7.543483],[99.312222,7.537694],[99.307814,7.535309],[99.307338,7.52588],[99.304328,7.521263],[99.304353,7.518947],[99.300214,7.517372],[99.29678,7.520055],[99.296004,7.522519],[99.293502,7.522187],[99.29435,7.519477],[99.296449,7.5186],[99.297547,7.515498],[99.293398,7.513556],[99.291405,7.518524],[99.287801,7.521989],[99.283455,7.517185],[99.290453,7.506175],[99.289876,7.503968],[99.296076,7.497586],[99.297499,7.502539],[99.300449,7.503998],[99.301602,7.507443],[99.30937,7.512824],[99.313356,7.512601],[99.311045,7.510572],[99.310941,7.507379],[99.318294,7.504069],[99.325563,7.497232],[99.330889,7.485685],[99.332064,7.47548],[99.33781,7.462776],[99.343504,7.444062],[99.346029,7.441003],[99.344074,7.436599],[99.345631,7.426262],[99.343903,7.413355],[99.340434,7.413902],[99.33635,7.410903],[99.337915,7.409409],[99.345141,7.412303],[99.348139,7.406891],[99.347038,7.401625],[99.33614,7.381468],[99.338463,7.37722],[99.346539,7.370859],[99.354088,7.361727],[99.36123,7.357643],[99.359869,7.354422],[99.361333,7.350484],[99.368345,7.342633],[99.367887,7.341613],[99.370788,7.339173],[99.373481,7.341592],[99.389506,7.319819],[99.394605,7.307347],[99.396701,7.307148],[99.399026,7.304247],[99.402323,7.30677],[99.400998,7.311218],[99.403618,7.317806],[99.408606,7.315853],[99.413127,7.315874],[99.41555,7.314252],[99.412836,7.314207],[99.418565,7.304247],[99.418515,7.305293],[99.424915,7.302359],[99.424331,7.303433],[99.433197,7.297783],[99.43364,7.298574],[99.438792,7.294793],[99.440501,7.295509],[99.447562,7.292918],[99.450509,7.294043],[99.454686,7.290099],[99.46161,7.288807],[99.5112,7.256497],[99.521132,7.251868],[99.522087,7.247771],[99.539714,7.231243],[99.54467,7.22306],[99.557714,7.20747],[99.566878,7.189185],[99.577038,7.162639],[99.57733,7.157098],[99.58527,7.146639],[99.59137,7.151194],[99.595173,7.157042],[99.597561,7.157785],[99.598437,7.15569],[99.600339,7.155772],[99.601308,7.153509],[99.599787,7.145528],[99.601764,7.14377],[99.599637,7.138995],[99.602194,7.136885],[99.614618,7.138993],[99.636108,7.16145],[99.638043,7.165843],[99.643506,7.1681],[99.645318,7.166686],[99.648144,7.168357],[99.65074,7.16775],[99.659879,7.160667],[99.660746,7.156493],[99.665167,7.149721],[99.664456,7.147757],[99.668711,7.136158],[99.670379,7.124824],[99.66548,7.115985],[99.668045,7.113777],[99.669918,7.117424],[99.673412,7.117376],[99.674236,7.119017],[99.67736,7.119411],[99.680413,7.122788],[99.693406,7.126772],[99.696515,7.130894],[99.700861,7.13247],[99.711942,7.131085],[99.714062,7.133994],[99.715899,7.131084],[99.721878,7.128252],[99.72908,7.130625],[99.731284,7.132913],[99.734259,7.132534],[99.735109,7.130834],[99.740706,7.131329],[99.754492,7.125589],[99.76018,7.124678],[99.783098,7.127887],[99.787162,7.133192],[99.786276,7.139966],[99.787982,7.139701],[99.798994,7.128571],[99.812113,7.133581],[99.820874,7.134912],[99.823941,7.137578],[99.832068,7.139301],[99.835888,7.148048],[99.84507,7.159402],[99.855438,7.167078],[99.875324,7.171762],[99.888439,7.184355],[99.901941,7.189052],[99.945137,7.19456],[99.959284,7.198005],[99.94904,7.20298],[99.946168,7.211314],[99.94789,7.215878],[99.940227,7.231665],[99.937822,7.233278],[99.938222,7.236057],[99.933963,7.239806],[99.932915,7.246786],[99.937181,7.255336],[99.939325,7.255639],[99.942245,7.258655],[99.943813,7.263399],[99.946083,7.265148],[99.945839,7.26862],[99.943342,7.272172],[99.940324,7.281687],[99.940434,7.295888],[99.937877,7.307029],[99.939012,7.317092],[99.937223,7.318415],[99.921741,7.318487],[99.911145,7.32274],[99.90561,7.327721],[99.903012,7.335228],[99.904486,7.340175],[99.902301,7.343446],[99.905045,7.351431],[99.902766,7.356484],[99.898673,7.358617],[99.895121,7.365432],[99.902093,7.37761],[99.901779,7.388169],[99.887886,7.406219],[99.885154,7.413017],[99.87733,7.418235],[99.877276,7.42215],[99.872681,7.425018],[99.871009,7.432078],[99.865411,7.439074],[99.861477,7.44073],[99.861712,7.443872],[99.859944,7.447003],[99.861195,7.450905],[99.855938,7.461508],[99.848739,7.464876],[99.847463,7.470248],[99.849852,7.473096],[99.849052,7.475047],[99.853327,7.479214],[99.852326,7.483122],[99.840338,7.499123],[99.83374,7.501744],[99.833262,7.503974],[99.823587,7.508119],[99.820187,7.512435],[99.82076,7.51851],[99.819003,7.5218],[99.823711,7.52255],[99.827271,7.526084],[99.829433,7.533387],[99.836305,7.54022],[99.836189,7.546845],[99.823035,7.556317],[99.812184,7.57352],[99.807041,7.576754],[99.798906,7.585187],[99.797051,7.589936],[99.800735,7.597776],[99.80015,7.602413],[99.802577,7.609146],[99.806267,7.613177],[99.806776,7.620206],[99.809986,7.621593],[99.797841,7.630003],[99.797388,7.636115],[99.78509,7.64405],[99.792647,7.645927],[99.807888,7.645471],[99.807907,7.648636],[99.813397,7.649585],[99.817363,7.658385],[99.816844,7.664933],[99.819095,7.669488],[99.816701,7.674733],[99.81795,7.679257],[99.806044,7.684208],[99.800504,7.688827],[99.79761,7.697226],[99.788987,7.699781],[99.788021,7.701465],[99.788807,7.707843],[99.785893,7.713745],[99.788722,7.717575],[99.785247,7.72625],[99.783813,7.735403],[99.788258,7.743292],[99.782468,7.748274],[99.78254,7.751762],[99.780258,7.754726],[99.782688,7.756555],[99.783705,7.759886],[99.776512,7.761326],[99.77403,7.765775],[99.767143,7.768667],[99.769288,7.773132],[99.765558,7.777934],[99.766542,7.781059],[99.770815,7.783757],[99.770731,7.789032],[99.766799,7.795815],[99.763585,7.797555],[99.763741,7.799744],[99.759163,7.802344],[99.757593,7.806508],[99.757811,7.814802],[99.755666,7.822282],[99.751838,7.82485],[99.751367,7.832105],[99.746887,7.838359],[99.737228,7.839379],[99.73905,7.841064],[99.732351,7.849292],[99.733566,7.854899],[99.736965,7.85713],[99.737586,7.861278],[99.735483,7.863414],[99.734998,7.866432],[99.739607,7.877474],[99.737442,7.878561],[99.732359,7.887851],[99.733912,7.896666],[99.732805,7.901953],[99.735074,7.912024],[99.743342,7.929163],[99.743128,7.932702],[99.734939,7.944374],[99.735503,7.947018],[99.740974,7.95227],[99.746562,7.967376],[99.743278,7.967456],[99.746138,7.97108],[99.749147,7.96902],[99.751686,7.969851],[99.753673,7.979235],[99.757612,7.982934],[99.757824,7.986666],[99.751044,7.986972],[99.74838,7.982757],[99.746306,7.98367],[99.746756,8.002418],[99.744563,8.002381],[99.742296,8.006674],[99.734428,8.003939],[99.729958,8.000669],[99.71291,7.99325],[99.704987,7.992693],[99.698968,7.994515],[99.694171,7.998851],[99.690903,7.998331],[99.685799,8.001102],[99.684535,8.000337],[99.678773,8.003885],[99.67518,8.004113],[99.676245,8.006507],[99.673421,8.006965],[99.672869,8.008465],[99.671772,8.006451],[99.670986,8.008731],[99.667185,8.006959],[99.665404,8.008986],[99.663925,8.008468],[99.661378,8.011524],[99.65877,8.011175]]}},{"type":"Feature","properties":{"_gpxType":"trk","name":"พัทลุง","desc":"Length: 335.3 km (208.3 mi)","coordinateProperties":{}},"geometry":{"type":"LineString","coordinates":[[99.960806,7.889264],[99.953158,7.897571],[99.94905,7.892665],[99.94767,7.889227],[99.946331,7.888754],[99.94767,7.886739],[99.946783,7.885265],[99.942598,7.885096],[99.94137,7.881829],[99.941945,7.880658],[99.94085,7.878471],[99.938132,7.877698],[99.934768,7.878077],[99.930897,7.875658],[99.928069,7.872646],[99.92559,7.872899],[99.921778,7.871475],[99.920124,7.87182],[99.918069,7.87023],[99.916377,7.869965],[99.911217,7.872128],[99.901914,7.88091],[99.886192,7.888906],[99.882606,7.892451],[99.874149,7.890041],[99.871814,7.888578],[99.870255,7.888589],[99.869433,7.8873],[99.864582,7.887584],[99.861694,7.886569],[99.860817,7.888446],[99.859077,7.889029],[99.850861,7.888246],[99.84867,7.889926],[99.846389,7.889717],[99.844532,7.890949],[99.842032,7.891327],[99.837816,7.8884],[99.83708,7.886039],[99.835072,7.885596],[99.831214,7.886399],[99.828333,7.88513],[99.822222,7.887943],[99.821822,7.886284],[99.819323,7.884821],[99.815707,7.886356],[99.81365,7.889757],[99.81229,7.890286],[99.809029,7.888499],[99.806101,7.890858],[99.803245,7.88807],[99.803811,7.886101],[99.800689,7.884936],[99.798989,7.882822],[99.79794,7.878559],[99.79998,7.877555],[99.799497,7.876138],[99.797469,7.876091],[99.795448,7.874086],[99.795582,7.872266],[99.794384,7.870884],[99.794167,7.868673],[99.792498,7.866956],[99.792511,7.864837],[99.787155,7.861955],[99.78603,7.862384],[99.78401,7.86041],[99.783298,7.857485],[99.77983,7.857391],[99.777731,7.858771],[99.775393,7.857351],[99.774091,7.857995],[99.77219,7.857351],[99.763267,7.860729],[99.75979,7.859092],[99.757222,7.859093],[99.754754,7.857863],[99.753088,7.858728],[99.749645,7.855383],[99.747693,7.856585],[99.74781,7.85848],[99.746803,7.859577],[99.743585,7.859201],[99.741165,7.857123],[99.738334,7.857528],[99.737826,7.85879],[99.738695,7.860803],[99.737586,7.861278],[99.736965,7.85713],[99.733566,7.854899],[99.732351,7.849292],[99.73905,7.841064],[99.737228,7.839379],[99.74114,7.838172],[99.746887,7.838359],[99.749474,7.835923],[99.751367,7.832105],[99.751838,7.82485],[99.755666,7.822282],[99.757811,7.814802],[99.757593,7.806508],[99.759163,7.802344],[99.763741,7.799744],[99.763585,7.797555],[99.766799,7.795815],[99.770731,7.789032],[99.770815,7.783757],[99.766542,7.781059],[99.765558,7.777934],[99.76709,7.775117],[99.769288,7.773132],[99.767143,7.768667],[99.77403,7.765775],[99.776512,7.761326],[99.778592,7.760273],[99.783705,7.759886],[99.782688,7.756555],[99.780889,7.755881],[99.780258,7.754726],[99.78254,7.751762],[99.783018,7.749654],[99.782468,7.748274],[99.784823,7.746917],[99.785783,7.744957],[99.788258,7.743292],[99.783813,7.735403],[99.784092,7.732336],[99.785402,7.730119],[99.785247,7.72625],[99.788722,7.717575],[99.785893,7.713745],[99.788807,7.707843],[99.788021,7.701465],[99.788987,7.699781],[99.796601,7.698115],[99.79761,7.697226],[99.797663,7.6945],[99.800504,7.688827],[99.803613,7.687129],[99.806044,7.684208],[99.816557,7.680425],[99.81795,7.679257],[99.816701,7.674733],[99.819095,7.669488],[99.816844,7.664933],[99.817363,7.658385],[99.813397,7.649585],[99.810801,7.648544],[99.807907,7.648636],[99.807888,7.645471],[99.80692,7.644854],[99.792647,7.645927],[99.789987,7.644666],[99.78509,7.64405],[99.796274,7.637738],[99.797388,7.636115],[99.797841,7.630003],[99.809986,7.621593],[99.806776,7.620206],[99.806267,7.613177],[99.802577,7.609146],[99.80015,7.602413],[99.800735,7.597776],[99.797729,7.59301],[99.797051,7.589936],[99.798906,7.587534],[99.798906,7.585187],[99.803179,7.581671],[99.807041,7.576754],[99.812184,7.57352],[99.823035,7.556317],[99.82596,7.55519],[99.82849,7.552398],[99.834929,7.548845],[99.836189,7.546845],[99.836895,7.541877],[99.836305,7.54022],[99.829433,7.533387],[99.827271,7.526084],[99.823711,7.52255],[99.819003,7.5218],[99.818742,7.521001],[99.82076,7.51851],[99.820187,7.512435],[99.823587,7.508119],[99.827443,7.505895],[99.833262,7.503974],[99.83374,7.501744],[99.840338,7.499123],[99.843187,7.493812],[99.852326,7.483122],[99.853327,7.479214],[99.849052,7.475047],[99.849852,7.473096],[99.847463,7.470248],[99.848739,7.464876],[99.851134,7.462889],[99.855938,7.461508],[99.85737,7.460068],[99.861195,7.450905],[99.859944,7.447003],[99.861712,7.443872],[99.861477,7.44073],[99.865411,7.439074],[99.871009,7.432078],[99.871999,7.429528],[99.871786,7.427165],[99.872681,7.425018],[99.877276,7.42215],[99.87733,7.418235],[99.878834,7.416368],[99.885154,7.413017],[99.887886,7.406219],[99.891541,7.402433],[99.901779,7.388169],[99.902093,7.37761],[99.895121,7.365432],[99.898673,7.358617],[99.902766,7.356484],[99.905045,7.351431],[99.904903,7.348827],[99.902301,7.343446],[99.904486,7.340175],[99.903012,7.335228],[99.90561,7.327721],[99.911145,7.32274],[99.921741,7.318487],[99.933385,7.317592],[99.937223,7.318415],[99.939012,7.317092],[99.939541,7.314355],[99.937877,7.307029],[99.940434,7.295888],[99.940286,7.288101],[99.941162,7.285297],[99.940324,7.281687],[99.943342,7.272172],[99.945839,7.26862],[99.946083,7.265148],[99.943813,7.263399],[99.942245,7.258655],[99.939325,7.255639],[99.937181,7.255336],[99.932915,7.246786],[99.932662,7.243088],[99.933963,7.239806],[99.935778,7.239408],[99.936198,7.237743],[99.938222,7.236057],[99.937822,7.233278],[99.940227,7.231665],[99.946981,7.217989],[99.946883,7.216426],[99.94789,7.215878],[99.947357,7.212511],[99.946168,7.211314],[99.94904,7.20298],[99.957216,7.199935],[99.959372,7.19797],[99.959096,7.194679],[99.956061,7.190876],[99.956139,7.188197],[99.959176,7.181368],[99.958043,7.177172],[99.960509,7.174491],[99.960527,7.170929],[99.961895,7.167561],[99.963012,7.166744],[99.968533,7.165833],[99.969347,7.161326],[99.97159,7.156704],[99.970885,7.154382],[99.971423,7.15037],[99.976063,7.145585],[99.979568,7.145133],[99.980324,7.14172],[99.985023,7.138132],[99.990496,7.12453],[99.99503,7.11794],[100.00442,7.110746],[100.00682,7.111066],[100.018466,7.106697],[100.021722,7.104562],[100.024401,7.104114],[100.026831,7.10028],[100.026128,7.092167],[100.027949,7.090322],[100.029176,7.090972],[100.034265,7.100346],[100.037147,7.101156],[100.037807,7.108167],[100.039824,7.109216],[100.048879,7.107755],[100.052309,7.110629],[100.056879,7.107688],[100.057247,7.109649],[100.060321,7.110948],[100.065338,7.110886],[100.066366,7.112203],[100.066233,7.114685],[100.06464,7.117752],[100.065317,7.122677],[100.064126,7.124502],[100.061436,7.126034],[100.060521,7.128402],[100.062299,7.133412],[100.061993,7.135538],[100.062969,7.137014],[100.062928,7.139615],[100.068101,7.141158],[100.075024,7.148816],[100.083286,7.148086],[100.089045,7.149655],[100.095902,7.153218],[100.097832,7.156623],[100.105164,7.161546],[100.105791,7.163684],[100.111347,7.16707],[100.116744,7.166635],[100.117229,7.167282],[100.121174,7.167454],[100.126276,7.162601],[100.132466,7.160957],[100.13344,7.159796],[100.133642,7.157576],[100.136269,7.153931],[100.139227,7.15391],[100.146446,7.150243],[100.1477,7.150421],[100.149614,7.15255],[100.151286,7.152595],[100.151963,7.151689],[100.154706,7.151335],[100.155745,7.149646],[100.158549,7.152636],[100.160253,7.15276],[100.160014,7.153958],[100.162703,7.157118],[100.165054,7.15657],[100.165473,7.159699],[100.167697,7.160929],[100.165355,7.163242],[100.167874,7.165641],[100.170145,7.165756],[100.171133,7.167666],[100.17076,7.17083],[100.172299,7.17362],[100.174223,7.174775],[100.174112,7.176039],[100.177139,7.175811],[100.182722,7.177522],[100.183944,7.176995],[100.18498,7.17836],[100.187273,7.17789],[100.190491,7.180756],[100.194213,7.182343],[100.196363,7.181427],[100.198912,7.18194],[100.199428,7.183703],[100.201091,7.18471],[100.202287,7.184163],[100.20679,7.185244],[100.206458,7.18587],[100.208374,7.187644],[100.211041,7.186432],[100.21426,7.188085],[100.215851,7.19046],[100.223976,7.193845],[100.226793,7.193155],[100.228995,7.194167],[100.238341,7.194245],[100.241629,7.192852],[100.245594,7.194573],[100.249185,7.19933],[100.253652,7.198744],[100.255663,7.197006],[100.259129,7.197977],[100.260751,7.200736],[100.268942,7.204318],[100.271612,7.208242],[100.272798,7.207637],[100.281587,7.211073],[100.283624,7.210398],[100.294133,7.211017],[100.295357,7.209928],[100.301917,7.208108],[100.305565,7.209643],[100.310861,7.219867],[100.314079,7.228524],[100.316643,7.231822],[100.320106,7.233185],[100.320877,7.234317],[100.321887,7.234186],[100.324393,7.23611],[100.329128,7.237074],[100.334409,7.241058],[100.334019,7.244265],[100.340441,7.249123],[100.34159,7.252086],[100.341266,7.255334],[100.339987,7.257271],[100.339223,7.262907],[100.341383,7.270921],[100.345718,7.2741],[100.347684,7.278039],[100.355366,7.279404],[100.359424,7.278646],[100.360955,7.281555],[100.358537,7.28628],[100.358527,7.290065],[100.357052,7.292071],[100.356267,7.296041],[100.357818,7.300522],[100.368996,7.306458],[100.372712,7.305184],[100.373709,7.306445],[100.374813,7.311546],[100.377098,7.313684],[100.378964,7.312597],[100.378497,7.300989],[100.379916,7.297135],[100.38357,7.291513],[100.38241,7.282203],[100.383217,7.279174],[100.386743,7.274279],[100.393634,7.270582],[100.397707,7.265404],[100.400632,7.263621],[100.409,7.267229],[100.409862,7.271995],[100.41115,7.273364],[100.420244,7.277066],[100.425724,7.28174],[100.425878,7.295802],[100.427749,7.308605],[100.427312,7.310315],[100.41775,7.323086],[100.4108,7.339318],[100.409863,7.350877],[100.401227,7.377908],[100.399429,7.398313],[100.397658,7.403273],[100.386158,7.416395],[100.382527,7.425925],[100.382739,7.430846],[100.384048,7.43606],[100.38538,7.505943],[100.355793,7.527706],[100.304683,7.502271],[100.299051,7.498642],[100.286528,7.498663],[100.257177,7.500767],[100.257145,7.502087],[100.237169,7.538819],[100.235222,7.547134],[100.233332,7.574965],[100.216979,7.725382],[100.216238,7.740814],[100.216663,7.776674],[100.21764,7.784235],[100.195791,7.801877],[100.189167,7.826342],[100.177567,7.876402],[100.173433,7.881239],[100.165828,7.878304],[100.159909,7.874651],[100.155707,7.874277],[100.145826,7.871132],[100.140941,7.868215],[100.13965,7.868446],[100.134159,7.874995],[100.131386,7.876655],[100.123895,7.878475],[100.107336,7.87882],[100.101998,7.876634],[100.098235,7.873972],[100.079796,7.855059],[100.078241,7.852457],[100.072019,7.84686],[100.071374,7.845201],[100.071741,7.842825],[100.070239,7.842083],[100.063901,7.843503],[100.059447,7.839984],[100.055739,7.838162],[100.05187,7.837634],[100.048995,7.8384],[100.047182,7.837021],[100.044922,7.841726],[100.039752,7.842502],[100.034488,7.846716],[100.025434,7.847783],[100.006921,7.85451],[99.997897,7.855207],[99.994923,7.85615],[99.991256,7.858865],[99.988055,7.859943],[99.980523,7.866201],[99.970688,7.879027],[99.960806,7.889264]]}},{"type":"Feature","properties":{"_gpxType":"trk","name":"ปัตตานี","desc":"Length: 303.2 km (188.4 mi)","coordinateProperties":{}},"geometry":{"type":"LineString","coordinates":[[101.292859,6.949852],[101.286573,6.952106],[101.277574,6.952901],[101.278072,6.952127],[101.268882,6.948382],[101.263216,6.948055],[101.251543,6.94293],[101.247504,6.942196],[101.240981,6.934851],[101.239305,6.931244],[101.239444,6.928839],[101.24025,6.929062],[101.242035,6.933312],[101.24314,6.933532],[101.244071,6.932419],[101.244578,6.935105],[101.245391,6.932281],[101.245394,6.933822],[101.246203,6.9344],[101.245712,6.930886],[101.244777,6.931654],[101.24507,6.9298],[101.245944,6.929872],[101.249595,6.935933],[101.253393,6.93798],[101.255573,6.936499],[101.260599,6.940927],[101.262939,6.940434],[101.263756,6.941864],[101.264951,6.941922],[101.266156,6.943037],[101.267028,6.942915],[101.268048,6.945101],[101.268608,6.944854],[101.267566,6.942657],[101.272788,6.944621],[101.272652,6.946094],[101.273316,6.9471],[101.273808,6.946899],[101.272957,6.945574],[101.274783,6.944269],[101.274624,6.94319],[101.274108,6.943321],[101.274198,6.944401],[101.273236,6.944628],[101.274032,6.941263],[101.280519,6.948436],[101.282509,6.948682],[101.286327,6.947865],[101.286306,6.949348],[101.287253,6.948604],[101.289356,6.948745],[101.286966,6.946123],[101.286179,6.944256],[101.285901,6.945305],[101.28523,6.938504],[101.285797,6.937716],[101.290506,6.938892],[101.296528,6.936652],[101.297624,6.934721],[101.299019,6.934041],[101.297871,6.936651],[101.296513,6.937502],[101.299216,6.937903],[101.299859,6.939082],[101.301029,6.937748],[101.301188,6.932538],[101.300434,6.930567],[101.300296,6.933029],[101.299699,6.931816],[101.299278,6.93228],[101.300629,6.928013],[101.305913,6.929332],[101.307765,6.928291],[101.310731,6.924826],[101.313986,6.922853],[101.31495,6.924017],[101.321303,6.927752],[101.324243,6.927748],[101.327402,6.92274],[101.328126,6.920375],[101.327851,6.914296],[101.329741,6.911151],[101.334043,6.913076],[101.339897,6.912608],[101.342911,6.909521],[101.343298,6.906609],[101.341732,6.902576],[101.341851,6.900505],[101.344322,6.899436],[101.345815,6.890787],[101.344025,6.886089],[101.338291,6.88451],[101.336335,6.880492],[101.33488,6.879632],[101.333356,6.876358],[101.327508,6.874929],[101.324831,6.875976],[101.322809,6.878399],[101.317093,6.880107],[101.308369,6.88688],[101.299522,6.881603],[101.291891,6.878696],[101.288457,6.878704],[101.283211,6.882719],[101.28441,6.891953],[101.277243,6.893238],[101.273196,6.892792],[101.270553,6.893932],[101.269156,6.896923],[101.267063,6.899184],[101.263555,6.901217],[101.257942,6.901625],[101.253264,6.90078],[101.24791,6.901153],[101.244951,6.897151],[101.24163,6.894092],[101.234355,6.88408],[101.21635,6.873137],[101.205862,6.871412],[101.198503,6.86838],[101.179701,6.865288],[101.166681,6.865067],[101.163922,6.863304],[101.161116,6.862761],[101.158771,6.861447],[101.142002,6.861128],[101.134274,6.860084],[101.115065,6.861774],[101.113214,6.861288],[101.101124,6.862745],[101.098273,6.862201],[101.096698,6.861163],[101.063685,6.857486],[101.063411,6.853765],[101.062118,6.852678],[101.058551,6.852579],[101.049525,6.848242],[101.043938,6.848556],[101.043461,6.847834],[101.04539,6.845284],[101.043849,6.843851],[101.042866,6.841193],[101.044332,6.837752],[101.047122,6.839229],[101.048672,6.838581],[101.049083,6.836096],[101.048176,6.834774],[101.042623,6.830717],[101.03925,6.817841],[101.038363,6.806308],[101.039623,6.798321],[101.041541,6.793822],[101.041221,6.791409],[101.039882,6.79096],[101.039398,6.789281],[101.038085,6.789066],[101.038296,6.78723],[101.037236,6.785978],[101.036261,6.786146],[101.035773,6.784672],[101.033954,6.78292],[101.030489,6.782551],[101.029409,6.779455],[101.02952,6.775035],[101.027742,6.769317],[101.028339,6.765921],[101.033283,6.760624],[101.03221,6.760351],[101.031356,6.758667],[101.029943,6.758159],[101.028261,6.755599],[101.028298,6.752407],[101.028982,6.751898],[101.029716,6.749099],[101.031141,6.748775],[101.032571,6.745002],[101.031313,6.739132],[101.024327,6.733927],[101.023699,6.730272],[101.01903,6.726895],[101.018786,6.725607],[101.019992,6.723803],[101.027113,6.721357],[101.043143,6.719887],[101.044758,6.716245],[101.04644,6.714934],[101.058816,6.709671],[101.058787,6.707221],[101.060813,6.706132],[101.063095,6.701444],[101.063029,6.697032],[101.061747,6.694872],[101.061547,6.690168],[101.067212,6.68715],[101.073029,6.685865],[101.062985,6.682408],[101.058525,6.677927],[101.05733,6.677717],[101.056252,6.673616],[101.048947,6.663274],[101.060439,6.657052],[101.065151,6.651145],[101.068973,6.644109],[101.071471,6.644339],[101.073731,6.641928],[101.077117,6.641673],[101.080504,6.642948],[101.088185,6.642551],[101.094195,6.640569],[101.097991,6.638292],[101.108065,6.629102],[101.112917,6.626873],[101.119641,6.619409],[101.131051,6.609817],[101.133681,6.608441],[101.139605,6.607964],[101.142276,6.608389],[101.148225,6.610922],[101.1497,6.610731],[101.153267,6.608263],[101.157306,6.606644],[101.159257,6.604465],[101.16199,6.602852],[101.16413,6.602661],[101.169505,6.603717],[101.175724,6.598832],[101.178893,6.598162],[101.186241,6.59962],[101.189814,6.597741],[101.193835,6.598383],[101.198285,6.596956],[101.205371,6.596771],[101.209981,6.595068],[101.212988,6.594847],[101.216188,6.596009],[101.223427,6.603979],[101.225047,6.608249],[101.230408,6.612951],[101.23371,6.61897],[101.237306,6.631818],[101.239096,6.634638],[101.248728,6.643957],[101.250488,6.644071],[101.25424,6.641239],[101.270291,6.645546],[101.276274,6.654098],[101.278693,6.667226],[101.283627,6.669607],[101.281101,6.671878],[101.282597,6.675097],[101.279443,6.679418],[101.27979,6.681574],[101.28194,6.680508],[101.284028,6.680591],[101.287847,6.683495],[101.289241,6.683807],[101.294175,6.678818],[101.296265,6.677724],[101.29636,6.675917],[101.289839,6.666453],[101.289358,6.663855],[101.2916,6.658946],[101.295915,6.653457],[101.297758,6.649362],[101.298935,6.642795],[101.298099,6.631646],[101.302441,6.622182],[101.3027,6.620295],[101.302093,6.618961],[101.295428,6.61784],[101.292171,6.614895],[101.292906,6.602908],[101.293863,6.598965],[101.297778,6.592079],[101.298945,6.586572],[101.29787,6.58004],[101.30105,6.574264],[101.301635,6.570918],[101.304524,6.566858],[101.306765,6.566508],[101.309363,6.565093],[101.311099,6.565619],[101.314638,6.569706],[101.323621,6.570806],[101.326056,6.573261],[101.327405,6.573475],[101.328429,6.572602],[101.330117,6.567317],[101.331004,6.566331],[101.337907,6.564848],[101.340531,6.561141],[101.343657,6.558544],[101.349415,6.557033],[101.355832,6.558649],[101.362677,6.563553],[101.369511,6.566084],[101.37329,6.566074],[101.378871,6.567417],[101.38209,6.569625],[101.388624,6.568547],[101.391313,6.569667],[101.393717,6.571752],[101.398187,6.572831],[101.408184,6.582118],[101.412072,6.582766],[101.415159,6.58435],[101.417726,6.58381],[101.422604,6.58419],[101.429916,6.582185],[101.436996,6.582228],[101.43936,6.580741],[101.442113,6.58034],[101.444602,6.577911],[101.451732,6.575696],[101.453714,6.576268],[101.457467,6.58118],[101.457686,6.582756],[101.45685,6.584902],[101.462005,6.58639],[101.468918,6.58657],[101.471298,6.595608],[101.472094,6.596208],[101.475339,6.595304],[101.476063,6.597727],[101.478289,6.597969],[101.481933,6.601413],[101.484034,6.600368],[101.486608,6.603528],[101.487888,6.602231],[101.488751,6.602378],[101.489121,6.604391],[101.490643,6.603259],[101.490643,6.605684],[101.491555,6.604322],[101.492531,6.604428],[101.493721,6.605974],[101.494206,6.605717],[101.493269,6.602716],[101.494637,6.600052],[101.497615,6.600809],[101.501443,6.603876],[101.503424,6.604378],[101.509229,6.601863],[101.510755,6.600362],[101.513471,6.595517],[101.51857,6.591553],[101.521273,6.586131],[101.521375,6.583004],[101.517689,6.579401],[101.517822,6.577096],[101.526322,6.571166],[101.530245,6.561513],[101.535249,6.556271],[101.539423,6.555408],[101.547283,6.555618],[101.552366,6.554753],[101.560904,6.55055],[101.56409,6.549816],[101.56985,6.552728],[101.572314,6.553262],[101.574383,6.554996],[101.580668,6.554922],[101.582081,6.555756],[101.588345,6.563796],[101.592159,6.565425],[101.592853,6.565123],[101.594811,6.569137],[101.593924,6.573776],[101.59698,6.578147],[101.596694,6.580597],[101.594922,6.582877],[101.591541,6.585401],[101.587904,6.5901],[101.583639,6.590573],[101.579004,6.592679],[101.574926,6.597067],[101.573691,6.600142],[101.574836,6.604369],[101.577069,6.608924],[101.576953,6.612966],[101.57435,6.621263],[101.57844,6.624614],[101.582181,6.629323],[101.585215,6.627397],[101.588754,6.626175],[101.592105,6.626034],[101.596187,6.624007],[101.600374,6.624056],[101.602822,6.627331],[101.603952,6.630812],[101.6057,6.631796],[101.609346,6.631895],[101.613053,6.633624],[101.613774,6.633059],[101.614616,6.629941],[101.619712,6.630006],[101.623498,6.633744],[101.62538,6.63331],[101.626236,6.630239],[101.622426,6.627579],[101.622829,6.625669],[101.624257,6.624943],[101.626781,6.624863],[101.62885,6.625882],[101.629677,6.627047],[101.629675,6.633162],[101.630848,6.635607],[101.632878,6.63111],[101.632713,6.624061],[101.633941,6.621289],[101.638493,6.618375],[101.64207,6.620347],[101.64576,6.61885],[101.646757,6.617143],[101.64775,6.612228],[101.653415,6.599287],[101.655917,6.59567],[101.661201,6.59431],[101.66175,6.592279],[101.659802,6.588727],[101.665287,6.585224],[101.66631,6.578339],[101.6692,6.573534],[101.672827,6.573888],[101.676284,6.572722],[101.688374,6.572743],[101.704655,6.567741],[101.708764,6.568293],[101.71249,6.569708],[101.719283,6.574159],[101.721963,6.574762],[101.72473,6.576817],[101.70755,6.605089],[101.698212,6.61885],[101.689459,6.633491],[101.673855,6.655905],[101.66118,6.675939],[101.647317,6.702075],[101.641081,6.711464],[101.637508,6.714045],[101.637638,6.715367],[101.635172,6.719181],[101.63209,6.720364],[101.630131,6.722158],[101.60787,6.761354],[101.599487,6.774637],[101.595942,6.78185],[101.590382,6.789988],[101.563335,6.83739],[101.56366,6.836402],[101.557508,6.846011],[101.554116,6.846481],[101.552763,6.846004],[101.549784,6.846637],[101.54865,6.84585],[101.544532,6.846939],[101.536861,6.854033],[101.529194,6.862761],[101.525609,6.865613],[101.522251,6.863482],[101.52001,6.863565],[101.510208,6.866369],[101.50866,6.865592],[101.509274,6.86442],[101.515204,6.864283],[101.517897,6.8632],[101.521909,6.86287],[101.521798,6.861846],[101.520295,6.861357],[101.508722,6.862013],[101.499748,6.864613],[101.503043,6.865109],[101.50469,6.864334],[101.5035,6.865722],[101.494686,6.866945],[101.491696,6.868917],[101.490421,6.867688],[101.488791,6.867807],[101.483408,6.870445],[101.470021,6.879242],[101.460776,6.881688],[101.452827,6.885052],[101.446048,6.885979],[101.44426,6.885203],[101.439495,6.886524],[101.423742,6.888169],[101.414693,6.890703],[101.411116,6.890174],[101.409586,6.891131],[101.390311,6.895728],[101.383221,6.8966],[101.369585,6.899993],[101.353913,6.905521],[101.338233,6.91651],[101.329024,6.925507],[101.314406,6.937118],[101.311715,6.938063],[101.306688,6.942272],[101.292859,6.949852]]}},{"type":"Feature","properties":{"_gpxType":"trk","name":"ยะลา","desc":"Length: 501.2 km (311.4 mi)","coordinateProperties":{}},"geometry":{"type":"LineString","coordinates":[[101.29252,6.680419],[101.289241,6.683807],[101.284028,6.680591],[101.27979,6.681574],[101.282597,6.675097],[101.281101,6.671878],[101.283627,6.669607],[101.278693,6.667226],[101.276274,6.654098],[101.270291,6.645546],[101.25424,6.641239],[101.248728,6.643957],[101.237306,6.631818],[101.230408,6.612951],[101.216188,6.596009],[101.212988,6.594847],[101.186241,6.59962],[101.175724,6.598832],[101.169505,6.603717],[101.16199,6.602852],[101.148225,6.610922],[101.142276,6.608389],[101.133681,6.608441],[101.108065,6.629102],[101.103927,6.628019],[101.098897,6.619508],[101.08853,6.613503],[101.089564,6.609044],[101.0844,6.605739],[101.081503,6.585207],[101.085049,6.574526],[101.080273,6.555261],[101.075666,6.553304],[101.069029,6.544224],[101.043218,6.541548],[101.043906,6.525189],[101.03849,6.522474],[101.036512,6.516211],[101.040026,6.512144],[101.042113,6.492729],[101.045911,6.489023],[101.038715,6.484855],[101.020397,6.481942],[101.015594,6.486896],[101.005066,6.483242],[100.997047,6.485629],[100.983641,6.484673],[100.977545,6.486428],[100.974451,6.483938],[100.975434,6.480495],[100.971734,6.475598],[100.97252,6.46817],[100.969299,6.466688],[100.964107,6.468731],[100.959241,6.45143],[100.95234,6.451684],[100.949797,6.443556],[100.932889,6.445189],[100.918415,6.415403],[100.917816,6.391723],[100.921594,6.390011],[100.919813,6.381425],[100.922439,6.380846],[100.922664,6.372832],[100.926608,6.369952],[100.925305,6.355048],[100.919515,6.354963],[100.921508,6.349449],[100.919951,6.348634],[100.922321,6.340742],[100.925806,6.34018],[100.925573,6.329023],[100.928641,6.327041],[100.923985,6.326479],[100.928748,6.321964],[100.924435,6.319246],[100.923446,6.320745],[100.916289,6.317093],[100.911875,6.304622],[100.897398,6.30362],[100.892308,6.301031],[100.889911,6.296746],[100.86885,6.294716],[100.864725,6.297342],[100.862172,6.293867],[100.848403,6.289265],[100.842835,6.308189],[100.840274,6.300497],[100.837811,6.300467],[100.834552,6.294657],[100.836272,6.292437],[100.834976,6.285244],[100.838313,6.282703],[100.846015,6.25842],[100.844051,6.253065],[100.852831,6.232006],[100.858691,6.233098],[100.860967,6.23645],[100.870388,6.240738],[100.865112,6.244447],[100.871399,6.26458],[100.874591,6.263208],[100.876518,6.257646],[100.880985,6.254531],[100.883914,6.25547],[100.885851,6.250104],[100.891942,6.249207],[100.892287,6.239551],[100.903481,6.233176],[100.907561,6.237307],[100.907216,6.240094],[100.911133,6.24135],[100.917037,6.248135],[100.922138,6.244631],[100.944366,6.243117],[100.946937,6.25273],[100.946389,6.26289],[100.954622,6.265409],[100.956223,6.269253],[100.967465,6.275086],[100.967204,6.283142],[100.971626,6.283008],[100.976461,6.279118],[100.984583,6.278764],[100.984102,6.275906],[100.989479,6.266253],[101.009982,6.256226],[101.013344,6.247457],[101.019078,6.246315],[101.021713,6.250137],[101.030327,6.243985],[101.038945,6.249449],[101.042721,6.249247],[101.050037,6.254558],[101.058583,6.253563],[101.064359,6.259175],[101.068337,6.255696],[101.071978,6.257699],[101.07642,6.255758],[101.095071,6.260232],[101.107647,6.251598],[101.111631,6.251205],[101.105223,6.239579],[101.113066,6.226841],[101.113468,6.22175],[101.116171,6.220338],[101.118485,6.211707],[101.115037,6.203828],[101.123014,6.200871],[101.126496,6.193425],[101.108068,6.17973],[101.10137,6.178277],[101.096019,6.179759],[101.092019,6.17637],[101.085715,6.178767],[101.084275,6.174863],[101.075088,6.171085],[101.075411,6.161255],[101.060686,6.150845],[101.059267,6.140909],[101.07025,6.140173],[101.074628,6.135673],[101.089082,6.134185],[101.095201,6.128154],[101.099184,6.127332],[101.101823,6.123852],[101.104423,6.124263],[101.107567,6.117275],[101.105734,6.11376],[101.113766,6.112364],[101.118272,6.11495],[101.127562,6.103063],[101.126192,6.095493],[101.115765,6.093557],[101.115397,6.080863],[101.109862,6.073633],[101.110571,6.066069],[101.103998,6.063455],[101.100143,6.050445],[101.10536,6.048823],[101.106446,6.045208],[101.113493,6.039877],[101.112226,6.031812],[101.107808,6.028838],[101.110032,6.02378],[101.10841,6.015393],[101.112584,6.009329],[101.106121,5.999632],[101.107488,5.989988],[101.113345,5.988615],[101.122615,5.982222],[101.123284,5.976966],[101.114539,5.967074],[101.110617,5.957445],[101.108624,5.958876],[101.099754,5.951022],[101.095415,5.950955],[101.099181,5.942067],[101.09198,5.931946],[101.091737,5.927061],[101.087115,5.924937],[101.088758,5.920401],[101.085633,5.910433],[101.07498,5.918194],[101.061435,5.919551],[101.059722,5.916287],[101.055999,5.916236],[101.055656,5.912528],[101.050308,5.910985],[101.045339,5.916122],[101.036977,5.917447],[101.028016,5.915087],[101.025271,5.912204],[101.02942,5.902439],[101.02407,5.89728],[101.022993,5.89231],[101.01438,5.882164],[101.013238,5.875123],[101.009076,5.873733],[101.009022,5.857132],[101.00701,5.853358],[101.00981,5.840377],[101.012107,5.838179],[101.000965,5.828355],[101.001599,5.824259],[100.992482,5.81166],[100.984294,5.809294],[100.988557,5.796014],[100.989335,5.783776],[100.995694,5.784769],[100.99735,5.780559],[101.002873,5.779319],[101.007254,5.774065],[101.00685,5.77076],[101.019255,5.765447],[101.019991,5.759226],[101.030083,5.743519],[101.036771,5.737488],[101.040942,5.740723],[101.050213,5.740089],[101.053362,5.744473],[101.060568,5.744087],[101.059262,5.73394],[101.062826,5.731654],[101.06238,5.726664],[101.067443,5.728728],[101.082393,5.721599],[101.080465,5.71724],[101.081354,5.709712],[101.085478,5.712859],[101.085316,5.708627],[101.088447,5.704669],[101.095143,5.7036],[101.096517,5.699877],[101.094761,5.697089],[101.09987,5.689081],[101.102511,5.689088],[101.104607,5.684486],[101.110543,5.681529],[101.118302,5.671804],[101.120313,5.662975],[101.123044,5.662014],[101.125191,5.646413],[101.128838,5.640284],[101.127819,5.63192],[101.133167,5.613759],[101.144158,5.61466],[101.144729,5.623195],[101.151131,5.622565],[101.163484,5.630493],[101.168132,5.636354],[101.166456,5.639865],[101.17088,5.647185],[101.188551,5.650599],[101.195068,5.649381],[101.202609,5.654453],[101.204367,5.659835],[101.213954,5.661675],[101.221022,5.675901],[101.217896,5.680639],[101.218128,5.6876],[101.233005,5.687834],[101.241695,5.691146],[101.244923,5.69602],[101.250526,5.699081],[101.248698,5.704209],[101.251445,5.708336],[101.259447,5.711629],[101.260721,5.71784],[101.258209,5.719382],[101.259592,5.732409],[101.253642,5.746561],[101.255608,5.752035],[101.250112,5.760096],[101.254642,5.772921],[101.259047,5.778625],[101.258714,5.787349],[101.265853,5.802654],[101.26941,5.803379],[101.276483,5.811722],[101.291391,5.81629],[101.294776,5.812318],[101.304336,5.814008],[101.309731,5.80266],[101.314169,5.802763],[101.320785,5.812443],[101.324372,5.813917],[101.337961,5.806911],[101.341213,5.809616],[101.346051,5.808952],[101.347962,5.825],[101.359048,5.83334],[101.361507,5.83119],[101.374345,5.832818],[101.373649,5.837081],[101.379328,5.845667],[101.379655,5.850641],[101.388817,5.856788],[101.391962,5.876019],[101.394977,5.873473],[101.402679,5.874376],[101.409267,5.872213],[101.41768,5.876518],[101.424451,5.874194],[101.427694,5.875619],[101.431835,5.870987],[101.436947,5.872667],[101.438304,5.870794],[101.446771,5.870752],[101.453697,5.867406],[101.465325,5.876575],[101.470314,5.874682],[101.473379,5.87047],[101.478991,5.872721],[101.485118,5.869961],[101.486893,5.872001],[101.486728,5.882996],[101.493865,5.881626],[101.501624,5.888854],[101.498372,5.89992],[101.491342,5.898195],[101.489999,5.899882],[101.492278,5.906833],[101.48982,5.914424],[101.492275,5.922759],[101.490077,5.936806],[101.494793,5.941662],[101.496965,5.948813],[101.49564,5.950659],[101.491783,5.949355],[101.490878,5.954779],[101.487106,5.955171],[101.484746,5.96183],[101.485696,5.968186],[101.483371,5.971962],[101.483864,5.978674],[101.479064,5.97618],[101.475023,5.988967],[101.472672,5.988418],[101.478177,5.997853],[101.477881,6.008144],[101.482174,6.012107],[101.477216,6.025339],[101.479482,6.029639],[101.47408,6.039884],[101.478179,6.04271],[101.476043,6.06528],[101.467499,6.080155],[101.461455,6.07755],[101.453688,6.078012],[101.446567,6.082387],[101.43775,6.096386],[101.438034,6.104817],[101.440982,6.11053],[101.439542,6.113911],[101.435828,6.114956],[101.437674,6.120082],[101.434947,6.128922],[101.430212,6.128775],[101.426827,6.142247],[101.423377,6.144274],[101.415806,6.143341],[101.411626,6.150408],[101.411361,6.157571],[101.397395,6.158156],[101.387391,6.166891],[101.385676,6.183297],[101.371374,6.209121],[101.395291,6.223138],[101.403338,6.240296],[101.395111,6.245434],[101.401027,6.258632],[101.399861,6.265351],[101.402612,6.271423],[101.399446,6.28159],[101.394801,6.28687],[101.394061,6.301492],[101.397879,6.306094],[101.400061,6.317227],[101.388859,6.327787],[101.388697,6.340048],[101.397584,6.350031],[101.398516,6.358388],[101.416021,6.37128],[101.419563,6.379975],[101.41945,6.389953],[101.411959,6.395528],[101.412685,6.398256],[101.419244,6.402098],[101.424877,6.413769],[101.422067,6.417026],[101.424475,6.422049],[101.43567,6.429494],[101.440964,6.427629],[101.457731,6.431227],[101.464453,6.423065],[101.467388,6.423884],[101.469576,6.428806],[101.46396,6.44542],[101.46613,6.450727],[101.462609,6.454502],[101.463802,6.465995],[101.470712,6.463336],[101.479182,6.463982],[101.483385,6.461733],[101.486658,6.463147],[101.496856,6.454385],[101.507976,6.452882],[101.524467,6.466106],[101.531605,6.467124],[101.540679,6.475598],[101.541867,6.479888],[101.546778,6.483112],[101.550623,6.481733],[101.559038,6.487181],[101.567132,6.497504],[101.573877,6.499274],[101.581192,6.510605],[101.587699,6.513549],[101.592202,6.519838],[101.593515,6.529304],[101.600944,6.532833],[101.608625,6.54416],[101.598759,6.550925],[101.597104,6.560513],[101.592159,6.565425],[101.580668,6.554922],[101.574383,6.554996],[101.56409,6.549816],[101.552366,6.554753],[101.535249,6.556271],[101.530245,6.561513],[101.526322,6.571166],[101.517822,6.577096],[101.521375,6.583004],[101.51857,6.591553],[101.509229,6.601863],[101.503424,6.604378],[101.494637,6.600052],[101.494206,6.605717],[101.490643,6.605684],[101.490643,6.603259],[101.489121,6.604391],[101.488751,6.602378],[101.486608,6.603528],[101.484034,6.600368],[101.481933,6.601413],[101.475339,6.595304],[101.472094,6.596208],[101.468918,6.58657],[101.45685,6.584902],[101.457467,6.58118],[101.451732,6.575696],[101.436996,6.582228],[101.415159,6.58435],[101.408184,6.582118],[101.398187,6.572831],[101.388624,6.568547],[101.38209,6.569625],[101.349415,6.557033],[101.343657,6.558544],[101.337907,6.564848],[101.331004,6.566331],[101.327405,6.573475],[101.323621,6.570806],[101.314638,6.569706],[101.309363,6.565093],[101.304524,6.566858],[101.29787,6.58004],[101.298945,6.586572],[101.293863,6.598965],[101.292171,6.614895],[101.295428,6.61784],[101.302093,6.618961],[101.298099,6.631646],[101.298935,6.642795],[101.295915,6.653457],[101.289358,6.663855],[101.296265,6.677724],[101.29252,6.680419]]}},{"type":"Feature","properties":{"_gpxType":"trk","name":"นราธิวาส","desc":"Length: 366.3 km (227.6 mi)","coordinateProperties":{}},"geometry":{"type":"LineString","coordinates":[[101.632549,6.625109],[101.632878,6.63111],[101.630848,6.635607],[101.629677,6.627047],[101.626781,6.624863],[101.622829,6.625669],[101.622426,6.627579],[101.626236,6.630239],[101.62538,6.63331],[101.623498,6.633744],[101.619712,6.630006],[101.614616,6.629941],[101.613053,6.633624],[101.603952,6.630812],[101.600374,6.624056],[101.596187,6.624007],[101.582181,6.629323],[101.57435,6.621263],[101.577069,6.608924],[101.573691,6.600142],[101.579004,6.592679],[101.587904,6.5901],[101.596694,6.580597],[101.59698,6.578147],[101.593924,6.573776],[101.594811,6.569137],[101.592853,6.565123],[101.597104,6.560513],[101.598759,6.550925],[101.608625,6.54416],[101.608696,6.542766],[101.605462,6.540067],[101.600944,6.532833],[101.593515,6.529304],[101.592202,6.519838],[101.587699,6.513549],[101.581192,6.510605],[101.573877,6.499274],[101.567132,6.497504],[101.563528,6.494608],[101.559038,6.487181],[101.553558,6.482537],[101.550623,6.481733],[101.546778,6.483112],[101.541867,6.479888],[101.540679,6.475598],[101.535307,6.471955],[101.531605,6.467124],[101.524467,6.466106],[101.518774,6.46253],[101.515531,6.457505],[101.507976,6.452882],[101.50333,6.454135],[101.501057,6.452938],[101.496856,6.454385],[101.486658,6.463147],[101.483385,6.461733],[101.479182,6.463982],[101.470712,6.463336],[101.463802,6.465995],[101.464698,6.461988],[101.462281,6.457649],[101.462609,6.454502],[101.46613,6.450727],[101.46396,6.44542],[101.469576,6.428806],[101.467388,6.423884],[101.464453,6.423065],[101.461398,6.425012],[101.457731,6.431227],[101.44735,6.430159],[101.440964,6.427629],[101.43567,6.429494],[101.424475,6.422049],[101.422067,6.417026],[101.424877,6.413769],[101.421677,6.40982],[101.419244,6.402098],[101.412685,6.398256],[101.411959,6.395528],[101.41945,6.389953],[101.419563,6.379975],[101.416021,6.37128],[101.408846,6.367583],[101.398516,6.358388],[101.397584,6.350031],[101.388697,6.340048],[101.387444,6.335817],[101.388859,6.327787],[101.398746,6.319769],[101.400061,6.317227],[101.397879,6.306094],[101.394061,6.301492],[101.395526,6.292861],[101.394801,6.28687],[101.399446,6.28159],[101.399478,6.277933],[101.402612,6.271423],[101.399861,6.265351],[101.401027,6.258632],[101.398054,6.255293],[101.395111,6.245434],[101.397023,6.242592],[101.403338,6.240296],[101.397564,6.230569],[101.395291,6.223138],[101.380062,6.215263],[101.371374,6.209121],[101.371325,6.207494],[101.374721,6.204303],[101.385676,6.183297],[101.386038,6.170212],[101.387391,6.166891],[101.393192,6.160646],[101.397395,6.158156],[101.411361,6.157571],[101.411626,6.150408],[101.415806,6.143341],[101.423377,6.144274],[101.426827,6.142247],[101.430212,6.128775],[101.434947,6.128922],[101.437674,6.120082],[101.435828,6.114956],[101.439542,6.113911],[101.440982,6.11053],[101.438034,6.104817],[101.43775,6.096386],[101.440205,6.091226],[101.444675,6.086679],[101.446567,6.082387],[101.453688,6.078012],[101.461455,6.07755],[101.467499,6.080155],[101.469533,6.07439],[101.476043,6.06528],[101.478305,6.053533],[101.478179,6.04271],[101.47408,6.039884],[101.478461,6.034454],[101.479482,6.029639],[101.477216,6.025339],[101.477795,6.020511],[101.482174,6.012107],[101.477881,6.008144],[101.478177,5.997853],[101.472672,5.988418],[101.475023,5.988967],[101.476638,5.980327],[101.479064,5.97618],[101.483864,5.978674],[101.483371,5.971962],[101.485696,5.968186],[101.484746,5.96183],[101.487106,5.955171],[101.490878,5.954779],[101.491783,5.949355],[101.49564,5.950659],[101.496965,5.948813],[101.494793,5.941662],[101.490077,5.936806],[101.491293,5.931328],[101.490687,5.926945],[101.492275,5.922759],[101.48982,5.914424],[101.492278,5.906833],[101.489999,5.899882],[101.491342,5.898195],[101.498372,5.89992],[101.501805,5.889402],[101.507737,5.894194],[101.508234,5.896978],[101.512802,5.901021],[101.513122,5.903331],[101.515039,5.903924],[101.517783,5.899682],[101.520258,5.90066],[101.523554,5.898773],[101.524832,5.901118],[101.524583,5.90561],[101.526776,5.909895],[101.534163,5.915206],[101.536282,5.915097],[101.539727,5.918971],[101.554389,5.921077],[101.559299,5.919079],[101.573089,5.925986],[101.575324,5.930535],[101.581662,5.934328],[101.582286,5.932719],[101.584908,5.932682],[101.587913,5.929534],[101.589475,5.918534],[101.596853,5.914352],[101.597798,5.911892],[101.608154,5.915071],[101.61525,5.910734],[101.615109,5.900782],[101.618299,5.895966],[101.621922,5.895869],[101.621893,5.885661],[101.623172,5.881393],[101.622534,5.877856],[101.634758,5.873866],[101.63771,5.871109],[101.642781,5.870774],[101.645873,5.873937],[101.65411,5.87786],[101.65867,5.874942],[101.659031,5.871047],[101.662531,5.865838],[101.659648,5.86428],[101.65563,5.857017],[101.656999,5.85419],[101.659957,5.852597],[101.661204,5.848167],[101.659601,5.841992],[101.656671,5.83852],[101.658847,5.825907],[101.657249,5.822816],[101.657923,5.811906],[101.662726,5.81488],[101.6675,5.808267],[101.664426,5.800426],[101.669976,5.795353],[101.668943,5.790856],[101.67857,5.781197],[101.685364,5.783181],[101.687819,5.780659],[101.689994,5.772465],[101.68972,5.767011],[101.687791,5.764264],[101.689463,5.763559],[101.691177,5.757785],[101.690426,5.756429],[101.697858,5.752453],[101.702103,5.752733],[101.706789,5.755052],[101.710106,5.762252],[101.712562,5.762401],[101.715045,5.76449],[101.71699,5.786755],[101.719244,5.788504],[101.721929,5.779912],[101.725346,5.782083],[101.726301,5.785053],[101.72859,5.783847],[101.732698,5.784495],[101.739305,5.782318],[101.743704,5.790174],[101.743825,5.793563],[101.746604,5.794219],[101.747795,5.792932],[101.752757,5.797211],[101.760414,5.795408],[101.765436,5.789566],[101.769166,5.788807],[101.773515,5.786445],[101.776558,5.78295],[101.77388,5.772415],[101.776672,5.766067],[101.792602,5.750817],[101.798227,5.750755],[101.803968,5.74416],[101.807878,5.744019],[101.814193,5.73767],[101.815737,5.733032],[101.82296,5.732751],[101.82631,5.735348],[101.826739,5.738541],[101.823843,5.7453],[101.824152,5.751799],[101.822985,5.75389],[101.819114,5.754081],[101.818417,5.756654],[101.821055,5.758447],[101.829163,5.775645],[101.834952,5.784341],[101.835913,5.788828],[101.840495,5.789957],[101.84017,5.791404],[101.842815,5.788868],[101.854678,5.791029],[101.856332,5.793943],[101.857256,5.792078],[101.865382,5.790617],[101.866891,5.7922],[101.86575,5.793749],[101.863946,5.793398],[101.863579,5.797689],[101.860441,5.798424],[101.860822,5.801507],[101.865615,5.80413],[101.866433,5.802589],[101.869529,5.803853],[101.869512,5.805184],[101.871893,5.803021],[101.874865,5.804584],[101.875039,5.806307],[101.876155,5.8063],[101.877122,5.809531],[101.878441,5.808927],[101.878052,5.810683],[101.879987,5.810111],[101.878758,5.814054],[101.879537,5.815959],[101.876713,5.819645],[101.879118,5.830621],[101.884076,5.835224],[101.883372,5.8379],[101.886671,5.839437],[101.888393,5.838001],[101.891377,5.838871],[101.895554,5.845564],[101.896871,5.843047],[101.899268,5.844211],[101.905896,5.841411],[101.916483,5.843075],[101.916208,5.845435],[101.919944,5.845704],[101.923052,5.849616],[101.925568,5.84994],[101.928988,5.85451],[101.926905,5.854819],[101.92688,5.857422],[101.930748,5.861795],[101.935786,5.863411],[101.9371,5.861855],[101.940981,5.868088],[101.94017,5.870112],[101.943238,5.872096],[101.94175,5.876639],[101.939332,5.878673],[101.940232,5.88513],[101.939057,5.886682],[101.93965,5.88916],[101.936623,5.88834],[101.937981,5.891272],[101.934292,5.897162],[101.935056,5.899621],[101.93297,5.900291],[101.933839,5.901789],[101.93172,5.905526],[101.932869,5.906706],[101.931208,5.907101],[101.929628,5.904936],[101.929593,5.909801],[101.926499,5.910672],[101.92558,5.908963],[101.921536,5.910591],[101.92055,5.918419],[101.923539,5.921232],[101.923134,5.92449],[101.926629,5.923786],[101.93011,5.932368],[101.928608,5.935342],[101.930801,5.936162],[101.928395,5.938926],[101.930658,5.941204],[101.929723,5.94305],[101.931065,5.94524],[101.928468,5.945062],[101.929049,5.949427],[101.934259,5.949483],[101.935266,5.94824],[101.942286,5.953311],[101.943274,5.958547],[101.941043,5.959113],[101.941834,5.964735],[101.93893,5.972347],[101.945621,5.978012],[101.943009,5.978356],[101.944891,5.979874],[101.941808,5.980597],[101.945448,5.987514],[101.946692,5.983812],[101.948058,5.985107],[101.947858,5.991016],[101.949555,5.990217],[101.94976,5.988041],[101.951471,5.988034],[101.952181,5.991439],[101.954602,5.992388],[101.953019,5.995162],[101.954301,5.995722],[101.95725,5.993793],[101.958489,5.99741],[101.960988,5.996392],[101.963711,5.997599],[101.964006,6.000572],[101.967933,6.004545],[101.96972,6.00471],[101.972227,6.009982],[101.970553,6.010997],[101.970591,6.019963],[101.975253,6.023832],[101.977558,6.030233],[101.980142,6.028873],[101.983171,6.030391],[101.987154,6.037616],[101.990345,6.040583],[101.993428,6.041179],[101.997562,6.039697],[102.003507,6.04401],[102.002534,6.049434],[102.005012,6.051195],[102.01258,6.051715],[102.016021,6.053662],[102.018173,6.052193],[102.022698,6.062285],[102.028912,6.065294],[102.031601,6.071381],[102.033435,6.069504],[102.043622,6.074791],[102.042978,6.076033],[102.048554,6.078878],[102.051206,6.078769],[102.056787,6.085853],[102.057701,6.09096],[102.060642,6.091334],[102.058962,6.097442],[102.060668,6.096575],[102.059711,6.099201],[102.060736,6.102754],[102.064518,6.106974],[102.066015,6.106717],[102.067287,6.109926],[102.069955,6.109395],[102.071768,6.115381],[102.073906,6.115985],[102.072481,6.117881],[102.074929,6.117937],[102.073916,6.120233],[102.078637,6.123088],[102.078817,6.125789],[102.07714,6.127488],[102.079342,6.127674],[102.07966,6.129458],[102.081402,6.129486],[102.082754,6.136963],[102.085227,6.136851],[102.08584,6.138215],[102.088161,6.13854],[102.086954,6.141059],[102.091628,6.145497],[102.092691,6.148597],[102.089877,6.15093],[102.090943,6.154376],[102.088316,6.159424],[102.084778,6.157987],[102.083456,6.161844],[102.085203,6.16427],[102.08224,6.169024],[102.082274,6.171472],[102.079113,6.170329],[102.077961,6.172362],[102.08008,6.179762],[102.076925,6.191425],[102.0771,6.198544],[102.079733,6.203758],[102.07848,6.209673],[102.079091,6.217157],[102.080719,6.220492],[102.080072,6.226319],[102.091058,6.236931],[102.087207,6.24134],[102.086482,6.24735],[102.08568,6.246792],[102.080467,6.251356],[101.983842,6.313877],[101.946389,6.344534],[101.917409,6.373551],[101.873985,6.424617],[101.866752,6.428233],[101.865344,6.427258],[101.859021,6.429288],[101.856072,6.427859],[101.830266,6.444768],[101.829314,6.444118],[101.825885,6.44791],[101.824946,6.44688],[101.821687,6.448148],[101.79942,6.471297],[101.778584,6.49814],[101.72473,6.576817],[101.71249,6.569708],[101.704655,6.567741],[101.688374,6.572743],[101.6692,6.573534],[101.66631,6.578339],[101.665287,6.585224],[101.659802,6.588727],[101.66175,6.592279],[101.661201,6.59431],[101.655917,6.59567],[101.64576,6.61885],[101.64207,6.620347],[101.638493,6.618375],[101.633941,6.621289],[101.632549,6.625109]]}}]}