{"type":"FeatureCollection","features":[{"type":"Feature","properties":{"_gpxType":"trk","name":"อ.ร่อนพิบูลย์","desc":"อ.ร่อนพิบูลย์","coordinateProperties":{}},"geometry":{"type":"LineString","coordinates":[[100.024789,8.124627],[100.024844,8.124626],[100.027652,8.126389],[100.028864,8.131555],[100.027141,8.136087],[100.032904,8.148483],[100.031263,8.154527],[100.024104,8.159917],[100.026436,8.171966],[100.014437,8.184965],[100.015332,8.188853],[100.011307,8.190467],[100.015815,8.200633],[100.012423,8.202294],[100.01479,8.20346],[100.014673,8.205096],[100.011551,8.204071],[100.009883,8.2061],[100.012833,8.207468],[100.012509,8.210403],[100.01057,8.211058],[100.009611,8.208696],[100.006817,8.209708],[100.008593,8.212918],[100.006269,8.216831],[100.003875,8.216637],[100.002333,8.212717],[99.995966,8.210491],[99.992664,8.212415],[99.992371,8.22503],[99.99505,8.231297],[99.994913,8.233874],[99.99308,8.233943],[99.992765,8.238827],[99.978442,8.232843],[99.977404,8.234539],[99.967101,8.2347],[99.95748,8.232181],[99.949984,8.233648],[99.938565,8.230872],[99.932146,8.231752],[99.942902,8.244877],[99.94123,8.262818],[99.942114,8.266652],[99.942781,8.268307],[99.935825,8.271596],[99.927737,8.272191],[99.923916,8.265945],[99.920803,8.265388],[99.91482,8.272602],[99.91149,8.281669],[99.909149,8.282194],[99.906736,8.279946],[99.904909,8.281779],[99.903218,8.281254],[99.902627,8.283059],[99.899695,8.282306],[99.898585,8.284242],[99.89473,8.284006],[99.895599,8.28675],[99.894274,8.287574],[99.893626,8.285269],[99.891936,8.28512],[99.892321,8.288716],[99.891163,8.289479],[99.889458,8.286185],[99.886711,8.285498],[99.886977,8.288646],[99.885151,8.287676],[99.884451,8.289375],[99.88046,8.290096],[99.880392,8.292157],[99.882364,8.291477],[99.882377,8.2946],[99.880691,8.294867],[99.879492,8.292639],[99.878005,8.295362],[99.876911,8.293183],[99.87582,8.294952],[99.873109,8.294226],[99.872402,8.296704],[99.870816,8.296723],[99.870979,8.294765],[99.868383,8.295803],[99.867265,8.298385],[99.864544,8.297982],[99.864477,8.303257],[99.861027,8.303417],[99.860097,8.306249],[99.858646,8.309958],[99.85498,8.308472],[99.856178,8.309945],[99.851168,8.314135],[99.852549,8.314861],[99.851751,8.316912],[99.848752,8.316202],[99.851109,8.318034],[99.850026,8.31994],[99.847225,8.319068],[99.844041,8.32347],[99.841953,8.321217],[99.837036,8.322564],[99.83144,8.31775],[99.832153,8.314239],[99.8277,8.307664],[99.828291,8.304176],[99.826878,8.301196],[99.829497,8.296962],[99.823885,8.295901],[99.821677,8.292859],[99.815853,8.294237],[99.816324,8.291343],[99.81951,8.287901],[99.819369,8.282734],[99.809668,8.2822],[99.807346,8.27958],[99.798179,8.281445],[99.796017,8.279273],[99.795032,8.274284],[99.793125,8.27255],[99.789262,8.272771],[99.787854,8.26885],[99.783554,8.265003],[99.767817,8.263687],[99.763924,8.267029],[99.757308,8.259606],[99.758324,8.252697],[99.755391,8.245748],[99.759419,8.241744],[99.768131,8.237802],[99.772388,8.240187],[99.778096,8.235342],[99.784194,8.233536],[99.792442,8.234058],[99.78515,8.226865],[99.781591,8.216691],[99.776882,8.211017],[99.786509,8.204525],[99.787418,8.201605],[99.790191,8.200141],[99.800838,8.200789],[99.800219,8.196079],[99.802536,8.195588],[99.799067,8.193515],[99.79199,8.184425],[99.787962,8.183248],[99.789817,8.180783],[99.790529,8.170418],[99.788646,8.168141],[99.773986,8.160813],[99.773987,8.149358],[99.768731,8.14408],[99.769551,8.142103],[99.774456,8.13942],[99.778401,8.128897],[99.769774,8.111156],[99.769085,8.10529],[99.763766,8.092378],[99.76174,8.079154],[99.766554,8.072834],[99.765411,8.06806],[99.771173,8.068411],[99.769847,8.071325],[99.772604,8.075777],[99.772013,8.077793],[99.775676,8.081561],[99.775761,8.081567],[99.777847,8.083034],[99.777334,8.085225],[99.782564,8.096168],[99.786595,8.100011],[99.786409,8.104254],[99.789156,8.109078],[99.789276,8.109079],[99.791616,8.109707],[99.793569,8.113657],[99.79522,8.122665],[99.801313,8.12653],[99.801243,8.12965],[99.80335,8.132946],[99.809187,8.137262],[99.809238,8.137262],[99.814823,8.138271],[99.821958,8.134759],[99.821996,8.13476],[99.82624,8.134777],[99.826279,8.134782],[99.828934,8.138759],[99.828965,8.13877],[99.831702,8.140369],[99.831746,8.14037],[99.831918,8.14047],[99.831953,8.140472],[99.834183,8.14085],[99.834228,8.140852],[99.836345,8.141397],[99.84106,8.137495],[99.841094,8.137493],[99.842929,8.138852],[99.843643,8.136811],[99.845794,8.137068],[99.845835,8.137074],[99.846846,8.137818],[99.846879,8.13782],[99.850048,8.138345],[99.851956,8.136943],[99.852025,8.136946],[99.854503,8.136325],[99.856146,8.139586],[99.857778,8.138437],[99.857837,8.138437],[99.858894,8.139226],[99.858982,8.13923],[99.860894,8.140109],[99.862081,8.150207],[99.869284,8.14539],[99.872246,8.135961],[99.876058,8.132182],[99.876913,8.128932],[99.881277,8.127782],[99.883467,8.122381],[99.894541,8.121999],[99.891603,8.109659],[99.917773,8.113605],[99.920122,8.116107],[99.919114,8.128331],[99.920003,8.127292],[99.924155,8.128149],[99.927016,8.124626],[99.935524,8.126949],[99.934653,8.116808],[99.949554,8.117609],[99.950903,8.103795],[99.955157,8.098382],[99.957385,8.086482],[99.961062,8.082881],[99.964476,8.08567],[99.963671,8.087924],[99.97279,8.09253],[99.97897,8.099084],[100.000859,8.106584],[100.014781,8.107952],[100.023172,8.118041],[100.024789,8.124627]]}},{"type":"Feature","properties":{"_gpxType":"trk","name":"อ.บางขัน","desc":"อ.บางขัน","coordinateProperties":{}},"geometry":{"type":"LineString","coordinates":[[99.533574,7.89103],[99.536462,7.896458],[99.535961,7.896529],[99.535904,7.896547],[99.535808,7.896606],[99.535634,7.896659],[99.535402,7.89673],[99.535285,7.896765],[99.535246,7.896762],[99.535168,7.896779],[99.535051,7.896814],[99.534856,7.896911],[99.534777,7.896995],[99.534777,7.897108],[99.534986,7.898096],[99.539046,7.900201],[99.541386,7.901721],[99.540856,7.903566],[99.540806,7.903988],[99.540838,7.904059],[99.540853,7.904129],[99.540868,7.9042],[99.540883,7.904271],[99.54088,7.904358],[99.540876,7.904464],[99.540873,7.904552],[99.540871,7.904623],[99.540851,7.904692],[99.540866,7.904747],[99.540936,7.90477],[99.541038,7.904868],[99.541177,7.904951],[99.541298,7.905069],[99.541367,7.905128],[99.541489,7.905247],[99.541576,7.905327],[99.541682,7.905428],[99.541752,7.905488],[99.54184,7.905588],[99.541893,7.905648],[99.541929,7.905725],[99.541946,7.905783],[99.542017,7.905958],[99.542035,7.906016],[99.542071,7.906057],[99.542125,7.906176],[99.542179,7.906276],[99.542216,7.906317],[99.542325,7.906403],[99.54238,7.906484],[99.542453,7.906568],[99.542509,7.90667],[99.542602,7.906834],[99.54264,7.906956],[99.542678,7.907038],[99.542716,7.907181],[99.542718,7.907302],[99.5427,7.907382],[99.542664,7.90744],[99.542543,7.907373],[99.54179,7.908867],[99.541747,7.909305],[99.541766,7.909418],[99.541764,7.909552],[99.541763,7.909642],[99.541762,7.909733],[99.541761,7.909892],[99.541759,7.910029],[99.541758,7.910168],[99.541756,7.910307],[99.541755,7.910447],[99.541694,7.910513],[99.541573,7.910574],[99.541491,7.910639],[99.541348,7.910746],[99.541306,7.910814],[99.541202,7.910926],[99.541159,7.911043],[99.541117,7.911112],[99.541072,7.911254],[99.541009,7.911323],[99.540925,7.91139],[99.540882,7.91146],[99.540837,7.91158],[99.540833,7.911703],[99.540871,7.911831],[99.540954,7.911837],[99.541057,7.911845],[99.54114,7.911851],[99.541223,7.911833],[99.541369,7.911794],[99.541453,7.911726],[99.541557,7.911659],[99.54162,7.91159],[99.541683,7.911496],[99.541724,7.911475],[99.541807,7.911384],[99.541869,7.911267],[99.541931,7.911174],[99.541972,7.911105],[99.542033,7.911013],[99.542115,7.910876],[99.542156,7.91076],[99.542196,7.910716],[99.542276,7.910604],[99.542336,7.910515],[99.542396,7.910402],[99.542476,7.910338],[99.542535,7.910296],[99.542614,7.91021],[99.542673,7.910145],[99.542693,7.910123],[99.543125,7.909927],[99.543913,7.910281],[99.545058,7.913006],[99.545519,7.913713],[99.545598,7.913809],[99.545837,7.914099],[99.545953,7.91429],[99.54611,7.91453],[99.546147,7.914625],[99.54622,7.914814],[99.546371,7.915149],[99.546445,7.915341],[99.546554,7.915676],[99.546584,7.915866],[99.546598,7.916292],[99.546673,7.916488],[99.546701,7.916728],[99.546729,7.91697],[99.546795,7.917313],[99.54692,7.917468],[99.547039,7.91772],[99.547159,7.917974],[99.54724,7.918127],[99.547412,7.918288],[99.547636,7.918354],[99.547818,7.918368],[99.548057,7.918189],[99.548244,7.918105],[99.548476,7.918025],[99.548705,7.917993],[99.548888,7.917958],[99.549117,7.917927],[99.549345,7.917895],[99.549573,7.917864],[99.549756,7.917829],[99.549988,7.917701],[99.550168,7.917715],[99.550736,7.917483],[99.55465,7.920277],[99.554912,7.918759],[99.555127,7.917849],[99.55526,7.917715],[99.555439,7.91768],[99.555662,7.917601],[99.556021,7.917628],[99.556245,7.917645],[99.556424,7.917659],[99.556608,7.917817],[99.556702,7.917969],[99.556846,7.918271],[99.556898,7.918518],[99.556952,7.918816],[99.557049,7.91902],[99.557233,7.919084],[99.557464,7.9192],[99.557691,7.919217],[99.557919,7.919235],[99.558101,7.919248],[99.558377,7.919319],[99.558561,7.919382],[99.558794,7.919499],[99.558981,7.919613],[99.559035,7.919766],[99.559139,7.920024],[99.559195,7.920229],[99.559255,7.920486],[99.55936,7.920748],[99.559469,7.921062],[99.55962,7.921278],[99.559724,7.921492],[99.559876,7.92171],[99.560028,7.921929],[99.560183,7.922201],[99.56029,7.922418],[99.560397,7.922636],[99.560602,7.922916],[99.560706,7.923082],[99.560993,7.923157],[99.561182,7.923172],[99.561374,7.923239],[99.56152,7.923304],[99.561906,7.92344],[99.562052,7.923504],[99.562391,7.923637],[99.56259,7.923759],[99.562836,7.923885],[99.562949,7.924109],[99.562958,7.924217],[99.562588,7.925066],[99.561833,7.929241],[99.564532,7.930646],[99.563617,7.932736],[99.560774,7.932757],[99.561697,7.936502],[99.565281,7.934511],[99.566306,7.936464],[99.568472,7.936073],[99.567507,7.939105],[99.571683,7.946782],[99.576017,7.944406],[99.577286,7.945639],[99.580633,7.944909],[99.58075,7.947027],[99.58306,7.946299],[99.581022,7.948404],[99.581776,7.949928],[99.582626,7.948891],[99.58536,7.950264],[99.583711,7.95182],[99.585701,7.956713],[99.596252,7.957345],[99.596929,7.959596],[99.595027,7.96346],[99.5919,7.962905],[99.594988,7.963539],[99.595027,7.96346],[99.597712,7.963937],[99.596455,7.968401],[99.599304,7.967777],[99.599593,7.967778],[99.598111,7.97035],[99.601939,7.978203],[99.606616,7.978738],[99.602843,7.983428],[99.596355,7.984072],[99.591567,7.987934],[99.587728,7.987955],[99.585539,7.992152],[99.581839,7.992322],[99.580819,7.997054],[99.576441,8.001897],[99.576881,8.014633],[99.574942,8.021322],[99.571073,8.025077],[99.571569,8.028614],[99.569539,8.03065],[99.569472,8.03368],[99.565848,8.033668],[99.561504,8.036085],[99.554289,8.035772],[99.550599,8.039358],[99.550483,8.042654],[99.546367,8.046074],[99.547594,8.050005],[99.542007,8.061366],[99.543101,8.062823],[99.541146,8.070513],[99.538126,8.073171],[99.537651,8.080061],[99.529338,8.078094],[99.524499,8.077788],[99.523154,8.079099],[99.522607,8.08759],[99.524635,8.102611],[99.521506,8.114084],[99.522869,8.135504],[99.52079,8.14394],[99.516676,8.142445],[99.504193,8.142585],[99.501309,8.124039],[99.497139,8.126489],[99.493019,8.126216],[99.490583,8.130553],[99.489719,8.136844],[99.48716,8.139539],[99.479606,8.139339],[99.477868,8.142797],[99.475606,8.143169],[99.472104,8.141398],[99.470367,8.138384],[99.46026,8.133995],[99.45774,8.12846],[99.463061,8.124377],[99.463018,8.121058],[99.443485,8.124561],[99.433506,8.122898],[99.422868,8.123229],[99.415668,8.12572],[99.407932,8.12248],[99.402165,8.12351],[99.395115,8.117299],[99.391963,8.110327],[99.392793,8.109009],[99.393143,8.108108],[99.393176,8.10798],[99.393255,8.107831],[99.393312,8.10768],[99.393369,8.107531],[99.393421,8.107433],[99.393453,8.107308],[99.393506,8.10721],[99.393533,8.107137],[99.393591,8.106965],[99.393598,8.106865],[99.393631,8.106718],[99.393639,8.106619],[99.39365,8.106471],[99.393657,8.106373],[99.393668,8.106227],[99.393677,8.106106],[99.393686,8.105985],[99.393693,8.105888],[99.393704,8.105744],[99.393709,8.105672],[99.39372,8.10553],[99.393707,8.105409],[99.393714,8.105315],[99.393681,8.10517],[99.393619,8.105142],[99.393458,8.104247],[99.391782,8.102822],[99.391824,8.102106],[99.392623,8.100429],[99.392794,8.099439],[99.392804,8.09931],[99.392861,8.09916],[99.392893,8.099034],[99.392903,8.098907],[99.392936,8.098782],[99.392946,8.098656],[99.392978,8.098532],[99.39303,8.098436],[99.393081,8.098339],[99.393133,8.098243],[99.393186,8.098123],[99.393262,8.098005],[99.393314,8.097886],[99.393343,8.097789],[99.393396,8.097671],[99.393447,8.097577],[99.393497,8.097484],[99.393527,8.097365],[99.393579,8.097248],[99.39363,8.097132],[99.393659,8.097039],[99.393662,8.096991],[99.393693,8.096851],[99.393722,8.096734],[99.39375,8.096642],[99.393776,8.096573],[99.393783,8.09648],[99.393854,8.096369],[99.39386,8.096276],[99.393908,8.09621],[99.393979,8.096099],[99.394004,8.096032],[99.394054,8.095921],[99.39406,8.09583],[99.394109,8.095719],[99.394182,8.095565],[99.394208,8.095477],[99.394253,8.095435],[99.394325,8.095283],[99.394351,8.095196],[99.394377,8.095108],[99.394468,8.094982],[99.394516,8.094875],[99.394563,8.094768],[99.394612,8.09464],[99.394658,8.094556],[99.394704,8.094472],[99.39473,8.094366],[99.394775,8.094282],[99.394822,8.094178],[99.394889,8.094076],[99.394955,8.093974],[99.395023,8.09383],[99.395068,8.093748],[99.395134,8.093648],[99.395157,8.093586],[99.395243,8.093467],[99.395308,8.093388],[99.395352,8.093308],[99.395416,8.093209],[99.39548,8.093131],[99.395522,8.093072],[99.395566,8.092993],[99.395588,8.092933],[99.395652,8.092835],[99.395736,8.092719],[99.395799,8.092622],[99.395821,8.092563],[99.395884,8.092467],[99.395948,8.092331],[99.395988,8.092294],[99.396052,8.092159],[99.396113,8.092084],[99.396155,8.092008],[99.396196,8.091952],[99.396277,8.09186],[99.396338,8.091746],[99.39642,8.091616],[99.39646,8.091541],[99.396501,8.091447],[99.397037,8.089943],[99.396964,8.088932],[99.395757,8.085107],[99.394319,8.078725],[99.394272,8.077814],[99.394292,8.076825],[99.394335,8.076762],[99.394379,8.076611],[99.394422,8.076527],[99.394465,8.076421],[99.394508,8.076315],[99.394551,8.07621],[99.394574,8.076082],[99.394596,8.075977],[99.394617,8.075893],[99.394639,8.075788],[99.394661,8.075662],[99.394662,8.075641],[99.394685,8.075453],[99.394686,8.075369],[99.394687,8.075244],[99.394689,8.075098],[99.394691,8.074974],[99.394691,8.074953],[99.394653,8.074786],[99.394615,8.07468],[99.394596,8.074597],[99.394579,8.074413],[99.39456,8.074351],[99.394522,8.074247],[99.394504,8.074146],[99.394505,8.074066],[99.394468,8.073963],[99.39447,8.073824],[99.394472,8.073726],[99.394474,8.073627],[99.394476,8.07351],[99.394477,8.073432],[99.394479,8.073315],[99.394461,8.073236],[99.394424,8.073156],[99.394387,8.073057],[99.39431,8.072993],[99.394233,8.072968],[99.393608,8.070948],[99.393718,8.070066],[99.394873,8.067577],[99.395299,8.066497],[99.395127,8.063974],[99.394775,8.062558],[99.394001,8.060937],[99.393463,8.059839],[99.393831,8.057919],[99.394197,8.057238],[99.394453,8.055557],[99.394032,8.054005],[99.39386,8.053599],[99.394344,8.052186],[99.39415,8.051241],[99.394635,8.050532],[99.394681,8.05051],[99.395418,8.049993],[99.395669,8.048504],[99.395439,8.047074],[99.395915,8.043849],[99.396699,8.04099],[99.397365,8.040221],[99.39799,8.039993],[99.398499,8.039622],[99.399741,8.036628],[99.400275,8.035803],[99.400415,8.034329],[99.400967,8.033544],[99.401699,8.033036],[99.401996,8.032388],[99.402645,8.028898],[99.402495,8.027324],[99.402727,8.02642],[99.404453,8.022179],[99.405169,8.021846],[99.405855,8.021516],[99.406223,8.020816],[99.406356,8.018942],[99.406051,8.018254],[99.405315,8.01784],[99.404888,8.017188],[99.404687,8.016288],[99.404951,8.014071],[99.404861,8.012202],[99.405067,8.011231],[99.405477,8.010847],[99.408555,8.00979],[99.40911,8.009482],[99.40969,8.009101],[99.411134,8.005269],[99.412178,8.003193],[99.412447,8.002301],[99.412844,8.000936],[99.412977,8.000304],[99.412176,7.999118],[99.410678,7.99755],[99.409273,7.996585],[99.408069,7.99514],[99.407203,7.992368],[99.405642,7.989795],[99.404349,7.988194],[99.403133,7.986897],[99.400936,7.985386],[99.397904,7.982978],[99.398553,7.982022],[99.398933,7.980647],[99.399542,7.979529],[99.399747,7.978664],[99.399783,7.977749],[99.398423,7.97607],[99.397199,7.973617],[99.39669,7.972286],[99.396435,7.971329],[99.395753,7.970762],[99.394774,7.96917],[99.394156,7.968146],[99.393603,7.966509],[99.393202,7.966016],[99.393009,7.965591],[99.393195,7.964801],[99.392891,7.964078],[99.392883,7.963399],[99.393103,7.962456],[99.393056,7.961148],[99.393328,7.96028],[99.393386,7.959422],[99.393076,7.958184],[99.39313,7.957489],[99.394033,7.956116],[99.394668,7.955444],[99.394863,7.95492],[99.394768,7.953902],[99.395248,7.953036],[99.394677,7.952795],[99.393204,7.952027],[99.392887,7.95174],[99.392637,7.950831],[99.390662,7.948915],[99.389776,7.947701],[99.388808,7.946709],[99.388354,7.946157],[99.387972,7.944697],[99.387787,7.943906],[99.386894,7.942983],[99.386203,7.942571],[99.384531,7.941954],[99.38142,7.942126],[99.380565,7.942719],[99.379454,7.943413],[99.378061,7.943987],[99.376149,7.944334],[99.374609,7.944558],[99.37356,7.944847],[99.373128,7.945448],[99.37173,7.946652],[99.370642,7.946693],[99.369939,7.946614],[99.369513,7.946014],[99.367077,7.944304],[99.367553,7.943835],[99.369404,7.943058],[99.370689,7.942459],[99.372823,7.942132],[99.373863,7.942065],[99.376391,7.940786],[99.377418,7.939433],[99.378386,7.937542],[99.379275,7.936663],[99.380862,7.935936],[99.382017,7.935113],[99.383019,7.93418],[99.384465,7.933297],[99.387137,7.932839],[99.389075,7.932205],[99.392099,7.928285],[99.394873,7.925921],[99.399397,7.924232],[99.401078,7.924061],[99.401125,7.924014],[99.405838,7.924375],[99.405928,7.924332],[99.416608,7.924092],[99.419827,7.924853],[99.422655,7.927577],[99.423322,7.928503],[99.424186,7.928477],[99.424228,7.928434],[99.424762,7.927692],[99.424645,7.926822],[99.423821,7.92631],[99.423044,7.925717],[99.422294,7.923745],[99.420098,7.921027],[99.419656,7.920303],[99.419156,7.918245],[99.419388,7.915982],[99.41834,7.912753],[99.416113,7.907282],[99.416128,7.905165],[99.416241,7.904337],[99.416623,7.903349],[99.416555,7.90229],[99.415883,7.901587],[99.415356,7.900483],[99.414632,7.900244],[99.414212,7.899081],[99.414458,7.897422],[99.415044,7.896178],[99.41711,7.894997],[99.418108,7.894582],[99.419023,7.894004],[99.418968,7.891162],[99.418979,7.89106],[99.419828,7.889157],[99.419371,7.887991],[99.418979,7.886756],[99.419283,7.884164],[99.420308,7.883112],[99.421476,7.882578],[99.4237,7.882859],[99.424714,7.879057],[99.424796,7.877391],[99.425386,7.875892],[99.427128,7.87542],[99.429971,7.875699],[99.431747,7.876145],[99.433536,7.876789],[99.434567,7.876555],[99.434972,7.875086],[99.436125,7.874459],[99.437339,7.874739],[99.439745,7.877146],[99.441535,7.877755],[99.444067,7.876932],[99.453195,7.873319],[99.455058,7.873161],[99.455826,7.873441],[99.457685,7.874208],[99.459508,7.874753],[99.460742,7.875989],[99.461611,7.87601],[99.462193,7.875458],[99.462709,7.875497],[99.462842,7.875462],[99.46319,7.875443],[99.463495,7.875421],[99.463637,7.875295],[99.463782,7.875125],[99.463927,7.874955],[99.464072,7.874786],[99.464297,7.874668],[99.464565,7.874554],[99.464781,7.874526],[99.464994,7.874542],[99.465199,7.874647],[99.465316,7.874791],[99.46548,7.874893],[99.465533,7.874763],[99.465639,7.874502],[99.465695,7.874328],[99.465748,7.874199],[99.465892,7.873988],[99.466032,7.873822],[99.466289,7.873797],[99.466455,7.873854],[99.46666,7.873958],[99.466992,7.874072],[99.467162,7.874085],[99.467328,7.874142],[99.46754,7.874158],[99.467635,7.873988],[99.467688,7.873816],[99.467701,7.873598],[99.467714,7.87338],[99.467728,7.873163],[99.467743,7.872904],[99.467795,7.872735],[99.467892,7.872526],[99.467983,7.872405],[99.46812,7.872201],[99.468257,7.871998],[99.468473,7.871844],[99.468605,7.871727],[99.468738,7.871568],[99.468872,7.871368],[99.468924,7.871162],[99.468937,7.870912],[99.469027,7.870752],[99.469074,7.870631],[99.469126,7.870428],[99.469173,7.870308],[99.469266,7.870068],[99.469355,7.86991],[99.469483,7.869798],[99.469612,7.869644],[99.469741,7.869491],[99.469866,7.86942],[99.470032,7.869351],[99.470197,7.869283],[99.470278,7.869289],[99.470564,7.86923],[99.470726,7.869243],[99.47089,7.869174],[99.471054,7.869106],[99.47126,7.869001],[99.471464,7.868937],[99.471627,7.868869],[99.47175,7.868798],[99.471954,7.868694],[99.472156,7.86863],[99.472319,7.868523],[99.472481,7.868456],[99.472725,7.868316],[99.472886,7.86821],[99.473048,7.868104],[99.473209,7.868037],[99.47333,7.867889],[99.47345,7.86782],[99.473651,7.867679],[99.47385,7.867577],[99.473931,7.867466],[99.47409,7.867401],[99.474248,7.867297],[99.474407,7.867231],[99.474565,7.867166],[99.474684,7.867175],[99.474961,7.867196],[99.475119,7.867208],[99.475239,7.867372],[99.475319,7.867572],[99.475399,7.867695],[99.475559,7.867786],[99.475718,7.867798],[99.475917,7.867813],[99.476113,7.867672],[99.476312,7.867687],[99.476431,7.867735],[99.476592,7.867825],[99.476674,7.867988],[99.476678,7.868145],[99.477255,7.868049],[99.478926,7.869708],[99.479642,7.87041],[99.48049,7.870394],[99.480866,7.869896],[99.48102,7.869787],[99.481214,7.869681],[99.481413,7.869656],[99.481566,7.869548],[99.481722,7.86948],[99.481878,7.869412],[99.482033,7.869344],[99.482185,7.869237],[99.482342,7.869209],[99.482543,7.869224],[99.482709,7.869316],[99.482879,7.869449],[99.483003,7.869498],[99.483253,7.869637],[99.483421,7.86973],[99.483629,7.869826],[99.483793,7.869878],[99.483961,7.869971],[99.484086,7.870021],[99.484291,7.870077],[99.48442,7.870167],[99.4846,7.870383],[99.484618,7.870587],[99.484759,7.870801],[99.484925,7.870854],[99.485007,7.870861],[99.485206,7.870835],[99.485401,7.870769],[99.485506,7.870614],[99.485611,7.87046],[99.485729,7.870429],[99.486012,7.87045],[99.486214,7.870466],[99.486371,7.870437],[99.486533,7.87045],[99.48669,7.870421],[99.486848,7.870393],[99.487009,7.870405],[99.487283,7.870346],[99.487394,7.870274],[99.487712,7.870258],[99.487919,7.870314],[99.488095,7.870448],[99.488513,7.87019],[99.489084,7.869259],[99.489645,7.869176],[99.489417,7.868244],[99.489597,7.867765],[99.490309,7.867089],[99.49117,7.866873],[99.491209,7.866238],[99.491141,7.865329],[99.49191,7.86531],[99.492433,7.865311],[99.492632,7.865326],[99.492797,7.865299],[99.493042,7.865279],[99.4932,7.865291],[99.493399,7.865306],[99.493504,7.865392],[99.493637,7.865558],[99.493777,7.865686],[99.493923,7.865775],[99.494036,7.865823],[99.494182,7.865913],[99.494369,7.866005],[99.494584,7.866179],[99.494651,7.866263],[99.49474,7.866468],[99.49479,7.86667],[99.494759,7.866867],[99.494734,7.867025],[99.494697,7.867262],[99.494753,7.867428],[99.494796,7.867673],[99.494812,7.867837],[99.494902,7.868047],[99.494959,7.868215],[99.49501,7.868423],[99.494985,7.868586],[99.495036,7.868796],[99.495093,7.868966],[99.495238,7.869101],[99.495425,7.86924],[99.495583,7.869294],[99.495853,7.86944],[99.496041,7.86958],[99.496312,7.869726],[99.496501,7.869866],[99.496649,7.870004],[99.49688,7.870148],[99.497029,7.870286],[99.497106,7.870334],[99.497297,7.870476],[99.497452,7.870573],[99.497613,7.870628],[99.497934,7.870738],[99.498142,7.870753],[99.49835,7.870769],[99.498557,7.870785],[99.498765,7.870801],[99.498977,7.870774],[99.499102,7.870784],[99.499309,7.8708],[99.499471,7.870855],[99.499623,7.870994],[99.499767,7.871219],[99.499874,7.871399],[99.499898,7.871573],[99.499918,7.871791],[99.499946,7.871923],[99.50005,7.872149],[99.500167,7.872245],[99.500285,7.872341],[99.500486,7.872444],[99.500811,7.8726],[99.501059,7.872663],[99.501236,7.872589],[99.501424,7.872384],[99.501566,7.872221],[99.501734,7.872233],[99.501905,7.872203],[99.502115,7.872219],[99.502409,7.872241],[99.502776,7.8724],[99.502983,7.872459],[99.503151,7.872472],[99.503361,7.872488],[99.503526,7.872545],[99.503812,7.872697],[99.50398,7.87271],[99.503795,7.872844],[99.50401,7.873002],[99.504279,7.873165],[99.504623,7.873317],[99.505019,7.873294],[99.505181,7.873153],[99.505392,7.873169],[99.505526,7.873048],[99.505703,7.872886],[99.505836,7.872764],[99.506049,7.872737],[99.506217,7.87275],[99.506427,7.872766],[99.506555,7.872967],[99.506677,7.873099],[99.506919,7.87311],[99.506909,7.873373],[99.506903,7.873505],[99.506892,7.87377],[99.506883,7.873992],[99.506878,7.874126],[99.506952,7.8744],[99.507119,7.874503],[99.50729,7.874516],[99.50759,7.874494],[99.507806,7.874421],[99.508022,7.874347],[99.508374,7.874525],[99.509024,7.874537],[99.509405,7.87451],[99.509539,7.87437],[99.509758,7.874313],[99.509765,7.874183],[99.509645,7.874203],[99.509857,7.874219],[99.510154,7.873866],[99.510454,7.87387],[99.510706,7.873727],[99.51071,7.873884],[99.510838,7.873805],[99.511007,7.873774],[99.511261,7.873794],[99.511445,7.873622],[99.511794,7.87372],[99.512023,7.874029],[99.512193,7.874175],[99.512321,7.874318],[99.512577,7.874516],[99.512748,7.874618],[99.51292,7.874721],[99.51322,7.874923],[99.513391,7.874936],[99.513647,7.874956],[99.51386,7.874972],[99.514073,7.874989],[99.514287,7.875005],[99.514499,7.874976],[99.514667,7.874899],[99.514835,7.874822],[99.515048,7.874839],[99.515175,7.874848],[99.515432,7.874913],[99.515562,7.874967],[99.515734,7.875025],[99.515908,7.875129],[99.516126,7.87528],[99.516303,7.875429],[99.516396,7.875617],[99.516534,7.875855],[99.516671,7.876047],[99.516849,7.876198],[99.517112,7.876309],[99.517284,7.876323],[99.517413,7.876332],[99.517588,7.876392],[99.517767,7.876543],[99.517991,7.876698],[99.518166,7.876758],[99.518342,7.876817],[99.518647,7.876887],[99.518906,7.876906],[99.519122,7.876923],[99.519336,7.876893],[99.519502,7.876813],[99.519665,7.876688],[99.519745,7.876602],[99.520037,7.876487],[99.520199,7.876362],[99.520278,7.876277],[99.520446,7.876244],[99.520607,7.87612],[99.521064,7.875973],[99.521189,7.875938],[99.521348,7.875814],[99.521469,7.875733],[99.521675,7.875659],[99.521919,7.875542],[99.522128,7.875514],[99.52229,7.875436],[99.522532,7.87532],[99.522779,7.87525],[99.522936,7.875128],[99.523135,7.87501],[99.523295,7.874933],[99.523502,7.874905],[99.523667,7.874873],[99.523832,7.874841],[99.524165,7.874823],[99.52425,7.874829],[99.524519,7.874982],[99.524662,7.875126],[99.52473,7.875354],[99.52475,7.875535],[99.524776,7.875761],[99.524727,7.876072],[99.524742,7.876209],[99.524768,7.876438],[99.524837,7.876671],[99.524912,7.876951],[99.525062,7.877146],[99.525208,7.877295],[99.525489,7.877501],[99.525679,7.877655],[99.525777,7.877755],[99.525968,7.877909],[99.526506,7.878449],[99.52716,7.878995],[99.527454,7.879155],[99.528482,7.878824],[99.528702,7.878785],[99.52876,7.878789],[99.528854,7.878818],[99.528889,7.878843],[99.528995,7.878917],[99.529066,7.878967],[99.529157,7.879019],[99.529228,7.879069],[99.529319,7.87912],[99.529391,7.87917],[99.529446,7.879197],[99.529541,7.879227],[99.529613,7.879277],[99.529721,7.879353],[99.529797,7.879381],[99.529869,7.879432],[99.529967,7.879439],[99.53006,7.879492],[99.530136,7.87952],[99.530209,7.879571],[99.530268,7.879575],[99.530364,7.879606],[99.53044,7.879634],[99.530539,7.879642],[99.530618,7.879648],[99.530717,7.879655],[99.530835,7.879664],[99.530914,7.87967],[99.530993,7.879676],[99.531087,7.879729],[99.531166,7.879735],[99.531243,7.879764],[99.531342,7.879771],[99.531445,7.879733],[99.531529,7.879694],[99.531558,7.879606],[99.531543,7.879559],[99.531471,7.879486],[99.531382,7.879389],[99.531376,7.879254],[99.531386,7.879166],[99.531414,7.87908],[99.531428,7.878948],[99.531439,7.878839],[99.531412,7.878728],[99.531339,7.878679],[99.531233,7.878584],[99.531122,7.878532],[99.531034,7.878461],[99.530926,7.878388],[99.530854,7.87834],[99.530862,7.878276],[99.530874,7.878171],[99.530923,7.878089],[99.531009,7.878011],[99.531087,7.877996],[99.531189,7.877941],[99.531251,7.877904],[99.531314,7.877846],[99.531364,7.877745],[99.531446,7.877689],[99.531528,7.877633],[99.531605,7.877619],[99.531718,7.877627],[99.531816,7.877593],[99.531891,7.877599],[99.53195,7.877583],[99.532085,7.877552],[99.532181,7.877539],[99.532293,7.877547],[99.532406,7.877556],[99.532481,7.877562],[99.532631,7.877573],[99.532781,7.877585],[99.532912,7.877595],[99.533025,7.877603],[99.533194,7.877616],[99.533268,7.877642],[99.533359,7.87769],[99.533395,7.877714],[99.533486,7.877782],[99.533517,7.877889],[99.533569,7.877976],[99.533603,7.878062],[99.533655,7.87815],[99.533671,7.878214],[99.533666,7.878298],[99.533602,7.878421],[99.53356,7.878482],[99.533497,7.878584],[99.533453,7.878667],[99.533446,7.878796],[99.533498,7.878909],[99.533553,7.878957],[99.53359,7.879003],[99.533683,7.879076],[99.533778,7.879127],[99.533874,7.879157],[99.533932,7.879161],[99.534122,7.879286],[99.534198,7.879336],[99.534312,7.879433],[99.534388,7.879506],[99.534464,7.879557],[99.534598,7.879679],[99.534713,7.879778],[99.53485,7.879856],[99.534928,7.879885],[99.534987,7.879912],[99.535124,7.879968],[99.535202,7.879997],[99.535281,7.880048],[99.535379,7.880079],[99.535478,7.880155],[99.535596,7.88021],[99.535636,7.880236],[99.535755,7.880314],[99.535894,7.880417],[99.535954,7.880445],[99.536073,7.8805],[99.536173,7.880555],[99.536254,7.880607],[99.536374,7.880663],[99.536475,7.880694],[99.536576,7.880772],[99.536697,7.880828],[99.536798,7.880883],[99.536839,7.88091],[99.536961,7.880966],[99.537103,7.881048],[99.537185,7.881078],[99.537288,7.881158],[99.537411,7.881215],[99.537514,7.88127],[99.537596,7.881325],[99.537699,7.881356],[99.537761,7.881409],[99.537864,7.881441],[99.53805,7.881528],[99.538217,7.881613],[99.53832,7.881645],[99.538403,7.881676],[99.538465,7.881705],[99.538508,7.881732],[99.539201,7.882054],[99.539416,7.882468],[99.539427,7.88262],[99.539437,7.882747],[99.539446,7.882875],[99.539477,7.883005],[99.539489,7.88316],[99.539431,7.883233],[99.539351,7.883279],[99.539289,7.8833],[99.538851,7.88325],[99.536821,7.883164],[99.536419,7.88303],[99.536292,7.88302],[99.536166,7.88301],[99.536103,7.883006],[99.535955,7.88302],[99.535828,7.883063],[99.535744,7.883056],[99.535596,7.883097],[99.535511,7.883117],[99.535384,7.883133],[99.535299,7.883153],[99.535214,7.883172],[99.535128,7.883218],[99.534978,7.883286],[99.534893,7.883305],[99.534848,7.883408],[99.534759,7.883534],[99.534735,7.883638],[99.534711,7.883744],[99.534687,7.88385],[99.534662,7.883983],[99.534616,7.884088],[99.534592,7.884168],[99.534565,7.884331],[99.534562,7.884441],[99.534558,7.88458],[99.53467,7.885868],[99.535046,7.886326],[99.53545,7.886649],[99.535468,7.886651],[99.535592,7.886753],[99.535681,7.886778],[99.535717,7.886799],[99.535842,7.886864],[99.535931,7.886927],[99.536056,7.886955],[99.53611,7.886996],[99.536219,7.887061],[99.536254,7.887064],[99.536326,7.887088],[99.536434,7.887115],[99.536543,7.887161],[99.536651,7.887188],[99.536742,7.887232],[99.536796,7.887255],[99.536924,7.887322],[99.53696,7.887324],[99.537088,7.887391],[99.537199,7.887456],[99.537292,7.88754],[99.537349,7.887602],[99.537406,7.887683],[99.537464,7.887764],[99.537503,7.887825],[99.537526,7.887924],[99.537586,7.888046],[99.537629,7.888167],[99.537669,7.888249],[99.537692,7.888349],[99.537717,7.888471],[99.537721,7.888551],[99.537726,7.888652],[99.53773,7.888733],[99.537716,7.888833],[99.537664,7.888911],[99.537612,7.888988],[99.53754,7.889044],[99.537487,7.889123],[99.537396,7.889198],[99.537325,7.889297],[99.537233,7.889352],[99.537122,7.889407],[99.537009,7.889419],[99.536934,7.889455],[99.536915,7.889454],[99.536821,7.889467],[99.536708,7.889501],[99.536594,7.889492],[99.536481,7.889526],[99.536386,7.88954],[99.536272,7.889552],[99.536063,7.889578],[99.535949,7.889612],[99.535854,7.889605],[99.535759,7.88964],[99.535663,7.889654],[99.53551,7.889706],[99.535415,7.88972],[99.535299,7.889754],[99.535184,7.889789],[99.535049,7.889821],[99.534972,7.889837],[99.534875,7.889851],[99.534702,7.889881],[99.534644,7.889877],[99.534527,7.889911],[99.534469,7.889928],[99.534333,7.889939],[99.534235,7.889997],[99.534136,7.890055],[99.534056,7.890114],[99.533956,7.890194],[99.533856,7.890253],[99.533814,7.890338],[99.53375,7.890444],[99.533726,7.890553],[99.533723,7.89062],[99.533574,7.89103]]}},{"type":"Feature","properties":{"_gpxType":"trk","name":"อ.จุฬาภรณ์","desc":"อ.จุฬาภรณ์","coordinateProperties":{}},"geometry":{"type":"LineString","coordinates":[[99.792236,8.027319],[99.789053,8.018913],[99.788894,8.013213],[99.792811,8.016233],[99.797714,8.016114],[99.805295,8.011322],[99.822209,8.008333],[99.822247,8.008334],[99.826046,8.007558],[99.835786,8.011044],[99.838766,8.009172],[99.843597,8.010347],[99.843645,8.010351],[99.84535,8.010749],[99.846689,8.008937],[99.848261,8.011504],[99.851021,8.01182],[99.851256,8.013535],[99.853529,8.013173],[99.853568,8.013176],[99.859572,8.012133],[99.866528,8.015092],[99.867004,8.017415],[99.877511,8.018597],[99.879518,8.022075],[99.883385,8.021947],[99.884178,8.024145],[99.887605,8.02441],[99.889612,8.02725],[99.896407,8.02699],[99.898115,8.024607],[99.907289,8.028904],[99.91097,8.021495],[99.922251,8.021365],[99.933705,8.027968],[99.938504,8.0291],[99.938079,8.035487],[99.9399,8.036627],[99.938943,8.038729],[99.939913,8.039509],[99.94177,8.037419],[99.941824,8.037421],[99.946282,8.038207],[99.946343,8.038201],[99.94767,8.037036],[99.949089,8.040602],[99.949126,8.040603],[99.952761,8.039385],[99.955678,8.044678],[99.954259,8.046648],[99.954633,8.051514],[99.956668,8.052373],[99.955368,8.054739],[99.957568,8.057884],[99.954643,8.070801],[99.96244,8.076996],[99.961062,8.082881],[99.957385,8.086482],[99.955157,8.098382],[99.950903,8.103795],[99.949554,8.117609],[99.934653,8.116808],[99.935524,8.126949],[99.927016,8.124626],[99.924155,8.128149],[99.920003,8.127292],[99.919114,8.128331],[99.920122,8.116107],[99.917773,8.113605],[99.891603,8.109659],[99.894541,8.121999],[99.883467,8.122381],[99.881277,8.127782],[99.876913,8.128932],[99.876058,8.132182],[99.872246,8.135961],[99.869284,8.14539],[99.862081,8.150207],[99.860894,8.140109],[99.858982,8.13923],[99.858894,8.139226],[99.857837,8.138437],[99.857778,8.138437],[99.856146,8.139586],[99.854503,8.136325],[99.852025,8.136946],[99.851956,8.136943],[99.850048,8.138345],[99.846879,8.13782],[99.846846,8.137818],[99.845835,8.137074],[99.845794,8.137068],[99.843643,8.136811],[99.842929,8.138852],[99.841094,8.137493],[99.84106,8.137495],[99.836345,8.141397],[99.834228,8.140852],[99.834183,8.14085],[99.831953,8.140472],[99.831918,8.14047],[99.831746,8.14037],[99.831702,8.140369],[99.828965,8.13877],[99.828934,8.138759],[99.826279,8.134782],[99.82624,8.134777],[99.821996,8.13476],[99.821958,8.134759],[99.814823,8.138271],[99.809238,8.137262],[99.809187,8.137262],[99.80335,8.132946],[99.801243,8.12965],[99.801313,8.12653],[99.79522,8.122665],[99.793569,8.113657],[99.791616,8.109707],[99.789276,8.109079],[99.789156,8.109078],[99.786409,8.104254],[99.786595,8.100011],[99.782564,8.096168],[99.777334,8.085225],[99.777847,8.083034],[99.775761,8.081567],[99.775676,8.081561],[99.772013,8.077793],[99.772604,8.075777],[99.769847,8.071325],[99.771173,8.068411],[99.777876,8.059781],[99.777013,8.041881],[99.779899,8.038074],[99.786845,8.034379],[99.792236,8.027319]]}},{"type":"Feature","properties":{"_gpxType":"trk","name":"อ.ชะอวด","desc":"อ.ชะอวด","coordinateProperties":{}},"geometry":{"type":"LineString","coordinates":[[100.041861,8.112299],[100.035852,8.112793],[100.034089,8.116927],[100.035079,8.118739],[100.030474,8.122405],[100.030049,8.125942],[100.027652,8.126389],[100.024844,8.124626],[100.024789,8.124627],[100.023172,8.118041],[100.014781,8.107952],[100.000859,8.106584],[99.97897,8.099084],[99.97279,8.09253],[99.963671,8.087924],[99.964476,8.08567],[99.961062,8.082881],[99.96244,8.076996],[99.954643,8.070801],[99.957568,8.057884],[99.955368,8.054739],[99.956668,8.052373],[99.954633,8.051514],[99.954259,8.046648],[99.955678,8.044678],[99.952761,8.039385],[99.949126,8.040603],[99.949089,8.040602],[99.94767,8.037036],[99.946343,8.038201],[99.946282,8.038207],[99.941824,8.037421],[99.94177,8.037419],[99.939913,8.039509],[99.938943,8.038729],[99.9399,8.036627],[99.938079,8.035487],[99.938504,8.0291],[99.933705,8.027968],[99.922251,8.021365],[99.91097,8.021495],[99.907289,8.028904],[99.898115,8.024607],[99.896407,8.02699],[99.889612,8.02725],[99.887605,8.02441],[99.884178,8.024145],[99.883385,8.021947],[99.879518,8.022075],[99.877511,8.018597],[99.867004,8.017415],[99.866528,8.015092],[99.859572,8.012133],[99.853568,8.013176],[99.853529,8.013173],[99.851256,8.013535],[99.851021,8.01182],[99.848261,8.011504],[99.846689,8.008937],[99.84535,8.010749],[99.843645,8.010351],[99.843597,8.010347],[99.838766,8.009172],[99.835786,8.011044],[99.826046,8.007558],[99.822247,8.008334],[99.822209,8.008333],[99.805295,8.011322],[99.797714,8.016114],[99.792811,8.016233],[99.788894,8.013213],[99.78785,8.010111],[99.792498,8.002008],[99.794393,7.994533],[99.801727,7.993397],[99.812273,7.989172],[99.822868,7.981155],[99.826863,7.980017],[99.826634,7.974385],[99.828721,7.97247],[99.829313,7.967901],[99.828335,7.96357],[99.821532,7.956742],[99.804233,7.945089],[99.805667,7.942091],[99.805176,7.937575],[99.799316,7.927326],[99.797766,7.920966],[99.798342,7.909916],[99.795074,7.909657],[99.792204,7.906854],[99.786822,7.908746],[99.777552,7.90405],[99.776212,7.891875],[99.774378,7.891827],[99.773586,7.889214],[99.76676,7.888192],[99.766048,7.882595],[99.758427,7.874387],[99.757706,7.869917],[99.75114,7.869071],[99.7379,7.860885],[99.737751,7.859314],[99.736759,7.857612],[99.739889,7.857341],[99.744258,7.860157],[99.747408,7.859576],[99.749115,7.856525],[99.752345,7.857327],[99.754334,7.858117],[99.755869,7.857223],[99.758214,7.858467],[99.761155,7.858961],[99.763281,7.860524],[99.765994,7.858708],[99.768938,7.859202],[99.771191,7.856772],[99.776305,7.857442],[99.782383,7.856897],[99.785879,7.861703],[99.790902,7.864364],[99.793759,7.869873],[99.795609,7.874292],[99.798756,7.875589],[99.796997,7.878738],[99.797918,7.883373],[99.800453,7.885325],[99.802201,7.88647],[99.801876,7.888723],[99.80923,7.892044],[99.813789,7.889153],[99.816686,7.884864],[99.81954,7.884095],[99.822922,7.887023],[99.828608,7.884356],[99.831191,7.886151],[99.837228,7.885576],[99.838915,7.888976],[99.842963,7.890801],[99.849529,7.889393],[99.85061,7.887643],[99.858923,7.889048],[99.861907,7.886442],[99.867903,7.886912],[99.882973,7.893523],[99.890321,7.886],[99.894466,7.884414],[99.917386,7.87039],[99.919331,7.872537],[99.921879,7.872089],[99.924001,7.872232],[99.925927,7.872697],[99.928131,7.872366],[99.931303,7.875795],[99.931807,7.875447],[99.932692,7.875457],[99.932953,7.876815],[99.935709,7.878481],[99.937051,7.879409],[99.939735,7.880081],[99.940283,7.881007],[99.942153,7.880383],[99.943449,7.882706],[99.947626,7.881087],[99.947904,7.87834],[99.950584,7.878643],[99.951517,7.87633],[99.952636,7.877438],[99.954538,7.876544],[99.956669,7.876841],[99.958223,7.875129],[99.959322,7.873515],[99.963136,7.872837],[99.965435,7.872504],[99.96976,7.871924],[99.971527,7.872659],[99.972942,7.872943],[99.973483,7.874029],[99.975741,7.871097],[99.981644,7.868241],[99.991292,7.861846],[99.996593,7.855753],[100.005387,7.855038],[100.015821,7.851219],[100.022854,7.84874],[100.032352,7.846861],[100.032429,7.846862],[100.042434,7.841669],[100.045475,7.843292],[100.051112,7.842923],[100.053231,7.840093],[100.054941,7.838556],[100.056004,7.83788],[100.059499,7.839553],[100.060576,7.841474],[100.064198,7.84335],[100.070417,7.840708],[100.072676,7.840125],[100.073199,7.841869],[100.075551,7.841894],[100.07645,7.845155],[100.07808,7.84955],[100.081893,7.851949],[100.08357,7.853336],[100.085897,7.853544],[100.088847,7.85625],[100.093869,7.85929],[100.099379,7.861539],[100.10651,7.862262],[100.112543,7.863757],[100.121459,7.867252],[100.130293,7.869902],[100.138912,7.870783],[100.145379,7.871023],[100.156917,7.87202],[100.163143,7.872571],[100.167093,7.872612],[100.17044,7.872322],[100.173417,7.873083],[100.174359,7.874972],[100.17742,7.876733],[100.156222,7.901851],[100.151165,7.910436],[100.144843,7.925066],[100.13962,7.944749],[100.142524,7.955267],[100.150345,7.962477],[100.1466,7.969906],[100.151031,7.97598],[100.14939,7.992522],[100.15643,7.993626],[100.162553,7.997104],[100.163005,8.000962],[100.166843,8.002102],[100.168191,8.008447],[100.170529,8.009679],[100.173341,8.006557],[100.174411,8.010965],[100.097055,8.029397],[100.074734,8.033075],[100.071137,8.039285],[100.06178,8.045426],[100.061007,8.049055],[100.060968,8.04906],[100.059324,8.047979],[100.052792,8.053127],[100.045448,8.054726],[100.044606,8.061146],[100.04179,8.063953],[100.044914,8.066523],[100.042476,8.069653],[100.046294,8.071674],[100.042352,8.072419],[100.043614,8.078764],[100.042523,8.082125],[100.040464,8.081723],[100.039978,8.083424],[100.040794,8.085063],[100.044508,8.08515],[100.045947,8.08683],[100.043287,8.087557],[100.041386,8.093732],[100.036404,8.094294],[100.037616,8.0988],[100.03341,8.103675],[100.041072,8.106504],[100.041861,8.112299]]}},{"type":"Feature","properties":{"_gpxType":"trk","name":"อ.หัวไทร","desc":"อ.หัวไทร","coordinateProperties":{}},"geometry":{"type":"LineString","coordinates":[[100.279904,7.913367],[100.294557,7.91598],[100.308211,7.913809],[100.306907,7.922995],[100.309775,7.928429],[100.312002,7.936074],[100.316533,7.937242],[100.317958,7.936807],[100.320161,7.937354],[100.321779,7.936621],[100.324283,7.938224],[100.326241,7.939077],[100.33434,7.935705],[100.33504,7.931204],[100.336575,7.931797],[100.295102,8.171258],[100.259266,8.173097],[100.260213,8.176475],[100.257759,8.177809],[100.256339,8.176021],[100.256291,8.176021],[100.254474,8.175716],[100.254419,8.175712],[100.251055,8.176003],[100.251008,8.175995],[100.249597,8.176185],[100.249554,8.176183],[100.243042,8.178699],[100.236803,8.177283],[100.234757,8.165944],[100.227912,8.147986],[100.225561,8.145655],[100.225917,8.140023],[100.224078,8.139898],[100.221826,8.135368],[100.217559,8.122161],[100.220844,8.119193],[100.21775,8.111395],[100.222674,8.109958],[100.220501,8.104643],[100.224122,8.103617],[100.223106,8.097922],[100.218626,8.08954],[100.215138,8.088832],[100.213016,8.086362],[100.216984,8.079547],[100.214284,8.07963],[100.211069,8.074809],[100.206288,8.073691],[100.201669,8.066086],[100.202186,8.060087],[100.200409,8.051556],[100.192908,8.050965],[100.190148,8.045405],[100.189441,8.033645],[100.192383,8.024892],[100.190548,8.015719],[100.193852,8.010114],[100.174411,8.010965],[100.173341,8.006557],[100.170529,8.009679],[100.168191,8.008447],[100.166843,8.002102],[100.163005,8.000962],[100.162553,7.997104],[100.15643,7.993626],[100.14939,7.992522],[100.151031,7.97598],[100.1466,7.969906],[100.150345,7.962477],[100.142524,7.955267],[100.13962,7.944749],[100.144843,7.925066],[100.151165,7.910436],[100.156222,7.901851],[100.177495,7.876479],[100.219035,7.881312],[100.218605,7.882814],[100.234322,7.884486],[100.238847,7.887352],[100.242118,7.890594],[100.243356,7.893359],[100.250675,7.894228],[100.251986,7.894186],[100.257319,7.898273],[100.259075,7.901263],[100.262861,7.902549],[100.263255,7.907225],[100.263085,7.909526],[100.261757,7.914439],[100.279904,7.913367]]}},{"type":"Feature","properties":{"_gpxType":"trk","name":"อ.เชียรใหญ่","desc":"อ.เชียรใหญ่","coordinateProperties":{}},"geometry":{"type":"LineString","coordinates":[[100.224078,8.139898],[100.225917,8.140023],[100.225561,8.145655],[100.227912,8.147986],[100.234757,8.165944],[100.236803,8.177283],[100.243042,8.178699],[100.249554,8.176183],[100.249597,8.176185],[100.251008,8.175995],[100.251055,8.176003],[100.254419,8.175712],[100.254474,8.175716],[100.256291,8.176021],[100.256339,8.176021],[100.257759,8.177809],[100.256534,8.180445],[100.259597,8.183195],[100.255981,8.189469],[100.257064,8.195651],[100.250699,8.194644],[100.245909,8.200479],[100.242736,8.198794],[100.239523,8.199981],[100.237688,8.196791],[100.212818,8.201669],[100.212598,8.207832],[100.207426,8.207944],[100.204028,8.218761],[100.191786,8.21936],[100.189915,8.223639],[100.186491,8.223943],[100.187505,8.226046],[100.184282,8.225052],[100.18299,8.227593],[100.181597,8.226602],[100.181171,8.228334],[100.179545,8.227477],[100.178229,8.229534],[100.176734,8.228361],[100.174521,8.229332],[100.17432,8.226815],[100.172226,8.225869],[100.172188,8.225868],[100.171343,8.224364],[100.167119,8.223833],[100.164504,8.220383],[100.159739,8.219307],[100.155619,8.221825],[100.132315,8.221735],[100.127142,8.211783],[100.127032,8.206965],[100.117009,8.214416],[100.104016,8.219587],[100.081142,8.224507],[100.07753,8.225284],[100.082295,8.21911],[100.084666,8.22063],[100.088347,8.217334],[100.087177,8.213969],[100.088588,8.212738],[100.083598,8.204448],[100.094074,8.200836],[100.103351,8.193725],[100.115913,8.191545],[100.115858,8.190093],[100.121993,8.187101],[100.122666,8.183959],[100.125743,8.182246],[100.120455,8.174174],[100.117115,8.1758],[100.112761,8.175049],[100.112679,8.175042],[100.110215,8.171673],[100.10807,8.172173],[100.104185,8.164607],[100.101695,8.165045],[100.097771,8.161905],[100.081756,8.147917],[100.076776,8.140988],[100.089181,8.131679],[100.105244,8.122446],[100.107202,8.119599],[100.098962,8.110354],[100.094937,8.113935],[100.091108,8.103721],[100.088098,8.103603],[100.083689,8.107676],[100.07772,8.110209],[100.076182,8.106911],[100.077118,8.097163],[100.075577,8.096807],[100.074768,8.085324],[100.078176,8.081045],[100.069917,8.07786],[100.067914,8.073274],[100.062604,8.068863],[100.0604,8.068959],[100.052792,8.053127],[100.059324,8.047979],[100.060968,8.04906],[100.061007,8.049055],[100.06178,8.045426],[100.071137,8.039285],[100.074734,8.033075],[100.097055,8.029397],[100.174411,8.010965],[100.193852,8.010114],[100.190548,8.015719],[100.192383,8.024892],[100.189441,8.033645],[100.190148,8.045405],[100.192908,8.050965],[100.200409,8.051556],[100.202186,8.060087],[100.201669,8.066086],[100.206288,8.073691],[100.211069,8.074809],[100.214284,8.07963],[100.216984,8.079547],[100.213016,8.086362],[100.215138,8.088832],[100.218626,8.08954],[100.223106,8.097922],[100.224122,8.103617],[100.220501,8.104643],[100.222674,8.109958],[100.21775,8.111395],[100.220844,8.119193],[100.217559,8.122161],[100.221826,8.135368],[100.224078,8.139898]]}},{"type":"Feature","properties":{"_gpxType":"trk","name":"อ.เฉลิมพระเกียรติ","desc":"อ.เฉลิมพระเกียรติ","coordinateProperties":{}},"geometry":{"type":"LineString","coordinates":[[100.121993,8.187101],[100.115858,8.190093],[100.115913,8.191545],[100.103351,8.193725],[100.094074,8.200836],[100.083598,8.204448],[100.088588,8.212738],[100.087177,8.213969],[100.088347,8.217334],[100.084666,8.22063],[100.082295,8.21911],[100.07753,8.225284],[100.07583,8.227681],[100.07678,8.229304],[100.07208,8.234057],[100.063939,8.227227],[100.061446,8.221849],[100.057079,8.218734],[100.019052,8.248139],[100.015968,8.249645],[100.013224,8.24767],[100.007381,8.247038],[100.006594,8.249947],[100.002743,8.253475],[99.997481,8.256072],[99.9916,8.25515],[99.984277,8.260911],[99.976507,8.26234],[99.974348,8.261345],[99.972765,8.256761],[99.966429,8.256955],[99.960716,8.254096],[99.956725,8.257318],[99.954485,8.262407],[99.947761,8.262989],[99.944118,8.266741],[99.942114,8.266652],[99.94123,8.262818],[99.942902,8.244877],[99.932146,8.231752],[99.938565,8.230872],[99.949984,8.233648],[99.95748,8.232181],[99.967101,8.2347],[99.977404,8.234539],[99.978442,8.232843],[99.992765,8.238827],[99.99308,8.233943],[99.994913,8.233874],[99.99505,8.231297],[99.992371,8.22503],[99.992664,8.212415],[99.995966,8.210491],[100.002333,8.212717],[100.003875,8.216637],[100.006269,8.216831],[100.008593,8.212918],[100.006817,8.209708],[100.009611,8.208696],[100.01057,8.211058],[100.012509,8.210403],[100.012833,8.207468],[100.009883,8.2061],[100.011551,8.204071],[100.014673,8.205096],[100.01479,8.20346],[100.012423,8.202294],[100.015815,8.200633],[100.011307,8.190467],[100.015332,8.188853],[100.014437,8.184965],[100.026436,8.171966],[100.024104,8.159917],[100.031263,8.154527],[100.032904,8.148483],[100.027141,8.136087],[100.028864,8.131555],[100.027652,8.126389],[100.030049,8.125942],[100.030474,8.122405],[100.035079,8.118739],[100.034089,8.116927],[100.035852,8.112793],[100.041861,8.112299],[100.041072,8.106504],[100.03341,8.103675],[100.037616,8.0988],[100.036404,8.094294],[100.041386,8.093732],[100.043287,8.087557],[100.045947,8.08683],[100.044508,8.08515],[100.040794,8.085063],[100.039978,8.083424],[100.040464,8.081723],[100.042523,8.082125],[100.043614,8.078764],[100.042352,8.072419],[100.046294,8.071674],[100.042476,8.069653],[100.044914,8.066523],[100.04179,8.063953],[100.044606,8.061146],[100.045448,8.054726],[100.052792,8.053127],[100.0604,8.068959],[100.062604,8.068863],[100.067914,8.073274],[100.069917,8.07786],[100.078176,8.081045],[100.074768,8.085324],[100.075577,8.096807],[100.077118,8.097163],[100.076182,8.106911],[100.07772,8.110209],[100.083689,8.107676],[100.088098,8.103603],[100.091108,8.103721],[100.094937,8.113935],[100.098962,8.110354],[100.107202,8.119599],[100.105244,8.122446],[100.089181,8.131679],[100.076776,8.140988],[100.081756,8.147917],[100.097771,8.161905],[100.101695,8.165045],[100.104185,8.164607],[100.10807,8.172173],[100.110215,8.171673],[100.112679,8.175042],[100.112761,8.175049],[100.117115,8.1758],[100.120455,8.174174],[100.125743,8.182246],[100.122666,8.183959],[100.121993,8.187101]]}},{"type":"Feature","properties":{"_gpxType":"trk","name":"อ.ทุ่งสง","desc":"อ.ทุ่งสง","coordinateProperties":{}},"geometry":{"type":"LineString","coordinates":[[99.633229,8.008802],[99.634348,8.010636],[99.638617,8.011084],[99.645001,8.011826],[99.651037,8.01028],[99.65247,8.011777],[99.652554,8.011777],[99.654901,8.011321],[99.654957,8.011326],[99.657386,8.012904],[99.659201,8.010615],[99.661495,8.011579],[99.661545,8.011584],[99.666511,8.006782],[99.670383,8.006989],[99.671092,8.008328],[99.672041,8.005889],[99.672104,8.00589],[99.673013,8.008164],[99.673792,8.006499],[99.676611,8.00629],[99.676271,8.004909],[99.675926,8.003513],[99.676528,8.004744],[99.676585,8.004746],[99.677707,8.003967],[99.67697,8.001361],[99.682477,7.998184],[99.685122,7.998799],[99.689051,7.995202],[99.691218,7.996866],[99.691262,7.996866],[99.69473,7.995936],[99.698584,7.991027],[99.702687,7.990973],[99.704051,7.99239],[99.705156,7.990932],[99.707504,7.99246],[99.710534,7.990681],[99.710696,7.990682],[99.713206,7.990142],[99.714201,7.992717],[99.714297,7.992719],[99.717807,7.992881],[99.721839,7.997427],[99.722508,7.995347],[99.722603,7.995345],[99.725515,7.997207],[99.725219,7.999064],[99.727566,7.997912],[99.729929,7.999546],[99.733457,7.99499],[99.739557,7.98794],[99.743767,7.983858],[99.747473,7.983214],[99.750028,7.982097],[99.752121,7.980975],[99.752793,7.978209],[99.752921,7.970001],[99.748577,7.969102],[99.748524,7.969101],[99.744156,7.96141],[99.74406,7.961406],[99.741504,7.952614],[99.737662,7.949131],[99.734069,7.945965],[99.734374,7.940032],[99.739028,7.936436],[99.740238,7.931661],[99.740446,7.926631],[99.738334,7.91774],[99.736072,7.914527],[99.734022,7.911914],[99.734507,7.908396],[99.731539,7.900587],[99.733306,7.895333],[99.731588,7.888129],[99.735186,7.878841],[99.737864,7.877697],[99.739046,7.875153],[99.734681,7.868072],[99.7379,7.860885],[99.75114,7.869071],[99.757706,7.869917],[99.758427,7.874387],[99.766048,7.882595],[99.76676,7.888192],[99.773586,7.889214],[99.774378,7.891827],[99.776212,7.891875],[99.777552,7.90405],[99.786822,7.908746],[99.792204,7.906854],[99.795074,7.909657],[99.798342,7.909916],[99.797766,7.920966],[99.799316,7.927326],[99.805176,7.937575],[99.805667,7.942091],[99.804233,7.945089],[99.821532,7.956742],[99.828335,7.96357],[99.829313,7.967901],[99.828721,7.97247],[99.826634,7.974385],[99.826863,7.980017],[99.822868,7.981155],[99.812273,7.989172],[99.801727,7.993397],[99.794393,7.994533],[99.792498,8.002008],[99.78785,8.010111],[99.788894,8.013213],[99.789053,8.018913],[99.792236,8.027319],[99.786845,8.034379],[99.779899,8.038074],[99.777013,8.041881],[99.777876,8.059781],[99.771173,8.068411],[99.765411,8.06806],[99.766554,8.072834],[99.76174,8.079154],[99.763766,8.092378],[99.769085,8.10529],[99.769774,8.111156],[99.778401,8.128897],[99.774456,8.13942],[99.769551,8.142103],[99.768731,8.14408],[99.773987,8.149358],[99.773986,8.160813],[99.788646,8.168141],[99.790529,8.170418],[99.789817,8.180783],[99.787962,8.183248],[99.79199,8.184425],[99.799067,8.193515],[99.802536,8.195588],[99.800219,8.196079],[99.800838,8.200789],[99.790191,8.200141],[99.787418,8.201605],[99.786509,8.204525],[99.776882,8.211017],[99.781591,8.216691],[99.78515,8.226865],[99.792442,8.234058],[99.784194,8.233536],[99.778096,8.235342],[99.772388,8.240187],[99.768131,8.237802],[99.759419,8.241744],[99.755391,8.245748],[99.758324,8.252697],[99.757308,8.259606],[99.75434,8.26155],[99.7525,8.270916],[99.73512,8.272865],[99.732861,8.278572],[99.727324,8.282443],[99.727623,8.291178],[99.720712,8.301548],[99.71089,8.299225],[99.709054,8.29725],[99.702135,8.298031],[99.688421,8.295621],[99.681092,8.291682],[99.679246,8.28893],[99.674565,8.290137],[99.672689,8.285923],[99.67459,8.279643],[99.672603,8.276614],[99.670862,8.266296],[99.677972,8.256482],[99.681261,8.240246],[99.675744,8.234197],[99.675737,8.231739],[99.669429,8.222658],[99.664509,8.223628],[99.659026,8.219791],[99.651033,8.227393],[99.645138,8.226605],[99.645071,8.226597],[99.636938,8.225769],[99.629309,8.228028],[99.629257,8.228022],[99.629225,8.227581],[99.629174,8.227578],[99.628516,8.227558],[99.628473,8.227555],[99.624812,8.228053],[99.621138,8.223551],[99.619349,8.223669],[99.618191,8.220267],[99.614493,8.220751],[99.614453,8.220748],[99.611957,8.221062],[99.611981,8.213511],[99.609136,8.213434],[99.609072,8.213432],[99.608054,8.212812],[99.60801,8.212807],[99.605155,8.209383],[99.605113,8.209384],[99.602584,8.206203],[99.602486,8.20619],[99.598092,8.206554],[99.598222,8.223623],[99.599689,8.224544],[99.592201,8.229065],[99.582714,8.230307],[99.582487,8.233269],[99.579714,8.234326],[99.579266,8.242388],[99.574299,8.242165],[99.568759,8.245173],[99.559298,8.243849],[99.548464,8.24634],[99.53991,8.244454],[99.536855,8.235988],[99.53677,8.235987],[99.534256,8.23582],[99.532507,8.231474],[99.528948,8.231368],[99.528903,8.23136],[99.528733,8.231376],[99.52868,8.231367],[99.515124,8.236817],[99.511205,8.236297],[99.507995,8.231998],[99.502947,8.228811],[99.500897,8.223327],[99.498525,8.22207],[99.498818,8.218102],[99.492311,8.218595],[99.489709,8.216958],[99.485904,8.218872],[99.483518,8.21517],[99.480389,8.213826],[99.482444,8.211936],[99.481362,8.207849],[99.47952,8.205943],[99.478602,8.207173],[99.476286,8.205956],[99.474751,8.202961],[99.476067,8.199833],[99.472746,8.197359],[99.466891,8.193501],[99.460764,8.193357],[99.44641,8.187555],[99.446125,8.18104],[99.442798,8.178126],[99.443085,8.171974],[99.439661,8.169078],[99.438487,8.1607],[99.432343,8.159371],[99.427079,8.148956],[99.426069,8.13663],[99.433029,8.131667],[99.434312,8.127756],[99.433506,8.122898],[99.443485,8.124561],[99.463018,8.121058],[99.463061,8.124377],[99.45774,8.12846],[99.46026,8.133995],[99.470367,8.138384],[99.472104,8.141398],[99.475606,8.143169],[99.477868,8.142797],[99.479606,8.139339],[99.48716,8.139539],[99.489719,8.136844],[99.490583,8.130553],[99.493019,8.126216],[99.497139,8.126489],[99.501309,8.124039],[99.504193,8.142585],[99.516676,8.142445],[99.52079,8.14394],[99.522869,8.135504],[99.521506,8.114084],[99.524635,8.102611],[99.522607,8.08759],[99.523154,8.079099],[99.524499,8.077788],[99.529338,8.078094],[99.537651,8.080061],[99.538126,8.073171],[99.541146,8.070513],[99.543101,8.062823],[99.542007,8.061366],[99.547594,8.050005],[99.546367,8.046074],[99.550483,8.042654],[99.550599,8.039358],[99.554289,8.035772],[99.561504,8.036085],[99.565848,8.033668],[99.569472,8.03368],[99.569539,8.03065],[99.571569,8.028614],[99.571073,8.025077],[99.574942,8.021322],[99.576881,8.014633],[99.576441,8.001897],[99.580819,7.997054],[99.581839,7.992322],[99.585539,7.992152],[99.587728,7.987955],[99.591567,7.987934],[99.596355,7.984072],[99.602843,7.983428],[99.602452,7.985519],[99.610012,7.985646],[99.613589,7.98922],[99.615718,7.98766],[99.617112,7.990105],[99.616125,7.992173],[99.619301,7.992708],[99.622223,7.99847],[99.622137,7.998469],[99.622253,8.000158],[99.624423,8.000949],[99.623864,8.002546],[99.625818,8.002721],[99.625853,8.002721],[99.629588,8.007179],[99.629682,8.007179],[99.631214,8.009607],[99.633162,8.0088],[99.633229,8.008802]]}},{"type":"Feature","properties":{"_gpxType":"trk","name":"อ.ปากพนัง","desc":"อ.ปากพนัง","coordinateProperties":{}},"geometry":{"type":"LineString","coordinates":[[100.25926,8.317459],[100.22836,8.407487],[100.211044,8.449487],[100.190293,8.481977],[100.167963,8.503791],[100.15063,8.514581],[100.136793,8.519654],[100.126422,8.5212],[100.113063,8.518605],[100.118516,8.516291],[100.126743,8.516506],[100.129577,8.515662],[100.129635,8.513826],[100.129682,8.513828],[100.134028,8.51333],[100.134103,8.513331],[100.145397,8.510701],[100.145448,8.510699],[100.149267,8.50963],[100.154346,8.503014],[100.159089,8.50074],[100.16137,8.501488],[100.161514,8.501566],[100.161609,8.501566],[100.16137,8.501488],[100.159596,8.500529],[100.160252,8.49857],[100.162118,8.501346],[100.162243,8.501438],[100.163421,8.500368],[100.160705,8.497845],[100.162857,8.492722],[100.16136,8.490639],[100.165157,8.483854],[100.163993,8.484071],[100.156502,8.472158],[100.147271,8.443346],[100.14895,8.44231],[100.151109,8.424524],[100.150151,8.423546],[100.152401,8.420123],[100.152594,8.415239],[100.168873,8.395478],[100.173304,8.388087],[100.171584,8.387384],[100.171485,8.38738],[100.164975,8.387118],[100.1559,8.391878],[100.152132,8.386957],[100.148907,8.387121],[100.148851,8.387117],[100.139277,8.389516],[100.138055,8.388313],[100.130743,8.395061],[100.127831,8.394945],[100.128259,8.397424],[100.123651,8.399343],[100.12199,8.402447],[100.111859,8.406034],[100.10779,8.410342],[100.10649,8.40836],[100.098968,8.41479],[100.094073,8.41484],[100.092074,8.416481],[100.088979,8.414544],[100.090478,8.405882],[100.095583,8.399033],[100.092023,8.394242],[100.09081,8.390004],[100.091867,8.38714],[100.08838,8.38594],[100.090464,8.383458],[100.087908,8.382403],[100.089209,8.373551],[100.086744,8.371702],[100.087517,8.367587],[100.08562,8.36739],[100.086791,8.36338],[100.083236,8.361319],[100.082951,8.363272],[100.080426,8.363014],[100.080545,8.360563],[100.078652,8.358856],[100.078751,8.357349],[100.080637,8.357101],[100.078248,8.354642],[100.078172,8.348232],[100.080445,8.347755],[100.078242,8.343752],[100.075798,8.343428],[100.077168,8.342338],[100.077032,8.335838],[100.071273,8.333173],[100.071625,8.336489],[100.06613,8.337232],[100.065381,8.334698],[100.063856,8.336046],[100.0619,8.334937],[100.061186,8.338263],[100.059767,8.337232],[100.058434,8.338943],[100.053585,8.336089],[100.055093,8.333293],[100.052815,8.331596],[100.054906,8.330665],[100.053718,8.324358],[100.055003,8.323585],[100.052774,8.32105],[100.050988,8.320646],[100.05031,8.322776],[100.04869,8.320991],[100.050089,8.319295],[100.044936,8.313263],[100.046614,8.308907],[100.044846,8.30995],[100.04416,8.307609],[100.045891,8.306491],[100.045373,8.299091],[100.047911,8.292282],[100.042976,8.286977],[100.042366,8.278312],[100.037002,8.269857],[100.032213,8.250898],[100.026641,8.248593],[100.023062,8.249397],[100.019052,8.248139],[100.057079,8.218734],[100.061446,8.221849],[100.063939,8.227227],[100.07208,8.234057],[100.07678,8.229304],[100.07583,8.227681],[100.07753,8.225284],[100.081142,8.224507],[100.104016,8.219587],[100.117009,8.214416],[100.127032,8.206965],[100.127142,8.211783],[100.132315,8.221735],[100.155619,8.221825],[100.159739,8.219307],[100.164504,8.220383],[100.167119,8.223833],[100.171343,8.224364],[100.172188,8.225868],[100.172226,8.225869],[100.17432,8.226815],[100.174521,8.229332],[100.176734,8.228361],[100.178229,8.229534],[100.179545,8.227477],[100.181171,8.228334],[100.181597,8.226602],[100.18299,8.227593],[100.184282,8.225052],[100.187505,8.226046],[100.186491,8.223943],[100.189915,8.223639],[100.191786,8.21936],[100.204028,8.218761],[100.207426,8.207944],[100.212598,8.207832],[100.212818,8.201669],[100.237688,8.196791],[100.239523,8.199981],[100.242736,8.198794],[100.245909,8.200479],[100.250699,8.194644],[100.257064,8.195651],[100.255981,8.189469],[100.259597,8.183195],[100.256534,8.180445],[100.257759,8.177809],[100.260213,8.176475],[100.259266,8.173097],[100.295102,8.171258],[100.277585,8.250624],[100.25926,8.317459]]}},{"type":"Feature","properties":{"_gpxType":"trk","name":"อ.พระพรหม","desc":"อ.พระพรหม","coordinateProperties":{}},"geometry":{"type":"LineString","coordinates":[[99.944118,8.266741],[99.947761,8.262989],[99.954485,8.262407],[99.956725,8.257318],[99.960716,8.254096],[99.966429,8.256955],[99.972765,8.256761],[99.974348,8.261345],[99.976507,8.26234],[99.984277,8.260911],[99.9916,8.25515],[99.997481,8.256072],[100.002743,8.253475],[100.004463,8.260237],[99.999302,8.275546],[99.994108,8.284069],[99.992792,8.292019],[99.988751,8.291947],[99.985122,8.305353],[99.983507,8.3155],[99.985504,8.320053],[99.981381,8.332199],[99.980891,8.340448],[99.977404,8.35315],[99.980331,8.35749],[99.976326,8.363009],[99.975731,8.368698],[99.970523,8.380225],[99.969631,8.391605],[99.959938,8.38529],[99.950445,8.384714],[99.946624,8.386483],[99.946568,8.386482],[99.943021,8.38819],[99.946286,8.396795],[99.935657,8.395306],[99.93347,8.396925],[99.932187,8.396581],[99.932934,8.394597],[99.930923,8.396071],[99.931443,8.393845],[99.931112,8.393963],[99.931056,8.393964],[99.929415,8.394331],[99.928929,8.391127],[99.927366,8.39182],[99.929355,8.390133],[99.930198,8.385892],[99.925014,8.388308],[99.913031,8.388661],[99.912593,8.382269],[99.902858,8.380689],[99.8916,8.382162],[99.888361,8.378558],[99.876928,8.376463],[99.876873,8.37646],[99.868439,8.371444],[99.870761,8.365074],[99.872604,8.365239],[99.872652,8.365241],[99.875814,8.365803],[99.876467,8.36397],[99.878739,8.363746],[99.882309,8.364766],[99.883172,8.361734],[99.886453,8.36187],[99.898366,8.362364],[99.898377,8.358583],[99.891832,8.358111],[99.890499,8.348337],[99.894004,8.346881],[99.893444,8.344906],[99.886181,8.343907],[99.88362,8.341736],[99.877434,8.341483],[99.874282,8.32565],[99.870968,8.322802],[99.870117,8.31761],[99.866953,8.313137],[99.865994,8.312038],[99.86459,8.312952],[99.860097,8.306249],[99.861027,8.303417],[99.864477,8.303257],[99.864544,8.297982],[99.867265,8.298385],[99.868383,8.295803],[99.870979,8.294765],[99.870816,8.296723],[99.872402,8.296704],[99.873109,8.294226],[99.87582,8.294952],[99.876911,8.293183],[99.878005,8.295362],[99.879492,8.292639],[99.880691,8.294867],[99.882377,8.2946],[99.882364,8.291477],[99.880392,8.292157],[99.88046,8.290096],[99.884451,8.289375],[99.885151,8.287676],[99.886977,8.288646],[99.886711,8.285498],[99.889458,8.286185],[99.891163,8.289479],[99.892321,8.288716],[99.891936,8.28512],[99.893626,8.285269],[99.894274,8.287574],[99.895599,8.28675],[99.89473,8.284006],[99.898585,8.284242],[99.899695,8.282306],[99.902627,8.283059],[99.903218,8.281254],[99.904909,8.281779],[99.906736,8.279946],[99.909149,8.282194],[99.91149,8.281669],[99.91482,8.272602],[99.920803,8.265388],[99.923916,8.265945],[99.927737,8.272191],[99.935825,8.271596],[99.942781,8.268307],[99.942114,8.266652],[99.944118,8.266741]]}},{"type":"Feature","properties":{"_gpxType":"trk","name":"อ.ช้างกลาง","desc":"อ.ช้างกลาง","coordinateProperties":{}},"geometry":{"type":"LineString","coordinates":[[99.700589,8.432563],[99.704947,8.437182],[99.701881,8.439946],[99.699378,8.448693],[99.696927,8.449886],[99.696547,8.455184],[99.695512,8.443491],[99.691823,8.441743],[99.688392,8.44107],[99.682033,8.442881],[99.675152,8.437809],[99.666726,8.435852],[99.663832,8.432939],[99.650531,8.435576],[99.643755,8.430241],[99.639664,8.431481],[99.637051,8.430538],[99.636292,8.432603],[99.633935,8.43174],[99.625592,8.436923],[99.623525,8.435013],[99.622052,8.42902],[99.612478,8.424198],[99.61243,8.4242],[99.609549,8.426531],[99.604864,8.427224],[99.602519,8.425023],[99.59029,8.425141],[99.588805,8.423261],[99.588758,8.423264],[99.586609,8.420055],[99.584925,8.420954],[99.583964,8.417912],[99.585442,8.403617],[99.579808,8.394541],[99.579687,8.389279],[99.580055,8.384854],[99.588802,8.374553],[99.588873,8.37043],[99.585465,8.372164],[99.582183,8.37148],[99.578698,8.374474],[99.579538,8.37631],[99.57763,8.375503],[99.575666,8.378034],[99.571885,8.376291],[99.571639,8.378046],[99.568355,8.377466],[99.566001,8.380396],[99.561898,8.379637],[99.561777,8.378285],[99.560695,8.37963],[99.558673,8.377216],[99.55403,8.377086],[99.551713,8.377468],[99.547942,8.381288],[99.545693,8.380044],[99.546471,8.379096],[99.544699,8.379958],[99.54322,8.378572],[99.540528,8.379014],[99.539568,8.381244],[99.539102,8.379001],[99.5347,8.380943],[99.534829,8.378554],[99.533452,8.379621],[99.531674,8.37704],[99.528284,8.379602],[99.524175,8.377984],[99.524249,8.376378],[99.528036,8.375571],[99.5261,8.371523],[99.528193,8.371051],[99.526955,8.368066],[99.523763,8.368102],[99.524173,8.366757],[99.524269,8.366759],[99.524171,8.364801],[99.520977,8.365656],[99.522722,8.363581],[99.521522,8.36343],[99.522016,8.361898],[99.517333,8.358538],[99.519863,8.35531],[99.518387,8.351172],[99.519922,8.350644],[99.519424,8.348039],[99.521687,8.344466],[99.523375,8.344403],[99.521986,8.343794],[99.523384,8.341494],[99.521388,8.33914],[99.525671,8.336395],[99.528115,8.330123],[99.533464,8.328785],[99.534266,8.32772],[99.532908,8.327251],[99.535006,8.326722],[99.534757,8.325401],[99.539618,8.324571],[99.541661,8.321734],[99.542122,8.322936],[99.543037,8.32126],[99.546511,8.321681],[99.547102,8.320143],[99.545416,8.318853],[99.547616,8.315422],[99.549803,8.314933],[99.548663,8.311966],[99.551171,8.312026],[99.552847,8.305367],[99.555096,8.305506],[99.555177,8.303246],[99.555225,8.303242],[99.555439,8.303293],[99.555508,8.303289],[99.558087,8.299188],[99.562795,8.299647],[99.560461,8.294521],[99.562214,8.29363],[99.56258,8.295057],[99.562619,8.29506],[99.565974,8.293023],[99.566053,8.293025],[99.567517,8.294589],[99.569327,8.292589],[99.571329,8.294073],[99.572102,8.292404],[99.576084,8.294661],[99.582828,8.29437],[99.58805,8.289562],[99.591015,8.289247],[99.599064,8.28013],[99.607899,8.278984],[99.608793,8.276865],[99.612468,8.279474],[99.615136,8.278784],[99.6194,8.271356],[99.626611,8.277412],[99.634215,8.270772],[99.641849,8.275592],[99.64819,8.277426],[99.661235,8.297359],[99.674565,8.290137],[99.679246,8.28893],[99.681092,8.291682],[99.688421,8.295621],[99.702135,8.298031],[99.709054,8.29725],[99.71089,8.299225],[99.720712,8.301548],[99.719422,8.308488],[99.720273,8.312912],[99.712133,8.317763],[99.705982,8.31919],[99.700907,8.324302],[99.708345,8.332939],[99.706669,8.344437],[99.713058,8.351325],[99.697458,8.362803],[99.702136,8.372305],[99.70243,8.385472],[99.708978,8.390012],[99.708693,8.393254],[99.711371,8.396197],[99.708022,8.399201],[99.708617,8.405335],[99.70617,8.412819],[99.70794,8.41997],[99.702928,8.422799],[99.700589,8.432563]]}},{"type":"Feature","properties":{"_gpxType":"trk","name":"อ.นาบอน","desc":"อ.นาบอน","coordinateProperties":{}},"geometry":{"type":"LineString","coordinates":[[99.571329,8.294073],[99.569327,8.292589],[99.567517,8.294589],[99.566053,8.293025],[99.565974,8.293023],[99.562619,8.29506],[99.56258,8.295057],[99.562214,8.29363],[99.560461,8.294521],[99.562795,8.299647],[99.558087,8.299188],[99.555508,8.303289],[99.555439,8.303293],[99.555225,8.303242],[99.555177,8.303246],[99.555096,8.305506],[99.552847,8.305367],[99.551171,8.312026],[99.548663,8.311966],[99.549803,8.314933],[99.547616,8.315422],[99.545416,8.318853],[99.547102,8.320143],[99.546511,8.321681],[99.543037,8.32126],[99.542122,8.322936],[99.541661,8.321734],[99.539618,8.324571],[99.534757,8.325401],[99.535006,8.326722],[99.532908,8.327251],[99.534266,8.32772],[99.533464,8.328785],[99.528115,8.330123],[99.525671,8.336395],[99.521388,8.33914],[99.523384,8.341494],[99.521986,8.343794],[99.523375,8.344403],[99.521687,8.344466],[99.519424,8.348039],[99.515177,8.350138],[99.509348,8.3493],[99.50918,8.353286],[99.507672,8.35364],[99.50792,8.360098],[99.505187,8.360542],[99.503851,8.362792],[99.498933,8.363616],[99.498799,8.366646],[99.492072,8.364971],[99.491142,8.362682],[99.480194,8.364711],[99.478279,8.362289],[99.480136,8.35682],[99.477333,8.351262],[99.480299,8.349268],[99.48534,8.348893],[99.487503,8.346468],[99.485999,8.342233],[99.479203,8.339452],[99.48183,8.338283],[99.481218,8.334671],[99.482898,8.33439],[99.482634,8.331925],[99.485337,8.330693],[99.483386,8.327471],[99.486656,8.32614],[99.486509,8.324479],[99.482208,8.321949],[99.481586,8.317677],[99.483337,8.317194],[99.484917,8.31236],[99.483487,8.309474],[99.488058,8.307267],[99.488489,8.304987],[99.486508,8.304738],[99.484978,8.301398],[99.481416,8.302136],[99.480756,8.297089],[99.48367,8.291847],[99.481023,8.283202],[99.478769,8.28053],[99.478698,8.280527],[99.477602,8.27942],[99.478698,8.278037],[99.47112,8.2721],[99.471072,8.272098],[99.470676,8.268422],[99.471894,8.267542],[99.468617,8.263754],[99.469361,8.262472],[99.467627,8.259455],[99.46877,8.25863],[99.46726,8.255983],[99.468495,8.253104],[99.46564,8.250836],[99.462841,8.231979],[99.465048,8.219112],[99.463373,8.216714],[99.464774,8.216411],[99.470141,8.20601],[99.469371,8.201888],[99.472746,8.197359],[99.476067,8.199833],[99.474751,8.202961],[99.476286,8.205956],[99.478602,8.207173],[99.47952,8.205943],[99.481362,8.207849],[99.482444,8.211936],[99.480389,8.213826],[99.483518,8.21517],[99.485904,8.218872],[99.489709,8.216958],[99.492311,8.218595],[99.498818,8.218102],[99.498525,8.22207],[99.500897,8.223327],[99.502947,8.228811],[99.507995,8.231998],[99.511205,8.236297],[99.515124,8.236817],[99.52868,8.231367],[99.528733,8.231376],[99.528903,8.23136],[99.528948,8.231368],[99.532507,8.231474],[99.534256,8.23582],[99.53677,8.235987],[99.536855,8.235988],[99.53991,8.244454],[99.548464,8.24634],[99.559298,8.243849],[99.568759,8.245173],[99.574299,8.242165],[99.579266,8.242388],[99.579714,8.234326],[99.582487,8.233269],[99.582714,8.230307],[99.592201,8.229065],[99.599689,8.224544],[99.598222,8.223623],[99.598092,8.206554],[99.602486,8.20619],[99.602584,8.206203],[99.605113,8.209384],[99.605155,8.209383],[99.60801,8.212807],[99.608054,8.212812],[99.609072,8.213432],[99.609136,8.213434],[99.611981,8.213511],[99.611957,8.221062],[99.614453,8.220748],[99.614493,8.220751],[99.618191,8.220267],[99.619349,8.223669],[99.621138,8.223551],[99.624812,8.228053],[99.628473,8.227555],[99.628516,8.227558],[99.629174,8.227578],[99.629225,8.227581],[99.629257,8.228022],[99.629309,8.228028],[99.636938,8.225769],[99.645071,8.226597],[99.645138,8.226605],[99.651033,8.227393],[99.659026,8.219791],[99.664509,8.223628],[99.669429,8.222658],[99.675737,8.231739],[99.675744,8.234197],[99.681261,8.240246],[99.677972,8.256482],[99.670862,8.266296],[99.672603,8.276614],[99.67459,8.279643],[99.672689,8.285923],[99.674565,8.290137],[99.661235,8.297359],[99.64819,8.277426],[99.641849,8.275592],[99.634215,8.270772],[99.626611,8.277412],[99.6194,8.271356],[99.615136,8.278784],[99.612468,8.279474],[99.608793,8.276865],[99.607899,8.278984],[99.599064,8.28013],[99.591015,8.289247],[99.58805,8.289562],[99.582828,8.29437],[99.576084,8.294661],[99.572102,8.292404],[99.571329,8.294073]]}},{"type":"Feature","properties":{"_gpxType":"trk","name":"อ.ทุ่งใหญ๋","desc":"อ.ทุ่งใหญ๋","coordinateProperties":{}},"geometry":{"type":"LineString","coordinates":[[99.331772,8.26074],[99.331619,8.25938],[99.332224,8.258825],[99.333048,8.258619],[99.333584,8.257861],[99.333665,8.256993],[99.333414,8.256801],[99.333107,8.25724],[99.332687,8.257237],[99.332193,8.25622],[99.329443,8.254557],[99.328436,8.255525],[99.327805,8.254949],[99.327332,8.254021],[99.326805,8.254147],[99.326304,8.254247],[99.326349,8.253561],[99.326491,8.253053],[99.325938,8.252794],[99.325548,8.252575],[99.325067,8.252485],[99.324637,8.252452],[99.324247,8.252261],[99.323938,8.251783],[99.323956,8.251281],[99.324654,8.250664],[99.32378,8.250619],[99.322829,8.251109],[99.323004,8.250264],[99.323237,8.249468],[99.323237,8.249436],[99.323262,8.248764],[99.323055,8.248493],[99.321788,8.249359],[99.321647,8.24896],[99.322061,8.248385],[99.32189,8.247646],[99.321488,8.247022],[99.321437,8.24637],[99.321005,8.246398],[99.32086,8.24648],[99.320772,8.246565],[99.320685,8.24662],[99.320568,8.246704],[99.320451,8.246788],[99.320363,8.246874],[99.320246,8.246927],[99.320072,8.246944],[99.319927,8.246933],[99.319841,8.246896],[99.319727,8.246825],[99.319644,8.246695],[99.319648,8.24654],[99.319652,8.246356],[99.319713,8.246238],[99.319802,8.246122],[99.319919,8.246039],[99.320036,8.245957],[99.320179,8.245937],[99.320295,8.245885],[99.320411,8.245833],[99.320527,8.245751],[99.320557,8.245692],[99.320701,8.245582],[99.320733,8.245403],[99.320792,8.245287],[99.320794,8.245167],[99.320824,8.245019],[99.320883,8.244874],[99.320885,8.244725],[99.320887,8.244606],[99.32089,8.244428],[99.320891,8.244309],[99.320865,8.244219],[99.320839,8.24401],[99.320757,8.243886],[99.320731,8.243767],[99.320733,8.243621],[99.320735,8.243475],[99.32071,8.243328],[99.320712,8.243182],[99.320714,8.243096],[99.320744,8.242953],[99.320746,8.242809],[99.320776,8.242668],[99.320815,8.242357],[99.319704,8.242128],[99.318864,8.242349],[99.317173,8.242162],[99.316672,8.242152],[99.31602,8.24142],[99.315842,8.241027],[99.315557,8.240862],[99.315492,8.240803],[99.315408,8.24076],[99.31534,8.240755],[99.315288,8.240751],[99.315202,8.240744],[99.315118,8.240702],[99.315051,8.240679],[99.314982,8.240674],[99.314915,8.240651],[99.314847,8.240628],[99.314764,8.240586],[99.314696,8.24058],[99.314628,8.240558],[99.314527,8.240532],[99.314477,8.24051],[99.314394,8.240468],[99.31433,8.24041],[99.31432,8.240338],[99.314326,8.240268],[99.314383,8.240202],[99.31447,8.240191],[99.314522,8.240195],[99.314607,8.240202],[99.314692,8.240208],[99.314763,8.240178],[99.314884,8.24017],[99.314955,8.24014],[99.315023,8.240146],[99.315094,8.240116],[99.315166,8.240069],[99.315238,8.240022],[99.315277,8.239955],[99.3153,8.23987],[99.315307,8.239784],[99.315278,8.239713],[99.31523,8.239674],[99.315165,8.239635],[99.3151,8.239596],[99.315018,8.239555],[99.314953,8.239516],[99.314889,8.239476],[99.314824,8.239437],[99.31476,8.239398],[99.314662,8.239356],[99.314613,8.239336],[99.314547,8.239313],[99.314466,8.239273],[99.314433,8.239271],[99.314333,8.239246],[99.314268,8.239224],[99.314169,8.239199],[99.314088,8.239159],[99.314024,8.23912],[99.313929,8.239062],[99.31385,8.239005],[99.313789,8.23895],[99.313712,8.238877],[99.313651,8.238822],[99.313589,8.238767],[99.313532,8.238679],[99.313517,8.238661],[99.313478,8.238558],[99.313435,8.238488],[99.313409,8.23842],[99.313383,8.238352],[99.313341,8.238283],[99.313308,8.23828],[99.313191,8.237992],[99.313178,8.237395],[99.313646,8.237463],[99.313839,8.237654],[99.313891,8.237787],[99.313932,8.237871],[99.31396,8.237921],[99.314001,8.238006],[99.314026,8.238089],[99.314032,8.238188],[99.314024,8.238269],[99.314085,8.238323],[99.314181,8.238363],[99.314231,8.238367],[99.314312,8.23839],[99.314399,8.238347],[99.314468,8.23832],[99.314538,8.238276],[99.314592,8.238231],[99.314616,8.238151],[99.314638,8.238087],[99.314661,8.238008],[99.314668,8.237927],[99.314674,8.237863],[99.314646,8.237812],[99.31462,8.23773],[99.314562,8.237645],[99.314501,8.237592],[99.314458,8.237525],[99.314432,8.237459],[99.314439,8.23738],[99.314446,8.237302],[99.31447,8.237225],[99.314528,8.237119],[99.314551,8.237042],[99.314589,8.236982],[99.314644,8.236909],[99.314634,8.236846],[99.314623,8.236783],[99.314579,8.236733],[99.314539,8.236652],[99.314527,8.236605],[99.314502,8.236526],[99.314493,8.236449],[99.314466,8.236401],[99.314447,8.235238],[99.314147,8.235084],[99.313876,8.235172],[99.313797,8.235232],[99.3137,8.235268],[99.313638,8.235352],[99.31354,8.235411],[99.313461,8.235449],[99.313344,8.235484],[99.313227,8.235519],[99.313147,8.235558],[99.31305,8.235573],[99.312953,8.235587],[99.312875,8.235604],[99.312779,8.235596],[99.312702,8.23559],[99.312587,8.235582],[99.312529,8.235577],[99.312433,8.23557],[99.312357,8.235564],[99.312245,8.235511],[99.312171,8.235461],[99.312117,8.235412],[99.312026,8.235339],[99.311994,8.235248],[99.311945,8.235134],[99.311896,8.23502],[99.311863,8.234952],[99.311873,8.234822],[99.311881,8.234714],[99.311944,8.234632],[99.312007,8.23455],[99.312106,8.234493],[99.312207,8.234415],[99.312287,8.234356],[99.312328,8.234317],[99.31239,8.234236],[99.312417,8.23411],[99.312442,8.234027],[99.312449,8.233922],[99.312416,8.233856],[99.312363,8.23381],[99.311536,8.233869],[99.311288,8.233643],[99.311697,8.233216],[99.311791,8.233203],[99.311867,8.233188],[99.311961,8.233175],[99.312037,8.23316],[99.312112,8.233145],[99.312224,8.233133],[99.312243,8.233134],[99.312317,8.23314],[99.31246,8.233213],[99.312532,8.233239],[99.312622,8.233287],[99.312694,8.233334],[99.312746,8.23338],[99.312818,8.233427],[99.312909,8.233454],[99.313002,8.233462],[99.313113,8.23347],[99.313189,8.233455],[99.313264,8.23344],[99.313323,8.233383],[99.313383,8.233304],[99.313424,8.233225],[99.313447,8.233145],[99.313469,8.233064],[99.313492,8.232984],[99.313497,8.232883],[99.313521,8.232783],[99.313544,8.232683],[99.313549,8.232583],[99.313554,8.232483],[99.313561,8.232363],[99.313566,8.232263],[99.313572,8.232144],[99.313575,8.232085],[99.313523,8.232022],[99.313455,8.231938],[99.31335,8.23187],[99.3133,8.231788],[99.313305,8.23171],[99.313381,8.231637],[99.313439,8.231564],[99.313532,8.231513],[99.313607,8.23146],[99.313662,8.231426],[99.313719,8.231372],[99.313793,8.23132],[99.31385,8.231247],[99.31389,8.231154],[99.313894,8.231078],[99.313899,8.230964],[99.313904,8.230869],[99.313908,8.230774],[99.313874,8.230734],[99.313753,8.229612],[99.314294,8.229581],[99.314436,8.229483],[99.314507,8.229435],[99.314596,8.229369],[99.314667,8.229339],[99.314737,8.229308],[99.314773,8.229257],[99.314793,8.229152],[99.314796,8.229063],[99.314799,8.228992],[99.314801,8.228904],[99.314805,8.228798],[99.314824,8.228729],[99.314861,8.228644],[99.314914,8.228578],[99.314984,8.228514],[99.315036,8.228483],[99.315122,8.228455],[99.315225,8.228411],[99.315276,8.22838],[99.315363,8.228317],[99.315431,8.228288],[99.315482,8.228257],[99.315501,8.228173],[99.315537,8.228056],[99.315538,8.22797],[99.315489,8.227915],[99.315405,8.227909],[99.315321,8.227919],[99.315254,8.227914],[99.315152,8.227958],[99.3151,8.227988],[99.314999,8.227997],[99.314914,8.228025],[99.31488,8.228039],[99.314778,8.228049],[99.314693,8.228059],[99.314592,8.228052],[99.314491,8.228044],[99.31439,8.228036],[99.314342,8.227964],[99.314329,8.227877],[99.314349,8.227794],[99.314385,8.227729],[99.314422,8.227664],[99.314423,8.22763],[99.314519,8.227343],[99.31469,8.227356],[99.314784,8.227363],[99.314936,8.227375],[99.31503,8.227382],[99.315163,8.227392],[99.315239,8.227377],[99.315334,8.227362],[99.315412,8.227303],[99.315489,8.227288],[99.315566,8.227229],[99.315607,8.227125],[99.315611,8.227018],[99.315614,8.226912],[99.315618,8.226806],[99.315621,8.226701],[99.315587,8.226593],[99.315553,8.226485],[99.315538,8.2264],[99.315505,8.226272],[99.315508,8.226168],[99.315512,8.226065],[99.315515,8.225983],[99.315538,8.225861],[99.315597,8.225742],[99.315655,8.225665],[99.315713,8.225567],[99.31577,8.225511],[99.31581,8.225413],[99.315886,8.225297],[99.315888,8.225257],[99.315927,8.22516],[99.315965,8.225102],[99.316023,8.224987],[99.316025,8.224888],[99.316027,8.224808],[99.316012,8.224708],[99.315942,8.224604],[99.315872,8.22454],[99.315785,8.224435],[99.315715,8.224371],[99.315663,8.224289],[99.315667,8.224192],[99.31567,8.224076],[99.315707,8.22406],[99.315778,8.224065],[99.315887,8.224035],[99.315977,8.224003],[99.316031,8.223988],[99.316104,8.223955],[99.316177,8.223884],[99.316233,8.223792],[99.316288,8.223701],[99.316325,8.223628],[99.316381,8.223537],[99.316453,8.223486],[99.316524,8.223453],[99.316613,8.223423],[99.316702,8.223373],[99.316774,8.223322],[99.316827,8.223288],[99.316916,8.223239],[99.316934,8.223222],[99.31704,8.223174],[99.317128,8.223124],[99.317199,8.223074],[99.317252,8.223041],[99.317287,8.222969],[99.317305,8.222915],[99.317358,8.222808],[99.317358,8.222753],[99.317393,8.222664],[99.317429,8.222593],[99.317463,8.222523],[99.317516,8.222418],[99.317551,8.222348],[99.317602,8.222298],[99.317637,8.222228],[99.317654,8.222193],[99.318087,8.220429],[99.317802,8.220088],[99.317553,8.219953],[99.317503,8.219899],[99.317453,8.219845],[99.317404,8.219792],[99.317371,8.219723],[99.317371,8.219658],[99.317421,8.219628],[99.317503,8.219618],[99.317569,8.219623],[99.317668,8.219582],[99.31775,8.219539],[99.3178,8.219494],[99.317865,8.219466],[99.317914,8.219421],[99.31793,8.21939],[99.317995,8.219313],[99.318044,8.219236],[99.318092,8.219192],[99.318174,8.219149],[99.318238,8.219106],[99.318319,8.21908],[99.318384,8.219053],[99.318465,8.219011],[99.318529,8.218984],[99.318594,8.218989],[99.318658,8.218946],[99.318706,8.218886],[99.318736,8.218793],[99.318751,8.218747],[99.318782,8.218654],[99.318796,8.218592],[99.318794,8.218498],[99.318793,8.218451],[99.318839,8.218345],[99.318853,8.218284],[99.318884,8.218208],[99.318947,8.218182],[99.31901,8.218156],[99.319042,8.218143],[99.319152,8.218105],[99.319216,8.21811],[99.319297,8.218132],[99.319409,8.218156],[99.319459,8.218206],[99.319556,8.218244],[99.319604,8.218264],[99.319685,8.218285],[99.319765,8.218291],[99.319829,8.218296],[99.31991,8.218302],[99.319974,8.218323],[99.320071,8.21833],[99.320151,8.218336],[99.320215,8.218341],[99.320295,8.218348],[99.320342,8.218336],[99.320389,8.218308],[99.320605,8.218073],[99.320435,8.217719],[99.320314,8.217541],[99.320243,8.217473],[99.320152,8.217424],[99.320101,8.217336],[99.320051,8.217228],[99.320036,8.217165],[99.320025,8.217039],[99.320089,8.216899],[99.320168,8.216823],[99.320227,8.216766],[99.320285,8.21673],[99.320308,8.216649],[99.320332,8.216549],[99.320337,8.216448],[99.320322,8.216386],[99.320273,8.216281],[99.320223,8.216197],[99.320171,8.216153],[99.32012,8.216089],[99.32005,8.216023],[99.319947,8.215915],[99.319895,8.215871],[99.319806,8.215845],[99.319736,8.215799],[99.319705,8.215718],[99.319696,8.215579],[99.319721,8.215482],[99.319815,8.21543],[99.319872,8.215395],[99.319928,8.21536],[99.320004,8.215308],[99.320025,8.215251],[99.320067,8.215157],[99.32009,8.215081],[99.320114,8.214986],[99.320171,8.214932],[99.320212,8.214839],[99.320233,8.214783],[99.320258,8.21467],[99.320264,8.214575],[99.320196,8.214513],[99.320129,8.214451],[99.320009,8.214366],[99.319959,8.214324],[99.319911,8.214245],[99.31988,8.214167],[99.319851,8.214071],[99.319839,8.213996],[99.319809,8.213919],[99.319815,8.213826],[99.319821,8.213734],[99.319827,8.213642],[99.319832,8.213569],[99.319838,8.213477],[99.319845,8.213386],[99.319849,8.213313],[99.319854,8.213241],[99.31986,8.21315],[99.319902,8.213045],[99.319927,8.212939],[99.319949,8.212869],[99.319989,8.212782],[99.320047,8.212697],[99.320085,8.212629],[99.320106,8.212577],[99.320164,8.212475],[99.320203,8.212407],[99.320242,8.212322],[99.320263,8.212271],[99.320321,8.212153],[99.32036,8.212069],[99.320399,8.211985],[99.320401,8.21195],[99.320426,8.211814],[99.320468,8.211679],[99.32049,8.211595],[99.320509,8.211562],[99.320548,8.211463],[99.32057,8.211379],[99.320612,8.21123],[99.320634,8.211131],[99.320658,8.210998],[99.320676,8.210983],[99.320716,8.210869],[99.320736,8.210804],[99.320755,8.210756],[99.320792,8.210692],[99.320814,8.210595],[99.320834,8.21053],[99.32087,8.210468],[99.320889,8.21042],[99.320927,8.210325],[99.320948,8.210229],[99.320985,8.21015],[99.321006,8.210055],[99.321059,8.209994],[99.321078,8.209931],[99.321097,8.209885],[99.321132,8.209823],[99.321169,8.20973],[99.321205,8.209669],[99.321223,8.209623],[99.321259,8.209546],[99.321294,8.209501],[99.321362,8.209428],[99.321412,8.2094],[99.322545,8.208174],[99.322281,8.207813],[99.321945,8.20766],[99.321871,8.207612],[99.321796,8.207585],[99.321703,8.207536],[99.321611,8.207487],[99.321556,8.20742],[99.321464,8.20737],[99.321408,8.207345],[99.321298,8.207253],[99.321224,8.207227],[99.321133,8.207178],[99.321077,8.207174],[99.320985,8.207125],[99.320912,8.207078],[99.320859,8.20699],[99.320843,8.206906],[99.32081,8.20678],[99.320793,8.206717],[99.320759,8.206632],[99.320707,8.206526],[99.320672,8.206462],[99.320601,8.206375],[99.320549,8.20629],[99.320516,8.206206],[99.320464,8.206122],[99.32043,8.206039],[99.320378,8.205954],[99.320326,8.20589],[99.320275,8.205806],[99.320223,8.205742],[99.320171,8.205679],[99.320101,8.205614],[99.320049,8.20555],[99.319981,8.205446],[99.319894,8.20538],[99.319841,8.205337],[99.319754,8.205271],[99.31965,8.205185],[99.319564,8.2051],[99.319512,8.205057],[99.319426,8.204992],[99.319357,8.204928],[99.319289,8.204865],[99.319238,8.204803],[99.319189,8.204722],[99.319157,8.204662],[99.319145,8.204565],[99.319133,8.204468],[99.319155,8.204393],[99.319212,8.20434],[99.319302,8.204328],[99.319392,8.204316],[99.319447,8.204282],[99.319519,8.204269],[99.319591,8.204255],[99.319697,8.204264],[99.319839,8.204274],[99.319945,8.204283],[99.320069,8.204292],[99.320125,8.204239],[99.320128,8.204164],[99.320145,8.204031],[99.319581,8.203784],[99.319354,8.20373],[99.319252,8.203666],[99.319185,8.203605],[99.319085,8.203523],[99.31902,8.203444],[99.318955,8.203365],[99.318906,8.203306],[99.318875,8.203249],[99.318828,8.203154],[99.318799,8.203078],[99.318769,8.203003],[99.318738,8.202946],[99.318744,8.202856],[99.318752,8.202748],[99.318757,8.202677],[99.318763,8.202587],[99.318819,8.20252],[99.318842,8.20245],[99.318881,8.202382],[99.318901,8.20233],[99.318977,8.20223],[99.319049,8.202182],[99.319119,8.202152],[99.31919,8.202123],[99.319208,8.202106],[99.319349,8.202047],[99.319437,8.202001],[99.319508,8.201954],[99.319561,8.201923],[99.319652,8.201825],[99.319721,8.201796],[99.319757,8.201764],[99.319848,8.20165],[99.319916,8.201655],[99.32,8.201661],[99.320084,8.201685],[99.320099,8.201721],[99.320172,8.201534],[99.31971,8.20048],[99.319707,8.200241],[99.319715,8.200103],[99.319722,8.199986],[99.319712,8.199868],[99.319716,8.19979],[99.319705,8.199692],[99.319712,8.199576],[99.319719,8.199461],[99.319724,8.199384],[99.319709,8.199325],[99.319662,8.199226],[99.319634,8.199109],[99.319603,8.199031],[99.319518,8.198968],[99.319449,8.198943],[99.319345,8.198897],[99.319294,8.198875],[99.319206,8.198849],[99.319138,8.198806],[99.319106,8.198766],[99.319114,8.198654],[99.31912,8.198579],[99.319127,8.198486],[99.319135,8.198375],[99.319125,8.198263],[99.319132,8.198171],[99.319161,8.198026],[99.319185,8.197936],[99.319225,8.197866],[99.319249,8.197777],[99.31929,8.197689],[99.319295,8.197617],[99.319335,8.197548],[99.319374,8.197479],[99.319419,8.197339],[99.319437,8.197322],[99.319463,8.197199],[99.319504,8.197113],[99.319509,8.197043],[99.319533,8.196939],[99.319539,8.196851],[99.319544,8.196781],[99.319514,8.196709],[99.319466,8.19667],[99.319364,8.196662],[99.319258,8.196706],[99.319187,8.196736],[99.319116,8.196766],[99.318993,8.196809],[99.318923,8.196821],[99.318868,8.19687],[99.318761,8.196915],[99.318693,8.196909],[99.318604,8.196938],[99.318499,8.196965],[99.318411,8.196976],[99.318341,8.196989],[99.318274,8.196966],[99.31816,8.196904],[99.31811,8.196882],[99.318029,8.196823],[99.317947,8.196782],[99.317886,8.196707],[99.317804,8.196665],[99.317723,8.196624],[99.317654,8.196619],[99.317586,8.196613],[99.317484,8.196605],[99.31738,8.196615],[99.317223,8.196638],[99.317134,8.196666],[99.317046,8.196677],[99.316959,8.196688],[99.316872,8.196699],[99.316784,8.19671],[99.316699,8.196703],[99.316631,8.196698],[99.316567,8.196658],[99.316515,8.196654],[99.316393,8.196461],[99.316229,8.196074],[99.316401,8.195795],[99.316453,8.195782],[99.316527,8.195737],[99.316615,8.19571],[99.316703,8.195682],[99.316787,8.195689],[99.316854,8.195694],[99.316921,8.195699],[99.317005,8.195705],[99.317055,8.195709],[99.317173,8.195718],[99.317243,8.19569],[99.317312,8.195678],[99.317402,8.195634],[99.317439,8.195603],[99.317511,8.195558],[99.317552,8.195494],[99.317559,8.195427],[99.317584,8.195345],[99.317608,8.19528],[99.317632,8.195215],[99.317657,8.195134],[99.317662,8.195084],[99.317687,8.195004],[99.317716,8.19489],[99.317725,8.194809],[99.317733,8.194727],[99.317743,8.19463],[99.317734,8.194564],[99.317708,8.194497],[99.317666,8.194429],[99.317605,8.194376],[99.317545,8.194323],[99.317482,8.194302],[99.317433,8.194299],[99.317335,8.194291],[99.317268,8.194302],[99.317151,8.194309],[99.317082,8.194336],[99.317015,8.194347],[99.316944,8.19439],[99.316856,8.194432],[99.316768,8.194474],[99.316699,8.194501],[99.316631,8.194512],[99.316532,8.194505],[99.316455,8.194466],[99.316432,8.194513],[99.316343,8.194295],[99.316154,8.19409],[99.316094,8.19374],[99.31613,8.19364],[99.316199,8.19356],[99.316268,8.193497],[99.316335,8.193469],[99.316436,8.193442],[99.316604,8.193421],[99.316671,8.19341],[99.316722,8.19338],[99.316773,8.193316],[99.316774,8.193232],[99.316775,8.193165],[99.316709,8.19311],[99.316609,8.193069],[99.316526,8.193045],[99.316427,8.193038],[99.316327,8.19303],[99.316277,8.193026],[99.316177,8.193019],[99.316127,8.193032],[99.315994,8.193038],[99.31591,8.193065],[99.315808,8.193108],[99.315708,8.193117],[99.31564,8.193162],[99.315571,8.193207],[99.315504,8.193219],[99.315453,8.193232],[99.315369,8.193242],[99.315301,8.193254],[99.315218,8.193247],[99.315183,8.193279],[99.315099,8.193289],[99.315014,8.193316],[99.314912,8.193326],[99.314844,8.193354],[99.31479,8.193418],[99.314768,8.193536],[99.314766,8.193587],[99.31476,8.193707],[99.314757,8.193758],[99.314769,8.193863],[99.314766,8.193932],[99.314712,8.193997],[99.314643,8.194026],[99.314574,8.194038],[99.314506,8.194033],[99.31374,8.193936],[99.313523,8.194185],[99.313308,8.19454],[99.312977,8.194586],[99.312937,8.194654],[99.312867,8.194666],[99.312778,8.194695],[99.312689,8.194725],[99.312615,8.194773],[99.312526,8.194802],[99.312452,8.19485],[99.312378,8.194899],[99.312289,8.194928],[99.312216,8.194959],[99.312112,8.194951],[99.312043,8.194945],[99.311974,8.19494],[99.311891,8.194897],[99.311823,8.194874],[99.311742,8.194814],[99.311713,8.194757],[99.311703,8.194685],[99.311695,8.194594],[99.311668,8.194521],[99.311641,8.194447],[99.311595,8.19439],[99.311547,8.194351],[99.31148,8.194328],[99.311416,8.194288],[99.311368,8.194249],[99.311322,8.194192],[99.311245,8.194116],[99.311197,8.194077],[99.311152,8.194021],[99.311126,8.193948],[99.311115,8.193895],[99.311074,8.193805],[99.311048,8.193733],[99.311043,8.193628],[99.311052,8.193543],[99.311077,8.193476],[99.311121,8.193393],[99.311179,8.193329],[99.311243,8.193214],[99.311284,8.193149],[99.311314,8.193032],[99.311325,8.192932],[99.311336,8.192832],[99.311335,8.192848],[99.311228,8.192456],[99.311023,8.19249],[99.310951,8.192534],[99.31091,8.192598],[99.310883,8.192679],[99.310861,8.192728],[99.310849,8.192828],[99.310791,8.192891],[99.310736,8.19292],[99.310667,8.192932],[99.310632,8.192946],[99.310508,8.192988],[99.31042,8.193015],[99.310351,8.193026],[99.310248,8.193035],[99.310131,8.193026],[99.310085,8.192989],[99.310008,8.192932],[99.309984,8.192863],[99.309943,8.192792],[99.309907,8.192688],[99.30984,8.192683],[99.309773,8.192678],[99.309709,8.192656],[99.309642,8.192651],[99.309564,8.192612],[99.309485,8.192572],[99.309412,8.1925],[99.30937,8.192446],[99.309327,8.192393],[99.309304,8.192325],[99.309281,8.192257],[99.309255,8.192205],[99.309218,8.19212],[99.309209,8.19207],[99.309188,8.191986],[99.309165,8.191919],[99.309145,8.191835],[99.309087,8.191782],[99.309026,8.191745],[99.308963,8.191724],[99.308881,8.191717],[99.308846,8.191731],[99.30878,8.191726],[99.308641,8.191764],[99.308573,8.191775],[99.30851,8.191852],[99.308488,8.191883],[99.308409,8.191959],[99.308348,8.19202],[99.308307,8.192066],[99.307953,8.192077],[99.30781,8.191981],[99.30776,8.191893],[99.307689,8.191845],[99.307617,8.191797],[99.307588,8.19169],[99.307596,8.191586],[99.307626,8.191442],[99.307687,8.191385],[99.307746,8.191348],[99.307806,8.19129],[99.307923,8.191216],[99.307963,8.191178],[99.308041,8.191123],[99.308138,8.191068],[99.308234,8.191014],[99.30833,8.19096],[99.308426,8.190906],[99.308501,8.190892],[99.308594,8.190878],[99.308687,8.190865],[99.308781,8.190832],[99.308857,8.190797],[99.308933,8.190762],[99.309011,8.190687],[99.309053,8.190589],[99.309058,8.190489],[99.309063,8.190409],[99.308961,8.190161],[99.308642,8.190118],[99.308327,8.189935],[99.308259,8.189871],[99.308171,8.189825],[99.308083,8.189798],[99.307977,8.189751],[99.307908,8.189706],[99.307856,8.189683],[99.307749,8.189655],[99.307695,8.189651],[99.307587,8.189642],[99.307509,8.189715],[99.307466,8.18979],[99.307441,8.189867],[99.307433,8.189965],[99.30739,8.190042],[99.307364,8.190139],[99.307339,8.190217],[99.307314,8.190295],[99.307252,8.190371],[99.307194,8.190406],[99.307134,8.190462],[99.307037,8.190515],[99.306961,8.19055],[99.306869,8.190543],[99.306783,8.190476],[99.306716,8.19041],[99.306685,8.190347],[99.30664,8.190243],[99.306593,8.19016],[99.306579,8.190119],[99.306496,8.190033],[99.30648,8.190011],[99.306377,8.189944],[99.306295,8.189858],[99.306226,8.189813],[99.306201,8.189713],[99.306191,8.189633],[99.306165,8.189533],[99.306175,8.189436],[99.306184,8.189359],[99.30621,8.189283],[99.306254,8.189209],[99.306292,8.189192],[99.306327,8.189195],[99.306439,8.189165],[99.306564,8.189175],[99.306617,8.189179],[99.30676,8.18919],[99.30685,8.189197],[99.306921,8.189202],[99.306993,8.189207],[99.307154,8.18922],[99.307208,8.189224],[99.307299,8.189212],[99.307406,8.18922],[99.307479,8.189206],[99.307571,8.189175],[99.30763,8.189121],[99.307707,8.18905],[99.307761,8.189055],[99.307798,8.189038],[99.307839,8.188965],[99.307734,8.188911],[99.307736,8.18869],[99.307538,8.188505],[99.307468,8.1885],[99.307394,8.188532],[99.307321,8.188545],[99.307226,8.188613],[99.307184,8.188686],[99.307127,8.188719],[99.307053,8.188752],[99.306964,8.188745],[99.306893,8.18874],[99.306805,8.188733],[99.306739,8.188671],[99.306713,8.188574],[99.306719,8.188518],[99.306691,8.18844],[99.306682,8.188345],[99.30667,8.188288],[99.306658,8.188231],[99.306619,8.188097],[99.306574,8.188019],[99.306513,8.187922],[99.306486,8.187846],[99.306404,8.187784],[99.306342,8.187706],[99.306297,8.187629],[99.306249,8.187589],[99.30617,8.187509],[99.306122,8.187469],[99.306059,8.18741],[99.30603,8.187353],[99.305971,8.187258],[99.305981,8.187168],[99.305993,8.187061],[99.306019,8.186991],[99.306079,8.186924],[99.306117,8.186891],[99.306178,8.186807],[99.306261,8.186688],[99.306306,8.186586],[99.306344,8.186553],[99.306388,8.186469],[99.306411,8.186418],[99.306492,8.186301],[99.306533,8.186235],[99.306608,8.186171],[99.306699,8.186125],[99.306734,8.186111],[99.306845,8.186033],[99.306897,8.186019],[99.30697,8.185973],[99.307057,8.185945],[99.307147,8.185901],[99.30725,8.185891],[99.307337,8.185864],[99.307404,8.185869],[99.307461,8.185805],[99.307501,8.185739],[99.30756,8.185642],[99.307584,8.185558],[99.307622,8.18551],[99.307643,8.185461],[99.307841,8.184714],[99.307924,8.184504],[99.307946,8.184463],[99.307979,8.184412],[99.308003,8.184339],[99.308024,8.184309],[99.308056,8.184269],[99.308078,8.184229],[99.308081,8.184177],[99.308084,8.184135],[99.308068,8.184071],[99.30806,8.184039],[99.308043,8.183996],[99.307985,8.183992],[99.307974,8.184002],[99.307915,8.184007],[99.307876,8.184015],[99.307836,8.184022],[99.307776,8.184038],[99.307737,8.184035],[99.307678,8.184041],[99.30762,8.184037],[99.307571,8.184033],[99.307541,8.184041],[99.307501,8.184048],[99.307433,8.184043],[99.307404,8.184041],[99.307345,8.184036],[99.307297,8.184033],[99.307258,8.18403],[99.307209,8.184026],[99.3072,8.184015],[99.307144,8.18399],[99.307085,8.183985],[99.307047,8.183972],[99.307009,8.183959],[99.306963,8.183934],[99.306895,8.183929],[99.306847,8.183915],[99.30681,8.183891],[99.306781,8.183889],[99.306735,8.183865],[99.306686,8.183861],[99.306628,8.183857],[99.30656,8.183852],[99.306502,8.183847],[99.306463,8.183844],[99.306405,8.18384],[99.306367,8.183826],[99.306321,8.183802],[99.306304,8.18378],[99.306261,8.183736],[99.306246,8.183694],[99.306242,8.183652],[99.306236,8.183621],[99.306214,8.183559],[99.306208,8.183528],[99.306197,8.183466],[99.306173,8.183424],[99.30617,8.183374],[99.30615,8.183302],[99.306136,8.183261],[99.306122,8.18322],[99.3061,8.183169],[99.306065,8.182854],[99.306102,8.182712],[99.306446,8.182672],[99.306617,8.182767],[99.30669,8.182773],[99.306752,8.182777],[99.306814,8.182782],[99.306855,8.182785],[99.306898,8.182777],[99.306953,8.182746],[99.306974,8.182736],[99.307029,8.182705],[99.307062,8.182684],[99.307096,8.182651],[99.30714,8.182619],[99.307173,8.182587],[99.307208,8.182543],[99.307242,8.1825],[99.307266,8.182455],[99.307278,8.182433],[99.307314,8.182367],[99.307337,8.182323],[99.30736,8.182291],[99.307383,8.182258],[99.307428,8.182194],[99.307473,8.18214],[99.307496,8.182097],[99.307509,8.182053],[99.307544,8.181989],[99.307557,8.181945],[99.307591,8.181892],[99.307615,8.181839],[99.307628,8.181796],[99.30764,8.181753],[99.307664,8.181699],[99.307677,8.181657],[99.30771,8.181605],[99.307713,8.181551],[99.307756,8.1815],[99.307778,8.181469],[99.30782,8.18143],[99.307852,8.1814],[99.307903,8.181372],[99.307944,8.181343],[99.307975,8.181313],[99.308026,8.181285],[99.308077,8.181257],[99.308127,8.18124],[99.308157,8.181232],[99.308208,8.181204],[99.308247,8.181196],[99.308287,8.181178],[99.308327,8.18116],[99.308338,8.18114],[99.308408,8.181104],[99.308429,8.181063],[99.30845,8.181023],[99.308453,8.180951],[99.308455,8.180899],[99.308447,8.180847],[99.30842,8.180804],[99.308402,8.180762],[99.308374,8.180729],[99.308357,8.180676],[99.308349,8.180655],[99.308322,8.180593],[99.308314,8.180562],[99.308287,8.180509],[99.308241,8.180476],[99.308204,8.180443],[99.308167,8.18042],[99.308121,8.180386],[99.308083,8.180373],[99.308056,8.180341],[99.30801,8.180308],[99.307983,8.180276],[99.307957,8.180235],[99.307911,8.180201],[99.307893,8.18018],[99.307867,8.180139],[99.307851,8.180089],[99.307825,8.180048],[99.307799,8.180007],[99.307784,8.179957],[99.307766,8.179936],[99.30775,8.179896],[99.307734,8.179847],[99.307737,8.179809],[99.307767,8.179772],[99.307789,8.179726],[99.307819,8.1797],[99.307857,8.179684],[99.307895,8.179668],[99.307963,8.179635],[99.308,8.179638],[99.308028,8.179631],[99.308076,8.179606],[99.308105,8.179589],[99.308153,8.179565],[99.308191,8.179539],[99.308229,8.179514],[99.308268,8.179489],[99.308343,8.179458],[99.308381,8.179432],[99.308438,8.179409],[99.308503,8.179386],[99.30856,8.179335],[99.308606,8.179329],[99.308662,8.179306],[99.3087,8.179272],[99.308719,8.179246],[99.308748,8.179202],[99.308785,8.179178],[99.308813,8.179144],[99.308823,8.179126],[99.308973,8.178948],[99.308807,8.17762],[99.308745,8.177325],[99.308735,8.177304],[99.308724,8.177262],[99.308704,8.17719],[99.308694,8.177138],[99.308674,8.177056],[99.308663,8.176995],[99.308643,8.176913],[99.308623,8.176842],[99.308613,8.176792],[99.308613,8.176762],[99.308603,8.176712],[99.308603,8.176663],[99.308583,8.176612],[99.308583,8.176593],[99.308573,8.176524],[99.308563,8.176494],[99.308554,8.176445],[99.308535,8.176405],[99.308534,8.176386],[99.308506,8.176316],[99.308496,8.176268],[99.308468,8.176199],[99.308449,8.17615],[99.30843,8.176102],[99.308412,8.176072],[99.308402,8.176024],[99.308374,8.175966],[99.308356,8.175918],[99.308328,8.175869],[99.308292,8.17582],[99.308246,8.175789],[99.308209,8.175759],[99.308173,8.175728],[99.308136,8.175698],[99.308109,8.175668],[99.308073,8.175629],[99.308046,8.175599],[99.308019,8.175579],[99.307992,8.17555],[99.307965,8.17553],[99.30792,8.17549],[99.307911,8.175462],[99.307885,8.175397],[99.307868,8.175351],[99.307859,8.175315],[99.307851,8.175278],[99.307843,8.175224],[99.307834,8.175188],[99.307826,8.175135],[99.307809,8.175089],[99.307792,8.175036],[99.307775,8.174999],[99.307759,8.174946],[99.30775,8.174936],[99.307725,8.174874],[99.307716,8.174847],[99.307682,8.174784],[99.307657,8.174739],[99.307648,8.174722],[99.307623,8.174686],[99.307589,8.174615],[99.307564,8.174588],[99.30753,8.174534],[99.307513,8.174508],[99.307488,8.174472],[99.307445,8.174444],[99.307387,8.174321],[99.307254,8.174202],[99.307168,8.174147],[99.307124,8.174108],[99.307081,8.17408],[99.307038,8.174065],[99.306985,8.174037],[99.306942,8.17401],[99.306889,8.173982],[99.306867,8.173968],[99.306804,8.17394],[99.306761,8.173913],[99.306697,8.173884],[99.306655,8.173857],[99.306602,8.173829],[99.306549,8.17379],[99.306496,8.173762],[99.306443,8.173723],[99.306401,8.173696],[99.306338,8.173668],[99.306286,8.173628],[99.306244,8.173614],[99.306202,8.173587],[99.30614,8.173571],[99.306088,8.173555],[99.306036,8.173539],[99.305974,8.173523],[99.305933,8.173508],[99.305861,8.173479],[99.305809,8.173475],[99.305758,8.173448],[99.305706,8.173433],[99.305644,8.173393],[99.305624,8.173369],[99.305582,8.173354],[99.305521,8.173315],[99.305449,8.173263],[99.305388,8.173224],[99.305347,8.173187],[99.305317,8.17315],[99.305286,8.173114],[99.305266,8.173067],[99.305246,8.173009],[99.305216,8.172939],[99.305186,8.172891],[99.305166,8.172834],[99.305146,8.172777],[99.305137,8.172721],[99.305117,8.172686],[99.305108,8.172619],[99.305108,8.172608],[99.305098,8.172563],[99.305059,8.172473],[99.30506,8.172397],[99.30505,8.172363],[99.305012,8.172296],[99.304983,8.17224],[99.304953,8.172205],[99.304934,8.172171],[99.304915,8.172117],[99.304916,8.172064],[99.304898,8.171999],[99.304898,8.171977],[99.304879,8.171913],[99.30487,8.17187],[99.304872,8.171797],[99.304873,8.171735],[99.304873,8.171714],[99.304875,8.171631],[99.304876,8.17156],[99.304876,8.171539],[99.304877,8.171478],[99.304879,8.171417],[99.304879,8.171386],[99.304881,8.171296],[99.304881,8.171255],[99.304883,8.171185],[99.304883,8.171155],[99.304875,8.171095],[99.304876,8.171055],[99.304867,8.170996],[99.304849,8.170945],[99.304821,8.170913],[99.304794,8.170852],[99.304767,8.170811],[99.304739,8.17077],[99.304703,8.170719],[99.304675,8.170698],[99.304648,8.170657],[99.304602,8.170624],[99.304566,8.170583],[99.304529,8.170552],[99.304493,8.17052],[99.304466,8.170499],[99.30442,8.170457],[99.304393,8.170436],[99.304384,8.170426],[99.30433,8.170384],[99.304293,8.170362],[99.304257,8.170331],[99.304248,8.17033],[99.304184,8.170297],[99.304139,8.170275],[99.304102,8.170272],[99.304056,8.170259],[99.30402,8.170247],[99.303956,8.170223],[99.3039,8.170219],[99.303855,8.170197],[99.303819,8.170185],[99.303791,8.170183],[99.303755,8.17017],[99.3037,8.170148],[99.303664,8.170135],[99.303629,8.170105],[99.303593,8.170083],[99.303566,8.170072],[99.303522,8.170041],[99.303497,8.170011],[99.303462,8.16998],[99.303409,8.169949],[99.303374,8.169928],[99.303347,8.169907],[99.303304,8.169876],[99.303251,8.169845],[99.30319,8.169803],[99.303155,8.169782],[99.303129,8.169762],[99.303094,8.16975],[99.30305,8.16972],[99.303014,8.169717],[99.30297,8.169695],[99.302944,8.169684],[99.302898,8.169681],[99.302863,8.169669],[99.302828,8.169648],[99.302792,8.169645],[99.302746,8.169642],[99.302708,8.169657],[99.302696,8.169692],[99.302683,8.169728],[99.302669,8.169773],[99.302665,8.169818],[99.302679,8.169856],[99.302694,8.169894],[99.302718,8.169933],[99.302733,8.169962],[99.302757,8.17001],[99.302771,8.170048],[99.302777,8.170086],[99.3028,8.170135],[99.302815,8.170173],[99.302811,8.17022],[99.30278,8.170255],[99.30274,8.170281],[99.302692,8.170296],[99.302652,8.170322],[99.302621,8.170348],[99.302579,8.170392],[99.302537,8.170427],[99.302505,8.170463],[99.302455,8.170498],[99.302405,8.170523],[99.302365,8.17054],[99.302316,8.170555],[99.302276,8.170571],[99.302236,8.170588],[99.302189,8.170584],[99.302142,8.170581],[99.302115,8.170569],[99.302073,8.170527],[99.30204,8.170486],[99.302017,8.170436],[99.302003,8.170396],[99.30201,8.170339],[99.302015,8.170301],[99.302022,8.170245],[99.302028,8.170198],[99.302042,8.170161],[99.302056,8.170115],[99.302071,8.170069],[99.302077,8.170023],[99.302091,8.169987],[99.302095,8.16995],[99.302091,8.169903],[99.302076,8.169874],[99.302043,8.169844],[99.302009,8.169823],[99.301984,8.169802],[99.301948,8.169791],[99.301912,8.169788],[99.301857,8.169783],[99.301811,8.16978],[99.301765,8.169776],[99.301729,8.169774],[99.301691,8.16978],[99.30165,8.169804],[99.301602,8.169819],[99.301568,8.169863],[99.301534,8.169907],[99.3015,8.169951],[99.301496,8.169978],[99.301469,8.170032],[99.301453,8.170078],[99.301447,8.170125],[99.301439,8.170181],[99.301433,8.170219],[99.301436,8.170266],[99.30144,8.170305],[99.301434,8.170343],[99.301448,8.170382],[99.301444,8.170411],[99.301434,8.170478],[99.30143,8.170507],[99.301422,8.170564],[99.301396,8.170611],[99.301354,8.170637],[99.301324,8.170645],[99.301247,8.170649],[99.30118,8.170653],[99.301132,8.17065],[99.301094,8.170647],[99.301057,8.170644],[99.301038,8.170642],[99.300953,8.170636],[99.300905,8.170632],[99.300866,8.170639],[99.30009,8.171164],[99.298464,8.171062],[99.298311,8.170347],[99.298272,8.16963],[99.298322,8.169426],[99.298411,8.169225],[99.29842,8.16906],[99.298548,8.168864],[99.298636,8.168665],[99.298681,8.168545],[99.29873,8.168345],[99.298739,8.168182],[99.298785,8.168023],[99.298717,8.167856],[99.298563,8.167844],[99.298328,8.167907],[99.298096,8.16793],[99.297908,8.167834],[99.297915,8.167714],[99.29793,8.167473],[99.298013,8.167359],[99.298135,8.167248],[99.298223,8.167055],[99.298232,8.166896],[99.298084,8.166805],[99.297894,8.16679],[99.297703,8.166776],[99.297549,8.166804],[99.297424,8.166953],[99.29734,8.167067],[99.297174,8.167254],[99.297087,8.167408],[99.297,8.167563],[99.296874,8.167715],[99.296819,8.167954],[99.296733,8.168069],[99.296194,8.168028],[99.29628,8.167386],[99.296677,8.167216],[99.2968,8.167105],[99.29692,8.167034],[99.297045,8.166884],[99.297018,8.166723],[99.296871,8.166632],[99.296725,8.166542],[99.296573,8.16653],[99.296383,8.166515],[99.296228,8.166543],[99.296072,8.166571],[99.295955,8.166602],[99.295724,8.166624],[99.295534,8.166609],[99.295381,8.166597],[99.295236,8.166507],[99.29509,8.166416],[99.294797,8.166337],[99.294488,8.165465],[99.293979,8.165622],[99.293783,8.165685],[99.293594,8.165671],[99.293431,8.165776],[99.293305,8.165884],[99.293255,8.165999],[99.293092,8.166104],[99.292902,8.16609],[99.292758,8.166],[99.292653,8.165913],[99.292476,8.165781],[99.292333,8.165692],[99.292157,8.16556],[99.291981,8.165429],[99.291952,8.165349],[99.291899,8.16515],[99.291875,8.165031],[99.291695,8.16494],[99.291507,8.164925],[99.291395,8.164917],[99.291193,8.165018],[99.291004,8.165003],[99.290788,8.164909],[99.290652,8.164782],[99.290554,8.164658],[99.290414,8.16457],[99.290226,8.164556],[99.290184,8.164591],[99.289972,8.165102],[99.289358,8.164528],[99.289903,8.162229],[99.290164,8.161008],[99.289608,8.159893],[99.288613,8.160059],[99.288534,8.159665],[99.289057,8.159177],[99.289199,8.159045],[99.289252,8.158954],[99.289487,8.158734],[99.289634,8.158556],[99.28981,8.158475],[99.289951,8.158344],[99.290013,8.15816],[99.290044,8.157881],[99.289936,8.157733],[99.289776,8.157674],[99.289658,8.157618],[99.289457,8.157556],[99.289344,8.157454],[99.289202,8.157258],[99.289054,8.157107],[99.288994,8.156918],[99.288975,8.156733],[99.289202,8.156566],[99.289376,8.156488],[99.289591,8.156413],[99.289622,8.156142],[99.289475,8.155994],[99.289278,8.155934],[99.289074,8.155918],[99.28879,8.155896],[99.288673,8.155842],[99.288528,8.155695],[99.288464,8.155554],[99.288498,8.155287],[99.288636,8.155163],[99.288774,8.155039],[99.288981,8.15501],[99.289142,8.155023],[99.289355,8.15495],[99.289481,8.154915],[99.289698,8.154798],[99.289759,8.154625],[99.289654,8.154484],[99.289509,8.15434],[99.289405,8.1542],[99.28938,8.154066],[99.289481,8.153898],[99.289572,8.153817],[99.289911,8.153668],[99.290081,8.153594],[99.290265,8.153391],[99.290404,8.153228],[99.290572,8.153154],[99.290691,8.153163],[99.290717,8.153295],[99.290829,8.152949],[99.289125,8.152227],[99.288779,8.151818],[99.288633,8.151722],[99.288492,8.151585],[99.288431,8.151453],[99.288341,8.151236],[99.288368,8.151029],[99.288396,8.150822],[99.288495,8.150663],[99.288628,8.150549],[99.288794,8.150479],[99.28896,8.150409],[99.289121,8.15038],[99.289343,8.150479],[99.289401,8.15065],[99.289458,8.15082],[99.289477,8.150988],[99.289618,8.151125],[99.289711,8.151006],[99.289746,8.150718],[99.289781,8.15043],[99.289873,8.150313],[99.289975,8.150116],[99.290101,8.150043],[99.290308,8.149936],[99.290554,8.149832],[99.290679,8.14976],[99.290765,8.149685],[99.290929,8.149616],[99.291173,8.149513],[99.29134,8.149404],[99.291464,8.149333],[99.291592,8.149221],[99.291839,8.149079],[99.292073,8.149057],[99.292192,8.149026],[99.292349,8.148998],[99.292617,8.149018],[99.292846,8.149036],[99.293003,8.149008],[99.293167,8.1489],[99.293362,8.148875],[99.293739,8.148677],[99.294054,8.147975],[99.293803,8.147368],[99.293659,8.147279],[99.293516,8.147191],[99.293376,8.147063],[99.293199,8.146934],[99.293097,8.14681],[99.292999,8.146648],[99.292939,8.14649],[99.292879,8.146332],[99.292823,8.146136],[99.292775,8.145866],[99.29279,8.145715],[99.29292,8.145536],[99.293008,8.145392],[99.293201,8.145332],[99.293423,8.145349],[99.293608,8.145363],[99.293827,8.145417],[99.293934,8.145463],[99.294005,8.145506],[99.294181,8.145633],[99.29432,8.145757],[99.294496,8.145884],[99.294592,8.146081],[99.294623,8.14616],[99.294834,8.146329],[99.29494,8.146413],[99.295118,8.146542],[99.29527,8.146515],[99.295391,8.14641],[99.295511,8.146304],[99.295597,8.146159],[99.295682,8.146013],[99.295728,8.145903],[99.296096,8.145441],[99.297912,8.142765],[99.298165,8.142076],[99.298203,8.142044],[99.298357,8.141845],[99.298399,8.141709],[99.298513,8.141578],[99.298554,8.141476],[99.298675,8.141174],[99.298717,8.141039],[99.298793,8.140942],[99.298873,8.140742],[99.29895,8.140611],[99.298958,8.140441],[99.298892,8.140333],[99.298751,8.140323],[99.298505,8.140304],[99.298329,8.14029],[99.298151,8.140311],[99.298007,8.140368],[99.297934,8.140396],[99.297756,8.140417],[99.297693,8.140275],[99.297631,8.140135],[99.29749,8.140124],[99.297244,8.140105],[99.297068,8.140092],[99.296857,8.140075],[99.296686,8.139994],[99.296583,8.139953],[99.296447,8.139874],[99.296279,8.13976],[99.296183,8.139618],[99.296193,8.139484],[99.29624,8.13932],[99.296319,8.139192],[99.296459,8.139203],[99.296675,8.139119],[99.296819,8.139064],[99.296832,8.138866],[99.296843,8.138701],[99.296748,8.138561],[99.296653,8.138422],[99.296558,8.138284],[99.296454,8.138276],[99.296157,8.137954],[99.295557,8.137533],[99.295452,8.137199],[99.295439,8.137134],[99.295434,8.137004],[99.295444,8.136919],[99.295534,8.136862],[99.295636,8.13687],[99.295738,8.136878],[99.295812,8.136948],[99.295843,8.137036],[99.295856,8.137101],[99.295885,8.137211],[99.295937,8.137302],[99.295971,8.137369],[99.29603,8.137395],[99.296158,8.137362],[99.296245,8.137325],[99.296328,8.137331],[99.296359,8.137226],[99.296366,8.137162],[99.2964,8.137036],[99.296434,8.13691],[99.296465,8.136806],[99.296494,8.136723],[99.296526,8.13662],[99.296557,8.136517],[99.296608,8.136416],[99.296655,8.136357],[99.296705,8.136257],[99.296756,8.136157],[99.296784,8.136076],[99.296833,8.135997],[99.296881,8.135919],[99.296909,8.135839],[99.296895,8.135171],[99.296652,8.135212],[99.296566,8.135266],[99.296483,8.135299],[99.296362,8.13531],[99.296281,8.135324],[99.296197,8.135358],[99.296113,8.135392],[99.296051,8.135407],[99.295969,8.135421],[99.295875,8.135373],[99.295823,8.135309],[99.29579,8.135246],[99.295765,8.135124],[99.295777,8.135025],[99.295745,8.134963],[99.295715,8.134881],[99.295668,8.134779],[99.295641,8.134678],[99.295612,8.134597],[99.295585,8.134497],[99.295587,8.134478],[99.295423,8.133924],[99.295923,8.133658],[99.295981,8.133663],[99.296081,8.133633],[99.296158,8.133639],[99.296237,8.133626],[99.296316,8.133613],[99.296396,8.133582],[99.296498,8.133533],[99.296564,8.133463],[99.296591,8.13339],[99.296637,8.133319],[99.29672,8.13327],[99.296788,8.133164],[99.296853,8.133095],[99.296955,8.133029],[99.297018,8.132979],[99.297046,8.132889],[99.297055,8.132799],[99.297023,8.132742],[99.296972,8.132683],[99.2969,8.132642],[99.29681,8.132599],[99.296739,8.132557],[99.296668,8.132515],[99.296617,8.132457],[99.296569,8.132382],[99.29656,8.132292],[99.296531,8.132218],[99.296522,8.132128],[99.296493,8.132055],[99.296419,8.132049],[99.29645,8.13207],[99.29631,8.131829],[99.297254,8.131522],[99.298607,8.131515],[99.299247,8.131476],[99.299371,8.131486],[99.299537,8.131499],[99.299703,8.131511],[99.299848,8.131522],[99.299931,8.131529],[99.300014,8.131535],[99.3002,8.131549],[99.300345,8.131561],[99.30047,8.13157],[99.300573,8.131578],[99.300677,8.131586],[99.30078,8.131594],[99.300988,8.13161],[99.301112,8.131619],[99.301174,8.131624],[99.301236,8.131629],[99.30143,8.1316],[99.301595,8.131612],[99.301678,8.131619],[99.301885,8.131635],[99.301968,8.131641],[99.302113,8.131652],[99.302223,8.131617],[99.302332,8.131581],[99.302524,8.131552],[99.302668,8.131563],[99.302757,8.131526],[99.302842,8.131511],[99.302907,8.131494],[99.30303,8.131504],[99.303159,8.13147],[99.303221,8.131475],[99.303306,8.131459],[99.303371,8.131443],[99.30352,8.131411],[99.303643,8.13142],[99.303687,8.131402],[99.303874,8.131394],[99.303957,8.131401],[99.304103,8.13139],[99.304267,8.131403],[99.30437,8.131411],[99.304514,8.131422],[99.304535,8.131423],[99.304719,8.131438],[99.304843,8.131447],[99.304904,8.131452],[99.305089,8.131466],[99.305192,8.131474],[99.305336,8.131485],[99.305482,8.131474],[99.305564,8.131481],[99.305646,8.131487],[99.305793,8.131455],[99.305979,8.131448],[99.306041,8.131453],[99.306104,8.131436],[99.306248,8.131447],[99.306371,8.131456],[99.306453,8.131463],[99.306536,8.131447],[99.306661,8.131435],[99.306722,8.13144],[99.306824,8.131448],[99.306968,8.131459],[99.307132,8.131472],[99.307152,8.131473],[99.307255,8.131481],[99.307398,8.131492],[99.307501,8.1315],[99.307685,8.131514],[99.307788,8.131522],[99.307891,8.131508],[99.308055,8.131521],[99.308219,8.131533],[99.308342,8.131543],[99.308485,8.131554],[99.308629,8.131565],[99.30867,8.131568],[99.308752,8.131574],[99.308854,8.131582],[99.309018,8.131595],[99.309162,8.131584],[99.309305,8.131595],[99.30949,8.131609],[99.309633,8.13162],[99.309858,8.131616],[99.30994,8.131601],[99.309981,8.131604],[99.310165,8.131618],[99.310452,8.13164],[99.310534,8.131647],[99.310657,8.131656],[99.310759,8.131664],[99.310902,8.131675],[99.311066,8.131687],[99.311189,8.131697],[99.311291,8.131705],[99.311475,8.131719],[99.311598,8.131728],[99.311742,8.131739],[99.311864,8.131749],[99.311987,8.131758],[99.312028,8.131761],[99.31211,8.131768],[99.312274,8.13178],[99.312478,8.131796],[99.312519,8.131799],[99.312765,8.131818],[99.312867,8.131826],[99.31297,8.131834],[99.313113,8.131845],[99.313217,8.131874],[99.313323,8.131947],[99.313367,8.131993],[99.313493,8.132046],[99.313557,8.132094],[99.31516,8.132368],[99.317599,8.132928],[99.319298,8.133331],[99.320384,8.133412],[99.323967,8.133329],[99.324747,8.133084],[99.325657,8.133003],[99.325801,8.132992],[99.325883,8.132977],[99.326069,8.132949],[99.326273,8.132964],[99.326478,8.13298],[99.326621,8.132991],[99.326765,8.132959],[99.326867,8.132967],[99.32701,8.132978],[99.327153,8.132989],[99.327296,8.133],[99.327378,8.133006],[99.32748,8.133014],[99.327644,8.133027],[99.327828,8.133041],[99.32793,8.133048],[99.328093,8.133061],[99.328277,8.133075],[99.328461,8.133089],[99.328543,8.133096],[99.328665,8.133105],[99.32889,8.133122],[99.329054,8.133135],[99.329197,8.133146],[99.32936,8.133158],[99.329503,8.133169],[99.329749,8.133188],[99.32983,8.133194],[99.329973,8.133205],[99.330157,8.133219],[99.330321,8.133232],[99.330444,8.133241],[99.330505,8.133246],[99.330627,8.133255],[99.33075,8.133265],[99.330914,8.133277],[99.331016,8.133285],[99.331057,8.133288],[99.331159,8.133296],[99.331363,8.133312],[99.331404,8.133315],[99.338112,8.134056],[99.340121,8.133965],[99.341072,8.133817],[99.341174,8.133785],[99.341335,8.133757],[99.341594,8.133737],[99.341794,8.133712],[99.341974,8.133686],[99.342153,8.133661],[99.342253,8.133648],[99.342432,8.133622],[99.342532,8.13361],[99.342611,8.133597],[99.342709,8.133604],[99.342808,8.133592],[99.342966,8.133584],[99.343045,8.13359],[99.343164,8.13356],[99.343244,8.133527],[99.343383,8.133498],[99.343463,8.133465],[99.343521,8.133469],[99.343581,8.133454],[99.343718,8.133445],[99.343837,8.133415],[99.343935,8.133403],[99.343994,8.133388],[99.344132,8.13336],[99.344249,8.133349],[99.344348,8.133298],[99.344505,8.133252],[99.344641,8.133243],[99.344797,8.133216],[99.344914,8.133206],[99.345011,8.133155],[99.345031,8.133137],[99.345206,8.133112],[99.345283,8.13308],[99.34538,8.133049],[99.345496,8.133],[99.345554,8.132985],[99.34567,8.132937],[99.345746,8.132885],[99.345823,8.132853],[99.345938,8.132805],[99.346015,8.132773],[99.348713,8.130678],[99.349965,8.129903],[99.35122,8.129805],[99.353906,8.130597],[99.358599,8.131476],[99.363434,8.132915],[99.365844,8.133526],[99.369142,8.133698],[99.371482,8.134283],[99.371446,8.135967],[99.375022,8.137106],[99.377423,8.138072],[99.379381,8.139074],[99.380515,8.139245],[99.381181,8.139184],[99.381325,8.139138],[99.381421,8.139118],[99.38154,8.139099],[99.38161,8.139104],[99.381754,8.139059],[99.381849,8.139038],[99.381922,8.138988],[99.382017,8.138967],[99.382137,8.138921],[99.382255,8.138902],[99.38235,8.138881],[99.382423,8.138832],[99.382541,8.138813],[99.38266,8.138767],[99.382754,8.138746],[99.38285,8.138698],[99.382919,8.138703],[99.383036,8.138685],[99.383106,8.13869],[99.383224,8.138644],[99.383295,8.138622],[99.383413,8.138576],[99.383531,8.13853],[99.383624,8.13851],[99.383718,8.138463],[99.383812,8.138415],[99.383905,8.138395],[99.384023,8.138322],[99.38414,8.13825],[99.384235,8.138176],[99.384304,8.138154],[99.38442,8.138109],[99.38449,8.13806],[99.384582,8.138041],[99.384675,8.137994],[99.384767,8.137947],[99.384883,8.137876],[99.384998,8.137831],[99.385136,8.137762],[99.385273,8.137719],[99.385387,8.137675],[99.385478,8.137629],[99.385615,8.137586],[99.385706,8.13754],[99.385797,8.137468],[99.385887,8.137422],[99.385955,8.137375],[99.38609,8.137307],[99.38618,8.137235],[99.386247,8.137188],[99.386359,8.137119],[99.386472,8.137101],[99.386561,8.137031],[99.386628,8.136984],[99.386693,8.136886],[99.386804,8.136817],[99.386892,8.136721],[99.386979,8.1366],[99.387089,8.136532],[99.387131,8.136433],[99.387217,8.136313],[99.387282,8.136243],[99.387324,8.136171],[99.387388,8.136075],[99.387451,8.13598],[99.387515,8.135885],[99.387578,8.135816],[99.387641,8.135721],[99.387705,8.135652],[99.387767,8.135558],[99.387809,8.135488],[99.387849,8.135393],[99.387888,8.135274],[99.387885,8.135177],[99.387902,8.135057],[99.387898,8.134936],[99.387894,8.134816],[99.387888,8.134672],[99.387882,8.134505],[99.387878,8.134386],[99.387873,8.134245],[99.387868,8.134104],[99.387865,8.13401],[99.387862,8.13394],[99.387834,8.133753],[99.38783,8.133637],[99.387827,8.133545],[99.387823,8.133453],[99.387861,8.133342],[99.387901,8.133277],[99.387918,8.133165],[99.387955,8.133032],[99.38795,8.132919],[99.387946,8.132807],[99.387943,8.132718],[99.387917,8.132582],[99.387893,8.132492],[99.387848,8.132401],[99.387781,8.132264],[99.387715,8.132149],[99.387692,8.132082],[99.387669,8.132015],[99.387603,8.131858],[99.38758,8.131792],[99.387515,8.131679],[99.387513,8.131615],[99.38749,8.131527],[99.387425,8.131395],[99.387382,8.131306],[99.387381,8.131264],[99.387314,8.131069],[99.387312,8.130985],[99.38729,8.1309],[99.387247,8.130813],[99.387203,8.130664],[99.387182,8.130642],[99.387118,8.130493],[99.387096,8.130409],[99.387034,8.130322],[99.387032,8.13022],[99.38703,8.130118],[99.387029,8.130077],[99.387025,8.129895],[99.387043,8.129836],[99.387058,8.129657],[99.387116,8.129582],[99.387173,8.129507],[99.38721,8.12945],[99.387267,8.129376],[99.387304,8.1293],[99.387338,8.129126],[99.387335,8.129028],[99.387351,8.128913],[99.387349,8.128835],[99.387347,8.128758],[99.387362,8.128624],[99.387379,8.128549],[99.387395,8.128455],[99.387413,8.128418],[99.38745,8.128345],[99.387484,8.128234],[99.38752,8.128162],[99.387555,8.128052],[99.387569,8.127922],[99.387567,8.127847],[99.387545,8.127771],[99.387146,8.126179],[99.387115,8.125154],[99.387137,8.125055],[99.387158,8.124932],[99.387179,8.124834],[99.3872,8.124736],[99.387243,8.124641],[99.387285,8.124521],[99.387306,8.124424],[99.387326,8.124279],[99.387325,8.124133],[99.387324,8.124036],[99.387322,8.123891],[99.387321,8.123771],[99.387298,8.123674],[99.387275,8.123553],[99.387209,8.123453],[99.387166,8.123355],[99.387143,8.123235],[99.387121,8.12314],[99.387099,8.123068],[99.387076,8.122926],[99.387076,8.122833],[99.387032,8.122714],[99.387011,8.12262],[99.38701,8.122528],[99.386925,8.122361],[99.386882,8.122266],[99.386839,8.122104],[99.386776,8.122009],[99.386755,8.121962],[99.386734,8.121826],[99.386692,8.121755],[99.386671,8.121642],[99.386608,8.121548],[99.386588,8.121458],[99.386567,8.121368],[99.386546,8.121256],[99.386505,8.121165],[99.386464,8.121053],[99.386423,8.120963],[99.386383,8.120873],[99.386342,8.120804],[99.386321,8.120781],[99.386244,8.120071],[99.386802,8.118449],[99.386906,8.11778],[99.386915,8.117674],[99.386952,8.117517],[99.386984,8.117413],[99.386995,8.117282],[99.387029,8.117153],[99.387036,8.117075],[99.387092,8.116949],[99.387098,8.116871],[99.387136,8.116693],[99.387149,8.116539],[99.387158,8.116437],[99.387191,8.116312],[99.387197,8.116236],[99.38723,8.116111],[99.387264,8.115962],[99.387293,8.115889],[99.387347,8.115768],[99.387353,8.115693],[99.387428,8.115599],[99.387458,8.115502],[99.38751,8.115407],[99.387585,8.115289],[99.387615,8.115193],[99.387688,8.115101],[99.387759,8.115033],[99.38781,8.114939],[99.387859,8.11487],[99.387933,8.114755],[99.38798,8.11471],[99.388117,8.114624],[99.38823,8.114561],[99.388321,8.114496],[99.388434,8.114433],[99.388503,8.114367],[99.388615,8.114304],[99.388683,8.114262],[99.388794,8.114199],[99.388884,8.114135],[99.388974,8.114072],[99.389064,8.114008],[99.389133,8.11392],[99.389181,8.11383],[99.389229,8.113717],[99.389274,8.113674],[99.389345,8.113541],[99.389412,8.113477],[99.389482,8.113344],[99.389549,8.113281],[99.389636,8.113219],[99.389724,8.113157],[99.389791,8.113072],[99.389879,8.112965],[99.389902,8.112922],[99.389991,8.112794],[99.390036,8.11273],[99.390101,8.112668],[99.390209,8.112587],[99.390273,8.112525],[99.390337,8.112486],[99.391286,8.111814],[99.391929,8.110372],[99.395115,8.117299],[99.402165,8.12351],[99.407932,8.12248],[99.415668,8.12572],[99.422868,8.123229],[99.433506,8.122898],[99.434312,8.127756],[99.433029,8.131667],[99.426069,8.13663],[99.427079,8.148956],[99.432343,8.159371],[99.438487,8.1607],[99.439661,8.169078],[99.443085,8.171974],[99.442798,8.178126],[99.446125,8.18104],[99.44641,8.187555],[99.460764,8.193357],[99.466891,8.193501],[99.472746,8.197359],[99.469371,8.201888],[99.470141,8.20601],[99.464774,8.216411],[99.463373,8.216714],[99.465048,8.219112],[99.462841,8.231979],[99.46564,8.250836],[99.468495,8.253104],[99.46726,8.255983],[99.46877,8.25863],[99.467627,8.259455],[99.469361,8.262472],[99.468617,8.263754],[99.471894,8.267542],[99.470676,8.268422],[99.471072,8.272098],[99.47112,8.2721],[99.478698,8.278037],[99.477602,8.27942],[99.478698,8.280527],[99.478769,8.28053],[99.481023,8.283202],[99.48367,8.291847],[99.480756,8.297089],[99.481416,8.302136],[99.484978,8.301398],[99.486508,8.304738],[99.488489,8.304987],[99.488058,8.307267],[99.483487,8.309474],[99.484917,8.31236],[99.483337,8.317194],[99.481586,8.317677],[99.482208,8.321949],[99.486509,8.324479],[99.486656,8.32614],[99.483386,8.327471],[99.485337,8.330693],[99.482634,8.331925],[99.482898,8.33439],[99.481218,8.334671],[99.48183,8.338283],[99.479203,8.339452],[99.485999,8.342233],[99.487503,8.346468],[99.48534,8.348893],[99.480299,8.349268],[99.477333,8.351262],[99.480136,8.35682],[99.478279,8.362289],[99.480194,8.364711],[99.480945,8.370712],[99.483945,8.375982],[99.48348,8.384217],[99.48151,8.38478],[99.481672,8.386399],[99.475808,8.387955],[99.477002,8.392414],[99.472629,8.393532],[99.472052,8.39899],[99.470401,8.399042],[99.468523,8.396252],[99.455795,8.39933],[99.452129,8.410196],[99.450128,8.407273],[99.442021,8.411309],[99.437117,8.405008],[99.432274,8.404788],[99.431598,8.401859],[99.427644,8.40646],[99.423743,8.406157],[99.42041,8.412078],[99.417758,8.411545],[99.416691,8.408045],[99.411399,8.404024],[99.415496,8.397651],[99.41496,8.395228],[99.409899,8.397162],[99.407773,8.394245],[99.40617,8.39859],[99.40204,8.398214],[99.391755,8.387047],[99.38952,8.388078],[99.388541,8.391283],[99.386481,8.388246],[99.384031,8.390181],[99.379654,8.388659],[99.377339,8.390927],[99.377204,8.390927],[99.377269,8.387255],[99.368086,8.393277],[99.367738,8.397828],[99.36245,8.404458],[99.360285,8.403959],[99.359049,8.398805],[99.355117,8.394831],[99.351766,8.395341],[99.350852,8.396938],[99.346957,8.393669],[99.345607,8.395547],[99.346351,8.401243],[99.344401,8.408311],[99.342555,8.408481],[99.34232,8.402855],[99.338871,8.401352],[99.337948,8.403128],[99.339938,8.405717],[99.335887,8.407818],[99.333651,8.411699],[99.327074,8.412039],[99.325474,8.415415],[99.324895,8.411702],[99.319865,8.412432],[99.323189,8.417925],[99.319769,8.417498],[99.318168,8.418816],[99.317116,8.424921],[99.314521,8.422061],[99.312566,8.423837],[99.31364,8.431684],[99.316813,8.432363],[99.316104,8.435624],[99.318163,8.43848],[99.315209,8.441734],[99.313049,8.44129],[99.314855,8.444989],[99.308861,8.44537],[99.305864,8.450884],[99.302626,8.453366],[99.298585,8.453955],[99.29654,8.45834],[99.29021,8.456233],[99.292277,8.462425],[99.290266,8.466253],[99.293435,8.470734],[99.286299,8.469437],[99.28595,8.466221],[99.288709,8.466397],[99.287807,8.463699],[99.282631,8.46504],[99.278002,8.461827],[99.278656,8.458073],[99.276499,8.455115],[99.274164,8.455022],[99.273827,8.45716],[99.270918,8.458143],[99.27197,8.453919],[99.266619,8.454549],[99.265807,8.451427],[99.263832,8.451219],[99.264579,8.449751],[99.259545,8.448306],[99.259164,8.444947],[99.26132,8.444671],[99.260068,8.443484],[99.262245,8.438836],[99.261915,8.4366],[99.259816,8.437218],[99.259727,8.437221],[99.259492,8.434344],[99.256637,8.43305],[99.257255,8.430155],[99.255834,8.430555],[99.254041,8.428392],[99.253978,8.423533],[99.251252,8.423883],[99.249633,8.421044],[99.248883,8.415772],[99.250191,8.413993],[99.248185,8.412178],[99.249046,8.410285],[99.245653,8.408],[99.245641,8.40441],[99.239784,8.399649],[99.237767,8.400738],[99.234858,8.39924],[99.237447,8.391891],[99.23676,8.38789],[99.234464,8.38569],[99.237174,8.384955],[99.237002,8.381583],[99.239634,8.380508],[99.237512,8.375954],[99.240918,8.374298],[99.23998,8.370017],[99.24125,8.368088],[99.242797,8.368581],[99.241573,8.367596],[99.240719,8.366909],[99.242372,8.366378],[99.241959,8.365181],[99.246652,8.367425],[99.249666,8.364448],[99.248952,8.36234],[99.250431,8.363001],[99.251068,8.36098],[99.252618,8.361253],[99.252002,8.358949],[99.257764,8.357374],[99.261587,8.350423],[99.262409,8.352294],[99.26642,8.349188],[99.267307,8.351443],[99.269058,8.350326],[99.269245,8.353273],[99.272551,8.350996],[99.271423,8.34913],[99.273331,8.350039],[99.275637,8.351138],[99.275263,8.347668],[99.277622,8.347209],[99.275849,8.345731],[99.273663,8.34391],[99.27503,8.34303],[99.276314,8.343226],[99.276667,8.342633],[99.276617,8.340925],[99.27821,8.341763],[99.280066,8.340672],[99.278832,8.338922],[99.282221,8.336873],[99.281998,8.335207],[99.281135,8.334649],[99.280279,8.334039],[99.281575,8.331542],[99.281035,8.330957],[99.2808,8.330379],[99.28217,8.329825],[99.281408,8.328328],[99.281748,8.32667],[99.282129,8.325093],[99.282882,8.323983],[99.28314,8.323072],[99.282971,8.32213],[99.283269,8.321033],[99.282698,8.320422],[99.282938,8.319447],[99.282201,8.318807],[99.282862,8.318258],[99.282785,8.316857],[99.282716,8.316235],[99.283244,8.315934],[99.284137,8.315976],[99.284166,8.315946],[99.284687,8.315648],[99.284972,8.316325],[99.285116,8.316917],[99.28616,8.316402],[99.286422,8.316498],[99.286197,8.317119],[99.286583,8.317503],[99.287262,8.317639],[99.287697,8.317454],[99.287783,8.317392],[99.288298,8.317052],[99.288852,8.317058],[99.289011,8.316068],[99.288631,8.313906],[99.290277,8.312452],[99.290328,8.313244],[99.29126,8.313057],[99.292032,8.312362],[99.29276,8.311927],[99.292839,8.3119],[99.293788,8.31183],[99.294096,8.312138],[99.294157,8.312923],[99.29402,8.313434],[99.295175,8.313535],[99.295646,8.313945],[99.296019,8.315277],[99.299699,8.315116],[99.299811,8.314004],[99.298677,8.312469],[99.298457,8.31093],[99.29892,8.310072],[99.300419,8.310988],[99.300717,8.310624],[99.298496,8.306962],[99.299223,8.306155],[99.299821,8.306887],[99.300422,8.30641],[99.302093,8.306916],[99.303111,8.306504],[99.30343,8.30594],[99.302392,8.305424],[99.302051,8.304291],[99.303121,8.303646],[99.303566,8.304811],[99.305446,8.303908],[99.306264,8.304458],[99.306494,8.304204],[99.305698,8.303148],[99.306912,8.302977],[99.307941,8.303156],[99.308262,8.302829],[99.307554,8.302005],[99.308026,8.301372],[99.308577,8.300801],[99.30894,8.300728],[99.309601,8.301338],[99.309966,8.300663],[99.310129,8.300303],[99.310588,8.300023],[99.311032,8.300376],[99.311614,8.300162],[99.311809,8.299724],[99.312643,8.30027],[99.313445,8.299838],[99.313843,8.297853],[99.314862,8.297302],[99.314841,8.296514],[99.31578,8.296353],[99.315697,8.29598],[99.315792,8.295634],[99.316325,8.295845],[99.316697,8.296307],[99.317485,8.296374],[99.317538,8.296346],[99.318102,8.295867],[99.318182,8.29584],[99.318221,8.295165],[99.317349,8.294108],[99.31887,8.293523],[99.319003,8.295036],[99.319453,8.295348],[99.321377,8.293072],[99.323914,8.295444],[99.324757,8.29604],[99.325423,8.295692],[99.325535,8.294297],[99.326524,8.294047],[99.32747,8.294056],[99.328342,8.29257],[99.327529,8.291763],[99.327657,8.29122],[99.329961,8.291734],[99.330693,8.290936],[99.331033,8.29042],[99.330497,8.289753],[99.331301,8.289519],[99.331698,8.288123],[99.330975,8.287496],[99.331871,8.286607],[99.332347,8.28562],[99.332166,8.283987],[99.331978,8.283339],[99.331221,8.282993],[99.331188,8.281498],[99.331991,8.281737],[99.332458,8.281165],[99.332538,8.279949],[99.33332,8.277976],[99.333416,8.27529],[99.332384,8.273985],[99.332274,8.273056],[99.333891,8.271755],[99.334563,8.270908],[99.334889,8.270185],[99.336066,8.269214],[99.33612,8.268284],[99.335368,8.268306],[99.334973,8.268196],[99.335031,8.26736],[99.33427,8.267021],[99.334159,8.261988],[99.333567,8.262227],[99.333565,8.261407],[99.332839,8.261445],[99.332228,8.261524],[99.331772,8.26074]]}},{"type":"Feature","properties":{"_gpxType":"trk","name":"อ.เมือง","desc":"อ.เมือง","coordinateProperties":{}},"geometry":{"type":"LineString","coordinates":[[100.051629,8.497512],[100.053436,8.499858],[100.049006,8.506865],[100.046951,8.517144],[100.017494,8.55848],[100.017445,8.558472],[100.016068,8.561801],[100.01445,8.561049],[100.015642,8.562503],[100.013722,8.564816],[100.005734,8.566387],[100.005094,8.570308],[100.00992,8.57189],[100.011469,8.574298],[100.006293,8.582372],[99.996588,8.590812],[99.986436,8.594914],[99.980743,8.591308],[99.978096,8.586916],[99.976169,8.58071],[99.9653,8.577493],[99.961184,8.587228],[99.961867,8.589266],[99.958923,8.591517],[99.960333,8.595174],[99.954177,8.59468],[99.952734,8.598409],[99.94853,8.596788],[99.948642,8.599022],[99.946283,8.600588],[99.944434,8.600069],[99.943845,8.597265],[99.941866,8.597049],[99.940464,8.599323],[99.941679,8.601661],[99.940159,8.603281],[99.937887,8.594674],[99.943273,8.59163],[99.939433,8.586756],[99.94038,8.585125],[99.943215,8.585457],[99.944498,8.581993],[99.943958,8.576374],[99.942199,8.576238],[99.942056,8.576234],[99.940852,8.573515],[99.935516,8.572208],[99.932979,8.569717],[99.932395,8.566842],[99.936258,8.56109],[99.928447,8.555323],[99.928101,8.546739],[99.926305,8.543422],[99.932775,8.539513],[99.937643,8.525486],[99.943536,8.517921],[99.95091,8.514824],[99.949817,8.51221],[99.94974,8.512205],[99.949329,8.51081],[99.946742,8.507804],[99.929076,8.508425],[99.928698,8.50606],[99.926673,8.506047],[99.926535,8.504779],[99.904691,8.505065],[99.904001,8.505068],[99.899931,8.504582],[99.898914,8.501014],[99.898844,8.501014],[99.897874,8.500298],[99.897823,8.500295],[99.893915,8.498357],[99.892987,8.494543],[99.890114,8.491608],[99.883775,8.490683],[99.883724,8.490682],[99.873544,8.495002],[99.873282,8.492353],[99.870291,8.489871],[99.864419,8.487987],[99.864368,8.487985],[99.864272,8.487961],[99.86146,8.489121],[99.858471,8.486667],[99.858433,8.48667],[99.849018,8.491416],[99.846699,8.489716],[99.846632,8.489716],[99.84203,8.486594],[99.836824,8.487908],[99.833854,8.482581],[99.831644,8.483838],[99.823738,8.480572],[99.820828,8.482821],[99.817837,8.478462],[99.813761,8.477095],[99.811497,8.477701],[99.806217,8.484034],[99.799974,8.475913],[99.798212,8.469652],[99.801912,8.461733],[99.80994,8.455982],[99.813335,8.449861],[99.816845,8.447516],[99.82009,8.439697],[99.825252,8.437081],[99.828331,8.43204],[99.831356,8.430486],[99.833766,8.420136],[99.83679,8.414947],[99.844947,8.412678],[99.849063,8.419947],[99.853393,8.415847],[99.853354,8.406617],[99.850786,8.40388],[99.847326,8.391116],[99.850683,8.387105],[99.847855,8.38621],[99.849176,8.375149],[99.845769,8.367727],[99.854181,8.368767],[99.854164,8.372072],[99.855701,8.373551],[99.860554,8.373776],[99.863035,8.371454],[99.867057,8.371411],[99.867112,8.371415],[99.868439,8.371444],[99.876873,8.37646],[99.876928,8.376463],[99.888361,8.378558],[99.8916,8.382162],[99.902858,8.380689],[99.912593,8.382269],[99.913031,8.388661],[99.925014,8.388308],[99.930198,8.385892],[99.929355,8.390133],[99.927366,8.39182],[99.928929,8.391127],[99.929415,8.394331],[99.931056,8.393964],[99.931112,8.393963],[99.931443,8.393845],[99.930923,8.396071],[99.932934,8.394597],[99.932187,8.396581],[99.93347,8.396925],[99.935657,8.395306],[99.946286,8.396795],[99.943021,8.38819],[99.946568,8.386482],[99.946624,8.386483],[99.950445,8.384714],[99.959938,8.38529],[99.969631,8.391605],[99.970523,8.380225],[99.975731,8.368698],[99.976326,8.363009],[99.980331,8.35749],[99.977404,8.35315],[99.980891,8.340448],[99.981381,8.332199],[99.985504,8.320053],[99.983507,8.3155],[99.985122,8.305353],[99.988751,8.291947],[99.992792,8.292019],[99.994108,8.284069],[99.999302,8.275546],[100.004463,8.260237],[100.002743,8.253475],[100.006594,8.249947],[100.007381,8.247038],[100.013224,8.24767],[100.015968,8.249645],[100.019052,8.248139],[100.023062,8.249397],[100.026641,8.248593],[100.032213,8.250898],[100.037002,8.269857],[100.042366,8.278312],[100.042976,8.286977],[100.047911,8.292282],[100.045373,8.299091],[100.045891,8.306491],[100.04416,8.307609],[100.044846,8.30995],[100.046614,8.308907],[100.044936,8.313263],[100.050089,8.319295],[100.04869,8.320991],[100.05031,8.322776],[100.050988,8.320646],[100.052774,8.32105],[100.055003,8.323585],[100.053718,8.324358],[100.054906,8.330665],[100.052815,8.331596],[100.055093,8.333293],[100.053585,8.336089],[100.058434,8.338943],[100.059767,8.337232],[100.061186,8.338263],[100.0619,8.334937],[100.063856,8.336046],[100.065381,8.334698],[100.06613,8.337232],[100.071625,8.336489],[100.071273,8.333173],[100.077032,8.335838],[100.077168,8.342338],[100.075798,8.343428],[100.078242,8.343752],[100.080445,8.347755],[100.078172,8.348232],[100.078248,8.354642],[100.080637,8.357101],[100.078751,8.357349],[100.078652,8.358856],[100.080545,8.360563],[100.080426,8.363014],[100.082951,8.363272],[100.083236,8.361319],[100.086791,8.36338],[100.08562,8.36739],[100.087517,8.367587],[100.086744,8.371702],[100.089209,8.373551],[100.087908,8.382403],[100.090464,8.383458],[100.08838,8.38594],[100.091867,8.38714],[100.09081,8.390004],[100.092023,8.394242],[100.095583,8.399033],[100.090478,8.405882],[100.088979,8.414544],[100.087214,8.414541],[100.082328,8.420892],[100.076073,8.433953],[100.075175,8.433314],[100.075139,8.433316],[100.071222,8.455645],[100.067938,8.464931],[100.061195,8.47411],[100.061798,8.476935],[100.058093,8.488013],[100.055764,8.487684],[100.056976,8.488812],[100.054112,8.497524],[100.051629,8.497512]]}},{"type":"Feature","properties":{"_gpxType":"trk","name":"อ.ลานสกา","desc":"อ.ลานสกา","coordinateProperties":{}},"geometry":{"type":"LineString","coordinates":[[99.891832,8.358111],[99.898377,8.358583],[99.898366,8.362364],[99.886453,8.36187],[99.883172,8.361734],[99.882309,8.364766],[99.878739,8.363746],[99.876467,8.36397],[99.875814,8.365803],[99.872652,8.365241],[99.872604,8.365239],[99.870761,8.365074],[99.868439,8.371444],[99.867112,8.371415],[99.867057,8.371411],[99.863035,8.371454],[99.860554,8.373776],[99.855701,8.373551],[99.854164,8.372072],[99.854181,8.368767],[99.845769,8.367727],[99.849176,8.375149],[99.847855,8.38621],[99.850683,8.387105],[99.847326,8.391116],[99.850786,8.40388],[99.853354,8.406617],[99.853393,8.415847],[99.849063,8.419947],[99.844947,8.412678],[99.83679,8.414947],[99.833766,8.420136],[99.831356,8.430486],[99.828331,8.43204],[99.825252,8.437081],[99.82009,8.439697],[99.816845,8.447516],[99.813335,8.449861],[99.80994,8.455982],[99.801912,8.461733],[99.798212,8.469652],[99.789783,8.469947],[99.782297,8.474261],[99.773921,8.485579],[99.761942,8.492411],[99.754046,8.491943],[99.750847,8.489744],[99.743337,8.492139],[99.742064,8.493977],[99.733501,8.494216],[99.728086,8.494139],[99.72187,8.490589],[99.715591,8.491498],[99.706721,8.487962],[99.701895,8.483165],[99.701322,8.480248],[99.703073,8.476383],[99.698646,8.466912],[99.700222,8.457964],[99.696547,8.455184],[99.696927,8.449886],[99.699378,8.448693],[99.701881,8.439946],[99.704947,8.437182],[99.700589,8.432563],[99.702928,8.422799],[99.70794,8.41997],[99.70617,8.412819],[99.708617,8.405335],[99.708022,8.399201],[99.711371,8.396197],[99.708693,8.393254],[99.708978,8.390012],[99.70243,8.385472],[99.702136,8.372305],[99.697458,8.362803],[99.713058,8.351325],[99.706669,8.344437],[99.708345,8.332939],[99.700907,8.324302],[99.705982,8.31919],[99.712133,8.317763],[99.720273,8.312912],[99.719422,8.308488],[99.720712,8.301548],[99.727623,8.291178],[99.727324,8.282443],[99.732861,8.278572],[99.73512,8.272865],[99.7525,8.270916],[99.75434,8.26155],[99.757308,8.259606],[99.763924,8.267029],[99.767817,8.263687],[99.783554,8.265003],[99.787854,8.26885],[99.789262,8.272771],[99.793125,8.27255],[99.795032,8.274284],[99.796017,8.279273],[99.798179,8.281445],[99.807346,8.27958],[99.809668,8.2822],[99.819369,8.282734],[99.81951,8.287901],[99.816324,8.291343],[99.815853,8.294237],[99.821677,8.292859],[99.823885,8.295901],[99.829497,8.296962],[99.826878,8.301196],[99.828291,8.304176],[99.8277,8.307664],[99.832153,8.314239],[99.83144,8.31775],[99.837036,8.322564],[99.841953,8.321217],[99.844041,8.32347],[99.847225,8.319068],[99.850026,8.31994],[99.851109,8.318034],[99.848752,8.316202],[99.851751,8.316912],[99.852549,8.314861],[99.851168,8.314135],[99.856178,8.309945],[99.85498,8.308472],[99.858646,8.309958],[99.860097,8.306249],[99.86459,8.312952],[99.865994,8.312038],[99.866953,8.313137],[99.870117,8.31761],[99.870968,8.322802],[99.874282,8.32565],[99.877434,8.341483],[99.88362,8.341736],[99.886181,8.343907],[99.893444,8.344906],[99.894004,8.346881],[99.890499,8.348337],[99.891832,8.358111]]}},{"type":"Feature","properties":{"_gpxType":"trk","name":"อ.ฉวาง","desc":"อ.ฉวาง","coordinateProperties":{}},"geometry":{"type":"LineString","coordinates":[[99.515177,8.350138],[99.519424,8.348039],[99.519922,8.350644],[99.518387,8.351172],[99.519863,8.35531],[99.517333,8.358538],[99.522016,8.361898],[99.521522,8.36343],[99.522722,8.363581],[99.520977,8.365656],[99.524171,8.364801],[99.524269,8.366759],[99.524173,8.366757],[99.523763,8.368102],[99.526955,8.368066],[99.528193,8.371051],[99.5261,8.371523],[99.528036,8.375571],[99.524249,8.376378],[99.524175,8.377984],[99.528284,8.379602],[99.531674,8.37704],[99.533452,8.379621],[99.534829,8.378554],[99.5347,8.380943],[99.539102,8.379001],[99.539568,8.381244],[99.540528,8.379014],[99.54322,8.378572],[99.544699,8.379958],[99.546471,8.379096],[99.545693,8.380044],[99.547942,8.381288],[99.551713,8.377468],[99.55403,8.377086],[99.558673,8.377216],[99.560695,8.37963],[99.561777,8.378285],[99.561898,8.379637],[99.566001,8.380396],[99.568355,8.377466],[99.571639,8.378046],[99.571885,8.376291],[99.575666,8.378034],[99.57763,8.375503],[99.579538,8.37631],[99.578698,8.374474],[99.582183,8.37148],[99.585465,8.372164],[99.588873,8.37043],[99.588802,8.374553],[99.580055,8.384854],[99.579687,8.389279],[99.579808,8.394541],[99.585442,8.403617],[99.583964,8.417912],[99.584925,8.420954],[99.586609,8.420055],[99.588758,8.423264],[99.588805,8.423261],[99.59029,8.425141],[99.602519,8.425023],[99.604864,8.427224],[99.609549,8.426531],[99.61243,8.4242],[99.612478,8.424198],[99.622052,8.42902],[99.623525,8.435013],[99.625592,8.436923],[99.633935,8.43174],[99.636292,8.432603],[99.637051,8.430538],[99.639664,8.431481],[99.643755,8.430241],[99.650531,8.435576],[99.663832,8.432939],[99.666726,8.435852],[99.675152,8.437809],[99.682033,8.442881],[99.688392,8.44107],[99.691823,8.441743],[99.695512,8.443491],[99.696547,8.455184],[99.700222,8.457964],[99.698646,8.466912],[99.703073,8.476383],[99.701322,8.480248],[99.701895,8.483165],[99.694204,8.483444],[99.6839,8.490382],[99.681444,8.493185],[99.67988,8.500624],[99.670513,8.509445],[99.655042,8.513006],[99.652889,8.516349],[99.642947,8.518825],[99.640072,8.517664],[99.634342,8.510099],[99.625133,8.504786],[99.622407,8.498866],[99.615934,8.49835],[99.614518,8.496935],[99.614466,8.49693],[99.613145,8.494515],[99.609862,8.494688],[99.60829,8.497694],[99.596132,8.499115],[99.587126,8.484116],[99.582454,8.485014],[99.578772,8.482204],[99.57467,8.484857],[99.575766,8.49054],[99.573415,8.497798],[99.566936,8.496759],[99.562374,8.498003],[99.556265,8.504437],[99.552531,8.504704],[99.546726,8.498998],[99.535283,8.49822],[99.532887,8.496782],[99.525615,8.499901],[99.52492,8.508672],[99.522383,8.512554],[99.521307,8.526205],[99.517688,8.538648],[99.519517,8.55237],[99.518128,8.560055],[99.515984,8.564707],[99.510545,8.563117],[99.505976,8.571444],[99.505753,8.575572],[99.511251,8.58431],[99.506019,8.588776],[99.501825,8.599027],[99.495912,8.605148],[99.494304,8.613275],[99.483198,8.618836],[99.475781,8.626404],[99.47418,8.638438],[99.479929,8.641152],[99.477657,8.644584],[99.47846,8.646736],[99.4747,8.64739],[99.470988,8.645872],[99.46759,8.647549],[99.466263,8.650277],[99.463755,8.650599],[99.454656,8.642606],[99.454372,8.639281],[99.44872,8.63178],[99.449808,8.627711],[99.448132,8.621002],[99.455053,8.611526],[99.457774,8.609006],[99.454124,8.600705],[99.455537,8.595674],[99.456912,8.594177],[99.451422,8.583854],[99.446359,8.581439],[99.441606,8.581715],[99.439582,8.580682],[99.432442,8.581936],[99.428381,8.579364],[99.423721,8.574104],[99.415479,8.569136],[99.413512,8.564082],[99.415225,8.562762],[99.415022,8.552544],[99.422366,8.550981],[99.42661,8.54708],[99.427269,8.544102],[99.42774,8.526374],[99.431223,8.521784],[99.426097,8.510887],[99.427466,8.504595],[99.432743,8.501668],[99.43745,8.502897],[99.445247,8.50159],[99.44393,8.489857],[99.440516,8.483782],[99.441777,8.482687],[99.440986,8.478068],[99.445543,8.474546],[99.44434,8.457683],[99.448814,8.454623],[99.448603,8.452468],[99.45373,8.448676],[99.45505,8.445349],[99.451496,8.432456],[99.439441,8.438106],[99.435729,8.437052],[99.433522,8.428723],[99.430018,8.428169],[99.431637,8.415886],[99.429827,8.413413],[99.42466,8.415903],[99.42041,8.412078],[99.423743,8.406157],[99.427644,8.40646],[99.431598,8.401859],[99.432274,8.404788],[99.437117,8.405008],[99.442021,8.411309],[99.450128,8.407273],[99.452129,8.410196],[99.455795,8.39933],[99.468523,8.396252],[99.470401,8.399042],[99.472052,8.39899],[99.472629,8.393532],[99.477002,8.392414],[99.475808,8.387955],[99.481672,8.386399],[99.48151,8.38478],[99.48348,8.384217],[99.483945,8.375982],[99.480945,8.370712],[99.480194,8.364711],[99.491142,8.362682],[99.492072,8.364971],[99.498799,8.366646],[99.498933,8.363616],[99.503851,8.362792],[99.505187,8.360542],[99.50792,8.360098],[99.507672,8.35364],[99.50918,8.353286],[99.509348,8.3493],[99.515177,8.350138]]}},{"type":"Feature","properties":{"_gpxType":"trk","name":"อ.ถ้ำพรรณรา","desc":"อ.ถ้ำพรรณรา","coordinateProperties":{}},"geometry":{"type":"LineString","coordinates":[[99.42466,8.415903],[99.429827,8.413413],[99.431637,8.415886],[99.430018,8.428169],[99.433522,8.428723],[99.435729,8.437052],[99.439441,8.438106],[99.451496,8.432456],[99.45505,8.445349],[99.45373,8.448676],[99.448603,8.452468],[99.448814,8.454623],[99.44434,8.457683],[99.445543,8.474546],[99.440986,8.478068],[99.441777,8.482687],[99.440516,8.483782],[99.44393,8.489857],[99.445247,8.50159],[99.43745,8.502897],[99.432743,8.501668],[99.427466,8.504595],[99.426097,8.510887],[99.431223,8.521784],[99.42774,8.526374],[99.427269,8.544102],[99.42661,8.54708],[99.422366,8.550981],[99.417779,8.55224],[99.413217,8.552775],[99.4125,8.551107],[99.412439,8.551107],[99.408696,8.550473],[99.408653,8.55047],[99.405483,8.548911],[99.404391,8.545075],[99.404348,8.545074],[99.400976,8.54418],[99.400928,8.544179],[99.400955,8.540747],[99.40111,8.54074],[99.401715,8.535295],[99.40166,8.535296],[99.397037,8.533725],[99.397301,8.531098],[99.397252,8.531099],[99.395808,8.531443],[99.395698,8.529259],[99.395659,8.529258],[99.393538,8.52875],[99.393476,8.525198],[99.395883,8.517275],[99.394112,8.515318],[99.394262,8.513388],[99.390411,8.511938],[99.389748,8.515088],[99.38696,8.515405],[99.381565,8.517273],[99.377715,8.516082],[99.374473,8.512963],[99.374592,8.510287],[99.372795,8.506997],[99.372956,8.503861],[99.366704,8.502566],[99.359418,8.500738],[99.353534,8.497544],[99.352166,8.493894],[99.350278,8.491283],[99.346823,8.49124],[99.338366,8.490447],[99.330761,8.490871],[99.32843,8.484826],[99.323741,8.476565],[99.318284,8.474455],[99.304884,8.474971],[99.301258,8.475777],[99.295821,8.473669],[99.293435,8.470734],[99.290266,8.466253],[99.292277,8.462425],[99.29021,8.456233],[99.29654,8.45834],[99.298585,8.453955],[99.302626,8.453366],[99.305864,8.450884],[99.308861,8.44537],[99.314855,8.444989],[99.313049,8.44129],[99.315209,8.441734],[99.318163,8.43848],[99.316104,8.435624],[99.316813,8.432363],[99.31364,8.431684],[99.312566,8.423837],[99.314521,8.422061],[99.317116,8.424921],[99.318168,8.418816],[99.319769,8.417498],[99.323189,8.417925],[99.319865,8.412432],[99.324895,8.411702],[99.325474,8.415415],[99.327074,8.412039],[99.333651,8.411699],[99.335887,8.407818],[99.339938,8.405717],[99.337948,8.403128],[99.338871,8.401352],[99.34232,8.402855],[99.342555,8.408481],[99.344401,8.408311],[99.346351,8.401243],[99.345607,8.395547],[99.346957,8.393669],[99.350852,8.396938],[99.351766,8.395341],[99.355117,8.394831],[99.359049,8.398805],[99.360285,8.403959],[99.36245,8.404458],[99.367738,8.397828],[99.368086,8.393277],[99.377269,8.387255],[99.377204,8.390927],[99.377339,8.390927],[99.379654,8.388659],[99.384031,8.390181],[99.386481,8.388246],[99.388541,8.391283],[99.38952,8.388078],[99.391755,8.387047],[99.40204,8.398214],[99.40617,8.39859],[99.407773,8.394245],[99.409899,8.397162],[99.41496,8.395228],[99.415496,8.397651],[99.411399,8.404024],[99.416691,8.408045],[99.417758,8.411545],[99.42041,8.412078],[99.42466,8.415903]]}},{"type":"Feature","properties":{"_gpxType":"trk","name":"อ.พรหมคีรี","desc":"อ.พรหมคีรี","coordinateProperties":{}},"geometry":{"type":"LineString","coordinates":[[99.902993,8.54741],[99.899029,8.542984],[99.898406,8.54437],[99.893114,8.545269],[99.893052,8.545267],[99.888674,8.546907],[99.888631,8.546903],[99.881449,8.545284],[99.864806,8.545678],[99.864752,8.545676],[99.856964,8.550704],[99.85692,8.550702],[99.855412,8.550367],[99.855348,8.551858],[99.858007,8.552409],[99.856068,8.554837],[99.852227,8.553808],[99.849628,8.556892],[99.849414,8.562059],[99.849354,8.562058],[99.849996,8.56457],[99.847969,8.564147],[99.847721,8.567061],[99.846615,8.565839],[99.844017,8.567044],[99.843974,8.567043],[99.841796,8.566142],[99.839118,8.56869],[99.833412,8.568944],[99.833268,8.580446],[99.830317,8.58476],[99.829035,8.592389],[99.82611,8.593721],[99.831686,8.595931],[99.83081,8.598211],[99.833095,8.598023],[99.833455,8.599883],[99.836107,8.599151],[99.836246,8.602262],[99.833447,8.603069],[99.833074,8.6088],[99.830797,8.611685],[99.831918,8.612251],[99.831293,8.620142],[99.821268,8.620151],[99.817584,8.621105],[99.816448,8.623016],[99.81165,8.623366],[99.809666,8.619337],[99.803377,8.617761],[99.799289,8.622558],[99.797106,8.623464],[99.78978,8.620554],[99.786628,8.62531],[99.77964,8.627878],[99.778706,8.621185],[99.773181,8.621058],[99.760696,8.612493],[99.748836,8.614042],[99.745907,8.612755],[99.729422,8.612229],[99.726739,8.61339],[99.724422,8.612301],[99.716205,8.615021],[99.708993,8.605739],[99.709593,8.597356],[99.712847,8.588449],[99.708776,8.583342],[99.707934,8.576544],[99.712186,8.57393],[99.720179,8.56168],[99.720665,8.555839],[99.717414,8.552936],[99.717006,8.547896],[99.720111,8.546787],[99.732639,8.548101],[99.733833,8.546878],[99.739797,8.533412],[99.737943,8.531292],[99.737512,8.523014],[99.742071,8.516765],[99.742038,8.516764],[99.740987,8.510782],[99.744912,8.505187],[99.740126,8.500396],[99.736329,8.498939],[99.733501,8.494216],[99.742064,8.493977],[99.743337,8.492139],[99.750847,8.489744],[99.754046,8.491943],[99.761942,8.492411],[99.773921,8.485579],[99.782297,8.474261],[99.789783,8.469947],[99.798212,8.469652],[99.799974,8.475913],[99.806217,8.484034],[99.811497,8.477701],[99.813761,8.477095],[99.817837,8.478462],[99.820828,8.482821],[99.823738,8.480572],[99.831644,8.483838],[99.833854,8.482581],[99.836824,8.487908],[99.84203,8.486594],[99.846632,8.489716],[99.846699,8.489716],[99.849018,8.491416],[99.858433,8.48667],[99.858471,8.486667],[99.86146,8.489121],[99.864272,8.487961],[99.864368,8.487985],[99.864419,8.487987],[99.870291,8.489871],[99.873282,8.492353],[99.873544,8.495002],[99.883724,8.490682],[99.883775,8.490683],[99.890114,8.491608],[99.892987,8.494543],[99.893915,8.498357],[99.897823,8.500295],[99.897874,8.500298],[99.898844,8.501014],[99.898914,8.501014],[99.899931,8.504582],[99.904001,8.505068],[99.904691,8.505065],[99.926535,8.504779],[99.926673,8.506047],[99.928698,8.50606],[99.929076,8.508425],[99.946742,8.507804],[99.949329,8.51081],[99.94974,8.512205],[99.949817,8.51221],[99.95091,8.514824],[99.943536,8.517921],[99.937643,8.525486],[99.932775,8.539513],[99.926305,8.543422],[99.910424,8.549475],[99.902993,8.54741]]}},{"type":"Feature","properties":{"_gpxType":"trk","name":"อ.พิปูน","desc":"อ.พิปูน","coordinateProperties":{}},"geometry":{"type":"LineString","coordinates":[[99.525971,8.717736],[99.521881,8.719288],[99.509523,8.7145],[99.50701,8.712222],[99.507179,8.70657],[99.49203,8.696908],[99.496005,8.694151],[99.498529,8.685219],[99.492993,8.680918],[99.496227,8.675318],[99.496335,8.671972],[99.495257,8.670491],[99.492263,8.672193],[99.488443,8.670625],[99.483961,8.661567],[99.479149,8.657964],[99.478648,8.655137],[99.481739,8.650607],[99.47846,8.646736],[99.477657,8.644584],[99.479929,8.641152],[99.47418,8.638438],[99.475781,8.626404],[99.483198,8.618836],[99.494304,8.613275],[99.495912,8.605148],[99.501825,8.599027],[99.506019,8.588776],[99.511251,8.58431],[99.505753,8.575572],[99.505976,8.571444],[99.510545,8.563117],[99.515984,8.564707],[99.518128,8.560055],[99.519517,8.55237],[99.517688,8.538648],[99.521307,8.526205],[99.522383,8.512554],[99.52492,8.508672],[99.525615,8.499901],[99.532887,8.496782],[99.535283,8.49822],[99.546726,8.498998],[99.552531,8.504704],[99.556265,8.504437],[99.562374,8.498003],[99.566936,8.496759],[99.573415,8.497798],[99.575766,8.49054],[99.57467,8.484857],[99.578772,8.482204],[99.582454,8.485014],[99.587126,8.484116],[99.596132,8.499115],[99.60829,8.497694],[99.609862,8.494688],[99.613145,8.494515],[99.614466,8.49693],[99.614518,8.496935],[99.615934,8.49835],[99.622407,8.498866],[99.625133,8.504786],[99.634342,8.510099],[99.640072,8.517664],[99.642947,8.518825],[99.652889,8.516349],[99.655042,8.513006],[99.670513,8.509445],[99.67988,8.500624],[99.681444,8.493185],[99.6839,8.490382],[99.694204,8.483444],[99.701895,8.483165],[99.706721,8.487962],[99.715591,8.491498],[99.72187,8.490589],[99.728086,8.494139],[99.733501,8.494216],[99.736329,8.498939],[99.740126,8.500396],[99.744912,8.505187],[99.740987,8.510782],[99.742038,8.516764],[99.742071,8.516765],[99.737512,8.523014],[99.737943,8.531292],[99.739797,8.533412],[99.733833,8.546878],[99.732639,8.548101],[99.720111,8.546787],[99.717006,8.547896],[99.717414,8.552936],[99.720665,8.555839],[99.720179,8.56168],[99.712186,8.57393],[99.707934,8.576544],[99.708776,8.583342],[99.712847,8.588449],[99.709593,8.597356],[99.702489,8.593205],[99.697087,8.594394],[99.689026,8.608929],[99.688349,8.61766],[99.683541,8.618838],[99.681958,8.615146],[99.67759,8.613404],[99.673186,8.616412],[99.676964,8.637761],[99.671919,8.643471],[99.6724,8.64642],[99.669294,8.649793],[99.675818,8.652633],[99.679993,8.657562],[99.674993,8.663715],[99.674234,8.666389],[99.675749,8.670631],[99.673736,8.675495],[99.670464,8.678288],[99.659945,8.67884],[99.651561,8.684155],[99.648744,8.682868],[99.645005,8.685462],[99.640003,8.683718],[99.636905,8.68859],[99.632716,8.691527],[99.630584,8.689909],[99.622661,8.690145],[99.621342,8.692],[99.618444,8.692214],[99.61731,8.696482],[99.610025,8.702425],[99.608454,8.706401],[99.606032,8.705845],[99.60412,8.707579],[99.601821,8.70691],[99.595295,8.709323],[99.592817,8.705942],[99.581329,8.701587],[99.577718,8.703661],[99.567718,8.704514],[99.561841,8.709449],[99.559549,8.708693],[99.557374,8.711293],[99.557282,8.716868],[99.553309,8.717995],[99.550784,8.720913],[99.543904,8.719523],[99.537356,8.722641],[99.530746,8.721158],[99.525971,8.717736]]}},{"type":"Feature","properties":{"_gpxType":"trk","name":"อ.ท่าศาลา","desc":"อ.ท่าศาลา","coordinateProperties":{}},"geometry":{"type":"LineString","coordinates":[[99.973864,8.593408],[99.966699,8.601935],[99.965407,8.605561],[99.961615,8.608108],[99.952194,8.633122],[99.949737,8.653694],[99.951732,8.661646],[99.950143,8.661744],[99.951771,8.663509],[99.946246,8.685011],[99.941181,8.718912],[99.936459,8.761939],[99.935378,8.789874],[99.926842,8.828335],[99.920806,8.870251],[99.918866,8.867851],[99.914285,8.869022],[99.914981,8.865226],[99.910476,8.864053],[99.910882,8.861236],[99.90889,8.858313],[99.909527,8.853913],[99.904826,8.849488],[99.904416,8.842956],[99.902108,8.841625],[99.903447,8.840372],[99.90211,8.838134],[99.903727,8.837477],[99.902934,8.833322],[99.896285,8.827751],[99.888626,8.826048],[99.885554,8.821683],[99.883024,8.820888],[99.883035,8.818986],[99.87394,8.817821],[99.871008,8.818158],[99.870815,8.820747],[99.865146,8.819018],[99.864647,8.820378],[99.852169,8.816826],[99.846152,8.820135],[99.837396,8.820944],[99.834857,8.817934],[99.830818,8.818919],[99.829525,8.817179],[99.822891,8.816565],[99.821796,8.80885],[99.818141,8.808959],[99.814912,8.811437],[99.804071,8.806084],[99.800221,8.807903],[99.79643,8.807664],[99.78772,8.820928],[99.769249,8.81873],[99.768748,8.816021],[99.763784,8.815823],[99.758225,8.811566],[99.764328,8.802682],[99.769501,8.798437],[99.770159,8.790355],[99.768575,8.787263],[99.773499,8.778331],[99.777044,8.773318],[99.780668,8.771629],[99.781709,8.764718],[99.784151,8.763568],[99.788403,8.755072],[99.791855,8.755033],[99.792329,8.750058],[99.79915,8.738492],[99.802155,8.735954],[99.802217,8.735954],[99.807119,8.729467],[99.799744,8.728754],[99.794503,8.724262],[99.79726,8.718269],[99.795835,8.714452],[99.800736,8.709688],[99.819423,8.705948],[99.823336,8.722946],[99.828708,8.723171],[99.845706,8.717153],[99.844963,8.713955],[99.849679,8.702922],[99.850923,8.692679],[99.852223,8.692203],[99.850995,8.679455],[99.850953,8.679454],[99.848963,8.672594],[99.850275,8.671796],[99.851358,8.660737],[99.848595,8.655048],[99.84822,8.642825],[99.850924,8.641783],[99.850959,8.641785],[99.854272,8.639215],[99.854305,8.639214],[99.857732,8.635681],[99.857791,8.635683],[99.860975,8.633233],[99.863183,8.622245],[99.858128,8.622537],[99.858074,8.622536],[99.85018,8.622957],[99.85014,8.622955],[99.840097,8.620183],[99.836486,8.619902],[99.834665,8.621344],[99.831293,8.620142],[99.831918,8.612251],[99.830797,8.611685],[99.833074,8.6088],[99.833447,8.603069],[99.836246,8.602262],[99.836107,8.599151],[99.833455,8.599883],[99.833095,8.598023],[99.83081,8.598211],[99.831686,8.595931],[99.82611,8.593721],[99.829035,8.592389],[99.830317,8.58476],[99.833268,8.580446],[99.833412,8.568944],[99.839118,8.56869],[99.841796,8.566142],[99.843974,8.567043],[99.844017,8.567044],[99.846615,8.565839],[99.847721,8.567061],[99.847969,8.564147],[99.849996,8.56457],[99.849354,8.562058],[99.849414,8.562059],[99.849628,8.556892],[99.852227,8.553808],[99.856068,8.554837],[99.858007,8.552409],[99.855348,8.551858],[99.855412,8.550367],[99.85692,8.550702],[99.856964,8.550704],[99.864752,8.545676],[99.864806,8.545678],[99.881449,8.545284],[99.888631,8.546903],[99.888674,8.546907],[99.893052,8.545267],[99.893114,8.545269],[99.898406,8.54437],[99.899029,8.542984],[99.902993,8.54741],[99.910424,8.549475],[99.926305,8.543422],[99.928101,8.546739],[99.928447,8.555323],[99.936258,8.56109],[99.932395,8.566842],[99.932979,8.569717],[99.935516,8.572208],[99.940852,8.573515],[99.942056,8.576234],[99.942199,8.576238],[99.943958,8.576374],[99.944498,8.581993],[99.943215,8.585457],[99.94038,8.585125],[99.939433,8.586756],[99.943273,8.59163],[99.937887,8.594674],[99.940159,8.603281],[99.941679,8.601661],[99.940464,8.599323],[99.941866,8.597049],[99.943845,8.597265],[99.944434,8.600069],[99.946283,8.600588],[99.948642,8.599022],[99.94853,8.596788],[99.952734,8.598409],[99.954177,8.59468],[99.960333,8.595174],[99.958923,8.591517],[99.961867,8.589266],[99.961184,8.587228],[99.9653,8.577493],[99.976169,8.58071],[99.978096,8.586916],[99.971266,8.589129],[99.973864,8.593408]]}},{"type":"Feature","properties":{"_gpxType":"trk","name":"อ.นพพิตำ","desc":"อ.นพพิตำ","coordinateProperties":{}},"geometry":{"type":"LineString","coordinates":[[99.850995,8.679455],[99.852223,8.692203],[99.850923,8.692679],[99.849679,8.702922],[99.844963,8.713955],[99.845706,8.717153],[99.828708,8.723171],[99.823336,8.722946],[99.819423,8.705948],[99.800736,8.709688],[99.795835,8.714452],[99.79726,8.718269],[99.794503,8.724262],[99.799744,8.728754],[99.807119,8.729467],[99.802217,8.735954],[99.802155,8.735954],[99.79915,8.738492],[99.792329,8.750058],[99.791855,8.755033],[99.788403,8.755072],[99.784151,8.763568],[99.781709,8.764718],[99.780668,8.771629],[99.777044,8.773318],[99.773499,8.778331],[99.768575,8.787263],[99.770159,8.790355],[99.769501,8.798437],[99.764328,8.802682],[99.758225,8.811566],[99.754259,8.810849],[99.751728,8.816451],[99.748676,8.818625],[99.732471,8.818043],[99.724406,8.82489],[99.72086,8.825166],[99.71273,8.837526],[99.7078,8.840128],[99.70317,8.83942],[99.698132,8.841891],[99.696415,8.846974],[99.692319,8.844575],[99.689383,8.844975],[99.68731,8.852086],[99.681664,8.855107],[99.680991,8.857909],[99.683963,8.863562],[99.68504,8.873831],[99.677311,8.872512],[99.676398,8.875416],[99.675452,8.889554],[99.678841,8.896588],[99.669128,8.900505],[99.665958,8.903938],[99.660907,8.905907],[99.659708,8.911493],[99.654891,8.911712],[99.65347,8.915516],[99.648927,8.916184],[99.647511,8.919419],[99.642189,8.920017],[99.641893,8.927764],[99.632885,8.922067],[99.636798,8.921951],[99.638712,8.916711],[99.634616,8.916964],[99.630973,8.912716],[99.627473,8.91467],[99.625891,8.911845],[99.620708,8.913778],[99.619452,8.917252],[99.616975,8.918128],[99.616785,8.921567],[99.618587,8.923969],[99.61689,8.926221],[99.614016,8.927901],[99.606491,8.927836],[99.60644,8.927836],[99.603208,8.927692],[99.60096,8.924619],[99.598314,8.923969],[99.598273,8.923969],[99.595865,8.925418],[99.593309,8.922688],[99.593376,8.91997],[99.587591,8.919599],[99.584913,8.917929],[99.582301,8.917903],[99.582639,8.915746],[99.580449,8.915065],[99.581364,8.913327],[99.579984,8.911381],[99.575872,8.910747],[99.575208,8.904914],[99.575275,8.896946],[99.573836,8.891252],[99.568966,8.887921],[99.568106,8.88539],[99.564145,8.882236],[99.56204,8.880317],[99.559164,8.878932],[99.557949,8.877919],[99.557138,8.876407],[99.555983,8.874926],[99.555751,8.87141],[99.557144,8.867634],[99.556754,8.864722],[99.559477,8.860733],[99.559368,8.850659],[99.545322,8.847732],[99.540547,8.851682],[99.535238,8.850774],[99.529885,8.848869],[99.521189,8.844243],[99.519055,8.83676],[99.515427,8.834752],[99.519612,8.828787],[99.519804,8.82572],[99.521951,8.823239],[99.524831,8.818411],[99.524031,8.815767],[99.527069,8.809032],[99.52213,8.793267],[99.523632,8.776869],[99.522552,8.767723],[99.5234,8.762235],[99.530749,8.759301],[99.529729,8.747927],[99.52686,8.743831],[99.52453,8.730312],[99.525849,8.727203],[99.521353,8.719672],[99.525971,8.717736],[99.530746,8.721158],[99.537356,8.722641],[99.543904,8.719523],[99.550784,8.720913],[99.553309,8.717995],[99.557282,8.716868],[99.557374,8.711293],[99.559549,8.708693],[99.561841,8.709449],[99.567718,8.704514],[99.577718,8.703661],[99.581329,8.701587],[99.592817,8.705942],[99.595295,8.709323],[99.601821,8.70691],[99.60412,8.707579],[99.606032,8.705845],[99.608454,8.706401],[99.610025,8.702425],[99.61731,8.696482],[99.618444,8.692214],[99.621342,8.692],[99.622661,8.690145],[99.630584,8.689909],[99.632716,8.691527],[99.636905,8.68859],[99.640003,8.683718],[99.645005,8.685462],[99.648744,8.682868],[99.651561,8.684155],[99.659945,8.67884],[99.670464,8.678288],[99.673736,8.675495],[99.675749,8.670631],[99.674234,8.666389],[99.674993,8.663715],[99.679993,8.657562],[99.675818,8.652633],[99.669294,8.649793],[99.6724,8.64642],[99.671919,8.643471],[99.676964,8.637761],[99.673186,8.616412],[99.67759,8.613404],[99.681958,8.615146],[99.683541,8.618838],[99.688349,8.61766],[99.689026,8.608929],[99.697087,8.594394],[99.702489,8.593205],[99.709593,8.597356],[99.708993,8.605739],[99.716205,8.615021],[99.724422,8.612301],[99.726739,8.61339],[99.729422,8.612229],[99.745907,8.612755],[99.748836,8.614042],[99.760696,8.612493],[99.773181,8.621058],[99.778706,8.621185],[99.77964,8.627878],[99.786628,8.62531],[99.78978,8.620554],[99.797106,8.623464],[99.799289,8.622558],[99.803377,8.617761],[99.809666,8.619337],[99.81165,8.623366],[99.816448,8.623016],[99.817584,8.621105],[99.821268,8.620151],[99.831293,8.620142],[99.834665,8.621344],[99.836486,8.619902],[99.840097,8.620183],[99.85014,8.622955],[99.85018,8.622957],[99.858074,8.622536],[99.858128,8.622537],[99.863183,8.622245],[99.860975,8.633233],[99.857791,8.635683],[99.857732,8.635681],[99.854305,8.639214],[99.854272,8.639215],[99.850959,8.641785],[99.850924,8.641783],[99.84822,8.642825],[99.848595,8.655048],[99.851358,8.660737],[99.850275,8.671796],[99.848963,8.672594],[99.850953,8.679454],[99.850995,8.679455]]}},{"type":"Feature","properties":{"_gpxType":"trk","name":"อ.สิชล","desc":"อ.สิชล","coordinateProperties":{}},"geometry":{"type":"LineString","coordinates":[[99.91315,9.084148],[99.910421,9.088859],[99.909448,9.089935],[99.906726,9.091973],[99.904824,9.090435],[99.894764,9.091251],[99.882182,9.086867],[99.875538,9.093405],[99.874618,9.097631],[99.873049,9.094153],[99.868648,9.091981],[99.86685,9.089238],[99.861651,9.089347],[99.861674,9.093096],[99.858225,9.09493],[99.8555,9.100713],[99.851515,9.103175],[99.848166,9.117631],[99.843342,9.12101],[99.832732,9.124129],[99.82301,9.1185],[99.819012,9.118347],[99.815661,9.12121],[99.815982,9.114043],[99.812569,9.109484],[99.812057,9.105051],[99.808898,9.099588],[99.814432,9.095862],[99.81734,9.090796],[99.807466,9.087034],[99.809415,9.084873],[99.808294,9.081772],[99.800258,9.086817],[99.800346,9.093797],[99.785361,9.088528],[99.779149,9.096561],[99.773486,9.094977],[99.773078,9.093391],[99.775072,9.090166],[99.778291,9.087085],[99.779008,9.082055],[99.779409,9.076986],[99.777064,9.071455],[99.773746,9.066091],[99.771051,9.063424],[99.771776,9.060621],[99.766558,9.052222],[99.759032,9.054349],[99.759089,9.059998],[99.745289,9.062679],[99.740831,9.057267],[99.744986,9.046163],[99.741016,9.037201],[99.742093,9.029716],[99.744476,9.025583],[99.740825,9.023318],[99.736983,9.014316],[99.733193,9.012616],[99.734152,9.007493],[99.730787,9.005749],[99.731206,8.99501],[99.727819,8.988976],[99.725588,8.988289],[99.725087,8.981092],[99.722442,8.977348],[99.717452,8.97714],[99.713183,8.970973],[99.695399,8.975216],[99.693638,8.973631],[99.692733,8.963941],[99.6885,8.95971],[99.695622,8.951047],[99.698096,8.942843],[99.69641,8.935806],[99.687094,8.930973],[99.6778,8.931538],[99.675833,8.928444],[99.670652,8.928801],[99.664177,8.924299],[99.653192,8.924845],[99.650457,8.920641],[99.647127,8.924174],[99.648275,8.92982],[99.645212,8.926447],[99.644388,8.928564],[99.641893,8.927764],[99.642189,8.920017],[99.647511,8.919419],[99.648927,8.916184],[99.65347,8.915516],[99.654891,8.911712],[99.659708,8.911493],[99.660907,8.905907],[99.665958,8.903938],[99.669128,8.900505],[99.678841,8.896588],[99.675452,8.889554],[99.676398,8.875416],[99.677311,8.872512],[99.68504,8.873831],[99.683963,8.863562],[99.680991,8.857909],[99.681664,8.855107],[99.68731,8.852086],[99.689383,8.844975],[99.692319,8.844575],[99.696415,8.846974],[99.698132,8.841891],[99.70317,8.83942],[99.7078,8.840128],[99.71273,8.837526],[99.72086,8.825166],[99.724406,8.82489],[99.732471,8.818043],[99.748676,8.818625],[99.751728,8.816451],[99.754259,8.810849],[99.758225,8.811566],[99.763784,8.815823],[99.768748,8.816021],[99.769249,8.81873],[99.78772,8.820928],[99.79643,8.807664],[99.800221,8.807903],[99.804071,8.806084],[99.814912,8.811437],[99.818141,8.808959],[99.821796,8.80885],[99.822891,8.816565],[99.829525,8.817179],[99.830818,8.818919],[99.834857,8.817934],[99.837396,8.820944],[99.846152,8.820135],[99.852169,8.816826],[99.864647,8.820378],[99.865146,8.819018],[99.870815,8.820747],[99.871008,8.818158],[99.87394,8.817821],[99.883035,8.818986],[99.883024,8.820888],[99.885554,8.821683],[99.888626,8.826048],[99.896285,8.827751],[99.902934,8.833322],[99.903727,8.837477],[99.90211,8.838134],[99.903447,8.840372],[99.902108,8.841625],[99.904416,8.842956],[99.904826,8.849488],[99.909527,8.853913],[99.90889,8.858313],[99.910882,8.861236],[99.910476,8.864053],[99.914981,8.865226],[99.914285,8.869022],[99.918866,8.867851],[99.920806,8.870251],[99.914508,8.923189],[99.913239,8.950825],[99.914079,8.973549],[99.917051,8.997641],[99.921411,9.00482],[99.926735,9.003653],[99.929327,9.005507],[99.927979,9.008047],[99.925064,9.006714],[99.923009,9.00753],[99.921041,9.012118],[99.916662,9.016223],[99.917982,9.017924],[99.920385,9.02102],[99.917798,9.018273],[99.913792,9.022838],[99.909844,9.074727],[99.910129,9.078646],[99.91315,9.084148]]}},{"type":"Feature","properties":{"_gpxType":"trk","name":"อ.ขนอม","desc":"อ.ขนอม","coordinateProperties":{}},"geometry":{"type":"LineString","coordinates":[[99.782727,9.310255],[99.780381,9.308848],[99.777596,9.310359],[99.77754,9.31036],[99.775088,9.312422],[99.775668,9.313841],[99.77404,9.314982],[99.775266,9.317393],[99.773213,9.320784],[99.769128,9.322795],[99.76614,9.317257],[99.763671,9.315192],[99.762439,9.307915],[99.764226,9.305471],[99.76456,9.301997],[99.765623,9.29868],[99.765087,9.29448],[99.763259,9.291476],[99.764001,9.287514],[99.767264,9.284726],[99.767114,9.282346],[99.771543,9.280278],[99.773257,9.269447],[99.773181,9.261785],[99.76927,9.260309],[99.761756,9.268243],[99.750023,9.263807],[99.753014,9.247967],[99.752157,9.229516],[99.753997,9.221323],[99.747284,9.214],[99.747134,9.204124],[99.739049,9.199617],[99.741823,9.191053],[99.742222,9.18199],[99.73875,9.170353],[99.733317,9.163468],[99.732369,9.159839],[99.721458,9.161913],[99.72054,9.155436],[99.722157,9.150854],[99.719881,9.145007],[99.724068,9.142041],[99.724252,9.137295],[99.72989,9.134905],[99.733685,9.128466],[99.732604,9.119795],[99.727919,9.1172],[99.725113,9.113354],[99.72221,9.114049],[99.72241,9.112768],[99.727646,9.110425],[99.729249,9.112353],[99.73255,9.111364],[99.740516,9.114468],[99.744289,9.109697],[99.753623,9.109254],[99.75512,9.107135],[99.758253,9.107188],[99.761845,9.103507],[99.770005,9.100099],[99.770091,9.100099],[99.771934,9.09885],[99.771765,9.09643],[99.773081,9.093856],[99.773735,9.095439],[99.779149,9.096561],[99.785361,9.088528],[99.800346,9.093797],[99.800258,9.086817],[99.808294,9.081772],[99.809415,9.084873],[99.807466,9.087034],[99.81734,9.090796],[99.814432,9.095862],[99.808898,9.099588],[99.812057,9.105051],[99.812569,9.109484],[99.815982,9.114043],[99.815661,9.12121],[99.819012,9.118347],[99.82301,9.1185],[99.832732,9.124129],[99.843342,9.12101],[99.848166,9.117631],[99.851515,9.103175],[99.8555,9.100713],[99.858225,9.09493],[99.861674,9.093096],[99.861651,9.089347],[99.86685,9.089238],[99.868648,9.091981],[99.873049,9.094153],[99.874618,9.097631],[99.875538,9.093405],[99.882182,9.086867],[99.894764,9.091251],[99.904824,9.090435],[99.906726,9.091973],[99.909448,9.089935],[99.909299,9.098798],[99.90686,9.100309],[99.903811,9.108341],[99.899471,9.110662],[99.89739,9.118691],[99.889801,9.125563],[99.886964,9.126388],[99.882061,9.124999],[99.875727,9.140129],[99.873944,9.159017],[99.875044,9.189896],[99.876663,9.205769],[99.881247,9.208406],[99.881346,9.208414],[99.879398,9.21151],[99.878875,9.218492],[99.876044,9.221738],[99.87399,9.22182],[99.873918,9.225466],[99.870697,9.228984],[99.870142,9.237609],[99.870072,9.237609],[99.869848,9.237566],[99.869814,9.237566],[99.868816,9.237584],[99.868764,9.23758],[99.86604,9.235488],[99.865122,9.23623],[99.863855,9.248241],[99.859824,9.252435],[99.850089,9.252076],[99.847877,9.254388],[99.847858,9.257839],[99.844817,9.263048],[99.846277,9.282098],[99.844615,9.281343],[99.845622,9.282724],[99.844177,9.281642],[99.842114,9.28397],[99.841684,9.289975],[99.843471,9.293817],[99.840402,9.292991],[99.838485,9.294238],[99.83739,9.303248],[99.835574,9.305397],[99.829298,9.310173],[99.825,9.298161],[99.818502,9.296682],[99.807292,9.300112],[99.799346,9.304919],[99.801424,9.310875],[99.804616,9.311975],[99.805727,9.314846],[99.801228,9.319284],[99.799057,9.313357],[99.798088,9.310713],[99.797399,9.308832],[99.796039,9.310613],[99.797249,9.315253],[99.796332,9.317431],[99.795265,9.313181],[99.793064,9.311278],[99.793002,9.311277],[99.791835,9.311187],[99.791795,9.308844],[99.785251,9.310958],[99.785623,9.317403],[99.782841,9.310255],[99.782727,9.310255]]}}]}