<?xml version="1.0" encoding="utf-8" standalone="yes"?>
<gpx version="1.1" creator="GPS Visualizer https://www.gpsvisualizer.com/" xmlns="http://www.topografix.com/GPX/1/1" xmlns:xsi="http://www.w3.org/2001/XMLSchema-instance" xsi:schemaLocation="http://www.topografix.com/GPX/1/1 http://www.topografix.com/GPX/1/1/gpx.xsd http://www.garmin.com/xmlschemas/TrackPointExtension/v2 http://www.garmin.com/xmlschemas/TrackPointExtensionv2.xsd" xmlns:gpxtpx="http://www.garmin.com/xmlschemas/TrackPointExtension/v2">
<trk>
  <name>อ.ร่อนพิบูลย์</name>
  <desc>อ.ร่อนพิบูลย์</desc>
  <trkseg>
    <trkpt lat="8.124626711" lon="100.024788776"></trkpt>
    <trkpt lat="8.124625723" lon="100.02484373"></trkpt>
    <trkpt lat="8.126388604" lon="100.027651942"></trkpt>
    <trkpt lat="8.131555398" lon="100.028863952"></trkpt>
    <trkpt lat="8.136086764" lon="100.02714133"></trkpt>
    <trkpt lat="8.148482745" lon="100.03290378"></trkpt>
    <trkpt lat="8.154526927" lon="100.03126317"></trkpt>
    <trkpt lat="8.159916732" lon="100.024103899"></trkpt>
    <trkpt lat="8.171966052" lon="100.026436008"></trkpt>
    <trkpt lat="8.184965253" lon="100.014436782"></trkpt>
    <trkpt lat="8.188852831" lon="100.015331605"></trkpt>
    <trkpt lat="8.190467302" lon="100.011306643"></trkpt>
    <trkpt lat="8.200633444" lon="100.015815432"></trkpt>
    <trkpt lat="8.202293598" lon="100.01242286"></trkpt>
    <trkpt lat="8.203459976" lon="100.014790469"></trkpt>
    <trkpt lat="8.205096136" lon="100.014672662"></trkpt>
    <trkpt lat="8.204071162" lon="100.011551053"></trkpt>
    <trkpt lat="8.20610049" lon="100.009882616"></trkpt>
    <trkpt lat="8.207467931" lon="100.012833459"></trkpt>
    <trkpt lat="8.210402954" lon="100.012508887"></trkpt>
    <trkpt lat="8.211058121" lon="100.01057045"></trkpt>
    <trkpt lat="8.208695607" lon="100.009611373"></trkpt>
    <trkpt lat="8.209707825" lon="100.006816766"></trkpt>
    <trkpt lat="8.212917836" lon="100.008592964"></trkpt>
    <trkpt lat="8.21683135" lon="100.006268562"></trkpt>
    <trkpt lat="8.216636854" lon="100.003875304"></trkpt>
    <trkpt lat="8.212716727" lon="100.002332604"></trkpt>
    <trkpt lat="8.210490948" lon="99.995966041"></trkpt>
    <trkpt lat="8.212415029" lon="99.992664095"></trkpt>
    <trkpt lat="8.225029898" lon="99.992370658"></trkpt>
    <trkpt lat="8.231297079" lon="99.995049967"></trkpt>
    <trkpt lat="8.233873813" lon="99.994912714"></trkpt>
    <trkpt lat="8.233942964" lon="99.993080404"></trkpt>
    <trkpt lat="8.238826556" lon="99.992764961"></trkpt>
    <trkpt lat="8.232842841" lon="99.978441705"></trkpt>
    <trkpt lat="8.234539062" lon="99.977403963"></trkpt>
    <trkpt lat="8.234699883" lon="99.967100544"></trkpt>
    <trkpt lat="8.232180804" lon="99.957479928"></trkpt>
    <trkpt lat="8.233647549" lon="99.949983532"></trkpt>
    <trkpt lat="8.230871651" lon="99.938564641"></trkpt>
    <trkpt lat="8.231751922" lon="99.932146296"></trkpt>
    <trkpt lat="8.244877036" lon="99.942902207"></trkpt>
    <trkpt lat="8.262817975" lon="99.941230042"></trkpt>
    <trkpt lat="8.266651867" lon="99.942114394"></trkpt>
    <trkpt lat="8.268306602" lon="99.942781014"></trkpt>
    <trkpt lat="8.271596284" lon="99.935824507"></trkpt>
    <trkpt lat="8.272191108" lon="99.92773733"></trkpt>
    <trkpt lat="8.265944583" lon="99.923916413"></trkpt>
    <trkpt lat="8.265388338" lon="99.920802712"></trkpt>
    <trkpt lat="8.272602384" lon="99.914819645"></trkpt>
    <trkpt lat="8.281668639" lon="99.911489744"></trkpt>
    <trkpt lat="8.282194061" lon="99.909149405"></trkpt>
    <trkpt lat="8.27994584" lon="99.906735612"></trkpt>
    <trkpt lat="8.281779297" lon="99.904908751"></trkpt>
    <trkpt lat="8.28125448" lon="99.903217643"></trkpt>
    <trkpt lat="8.283058784" lon="99.902626792"></trkpt>
    <trkpt lat="8.282305815" lon="99.899694954"></trkpt>
    <trkpt lat="8.284242057" lon="99.898584843"></trkpt>
    <trkpt lat="8.284005868" lon="99.8947296"></trkpt>
    <trkpt lat="8.286750112" lon="99.895598923"></trkpt>
    <trkpt lat="8.287573881" lon="99.894273976"></trkpt>
    <trkpt lat="8.285268749" lon="99.893626317"></trkpt>
    <trkpt lat="8.285119503" lon="99.891936046"></trkpt>
    <trkpt lat="8.288716237" lon="99.892321245"></trkpt>
    <trkpt lat="8.289478581" lon="99.891162897"></trkpt>
    <trkpt lat="8.286185115" lon="99.889458009"></trkpt>
    <trkpt lat="8.285498415" lon="99.886710674"></trkpt>
    <trkpt lat="8.288645643" lon="99.886976885"></trkpt>
    <trkpt lat="8.287676216" lon="99.885150515"></trkpt>
    <trkpt lat="8.289374925" lon="99.884451125"></trkpt>
    <trkpt lat="8.290096038" lon="99.880460153"></trkpt>
    <trkpt lat="8.29215732" lon="99.88039226"></trkpt>
    <trkpt lat="8.291477283" lon="99.882363795"></trkpt>
    <trkpt lat="8.29460012" lon="99.882376698"></trkpt>
    <trkpt lat="8.294866778" lon="99.880690803"></trkpt>
    <trkpt lat="8.29263866" lon="99.879491692"></trkpt>
    <trkpt lat="8.295361961" lon="99.878005484"></trkpt>
    <trkpt lat="8.293182986" lon="99.876911243"></trkpt>
    <trkpt lat="8.294952195" lon="99.875820168"></trkpt>
    <trkpt lat="8.294226375" lon="99.873109007"></trkpt>
    <trkpt lat="8.296704243" lon="99.872402168"></trkpt>
    <trkpt lat="8.296723027" lon="99.870816238"></trkpt>
    <trkpt lat="8.294765253" lon="99.870978866"></trkpt>
    <trkpt lat="8.295803177" lon="99.86838332"></trkpt>
    <trkpt lat="8.298385343" lon="99.86726465"></trkpt>
    <trkpt lat="8.297981906" lon="99.86454383"></trkpt>
    <trkpt lat="8.303256951" lon="99.864476838"></trkpt>
    <trkpt lat="8.303416959" lon="99.861027046"></trkpt>
    <trkpt lat="8.306248985" lon="99.860096519"></trkpt>
    <trkpt lat="8.309957797" lon="99.858645874"></trkpt>
    <trkpt lat="8.308471568" lon="99.854980328"></trkpt>
    <trkpt lat="8.309945473" lon="99.856178004"></trkpt>
    <trkpt lat="8.314135083" lon="99.851168014"></trkpt>
    <trkpt lat="8.314860925" lon="99.852549117"></trkpt>
    <trkpt lat="8.316911707" lon="99.851751339"></trkpt>
    <trkpt lat="8.316202362" lon="99.848751571"></trkpt>
    <trkpt lat="8.318034128" lon="99.8511089"></trkpt>
    <trkpt lat="8.319939611" lon="99.850025549"></trkpt>
    <trkpt lat="8.319068466" lon="99.847224895"></trkpt>
    <trkpt lat="8.323469868" lon="99.844041419"></trkpt>
    <trkpt lat="8.321216996" lon="99.841952604"></trkpt>
    <trkpt lat="8.322564281" lon="99.837036215"></trkpt>
    <trkpt lat="8.317749524" lon="99.831440367"></trkpt>
    <trkpt lat="8.31423868" lon="99.832152895"></trkpt>
    <trkpt lat="8.307663834" lon="99.827699605"></trkpt>
    <trkpt lat="8.304175976" lon="99.828291001"></trkpt>
    <trkpt lat="8.301195855" lon="99.826878353"></trkpt>
    <trkpt lat="8.296962264" lon="99.829497054"></trkpt>
    <trkpt lat="8.295900987" lon="99.823885391"></trkpt>
    <trkpt lat="8.292858716" lon="99.821676821"></trkpt>
    <trkpt lat="8.29423724" lon="99.815852698"></trkpt>
    <trkpt lat="8.2913428" lon="99.816324263"></trkpt>
    <trkpt lat="8.287900781" lon="99.819510172"></trkpt>
    <trkpt lat="8.282734415" lon="99.819369248"></trkpt>
    <trkpt lat="8.282199515" lon="99.809668001"></trkpt>
    <trkpt lat="8.279579669" lon="99.807346124"></trkpt>
    <trkpt lat="8.281444934" lon="99.79817895"></trkpt>
    <trkpt lat="8.279272616" lon="99.796017036"></trkpt>
    <trkpt lat="8.274284402" lon="99.795031723"></trkpt>
    <trkpt lat="8.272549914" lon="99.793124561"></trkpt>
    <trkpt lat="8.272770547" lon="99.789262454"></trkpt>
    <trkpt lat="8.268850158" lon="99.787854493"></trkpt>
    <trkpt lat="8.265002993" lon="99.783554443"></trkpt>
    <trkpt lat="8.263686848" lon="99.767816855"></trkpt>
    <trkpt lat="8.267028891" lon="99.76392402"></trkpt>
    <trkpt lat="8.259605874" lon="99.75730818"></trkpt>
    <trkpt lat="8.252697326" lon="99.758323895"></trkpt>
    <trkpt lat="8.245747767" lon="99.755391034"></trkpt>
    <trkpt lat="8.241743719" lon="99.759419122"></trkpt>
    <trkpt lat="8.237802497" lon="99.768131472"></trkpt>
    <trkpt lat="8.2401874" lon="99.772387926"></trkpt>
    <trkpt lat="8.235342375" lon="99.778095635"></trkpt>
    <trkpt lat="8.233535715" lon="99.784193522"></trkpt>
    <trkpt lat="8.234058319" lon="99.792441586"></trkpt>
    <trkpt lat="8.226864672" lon="99.78514951"></trkpt>
    <trkpt lat="8.216690588" lon="99.781590924"></trkpt>
    <trkpt lat="8.211016562" lon="99.776882128"></trkpt>
    <trkpt lat="8.204524571" lon="99.78650878"></trkpt>
    <trkpt lat="8.20160525" lon="99.787418153"></trkpt>
    <trkpt lat="8.200141052" lon="99.790191102"></trkpt>
    <trkpt lat="8.200788645" lon="99.800838145"></trkpt>
    <trkpt lat="8.19607927" lon="99.800218658"></trkpt>
    <trkpt lat="8.195588409" lon="99.802535919"></trkpt>
    <trkpt lat="8.193515495" lon="99.79906661"></trkpt>
    <trkpt lat="8.184425335" lon="99.791990246"></trkpt>
    <trkpt lat="8.183247961" lon="99.787961614"></trkpt>
    <trkpt lat="8.180782657" lon="99.789817401"></trkpt>
    <trkpt lat="8.170417897" lon="99.790529041"></trkpt>
    <trkpt lat="8.168140538" lon="99.788646234"></trkpt>
    <trkpt lat="8.160812634" lon="99.773985628"></trkpt>
    <trkpt lat="8.149358352" lon="99.773987252"></trkpt>
    <trkpt lat="8.144080261" lon="99.768731201"></trkpt>
    <trkpt lat="8.142103273" lon="99.769550912"></trkpt>
    <trkpt lat="8.139419513" lon="99.77445615"></trkpt>
    <trkpt lat="8.128896595" lon="99.778400731"></trkpt>
    <trkpt lat="8.111155686" lon="99.769774144"></trkpt>
    <trkpt lat="8.105289757" lon="99.769084821"></trkpt>
    <trkpt lat="8.092378488" lon="99.763765882"></trkpt>
    <trkpt lat="8.079154026" lon="99.761739504"></trkpt>
    <trkpt lat="8.072833705" lon="99.766553735"></trkpt>
    <trkpt lat="8.068060175" lon="99.765411207"></trkpt>
    <trkpt lat="8.068411165" lon="99.771173356"></trkpt>
    <trkpt lat="8.071324554" lon="99.769847122"></trkpt>
    <trkpt lat="8.075777295" lon="99.772604314"></trkpt>
    <trkpt lat="8.07779257" lon="99.772012862"></trkpt>
    <trkpt lat="8.081561025" lon="99.775675755"></trkpt>
    <trkpt lat="8.08156654" lon="99.775760596"></trkpt>
    <trkpt lat="8.083033581" lon="99.777847006"></trkpt>
    <trkpt lat="8.085225397" lon="99.777334286"></trkpt>
    <trkpt lat="8.096168278" lon="99.782563507"></trkpt>
    <trkpt lat="8.100010678" lon="99.786594608"></trkpt>
    <trkpt lat="8.104254069" lon="99.786409237"></trkpt>
    <trkpt lat="8.109078219" lon="99.789156418"></trkpt>
    <trkpt lat="8.109078708" lon="99.789276449"></trkpt>
    <trkpt lat="8.109707365" lon="99.791616315"></trkpt>
    <trkpt lat="8.113656641" lon="99.793569312"></trkpt>
    <trkpt lat="8.122664519" lon="99.795220299"></trkpt>
    <trkpt lat="8.12653006" lon="99.801312783"></trkpt>
    <trkpt lat="8.129650222" lon="99.801243053"></trkpt>
    <trkpt lat="8.132946125" lon="99.803350193"></trkpt>
    <trkpt lat="8.137261724" lon="99.809186692"></trkpt>
    <trkpt lat="8.137262263" lon="99.809237687"></trkpt>
    <trkpt lat="8.138270929" lon="99.814823119"></trkpt>
    <trkpt lat="8.13475943" lon="99.821958061"></trkpt>
    <trkpt lat="8.134759514" lon="99.821996029"></trkpt>
    <trkpt lat="8.134777012" lon="99.826239972"></trkpt>
    <trkpt lat="8.134781755" lon="99.826278714"></trkpt>
    <trkpt lat="8.138758782" lon="99.828933686"></trkpt>
    <trkpt lat="8.138769528" lon="99.828964842"></trkpt>
    <trkpt lat="8.140369168" lon="99.831702323"></trkpt>
    <trkpt lat="8.140370267" lon="99.831745977"></trkpt>
    <trkpt lat="8.140469967" lon="99.831918427"></trkpt>
    <trkpt lat="8.140472268" lon="99.831953357"></trkpt>
    <trkpt lat="8.140849544" lon="99.834182619"></trkpt>
    <trkpt lat="8.140852346" lon="99.834228309"></trkpt>
    <trkpt lat="8.141396816" lon="99.836344743"></trkpt>
    <trkpt lat="8.137494861" lon="99.841059993"></trkpt>
    <trkpt lat="8.13749347" lon="99.841093605"></trkpt>
    <trkpt lat="8.138851895" lon="99.842928556"></trkpt>
    <trkpt lat="8.136811312" lon="99.843642926"></trkpt>
    <trkpt lat="8.137067891" lon="99.845793878"></trkpt>
    <trkpt lat="8.137073836" lon="99.845835337"></trkpt>
    <trkpt lat="8.137817712" lon="99.846846239"></trkpt>
    <trkpt lat="8.137819936" lon="99.846879116"></trkpt>
    <trkpt lat="8.13834492" lon="99.850047776"></trkpt>
    <trkpt lat="8.136942827" lon="99.851956428"></trkpt>
    <trkpt lat="8.136946168" lon="99.852024583"></trkpt>
    <trkpt lat="8.136325005" lon="99.854502642"></trkpt>
    <trkpt lat="8.139586111" lon="99.85614575"></trkpt>
    <trkpt lat="8.138437228" lon="99.85777816"></trkpt>
    <trkpt lat="8.138436865" lon="99.857837195"></trkpt>
    <trkpt lat="8.139226221" lon="99.858894287"></trkpt>
    <trkpt lat="8.139230358" lon="99.858982147"></trkpt>
    <trkpt lat="8.140108745" lon="99.860893536"></trkpt>
    <trkpt lat="8.15020706" lon="99.862081359"></trkpt>
    <trkpt lat="8.145390265" lon="99.869283677"></trkpt>
    <trkpt lat="8.135961338" lon="99.872246173"></trkpt>
    <trkpt lat="8.132181617" lon="99.876058197"></trkpt>
    <trkpt lat="8.128932473" lon="99.876913345"></trkpt>
    <trkpt lat="8.127782091" lon="99.881277443"></trkpt>
    <trkpt lat="8.122381434" lon="99.883466786"></trkpt>
    <trkpt lat="8.121998736" lon="99.894541394"></trkpt>
    <trkpt lat="8.109659356" lon="99.891603125"></trkpt>
    <trkpt lat="8.113605143" lon="99.917772532"></trkpt>
    <trkpt lat="8.11610681" lon="99.920122401"></trkpt>
    <trkpt lat="8.128331364" lon="99.919113835"></trkpt>
    <trkpt lat="8.127291534" lon="99.920002812"></trkpt>
    <trkpt lat="8.128148948" lon="99.924155338"></trkpt>
    <trkpt lat="8.124626217" lon="99.927016177"></trkpt>
    <trkpt lat="8.126949437" lon="99.935523573"></trkpt>
    <trkpt lat="8.116808226" lon="99.934652961"></trkpt>
    <trkpt lat="8.117608827" lon="99.949554498"></trkpt>
    <trkpt lat="8.103794952" lon="99.950903178"></trkpt>
    <trkpt lat="8.098381651" lon="99.955156549"></trkpt>
    <trkpt lat="8.086481941" lon="99.957384981"></trkpt>
    <trkpt lat="8.082881264" lon="99.96106188"></trkpt>
    <trkpt lat="8.085670181" lon="99.964475999"></trkpt>
    <trkpt lat="8.087923959" lon="99.963671197"></trkpt>
    <trkpt lat="8.092530064" lon="99.972790242"></trkpt>
    <trkpt lat="8.099083592" lon="99.978969549"></trkpt>
    <trkpt lat="8.106584234" lon="100.000858528"></trkpt>
    <trkpt lat="8.107951562" lon="100.014780998"></trkpt>
    <trkpt lat="8.118041046" lon="100.023172115"></trkpt>
    <trkpt lat="8.124626711" lon="100.024788776"></trkpt>
  </trkseg>
</trk>
<trk>
  <name>อ.บางขัน</name>
  <desc>อ.บางขัน</desc>
  <trkseg>
    <trkpt lat="7.891029742" lon="99.533573551"></trkpt>
    <trkpt lat="7.896458018" lon="99.536461558"></trkpt>
    <trkpt lat="7.896529396" lon="99.535961228"></trkpt>
    <trkpt lat="7.89654697" lon="99.535903564"></trkpt>
    <trkpt lat="7.896605723" lon="99.535807989"></trkpt>
    <trkpt lat="7.896658721" lon="99.535634238"></trkpt>
    <trkpt lat="7.896729637" lon="99.535401743"></trkpt>
    <trkpt lat="7.896765204" lon="99.53528514"></trkpt>
    <trkpt lat="7.896762228" lon="99.535246078"></trkpt>
    <trkpt lat="7.896778548" lon="99.535168127"></trkpt>
    <trkpt lat="7.896814219" lon="99.535051107"></trkpt>
    <trkpt lat="7.89691119" lon="99.534855561"></trkpt>
    <trkpt lat="7.896995114" lon="99.534777006"></trkpt>
    <trkpt lat="7.897108011" lon="99.534776865"></trkpt>
    <trkpt lat="7.898096374" lon="99.53498578"></trkpt>
    <trkpt lat="7.90020086" lon="99.539045601"></trkpt>
    <trkpt lat="7.901721413" lon="99.541385738"></trkpt>
    <trkpt lat="7.903565784" lon="99.540855979"></trkpt>
    <trkpt lat="7.903987677" lon="99.540806408"></trkpt>
    <trkpt lat="7.904059101" lon="99.540838306"></trkpt>
    <trkpt lat="7.904129469" lon="99.540853075"></trkpt>
    <trkpt lat="7.904200091" lon="99.540867898"></trkpt>
    <trkpt lat="7.904270968" lon="99.540882775"></trkpt>
    <trkpt lat="7.904358276" lon="99.540879765"></trkpt>
    <trkpt lat="7.904463568" lon="99.540876135"></trkpt>
    <trkpt lat="7.90455175" lon="99.540873095"></trkpt>
    <trkpt lat="7.904622586" lon="99.540870653"></trkpt>
    <trkpt lat="7.904692349" lon="99.540850706"></trkpt>
    <trkpt lat="7.904747173" lon="99.540866358"></trkpt>
    <trkpt lat="7.904770376" lon="99.540935853"></trkpt>
    <trkpt lat="7.904867978" lon="99.541038335"></trkpt>
    <trkpt lat="7.904950671" lon="99.54117698"></trkpt>
    <trkpt lat="7.905068564" lon="99.541297663"></trkpt>
    <trkpt lat="7.905128428" lon="99.541367091"></trkpt>
    <trkpt lat="7.905247306" lon="99.541488804"></trkpt>
    <trkpt lat="7.905327376" lon="99.541576241"></trkpt>
    <trkpt lat="7.905427543" lon="99.541681546"></trkpt>
    <trkpt lat="7.905488411" lon="99.541752093"></trkpt>
    <trkpt lat="7.905587968" lon="99.541840337"></trkpt>
    <trkpt lat="7.905647926" lon="99.541893482"></trkpt>
    <trkpt lat="7.905725401" lon="99.541928731"></trkpt>
    <trkpt lat="7.905783015" lon="99.54194628"></trkpt>
    <trkpt lat="7.905958207" lon="99.54201725"></trkpt>
    <trkpt lat="7.906016477" lon="99.542035024"></trkpt>
    <trkpt lat="7.906057249" lon="99.542070989"></trkpt>
    <trkpt lat="7.90617589" lon="99.542124942"></trkpt>
    <trkpt lat="7.906275965" lon="99.542179217"></trkpt>
    <trkpt lat="7.906317236" lon="99.542215541"></trkpt>
    <trkpt lat="7.906402787" lon="99.542324819"></trkpt>
    <trkpt lat="7.906484495" lon="99.542379775"></trkpt>
    <trkpt lat="7.906567908" lon="99.542453223"></trkpt>
    <trkpt lat="7.906669832" lon="99.542508778"></trkpt>
    <trkpt lat="7.90683421" lon="99.5426019"></trkpt>
    <trkpt lat="7.906955866" lon="99.542639927"></trkpt>
    <trkpt lat="7.9070383" lon="99.542677725"></trkpt>
    <trkpt lat="7.907181211" lon="99.542716401"></trkpt>
    <trkpt lat="7.90730205" lon="99.542717874"></trkpt>
    <trkpt lat="7.907381582" lon="99.542700224"></trkpt>
    <trkpt lat="7.907439658" lon="99.54266361"></trkpt>
    <trkpt lat="7.907373324" lon="99.542542938"></trkpt>
    <trkpt lat="7.908867451" lon="99.541790477"></trkpt>
    <trkpt lat="7.909304624" lon="99.541747123"></trkpt>
    <trkpt lat="7.909417552" lon="99.541765518"></trkpt>
    <trkpt lat="7.909552036" lon="99.541764147"></trkpt>
    <trkpt lat="7.909642153" lon="99.541763228"></trkpt>
    <trkpt lat="7.909732642" lon="99.541762306"></trkpt>
    <trkpt lat="7.909891898" lon="99.541760682"></trkpt>
    <trkpt lat="7.910029323" lon="99.541759281"></trkpt>
    <trkpt lat="7.910167607" lon="99.541757871"></trkpt>
    <trkpt lat="7.910306758" lon="99.541756453"></trkpt>
    <trkpt lat="7.910446782" lon="99.541755025"></trkpt>
    <trkpt lat="7.910512538" lon="99.541694086"></trkpt>
    <trkpt lat="7.910573905" lon="99.541572637"></trkpt>
    <trkpt lat="7.910638535" lon="99.54149108"></trkpt>
    <trkpt lat="7.910746193" lon="99.541347849"></trkpt>
    <trkpt lat="7.91081445" lon="99.541306036"></trkpt>
    <trkpt lat="7.910926119" lon="99.541202259"></trkpt>
    <trkpt lat="7.911043028" lon="99.541158921"></trkpt>
    <trkpt lat="7.911112231" lon="99.541116518"></trkpt>
    <trkpt lat="7.911254414" lon="99.541072159"></trkpt>
    <trkpt lat="7.91132273" lon="99.541008952"></trkpt>
    <trkpt lat="7.911389705" lon="99.540925049"></trkpt>
    <trkpt lat="7.911460022" lon="99.540881928"></trkpt>
    <trkpt lat="7.911579813" lon="99.540837193"></trkpt>
    <trkpt lat="7.911703394" lon="99.54083349"></trkpt>
    <trkpt lat="7.911830795" lon="99.540871152"></trkpt>
    <trkpt lat="7.9118371" lon="99.540953923"></trkpt>
    <trkpt lat="7.911844982" lon="99.541057386"></trkpt>
    <trkpt lat="7.911851287" lon="99.541140156"></trkpt>
    <trkpt lat="7.911832673" lon="99.541223461"></trkpt>
    <trkpt lat="7.911793931" lon="99.54136914"></trkpt>
    <trkpt lat="7.911725762" lon="99.541453004"></trkpt>
    <trkpt lat="7.911659381" lon="99.541557189"></trkpt>
    <trkpt lat="7.911590082" lon="99.54161992"></trkpt>
    <trkpt lat="7.911496467" lon="99.541682732"></trkpt>
    <trkpt lat="7.911475078" lon="99.541724024"></trkpt>
    <trkpt lat="7.911383518" lon="99.541806906"></trkpt>
    <trkpt lat="7.911266508" lon="99.5418692"></trkpt>
    <trkpt lat="7.911174279" lon="99.541931014"></trkpt>
    <trkpt lat="7.911104978" lon="99.54197212"></trkpt>
    <trkpt lat="7.911013433" lon="99.542033487"></trkpt>
    <trkpt lat="7.910876072" lon="99.542114939"></trkpt>
    <trkpt lat="7.91076022" lon="99.54215553"></trkpt>
    <trkpt lat="7.910715891" lon="99.542195885"></trkpt>
    <trkpt lat="7.910603947" lon="99.542276305"></trkpt>
    <trkpt lat="7.910514508" lon="99.542336327"></trkpt>
    <trkpt lat="7.910402093" lon="99.542396001"></trkpt>
    <trkpt lat="7.910338272" lon="99.54247559"></trkpt>
    <trkpt lat="7.910296342" lon="99.54253516"></trkpt>
    <trkpt lat="7.910209711" lon="99.542614114"></trkpt>
    <trkpt lat="7.910144975" lon="99.542673114"></trkpt>
    <trkpt lat="7.91012344" lon="99.54269274"></trkpt>
    <trkpt lat="7.90992739" lon="99.543125047"></trkpt>
    <trkpt lat="7.910281272" lon="99.543912988"></trkpt>
    <trkpt lat="7.913006151" lon="99.545058342"></trkpt>
    <trkpt lat="7.913712695" lon="99.545518837"></trkpt>
    <trkpt lat="7.913808968" lon="99.545598127"></trkpt>
    <trkpt lat="7.914098865" lon="99.545836886"></trkpt>
    <trkpt lat="7.914289712" lon="99.545953084"></trkpt>
    <trkpt lat="7.914530108" lon="99.546109899"></trkpt>
    <trkpt lat="7.914624582" lon="99.546146514"></trkpt>
    <trkpt lat="7.914814064" lon="99.546219951"></trkpt>
    <trkpt lat="7.915149051" lon="99.546371176"></trkpt>
    <trkpt lat="7.915340507" lon="99.546445418"></trkpt>
    <trkpt lat="7.915675618" lon="99.54655386"></trkpt>
    <trkpt lat="7.9158657" lon="99.546584435"></trkpt>
    <trkpt lat="7.916291801" lon="99.546597913"></trkpt>
    <trkpt lat="7.916487635" lon="99.546673439"></trkpt>
    <trkpt lat="7.916728378" lon="99.546701077"></trkpt>
    <trkpt lat="7.916970277" lon="99.546728847"></trkpt>
    <trkpt lat="7.917312946" lon="99.546794975"></trkpt>
    <trkpt lat="7.917467856" lon="99.546920114"></trkpt>
    <trkpt lat="7.917720168" lon="99.547039051"></trkpt>
    <trkpt lat="7.917973702" lon="99.547158563"></trkpt>
    <trkpt lat="7.918127103" lon="99.547239628"></trkpt>
    <trkpt lat="7.918287859" lon="99.547411847"></trkpt>
    <trkpt lat="7.918354219" lon="99.547636131"></trkpt>
    <trkpt lat="7.918368041" lon="99.547818058"></trkpt>
    <trkpt lat="7.918189183" lon="99.548056706"></trkpt>
    <trkpt lat="7.918105183" lon="99.548243708"></trkpt>
    <trkpt lat="7.918024787" lon="99.548475652"></trkpt>
    <trkpt lat="7.91799325" lon="99.548704664"></trkpt>
    <trkpt lat="7.917958305" lon="99.548888193"></trkpt>
    <trkpt lat="7.917926831" lon="99.549116785"></trkpt>
    <trkpt lat="7.917895387" lon="99.549345155"></trkpt>
    <trkpt lat="7.917863975" lon="99.549573305"></trkpt>
    <trkpt lat="7.91782916" lon="99.54975606"></trkpt>
    <trkpt lat="7.917700923" lon="99.549987507"></trkpt>
    <trkpt lat="7.917714634" lon="99.550167943"></trkpt>
    <trkpt lat="7.917482858" lon="99.550736121"></trkpt>
    <trkpt lat="7.920276651" lon="99.554650416"></trkpt>
    <trkpt lat="7.918759319" lon="99.554911677"></trkpt>
    <trkpt lat="7.917849415" lon="99.55512686"></trkpt>
    <trkpt lat="7.917714815" lon="99.555259811"></trkpt>
    <trkpt lat="7.917680277" lon="99.555438789"></trkpt>
    <trkpt lat="7.917601068" lon="99.555661613"></trkpt>
    <trkpt lat="7.917628356" lon="99.556020592"></trkpt>
    <trkpt lat="7.917645411" lon="99.556244955"></trkpt>
    <trkpt lat="7.917659055" lon="99.556424445"></trkpt>
    <trkpt lat="7.917817293" lon="99.556607924"></trkpt>
    <trkpt lat="7.917969146" lon="99.556701927"></trkpt>
    <trkpt lat="7.91827074" lon="99.556845618"></trkpt>
    <trkpt lat="7.918518247" lon="99.556898136"></trkpt>
    <trkpt lat="7.91881615" lon="99.55695242"></trkpt>
    <trkpt lat="7.919020326" lon="99.557049399"></trkpt>
    <trkpt lat="7.919083597" lon="99.557232898"></trkpt>
    <trkpt lat="7.91919994" lon="99.557463845"></trkpt>
    <trkpt lat="7.919217248" lon="99.557691487"></trkpt>
    <trkpt lat="7.919234556" lon="99.557919129"></trkpt>
    <trkpt lat="7.919248402" lon="99.558101244"></trkpt>
    <trkpt lat="7.919318805" lon="99.558376626"></trkpt>
    <trkpt lat="7.919382347" lon="99.558561131"></trkpt>
    <trkpt lat="7.919499211" lon="99.558793829"></trkpt>
    <trkpt lat="7.919612832" lon="99.558981318"></trkpt>
    <trkpt lat="7.919766294" lon="99.559034593"></trkpt>
    <trkpt lat="7.92002423" lon="99.559139014"></trkpt>
    <trkpt lat="7.920229396" lon="99.559195361"></trkpt>
    <trkpt lat="7.920486114" lon="99.559254597"></trkpt>
    <trkpt lat="7.920747609" lon="99.559360283"></trkpt>
    <trkpt lat="7.921061705" lon="99.559469278"></trkpt>
    <trkpt lat="7.92127802" lon="99.559619617"></trkpt>
    <trkpt lat="7.921491661" lon="99.559724072"></trkpt>
    <trkpt lat="7.921709695" lon="99.559875518"></trkpt>
    <trkpt lat="7.921928601" lon="99.560027567"></trkpt>
    <trkpt lat="7.922200796" lon="99.560183399"></trkpt>
    <trkpt lat="7.922418109" lon="99.560289877"></trkpt>
    <trkpt lat="7.922636296" lon="99.560396784"></trkpt>
    <trkpt lat="7.922915639" lon="99.560601656"></trkpt>
    <trkpt lat="7.923082486" lon="99.56070621"></trkpt>
    <trkpt lat="7.923157356" lon="99.560992782"></trkpt>
    <trkpt lat="7.923171713" lon="99.56118152"></trkpt>
    <trkpt lat="7.923239485" lon="99.56137406"></trkpt>
    <trkpt lat="7.923303732" lon="99.561519563"></trkpt>
    <trkpt lat="7.923439617" lon="99.561905575"></trkpt>
    <trkpt lat="7.923504065" lon="99.56205157"></trkpt>
    <trkpt lat="7.923636759" lon="99.562391357"></trkpt>
    <trkpt lat="7.923758905" lon="99.562589633"></trkpt>
    <trkpt lat="7.923884909" lon="99.56283576"></trkpt>
    <trkpt lat="7.924108747" lon="99.562949154"></trkpt>
    <trkpt lat="7.924217387" lon="99.56295843"></trkpt>
    <trkpt lat="7.925066044" lon="99.562587538"></trkpt>
    <trkpt lat="7.92924137" lon="99.561832591"></trkpt>
    <trkpt lat="7.930646305" lon="99.564531825"></trkpt>
    <trkpt lat="7.932735574" lon="99.56361741"></trkpt>
    <trkpt lat="7.932757037" lon="99.560774427"></trkpt>
    <trkpt lat="7.936501683" lon="99.561696639"></trkpt>
    <trkpt lat="7.934511091" lon="99.565281106"></trkpt>
    <trkpt lat="7.936464458" lon="99.566305742"></trkpt>
    <trkpt lat="7.936072536" lon="99.568471896"></trkpt>
    <trkpt lat="7.939105224" lon="99.567506569"></trkpt>
    <trkpt lat="7.946782308" lon="99.57168297"></trkpt>
    <trkpt lat="7.944406217" lon="99.576017028"></trkpt>
    <trkpt lat="7.945639144" lon="99.577285622"></trkpt>
    <trkpt lat="7.94490884" lon="99.580633038"></trkpt>
    <trkpt lat="7.947026702" lon="99.580749759"></trkpt>
    <trkpt lat="7.946299191" lon="99.583059576"></trkpt>
    <trkpt lat="7.948403823" lon="99.581021976"></trkpt>
    <trkpt lat="7.949927943" lon="99.581775791"></trkpt>
    <trkpt lat="7.948890941" lon="99.582625606"></trkpt>
    <trkpt lat="7.950263866" lon="99.585360061"></trkpt>
    <trkpt lat="7.9518195" lon="99.583710979"></trkpt>
    <trkpt lat="7.956712652" lon="99.585700693"></trkpt>
    <trkpt lat="7.957344597" lon="99.596252204"></trkpt>
    <trkpt lat="7.959595596" lon="99.596928755"></trkpt>
    <trkpt lat="7.963460238" lon="99.595026664"></trkpt>
    <trkpt lat="7.962904737" lon="99.591899955"></trkpt>
    <trkpt lat="7.96353884" lon="99.594987978"></trkpt>
    <trkpt lat="7.963460238" lon="99.595026664"></trkpt>
    <trkpt lat="7.963937348" lon="99.597712137"></trkpt>
    <trkpt lat="7.968401337" lon="99.596455122"></trkpt>
    <trkpt lat="7.967777424" lon="99.599304211"></trkpt>
    <trkpt lat="7.967777593" lon="99.599593122"></trkpt>
    <trkpt lat="7.970349603" lon="99.59811098"></trkpt>
    <trkpt lat="7.978202606" lon="99.601939035"></trkpt>
    <trkpt lat="7.978738201" lon="99.606616124"></trkpt>
    <trkpt lat="7.983427509" lon="99.602842638"></trkpt>
    <trkpt lat="7.984072131" lon="99.596355129"></trkpt>
    <trkpt lat="7.987933663" lon="99.591566519"></trkpt>
    <trkpt lat="7.987954909" lon="99.587728036"></trkpt>
    <trkpt lat="7.992152265" lon="99.585539055"></trkpt>
    <trkpt lat="7.992322388" lon="99.581838571"></trkpt>
    <trkpt lat="7.997053908" lon="99.580819096"></trkpt>
    <trkpt lat="8.00189733" lon="99.576441317"></trkpt>
    <trkpt lat="8.014633452" lon="99.576881475"></trkpt>
    <trkpt lat="8.021321828" lon="99.574941874"></trkpt>
    <trkpt lat="8.025077074" lon="99.571073301"></trkpt>
    <trkpt lat="8.028613929" lon="99.57156875"></trkpt>
    <trkpt lat="8.030650046" lon="99.569538985"></trkpt>
    <trkpt lat="8.033680066" lon="99.569471557"></trkpt>
    <trkpt lat="8.033668362" lon="99.56584804"></trkpt>
    <trkpt lat="8.036085061" lon="99.56150401"></trkpt>
    <trkpt lat="8.03577178" lon="99.554289399"></trkpt>
    <trkpt lat="8.039358167" lon="99.55059917"></trkpt>
    <trkpt lat="8.042653605" lon="99.550483219"></trkpt>
    <trkpt lat="8.046074381" lon="99.546366659"></trkpt>
    <trkpt lat="8.050004939" lon="99.547594397"></trkpt>
    <trkpt lat="8.061365859" lon="99.542006509"></trkpt>
    <trkpt lat="8.062822824" lon="99.543101299"></trkpt>
    <trkpt lat="8.070513485" lon="99.541145515"></trkpt>
    <trkpt lat="8.073171354" lon="99.538125846"></trkpt>
    <trkpt lat="8.080060883" lon="99.537650571"></trkpt>
    <trkpt lat="8.078093812" lon="99.52933837"></trkpt>
    <trkpt lat="8.077787706" lon="99.52449926"></trkpt>
    <trkpt lat="8.079099423" lon="99.523153877"></trkpt>
    <trkpt lat="8.08758973" lon="99.522607211"></trkpt>
    <trkpt lat="8.102611322" lon="99.524635375"></trkpt>
    <trkpt lat="8.11408433" lon="99.521505945"></trkpt>
    <trkpt lat="8.135503821" lon="99.522869266"></trkpt>
    <trkpt lat="8.14393998" lon="99.520790222"></trkpt>
    <trkpt lat="8.142444975" lon="99.516675978"></trkpt>
    <trkpt lat="8.142585109" lon="99.504192803"></trkpt>
    <trkpt lat="8.124038808" lon="99.501309041"></trkpt>
    <trkpt lat="8.126488577" lon="99.497138547"></trkpt>
    <trkpt lat="8.126215927" lon="99.493019187"></trkpt>
    <trkpt lat="8.130552838" lon="99.490583336"></trkpt>
    <trkpt lat="8.136843564" lon="99.489718703"></trkpt>
    <trkpt lat="8.139538781" lon="99.487159615"></trkpt>
    <trkpt lat="8.139339444" lon="99.479605788"></trkpt>
    <trkpt lat="8.142797336" lon="99.477867953"></trkpt>
    <trkpt lat="8.14316914" lon="99.475606222"></trkpt>
    <trkpt lat="8.141398179" lon="99.472104485"></trkpt>
    <trkpt lat="8.138384188" lon="99.470366905"></trkpt>
    <trkpt lat="8.133994645" lon="99.4602596"></trkpt>
    <trkpt lat="8.128460225" lon="99.457740282"></trkpt>
    <trkpt lat="8.124377462" lon="99.46306105"></trkpt>
    <trkpt lat="8.121058195" lon="99.46301813"></trkpt>
    <trkpt lat="8.124561159" lon="99.44348493"></trkpt>
    <trkpt lat="8.122898145" lon="99.4335057"></trkpt>
    <trkpt lat="8.123229078" lon="99.422867969"></trkpt>
    <trkpt lat="8.125720139" lon="99.415667552"></trkpt>
    <trkpt lat="8.122479611" lon="99.407931801"></trkpt>
    <trkpt lat="8.123509677" lon="99.402164879"></trkpt>
    <trkpt lat="8.117298651" lon="99.395115166"></trkpt>
    <trkpt lat="8.110326633" lon="99.391963369"></trkpt>
    <trkpt lat="8.109008853" lon="99.39279348"></trkpt>
    <trkpt lat="8.108108002" lon="99.393142617"></trkpt>
    <trkpt lat="8.107980284" lon="99.393175556"></trkpt>
    <trkpt lat="8.107830837" lon="99.393255323"></trkpt>
    <trkpt lat="8.10768044" lon="99.39331228"></trkpt>
    <trkpt lat="8.10753081" lon="99.393368947"></trkpt>
    <trkpt lat="8.107432618" lon="99.393421435"></trkpt>
    <trkpt lat="8.107307791" lon="99.393453406"></trkpt>
    <trkpt lat="8.10721035" lon="99.393505553"></trkpt>
    <trkpt lat="8.107136636" lon="99.39353345"></trkpt>
    <trkpt lat="8.106964797" lon="99.393590892"></trkpt>
    <trkpt lat="8.106865125" lon="99.393598318"></trkpt>
    <trkpt lat="8.10671793" lon="99.393631445"></trkpt>
    <trkpt lat="8.106619088" lon="99.393638771"></trkpt>
    <trkpt lat="8.106471445" lon="99.393649715"></trkpt>
    <trkpt lat="8.106373426" lon="99.39365698"></trkpt>
    <trkpt lat="8.106227009" lon="99.393667833"></trkpt>
    <trkpt lat="8.106105552" lon="99.393676835"></trkpt>
    <trkpt lat="8.105984597" lon="99.393685801"></trkpt>
    <trkpt lat="8.105888194" lon="99.393692946"></trkpt>
    <trkpt lat="8.105744185" lon="99.39370362"></trkpt>
    <trkpt lat="8.105672447" lon="99.393708938"></trkpt>
    <trkpt lat="8.105529503" lon="99.393719533"></trkpt>
    <trkpt lat="8.10540927" lon="99.393706774"></trkpt>
    <trkpt lat="8.105314755" lon="99.393713815"></trkpt>
    <trkpt lat="8.105170278" lon="99.393681414"></trkpt>
    <trkpt lat="8.105141889" lon="99.393618825"></trkpt>
    <trkpt lat="8.104247447" lon="99.393457895"></trkpt>
    <trkpt lat="8.102822143" lon="99.391781943"></trkpt>
    <trkpt lat="8.102106109" lon="99.391823585"></trkpt>
    <trkpt lat="8.1004289" lon="99.392622659"></trkpt>
    <trkpt lat="8.099438812" lon="99.3927937"></trkpt>
    <trkpt lat="8.099310027" lon="99.392803971"></trkpt>
    <trkpt lat="8.099159639" lon="99.392861042"></trkpt>
    <trkpt lat="8.099033761" lon="99.392893476"></trkpt>
    <trkpt lat="8.09890671" lon="99.392903465"></trkpt>
    <trkpt lat="8.098781901" lon="99.392935672"></trkpt>
    <trkpt lat="8.098655919" lon="99.39294553"></trkpt>
    <trkpt lat="8.098532165" lon="99.392977512"></trkpt>
    <trkpt lat="8.09843557" lon="99.393029555"></trkpt>
    <trkpt lat="8.098339299" lon="99.393081423"></trkpt>
    <trkpt lat="8.098243352" lon="99.393133116"></trkpt>
    <trkpt lat="8.098123027" lon="99.393186486"></trkpt>
    <trkpt lat="8.098004886" lon="99.393261594"></trkpt>
    <trkpt lat="8.09788556" lon="99.393314473"></trkpt>
    <trkpt lat="8.097789453" lon="99.393343491"></trkpt>
    <trkpt lat="8.097671021" lon="99.393396002"></trkpt>
    <trkpt lat="8.097577296" lon="99.393446574"></trkpt>
    <trkpt lat="8.097483882" lon="99.393496978"></trkpt>
    <trkpt lat="8.097365055" lon="99.393527173"></trkpt>
    <trkpt lat="8.097248377" lon="99.393578916"></trkpt>
    <trkpt lat="8.097132179" lon="99.393630447"></trkpt>
    <trkpt lat="8.097038573" lon="99.393658563"></trkpt>
    <trkpt lat="8.096991059" lon="99.3936618"></trkpt>
    <trkpt lat="8.096850633" lon="99.393692999"></trkpt>
    <trkpt lat="8.096734411" lon="99.393722461"></trkpt>
    <trkpt lat="8.096642103" lon="99.393750232"></trkpt>
    <trkpt lat="8.096573479" lon="99.393776356"></trkpt>
    <trkpt lat="8.096480059" lon="99.393782579"></trkpt>
    <trkpt lat="8.09636861" lon="99.393854344"></trkpt>
    <trkpt lat="8.096275863" lon="99.393860418"></trkpt>
    <trkpt lat="8.096209757" lon="99.393907516"></trkpt>
    <trkpt lat="8.096099394" lon="99.39397868"></trkpt>
    <trkpt lat="8.096032092" lon="99.394004274"></trkpt>
    <trkpt lat="8.095920822" lon="99.394053848"></trkpt>
    <trkpt lat="8.095829541" lon="99.394059553"></trkpt>
    <trkpt lat="8.09571908" lon="99.394108838"></trkpt>
    <trkpt lat="8.095565498" lon="99.394181711"></trkpt>
    <trkpt lat="8.095476975" lon="99.394208172"></trkpt>
    <trkpt lat="8.095435228" lon="99.394252841"></trkpt>
    <trkpt lat="8.095283231" lon="99.394324936"></trkpt>
    <trkpt lat="8.095195614" lon="99.394351033"></trkpt>
    <trkpt lat="8.095108275" lon="99.394377047"></trkpt>
    <trkpt lat="8.094981765" lon="99.394467928"></trkpt>
    <trkpt lat="8.09487468" lon="99.394515647"></trkpt>
    <trkpt lat="8.094768017" lon="99.394563178"></trkpt>
    <trkpt lat="8.094639941" lon="99.394611699"></trkpt>
    <trkpt lat="8.094555946" lon="99.39465768"></trkpt>
    <trkpt lat="8.094472215" lon="99.394703518"></trkpt>
    <trkpt lat="8.094365557" lon="99.394729758"></trkpt>
    <trkpt lat="8.094282418" lon="99.394775322"></trkpt>
    <trkpt lat="8.094178073" lon="99.394821828"></trkpt>
    <trkpt lat="8.0940757" lon="99.394888611"></trkpt>
    <trkpt lat="8.093973725" lon="99.394955134"></trkpt>
    <trkpt lat="8.093829753" lon="99.395023399"></trkpt>
    <trkpt lat="8.093748278" lon="99.39506805"></trkpt>
    <trkpt lat="8.093647565" lon="99.395133817"></trkpt>
    <trkpt lat="8.093586082" lon="99.39515694"></trkpt>
    <trkpt lat="8.093466637" lon="99.395243471"></trkpt>
    <trkpt lat="8.093387828" lon="99.395307666"></trkpt>
    <trkpt lat="8.093307718" lon="99.395351505"></trkpt>
    <trkpt lat="8.093208695" lon="99.395416176"></trkpt>
    <trkpt lat="8.093130672" lon="99.395479789"></trkpt>
    <trkpt lat="8.093071927" lon="99.395522354"></trkpt>
    <trkpt lat="8.092992787" lon="99.395565599"></trkpt>
    <trkpt lat="8.092932824" lon="99.395587939"></trkpt>
    <trkpt lat="8.092835228" lon="99.395651694"></trkpt>
    <trkpt lat="8.092719211" lon="99.395735853"></trkpt>
    <trkpt lat="8.092622425" lon="99.395799063"></trkpt>
    <trkpt lat="8.092563313" lon="99.395820978"></trkpt>
    <trkpt lat="8.092467113" lon="99.395883836"></trkpt>
    <trkpt lat="8.092331224" lon="99.395947704"></trkpt>
    <trkpt lat="8.092294259" lon="99.39598848"></trkpt>
    <trkpt lat="8.092159283" lon="99.396051858"></trkpt>
    <trkpt lat="8.092084408" lon="99.396113234"></trkpt>
    <trkpt lat="8.092008253" lon="99.396154771"></trkpt>
    <trkpt lat="8.091952037" lon="99.396195659"></trkpt>
    <trkpt lat="8.091859623" lon="99.396276666"></trkpt>
    <trkpt lat="8.091746486" lon="99.396338283"></trkpt>
    <trkpt lat="8.091615876" lon="99.396419574"></trkpt>
    <trkpt lat="8.09154112" lon="99.396460273"></trkpt>
    <trkpt lat="8.091447241" lon="99.396501258"></trkpt>
    <trkpt lat="8.089943447" lon="99.39703723"></trkpt>
    <trkpt lat="8.088932286" lon="99.396964385"></trkpt>
    <trkpt lat="8.085106595" lon="99.395757078"></trkpt>
    <trkpt lat="8.078725021" lon="99.394318812"></trkpt>
    <trkpt lat="8.077813692" lon="99.394272447"></trkpt>
    <trkpt lat="8.076824633" lon="99.394292163"></trkpt>
    <trkpt lat="8.076761625" lon="99.394334978"></trkpt>
    <trkpt lat="8.076610961" lon="99.394379312"></trkpt>
    <trkpt lat="8.076526594" lon="99.394422243"></trkpt>
    <trkpt lat="8.076420719" lon="99.394465409"></trkpt>
    <trkpt lat="8.076315259" lon="99.394508405"></trkpt>
    <trkpt lat="8.076210211" lon="99.394551234"></trkpt>
    <trkpt lat="8.076082497" lon="99.394573724"></trkpt>
    <trkpt lat="8.075976785" lon="99.394595793"></trkpt>
    <trkpt lat="8.075892824" lon="99.39461747"></trkpt>
    <trkpt lat="8.075787848" lon="99.394639378"></trkpt>
    <trkpt lat="8.075662102" lon="99.394661489"></trkpt>
    <trkpt lat="8.075640942" lon="99.394661778"></trkpt>
    <trkpt lat="8.075452784" lon="99.394684613"></trkpt>
    <trkpt lat="8.075368888" lon="99.394685724"></trkpt>
    <trkpt lat="8.075243528" lon="99.394687384"></trkpt>
    <trkpt lat="8.075098001" lon="99.394689312"></trkpt>
    <trkpt lat="8.074973884" lon="99.394690956"></trkpt>
    <trkpt lat="8.074953253" lon="99.394691229"></trkpt>
    <trkpt lat="8.074785707" lon="99.394653396"></trkpt>
    <trkpt lat="8.074680362" lon="99.394614891"></trkpt>
    <trkpt lat="8.074597289" lon="99.394596155"></trkpt>
    <trkpt lat="8.074413195" lon="99.394579043"></trkpt>
    <trkpt lat="8.074351095" lon="99.394560133"></trkpt>
    <trkpt lat="8.074247402" lon="99.394522109"></trkpt>
    <trkpt lat="8.074145613" lon="99.394504"></trkpt>
    <trkpt lat="8.074065666" lon="99.394505356"></trkpt>
    <trkpt lat="8.073963052" lon="99.394467635"></trkpt>
    <trkpt lat="8.073824249" lon="99.394470093"></trkpt>
    <trkpt lat="8.073725548" lon="99.394471841"></trkpt>
    <trkpt lat="8.073627215" lon="99.394473583"></trkpt>
    <trkpt lat="8.073509697" lon="99.394475664"></trkpt>
    <trkpt lat="8.073431643" lon="99.394477046"></trkpt>
    <trkpt lat="8.073314994" lon="99.394479112"></trkpt>
    <trkpt lat="8.073236029" lon="99.394461048"></trkpt>
    <trkpt lat="8.073155811" lon="99.39442363"></trkpt>
    <trkpt lat="8.073056613" lon="99.394386698"></trkpt>
    <trkpt lat="8.072993122" lon="99.394310423"></trkpt>
    <trkpt lat="8.072968042" lon="99.394233453"></trkpt>
    <trkpt lat="8.070947732" lon="99.393607571"></trkpt>
    <trkpt lat="8.070065843" lon="99.393717804"></trkpt>
    <trkpt lat="8.067577238" lon="99.394872603"></trkpt>
    <trkpt lat="8.066496609" lon="99.395298876"></trkpt>
    <trkpt lat="8.063973564" lon="99.395126747"></trkpt>
    <trkpt lat="8.062558172" lon="99.394774965"></trkpt>
    <trkpt lat="8.060936751" lon="99.39400052"></trkpt>
    <trkpt lat="8.059838748" lon="99.393462844"></trkpt>
    <trkpt lat="8.057919012" lon="99.39383127"></trkpt>
    <trkpt lat="8.057237582" lon="99.39419724"></trkpt>
    <trkpt lat="8.055556899" lon="99.394452865"></trkpt>
    <trkpt lat="8.054005216" lon="99.394032452"></trkpt>
    <trkpt lat="8.053599324" lon="99.393860124"></trkpt>
    <trkpt lat="8.052185966" lon="99.394344292"></trkpt>
    <trkpt lat="8.051240891" lon="99.394150435"></trkpt>
    <trkpt lat="8.050532371" lon="99.394634594"></trkpt>
    <trkpt lat="8.050509612" lon="99.394680779"></trkpt>
    <trkpt lat="8.04999322" lon="99.395417738"></trkpt>
    <trkpt lat="8.048503534" lon="99.395669236"></trkpt>
    <trkpt lat="8.047073793" lon="99.395438576"></trkpt>
    <trkpt lat="8.04384895" lon="99.395914636"></trkpt>
    <trkpt lat="8.040990402" lon="99.396699262"></trkpt>
    <trkpt lat="8.0402207" lon="99.397364592"></trkpt>
    <trkpt lat="8.039992579" lon="99.397990486"></trkpt>
    <trkpt lat="8.039622362" lon="99.398498515"></trkpt>
    <trkpt lat="8.036628375" lon="99.399741095"></trkpt>
    <trkpt lat="8.035802931" lon="99.400275396"></trkpt>
    <trkpt lat="8.034328705" lon="99.400415423"></trkpt>
    <trkpt lat="8.033543563" lon="99.400967275"></trkpt>
    <trkpt lat="8.03303626" lon="99.401698883"></trkpt>
    <trkpt lat="8.03238757" lon="99.401996058"></trkpt>
    <trkpt lat="8.028898282" lon="99.402644585"></trkpt>
    <trkpt lat="8.027323897" lon="99.402495073"></trkpt>
    <trkpt lat="8.026420255" lon="99.402727498"></trkpt>
    <trkpt lat="8.022179327" lon="99.404452685"></trkpt>
    <trkpt lat="8.021846058" lon="99.405169293"></trkpt>
    <trkpt lat="8.021515512" lon="99.405854976"></trkpt>
    <trkpt lat="8.020815612" lon="99.406222525"></trkpt>
    <trkpt lat="8.018941818" lon="99.406355613"></trkpt>
    <trkpt lat="8.018254101" lon="99.406050563"></trkpt>
    <trkpt lat="8.017840157" lon="99.405314589"></trkpt>
    <trkpt lat="8.017187674" lon="99.404887795"></trkpt>
    <trkpt lat="8.016288395" lon="99.404687433"></trkpt>
    <trkpt lat="8.014070981" lon="99.404950641"></trkpt>
    <trkpt lat="8.012202347" lon="99.404861128"></trkpt>
    <trkpt lat="8.011231482" lon="99.405067162"></trkpt>
    <trkpt lat="8.01084728" lon="99.405476585"></trkpt>
    <trkpt lat="8.009789615" lon="99.408555259"></trkpt>
    <trkpt lat="8.009482313" lon="99.409109973"></trkpt>
    <trkpt lat="8.009100822" lon="99.409689861"></trkpt>
    <trkpt lat="8.005269128" lon="99.411133987"></trkpt>
    <trkpt lat="8.003192844" lon="99.412177721"></trkpt>
    <trkpt lat="8.002300946" lon="99.412447011"></trkpt>
    <trkpt lat="8.00093573" lon="99.41284419"></trkpt>
    <trkpt lat="8.000303986" lon="99.412976695"></trkpt>
    <trkpt lat="7.999117636" lon="99.412175942"></trkpt>
    <trkpt lat="7.997550165" lon="99.410678044"></trkpt>
    <trkpt lat="7.996585007" lon="99.409272771"></trkpt>
    <trkpt lat="7.995140416" lon="99.408068748"></trkpt>
    <trkpt lat="7.992367823" lon="99.407202912"></trkpt>
    <trkpt lat="7.989794727" lon="99.405641955"></trkpt>
    <trkpt lat="7.988193718" lon="99.404349399"></trkpt>
    <trkpt lat="7.986896994" lon="99.403133412"></trkpt>
    <trkpt lat="7.985385771" lon="99.400935529"></trkpt>
    <trkpt lat="7.982978199" lon="99.39790383"></trkpt>
    <trkpt lat="7.982021583" lon="99.398552887"></trkpt>
    <trkpt lat="7.980647432" lon="99.398932805"></trkpt>
    <trkpt lat="7.979529394" lon="99.399542217"></trkpt>
    <trkpt lat="7.978664211" lon="99.399746727"></trkpt>
    <trkpt lat="7.977748931" lon="99.399783066"></trkpt>
    <trkpt lat="7.976070376" lon="99.398422522"></trkpt>
    <trkpt lat="7.973617409" lon="99.397199346"></trkpt>
    <trkpt lat="7.972285946" lon="99.396690442"></trkpt>
    <trkpt lat="7.971329019" lon="99.396435206"></trkpt>
    <trkpt lat="7.970762185" lon="99.395752604"></trkpt>
    <trkpt lat="7.969170465" lon="99.394774059"></trkpt>
    <trkpt lat="7.96814599" lon="99.394156257"></trkpt>
    <trkpt lat="7.966508575" lon="99.393603482"></trkpt>
    <trkpt lat="7.966016423" lon="99.393202413"></trkpt>
    <trkpt lat="7.965590607" lon="99.393008864"></trkpt>
    <trkpt lat="7.96480081" lon="99.393194735"></trkpt>
    <trkpt lat="7.964077815" lon="99.392891444"></trkpt>
    <trkpt lat="7.963399398" lon="99.392882526"></trkpt>
    <trkpt lat="7.962455507" lon="99.393102976"></trkpt>
    <trkpt lat="7.961148492" lon="99.393056002"></trkpt>
    <trkpt lat="7.960279692" lon="99.393328279"></trkpt>
    <trkpt lat="7.959421684" lon="99.393386197"></trkpt>
    <trkpt lat="7.958183808" lon="99.393075523"></trkpt>
    <trkpt lat="7.957488735" lon="99.393130082"></trkpt>
    <trkpt lat="7.956115728" lon="99.394033476"></trkpt>
    <trkpt lat="7.955443876" lon="99.394668378"></trkpt>
    <trkpt lat="7.954919576" lon="99.394862818"></trkpt>
    <trkpt lat="7.953902447" lon="99.394768302"></trkpt>
    <trkpt lat="7.953036169" lon="99.395247635"></trkpt>
    <trkpt lat="7.952795432" lon="99.394676574"></trkpt>
    <trkpt lat="7.952027395" lon="99.393204225"></trkpt>
    <trkpt lat="7.951740321" lon="99.392887258"></trkpt>
    <trkpt lat="7.95083125" lon="99.392636938"></trkpt>
    <trkpt lat="7.948914579" lon="99.390661548"></trkpt>
    <trkpt lat="7.947701489" lon="99.389775858"></trkpt>
    <trkpt lat="7.946708565" lon="99.388808136"></trkpt>
    <trkpt lat="7.946156989" lon="99.388354347"></trkpt>
    <trkpt lat="7.944697088" lon="99.387971586"></trkpt>
    <trkpt lat="7.943906391" lon="99.387787211"></trkpt>
    <trkpt lat="7.942982648" lon="99.386893912"></trkpt>
    <trkpt lat="7.942571362" lon="99.386202714"></trkpt>
    <trkpt lat="7.941953534" lon="99.384530735"></trkpt>
    <trkpt lat="7.942126085" lon="99.381419557"></trkpt>
    <trkpt lat="7.942719343" lon="99.38056489"></trkpt>
    <trkpt lat="7.943413454" lon="99.379454494"></trkpt>
    <trkpt lat="7.943986787" lon="99.378061085"></trkpt>
    <trkpt lat="7.94433434" lon="99.376149131"></trkpt>
    <trkpt lat="7.944558198" lon="99.374608979"></trkpt>
    <trkpt lat="7.944847053" lon="99.373559795"></trkpt>
    <trkpt lat="7.94544807" lon="99.37312828"></trkpt>
    <trkpt lat="7.946652098" lon="99.371730001"></trkpt>
    <trkpt lat="7.946693115" lon="99.370641608"></trkpt>
    <trkpt lat="7.946614325" lon="99.369938532"></trkpt>
    <trkpt lat="7.946014169" lon="99.36951263"></trkpt>
    <trkpt lat="7.944303984" lon="99.367076939"></trkpt>
    <trkpt lat="7.943834747" lon="99.367552689"></trkpt>
    <trkpt lat="7.943057578" lon="99.369403936"></trkpt>
    <trkpt lat="7.942459201" lon="99.370689368"></trkpt>
    <trkpt lat="7.942132451" lon="99.372823228"></trkpt>
    <trkpt lat="7.942064627" lon="99.373862881"></trkpt>
    <trkpt lat="7.94078634" lon="99.376391469"></trkpt>
    <trkpt lat="7.939432501" lon="99.377418005"></trkpt>
    <trkpt lat="7.937542082" lon="99.378386193"></trkpt>
    <trkpt lat="7.936663394" lon="99.379274511"></trkpt>
    <trkpt lat="7.935936208" lon="99.380862197"></trkpt>
    <trkpt lat="7.935112925" lon="99.38201674"></trkpt>
    <trkpt lat="7.93418007" lon="99.38301936"></trkpt>
    <trkpt lat="7.933296748" lon="99.384464774"></trkpt>
    <trkpt lat="7.932838689" lon="99.387136583"></trkpt>
    <trkpt lat="7.932205459" lon="99.38907466"></trkpt>
    <trkpt lat="7.928285196" lon="99.392098729"></trkpt>
    <trkpt lat="7.925921277" lon="99.394873058"></trkpt>
    <trkpt lat="7.924231559" lon="99.399397151"></trkpt>
    <trkpt lat="7.924060583" lon="99.401077715"></trkpt>
    <trkpt lat="7.92401442" lon="99.401125101"></trkpt>
    <trkpt lat="7.924375223" lon="99.40583804"></trkpt>
    <trkpt lat="7.924332386" lon="99.405928317"></trkpt>
    <trkpt lat="7.924091678" lon="99.416607588"></trkpt>
    <trkpt lat="7.924852567" lon="99.419826565"></trkpt>
    <trkpt lat="7.927576807" lon="99.422655078"></trkpt>
    <trkpt lat="7.928503294" lon="99.423321545"></trkpt>
    <trkpt lat="7.928476659" lon="99.424185742"></trkpt>
    <trkpt lat="7.928433528" lon="99.424227591"></trkpt>
    <trkpt lat="7.927692332" lon="99.424761907"></trkpt>
    <trkpt lat="7.926821594" lon="99.42464496"></trkpt>
    <trkpt lat="7.926310084" lon="99.423820845"></trkpt>
    <trkpt lat="7.925717067" lon="99.423043542"></trkpt>
    <trkpt lat="7.92374519" lon="99.422293656"></trkpt>
    <trkpt lat="7.921026911" lon="99.420097747"></trkpt>
    <trkpt lat="7.920302907" lon="99.419655847"></trkpt>
    <trkpt lat="7.918245257" lon="99.419156233"></trkpt>
    <trkpt lat="7.915982232" lon="99.419387567"></trkpt>
    <trkpt lat="7.912753192" lon="99.418340425"></trkpt>
    <trkpt lat="7.907282478" lon="99.416113177"></trkpt>
    <trkpt lat="7.905165357" lon="99.416128361"></trkpt>
    <trkpt lat="7.904337239" lon="99.416241327"></trkpt>
    <trkpt lat="7.903348654" lon="99.416622593"></trkpt>
    <trkpt lat="7.902290048" lon="99.416554927"></trkpt>
    <trkpt lat="7.901586947" lon="99.415882728"></trkpt>
    <trkpt lat="7.900482702" lon="99.415356442"></trkpt>
    <trkpt lat="7.900244208" lon="99.414632005"></trkpt>
    <trkpt lat="7.899080847" lon="99.414211962"></trkpt>
    <trkpt lat="7.897421916" lon="99.414458475"></trkpt>
    <trkpt lat="7.896177571" lon="99.415043913"></trkpt>
    <trkpt lat="7.894996893" lon="99.417109684"></trkpt>
    <trkpt lat="7.894582397" lon="99.418107961"></trkpt>
    <trkpt lat="7.894003816" lon="99.419022756"></trkpt>
    <trkpt lat="7.891161936" lon="99.418967868"></trkpt>
    <trkpt lat="7.891060177" lon="99.41897938"></trkpt>
    <trkpt lat="7.889157284" lon="99.419827632"></trkpt>
    <trkpt lat="7.88799125" lon="99.419371351"></trkpt>
    <trkpt lat="7.886755505" lon="99.418978633"></trkpt>
    <trkpt lat="7.884164147" lon="99.41928253"></trkpt>
    <trkpt lat="7.883112202" lon="99.420307842"></trkpt>
    <trkpt lat="7.882578122" lon="99.421476202"></trkpt>
    <trkpt lat="7.882859002" lon="99.423699755"></trkpt>
    <trkpt lat="7.879057152" lon="99.4247142"></trkpt>
    <trkpt lat="7.877391278" lon="99.424795638"></trkpt>
    <trkpt lat="7.875892193" lon="99.425385606"></trkpt>
    <trkpt lat="7.875419517" lon="99.427127661"></trkpt>
    <trkpt lat="7.87569906" lon="99.429970643"></trkpt>
    <trkpt lat="7.876144895" lon="99.431747295"></trkpt>
    <trkpt lat="7.876789255" lon="99.433535773"></trkpt>
    <trkpt lat="7.876555118" lon="99.434566588"></trkpt>
    <trkpt lat="7.875086222" lon="99.434972149"></trkpt>
    <trkpt lat="7.874458702" lon="99.436124524"></trkpt>
    <trkpt lat="7.874738926" lon="99.43733905"></trkpt>
    <trkpt lat="7.87714644" lon="99.439745082"></trkpt>
    <trkpt lat="7.877755173" lon="99.441535258"></trkpt>
    <trkpt lat="7.876931558" lon="99.444066735"></trkpt>
    <trkpt lat="7.87331911" lon="99.453194674"></trkpt>
    <trkpt lat="7.873160767" lon="99.455058004"></trkpt>
    <trkpt lat="7.87344107" lon="99.455825853"></trkpt>
    <trkpt lat="7.874208314" lon="99.457684786"></trkpt>
    <trkpt lat="7.874753121" lon="99.459507909"></trkpt>
    <trkpt lat="7.87598926" lon="99.460741883"></trkpt>
    <trkpt lat="7.876009515" lon="99.461611172"></trkpt>
    <trkpt lat="7.875457791" lon="99.462192946"></trkpt>
    <trkpt lat="7.875497161" lon="99.462708588"></trkpt>
    <trkpt lat="7.875461751" lon="99.462842101"></trkpt>
    <trkpt lat="7.875442761" lon="99.46319019"></trkpt>
    <trkpt lat="7.875420509" lon="99.463495085"></trkpt>
    <trkpt lat="7.875294939" lon="99.463636695"></trkpt>
    <trkpt lat="7.875124704" lon="99.463782189"></trkpt>
    <trkpt lat="7.874955003" lon="99.463927226"></trkpt>
    <trkpt lat="7.874785833" lon="99.46407181"></trkpt>
    <trkpt lat="7.874668252" lon="99.464297149"></trkpt>
    <trkpt lat="7.874554196" lon="99.464564528"></trkpt>
    <trkpt lat="7.874525985" lon="99.464781169"></trkpt>
    <trkpt lat="7.874542231" lon="99.464993924"></trkpt>
    <trkpt lat="7.874647465" lon="99.465199404"></trkpt>
    <trkpt lat="7.874790974" lon="99.465316372"></trkpt>
    <trkpt lat="7.87489335" lon="99.465479838"></trkpt>
    <trkpt lat="7.874762627" lon="99.465533057"></trkpt>
    <trkpt lat="7.874502096" lon="99.465639122"></trkpt>
    <trkpt lat="7.874328004" lon="99.465695405"></trkpt>
    <trkpt lat="7.8741986" lon="99.465748104"></trkpt>
    <trkpt lat="7.873987904" lon="99.465892089"></trkpt>
    <trkpt lat="7.873821872" lon="99.466032228"></trkpt>
    <trkpt lat="7.873797378" lon="99.466288945"></trkpt>
    <trkpt lat="7.873854139" lon="99.466454772"></trkpt>
    <trkpt lat="7.873958106" lon="99.466659952"></trkpt>
    <trkpt lat="7.87407193" lon="99.46699241"></trkpt>
    <trkpt lat="7.874084858" lon="99.46716169"></trkpt>
    <trkpt lat="7.874141841" lon="99.467328178"></trkpt>
    <trkpt lat="7.874158007" lon="99.467539861"></trkpt>
    <trkpt lat="7.873988419" lon="99.46763523"></trkpt>
    <trkpt lat="7.873816132" lon="99.467688099"></trkpt>
    <trkpt lat="7.873597501" lon="99.467701299"></trkpt>
    <trkpt lat="7.873379713" lon="99.467714449"></trkpt>
    <trkpt lat="7.873162762" lon="99.467727549"></trkpt>
    <trkpt lat="7.87290352" lon="99.467743202"></trkpt>
    <trkpt lat="7.872734547" lon="99.467795398"></trkpt>
    <trkpt lat="7.872526447" lon="99.46789171"></trkpt>
    <trkpt lat="7.872404514" lon="99.46798266"></trkpt>
    <trkpt lat="7.872200854" lon="99.468119916"></trkpt>
    <trkpt lat="7.871997969" lon="99.46825665"></trkpt>
    <trkpt lat="7.871844446" lon="99.468473438"></trkpt>
    <trkpt lat="7.871727238" lon="99.468604544"></trkpt>
    <trkpt lat="7.871568218" lon="99.468737545"></trkpt>
    <trkpt lat="7.871367757" lon="99.468872284"></trkpt>
    <trkpt lat="7.871161762" lon="99.468924142"></trkpt>
    <trkpt lat="7.870911826" lon="99.468936802"></trkpt>
    <trkpt lat="7.870752095" lon="99.469027273"></trkpt>
    <trkpt lat="7.870631048" lon="99.469074456"></trkpt>
    <trkpt lat="7.870427823" lon="99.469125585"></trkpt>
    <trkpt lat="7.870307502" lon="99.469172515"></trkpt>
    <trkpt lat="7.87006767" lon="99.469266061"></trkpt>
    <trkpt lat="7.86991045" lon="99.469355332"></trkpt>
    <trkpt lat="7.869797501" lon="99.469483107"></trkpt>
    <trkpt lat="7.869644193" lon="99.469612426"></trkpt>
    <trkpt lat="7.869491342" lon="99.469741361"></trkpt>
    <trkpt lat="7.869419726" lon="99.469866455"></trkpt>
    <trkpt lat="7.869351309" lon="99.470031847"></trkpt>
    <trkpt lat="7.869282993" lon="99.470196994"></trkpt>
    <trkpt lat="7.869289171" lon="99.470277901"></trkpt>
    <trkpt lat="7.869230213" lon="99.470564014"></trkpt>
    <trkpt lat="7.86924256" lon="99.470725709"></trkpt>
    <trkpt lat="7.869174426" lon="99.470890098"></trkpt>
    <trkpt lat="7.869106393" lon="99.471054245"></trkpt>
    <trkpt lat="7.869001451" lon="99.471259691"></trkpt>
    <trkpt lat="7.868936747" lon="99.471463551"></trkpt>
    <trkpt lat="7.868869065" lon="99.471626852"></trkpt>
    <trkpt lat="7.86879841" lon="99.471749681"></trkpt>
    <trkpt lat="7.868694157" lon="99.471953679"></trkpt>
    <trkpt lat="7.868629893" lon="99.472156355"></trkpt>
    <trkpt lat="7.868522954" lon="99.472319418"></trkpt>
    <trkpt lat="7.868455874" lon="99.472481371"></trkpt>
    <trkpt lat="7.868315895" lon="99.472724516"></trkpt>
    <trkpt lat="7.868209653" lon="99.472886419"></trkpt>
    <trkpt lat="7.868103645" lon="99.473047966"></trkpt>
    <trkpt lat="7.868037165" lon="99.473208676"></trkpt>
    <trkpt lat="7.867889282" lon="99.47333015"></trkpt>
    <trkpt lat="7.867820062" lon="99.473450483"></trkpt>
    <trkpt lat="7.867678891" lon="99.473650863"></trkpt>
    <trkpt lat="7.867577074" lon="99.473850413"></trkpt>
    <trkpt lat="7.867466389" lon="99.473930502"></trkpt>
    <trkpt lat="7.867400806" lon="99.474089523"></trkpt>
    <trkpt lat="7.867296561" lon="99.474248414"></trkpt>
    <trkpt lat="7.867231221" lon="99.474406915"></trkpt>
    <trkpt lat="7.867165974" lon="99.474565188"></trkpt>
    <trkpt lat="7.867175033" lon="99.474683826"></trkpt>
    <trkpt lat="7.86719617" lon="99.474960651"></trkpt>
    <trkpt lat="7.867208249" lon="99.475118836"></trkpt>
    <trkpt lat="7.867372162" lon="99.475238506"></trkpt>
    <trkpt lat="7.867572424" lon="99.47531915"></trkpt>
    <trkpt lat="7.867695356" lon="99.475399452"></trkpt>
    <trkpt lat="7.867785554" lon="99.475559081"></trkpt>
    <trkpt lat="7.867797695" lon="99.475718074"></trkpt>
    <trkpt lat="7.867812871" lon="99.475916816"></trkpt>
    <trkpt lat="7.867671965" lon="99.47611325"></trkpt>
    <trkpt lat="7.867687119" lon="99.476311704"></trkpt>
    <trkpt lat="7.867735198" lon="99.47643147"></trkpt>
    <trkpt lat="7.867825393" lon="99.476591793"></trkpt>
    <trkpt lat="7.867987946" lon="99.476674389"></trkpt>
    <trkpt lat="7.868144889" lon="99.476677525"></trkpt>
    <trkpt lat="7.868048828" lon="99.47725547"></trkpt>
    <trkpt lat="7.869707501" lon="99.478925563"></trkpt>
    <trkpt lat="7.870410155" lon="99.479642102"></trkpt>
    <trkpt lat="7.870393535" lon="99.48049046"></trkpt>
    <trkpt lat="7.869895936" lon="99.480865613"></trkpt>
    <trkpt lat="7.869786998" lon="99.481019943"></trkpt>
    <trkpt lat="7.869681378" lon="99.481214227"></trkpt>
    <trkpt lat="7.869656478" lon="99.481413161"></trkpt>
    <trkpt lat="7.869548085" lon="99.481566489"></trkpt>
    <trkpt lat="7.869480051" lon="99.481722129"></trkpt>
    <trkpt lat="7.869412116" lon="99.481877539"></trkpt>
    <trkpt lat="7.869344282" lon="99.482032723"></trkpt>
    <trkpt lat="7.869236591" lon="99.482184863"></trkpt>
    <trkpt lat="7.86920891" lon="99.482342405"></trkpt>
    <trkpt lat="7.869224218" lon="99.482542852"></trkpt>
    <trkpt lat="7.869316375" lon="99.482709221"></trkpt>
    <trkpt lat="7.869448733" lon="99.482878909"></trkpt>
    <trkpt lat="7.86949803" lon="99.483002518"></trkpt>
    <trkpt lat="7.869636928" lon="99.483253226"></trkpt>
    <trkpt lat="7.869729697" lon="99.483420675"></trkpt>
    <trkpt lat="7.86982568" lon="99.483628654"></trkpt>
    <trkpt lat="7.869878341" lon="99.483793206"></trkpt>
    <trkpt lat="7.869971462" lon="99.483961365"></trkpt>
    <trkpt lat="7.870021154" lon="99.484085881"></trkpt>
    <trkpt lat="7.870077048" lon="99.484291205"></trkpt>
    <trkpt lat="7.87016737" lon="99.484419595"></trkpt>
    <trkpt lat="7.870382942" lon="99.484599788"></trkpt>
    <trkpt lat="7.870586931" lon="99.484618497"></trkpt>
    <trkpt lat="7.870800986" lon="99.484759118"></trkpt>
    <trkpt lat="7.870854444" lon="99.484925444"></trkpt>
    <trkpt lat="7.870860651" lon="99.485006702"></trkpt>
    <trkpt lat="7.87083511" lon="99.485205872"></trkpt>
    <trkpt lat="7.870768586" lon="99.485400848"></trkpt>
    <trkpt lat="7.870614167" lon="99.485506267"></trkpt>
    <trkpt lat="7.870460206" lon="99.485611374"></trkpt>
    <trkpt lat="7.870428738" lon="99.485728612"></trkpt>
    <trkpt lat="7.870450365" lon="99.486011757"></trkpt>
    <trkpt lat="7.870465812" lon="99.486214005"></trkpt>
    <trkpt lat="7.870437443" lon="99.486371414"></trkpt>
    <trkpt lat="7.870449796" lon="99.486533154"></trkpt>
    <trkpt lat="7.870421442" lon="99.486690387"></trkpt>
    <trkpt lat="7.87039311" lon="99.486847505"></trkpt>
    <trkpt lat="7.870405455" lon="99.487009128"></trkpt>
    <trkpt lat="7.87034576" lon="99.487282523"></trkpt>
    <trkpt lat="7.870273826" lon="99.487394129"></trkpt>
    <trkpt lat="7.870257922" lon="99.487712027"></trkpt>
    <trkpt lat="7.870313887" lon="99.487918636"></trkpt>
    <trkpt lat="7.870448095" lon="99.488095074"></trkpt>
    <trkpt lat="7.87018985" lon="99.488512742"></trkpt>
    <trkpt lat="7.869258763" lon="99.489084106"></trkpt>
    <trkpt lat="7.86917565" lon="99.489645015"></trkpt>
    <trkpt lat="7.868243777" lon="99.489416909"></trkpt>
    <trkpt lat="7.867765039" lon="99.489597223"></trkpt>
    <trkpt lat="7.867088794" lon="99.49030905"></trkpt>
    <trkpt lat="7.866872961" lon="99.491169782"></trkpt>
    <trkpt lat="7.86623805" lon="99.491209354"></trkpt>
    <trkpt lat="7.865328852" lon="99.491141305"></trkpt>
    <trkpt lat="7.865309604" lon="99.49191027"></trkpt>
    <trkpt lat="7.865310582" lon="99.492433197"></trkpt>
    <trkpt lat="7.865325711" lon="99.492631575"></trkpt>
    <trkpt lat="7.865299458" lon="99.492797095"></trkpt>
    <trkpt lat="7.865279273" lon="99.493041787"></trkpt>
    <trkpt lat="7.865291368" lon="99.493200374"></trkpt>
    <trkpt lat="7.865306486" lon="99.493398607"></trkpt>
    <trkpt lat="7.865392282" lon="99.493504434"></trkpt>
    <trkpt lat="7.865558188" lon="99.493637088"></trkpt>
    <trkpt lat="7.865685968" lon="99.493776607"></trkpt>
    <trkpt lat="7.865775357" lon="99.493922863"></trkpt>
    <trkpt lat="7.865823138" lon="99.494035891"></trkpt>
    <trkpt lat="7.865912726" lon="99.494182496"></trkpt>
    <trkpt lat="7.866005485" lon="99.494369193"></trkpt>
    <trkpt lat="7.866179228" lon="99.494583662"></trkpt>
    <trkpt lat="7.866263243" lon="99.494651167"></trkpt>
    <trkpt lat="7.866467712" lon="99.494740284"></trkpt>
    <trkpt lat="7.866669872" lon="99.494789616"></trkpt>
    <trkpt lat="7.866866648" lon="99.494758757"></trkpt>
    <trkpt lat="7.867024591" lon="99.494733988"></trkpt>
    <trkpt lat="7.86726238" lon="99.494696698"></trkpt>
    <trkpt lat="7.867427655" lon="99.494752534"></trkpt>
    <trkpt lat="7.867673399" lon="99.494796114"></trkpt>
    <trkpt lat="7.867836807" lon="99.49481176"></trkpt>
    <trkpt lat="7.868047171" lon="99.494902469"></trkpt>
    <trkpt lat="7.868214786" lon="99.494959007"></trkpt>
    <trkpt lat="7.868423454" lon="99.495009538"></trkpt>
    <trkpt lat="7.868585971" lon="99.494984791"></trkpt>
    <trkpt lat="7.868796039" lon="99.495035541"></trkpt>
    <trkpt lat="7.868965911" lon="99.49509266"></trkpt>
    <trkpt lat="7.869101466" lon="99.495238115"></trkpt>
    <trkpt lat="7.869240458" lon="99.495424945"></trkpt>
    <trkpt lat="7.869294164" lon="99.495583129"></trkpt>
    <trkpt lat="7.869439853" lon="99.495852849"></trkpt>
    <trkpt lat="7.869579594" lon="99.496040867"></trkpt>
    <trkpt lat="7.869725936" lon="99.496311715"></trkpt>
    <trkpt lat="7.869866318" lon="99.496500679"></trkpt>
    <trkpt lat="7.870003871" lon="99.496648777"></trkpt>
    <trkpt lat="7.870148041" lon="99.496879896"></trkpt>
    <trkpt lat="7.870286226" lon="99.497028762"></trkpt>
    <trkpt lat="7.870334463" lon="99.497106063"></trkpt>
    <trkpt lat="7.870476232" lon="99.497296865"></trkpt>
    <trkpt lat="7.870573034" lon="99.497451963"></trkpt>
    <trkpt lat="7.87062782" lon="99.4976126"></trkpt>
    <trkpt lat="7.870737516" lon="99.497934241"></trkpt>
    <trkpt lat="7.870753352" lon="99.498141896"></trkpt>
    <trkpt lat="7.870769189" lon="99.498349551"></trkpt>
    <trkpt lat="7.870785025" lon="99.498557207"></trkpt>
    <trkpt lat="7.870800861" lon="99.498764861"></trkpt>
    <trkpt lat="7.870774463" lon="99.498977301"></trkpt>
    <trkpt lat="7.870783961" lon="99.499101846"></trkpt>
    <trkpt lat="7.870799792" lon="99.499309422"></trkpt>
    <trkpt lat="7.870854706" lon="99.499470887"></trkpt>
    <trkpt lat="7.870994332" lon="99.499623393"></trkpt>
    <trkpt lat="7.87121928" lon="99.49976726"></trkpt>
    <trkpt lat="7.871399222" lon="99.499874405"></trkpt>
    <trkpt lat="7.871573341" lon="99.499898308"></trkpt>
    <trkpt lat="7.871790944" lon="99.499917824"></trkpt>
    <trkpt lat="7.871923185" lon="99.499946334"></trkpt>
    <trkpt lat="7.872148537" lon="99.500049991"></trkpt>
    <trkpt lat="7.87224469" lon="99.500167213"></trkpt>
    <trkpt lat="7.872340991" lon="99.500284616"></trkpt>
    <trkpt lat="7.872443862" lon="99.500486384"></trkpt>
    <trkpt lat="7.872600073" lon="99.50081069"></trkpt>
    <trkpt lat="7.872662941" lon="99.501059481"></trkpt>
    <trkpt lat="7.872588657" lon="99.501236075"></trkpt>
    <trkpt lat="7.872384209" lon="99.501424114"></trkpt>
    <trkpt lat="7.872220576" lon="99.501565629"></trkpt>
    <trkpt lat="7.872233383" lon="99.501733542"></trkpt>
    <trkpt lat="7.87220295" lon="99.501905164"></trkpt>
    <trkpt lat="7.872218952" lon="99.502114974"></trkpt>
    <trkpt lat="7.872241356" lon="99.502408708"></trkpt>
    <trkpt lat="7.872400058" lon="99.502776247"></trkpt>
    <trkpt lat="7.872459452" lon="99.502983001"></trkpt>
    <trkpt lat="7.872472274" lon="99.503151108"></trkpt>
    <trkpt lat="7.872488302" lon="99.503361242"></trkpt>
    <trkpt lat="7.872544546" lon="99.503526259"></trkpt>
    <trkpt lat="7.872697485" lon="99.503811618"></trkpt>
    <trkpt lat="7.872710328" lon="99.503979984"></trkpt>
    <trkpt lat="7.872844244" lon="99.503794981"></trkpt>
    <trkpt lat="7.873002273" lon="99.50400979"></trkpt>
    <trkpt lat="7.873165464" lon="99.504278727"></trkpt>
    <trkpt lat="7.873317444" lon="99.504623313"></trkpt>
    <trkpt lat="7.873293656" lon="99.505019433"></trkpt>
    <trkpt lat="7.873153226" lon="99.505180998"></trkpt>
    <trkpt lat="7.87316933" lon="99.505392109"></trkpt>
    <trkpt lat="7.873047539" lon="99.505525766"></trkpt>
    <trkpt lat="7.87288559" lon="99.505703495"></trkpt>
    <trkpt lat="7.872764456" lon="99.505836431"></trkpt>
    <trkpt lat="7.872736969" lon="99.506048849"></trkpt>
    <trkpt lat="7.872749798" lon="99.506217023"></trkpt>
    <trkpt lat="7.872765834" lon="99.50642724"></trkpt>
    <trkpt lat="7.872966583" lon="99.506554917"></trkpt>
    <trkpt lat="7.873099232" lon="99.506677163"></trkpt>
    <trkpt lat="7.873109915" lon="99.506919279"></trkpt>
    <trkpt lat="7.873373172" lon="99.506908526"></trkpt>
    <trkpt lat="7.873505259" lon="99.50690313"></trkpt>
    <trkpt lat="7.873770359" lon="99.506892302"></trkpt>
    <trkpt lat="7.873992221" lon="99.506883239"></trkpt>
    <trkpt lat="7.874125754" lon="99.506877785"></trkpt>
    <trkpt lat="7.874400265" lon="99.506952108"></trkpt>
    <trkpt lat="7.874502905" lon="99.507119188"></trkpt>
    <trkpt lat="7.874515927" lon="99.507289863"></trkpt>
    <trkpt lat="7.874493867" lon="99.507590091"></trkpt>
    <trkpt lat="7.874420537" lon="99.507806276"></trkpt>
    <trkpt lat="7.874347321" lon="99.508022124"></trkpt>
    <trkpt lat="7.874525325" lon="99.508373674"></trkpt>
    <trkpt lat="7.874537179" lon="99.509023922"></trkpt>
    <trkpt lat="7.874509778" lon="99.509404815"></trkpt>
    <trkpt lat="7.874370305" lon="99.509539279"></trkpt>
    <trkpt lat="7.874312521" lon="99.509757816"></trkpt>
    <trkpt lat="7.874183443" lon="99.509764778"></trkpt>
    <trkpt lat="7.874202915" lon="99.509644842"></trkpt>
    <trkpt lat="7.874219124" lon="99.509857276"></trkpt>
    <trkpt lat="7.873865509" lon="99.510153703"></trkpt>
    <trkpt lat="7.873870283" lon="99.510454099"></trkpt>
    <trkpt lat="7.873727087" lon="99.510705764"></trkpt>
    <trkpt lat="7.873884202" lon="99.510709948"></trkpt>
    <trkpt lat="7.87380543" lon="99.510837515"></trkpt>
    <trkpt lat="7.873774157" lon="99.511006948"></trkpt>
    <trkpt lat="7.873793517" lon="99.511260687"></trkpt>
    <trkpt lat="7.873622375" lon="99.511444758"></trkpt>
    <trkpt lat="7.873720422" lon="99.511794139"></trkpt>
    <trkpt lat="7.874028669" lon="99.512022647"></trkpt>
    <trkpt lat="7.874174775" lon="99.512192824"></trkpt>
    <trkpt lat="7.874317983" lon="99.512320945"></trkpt>
    <trkpt lat="7.874515938" lon="99.512577281"></trkpt>
    <trkpt lat="7.874618394" lon="99.512748304"></trkpt>
    <trkpt lat="7.874721011" lon="99.512919595"></trkpt>
    <trkpt lat="7.874923472" lon="99.513220326"></trkpt>
    <trkpt lat="7.874936493" lon="99.513390946"></trkpt>
    <trkpt lat="7.874956024" lon="99.513646876"></trkpt>
    <trkpt lat="7.8749723" lon="99.513860152"></trkpt>
    <trkpt lat="7.874988577" lon="99.514073428"></trkpt>
    <trkpt lat="7.875004853" lon="99.514286705"></trkpt>
    <trkpt lat="7.874976111" lon="99.514498828"></trkpt>
    <trkpt lat="7.874899185" lon="99.514666945"></trkpt>
    <trkpt lat="7.874822379" lon="99.5148348"></trkpt>
    <trkpt lat="7.874838624" lon="99.515047663"></trkpt>
    <trkpt lat="7.874848371" lon="99.515175382"></trkpt>
    <trkpt lat="7.874912773" lon="99.515432337"></trkpt>
    <trkpt lat="7.87496747" lon="99.515561674"></trkpt>
    <trkpt lat="7.875025463" lon="99.515733737"></trkpt>
    <trkpt lat="7.875128563" lon="99.515907638"></trkpt>
    <trkpt lat="7.875280257" lon="99.516126296"></trkpt>
    <trkpt lat="7.875429045" lon="99.516302711"></trkpt>
    <trkpt lat="7.875617079" lon="99.51639583"></trkpt>
    <trkpt lat="7.875854592" lon="99.516534096"></trkpt>
    <trkpt lat="7.876047244" lon="99.516670888"></trkpt>
    <trkpt lat="7.876197881" lon="99.516849063"></trkpt>
    <trkpt lat="7.876309461" lon="99.517111621"></trkpt>
    <trkpt lat="7.876322609" lon="99.517283868"></trkpt>
    <trkpt lat="7.876332471" lon="99.517413056"></trkpt>
    <trkpt lat="7.876391625" lon="99.517587689"></trkpt>
    <trkpt lat="7.87654303" lon="99.517767378"></trkpt>
    <trkpt lat="7.876698091" lon="99.517990677"></trkpt>
    <trkpt lat="7.876757555" lon="99.518166027"></trkpt>
    <trkpt lat="7.876817067" lon="99.518341515"></trkpt>
    <trkpt lat="7.876886528" lon="99.518646845"></trkpt>
    <trkpt lat="7.876906333" lon="99.518906251"></trkpt>
    <trkpt lat="7.876922837" lon="99.519122422"></trkpt>
    <trkpt lat="7.876892954" lon="99.519335507"></trkpt>
    <trkpt lat="7.876813478" lon="99.519502073"></trkpt>
    <trkpt lat="7.876687913" lon="99.519665162"></trkpt>
    <trkpt lat="7.876602175" lon="99.519744943"></trkpt>
    <trkpt lat="7.876486967" lon="99.520036569"></trkpt>
    <trkpt lat="7.876362184" lon="99.520198516"></trkpt>
    <trkpt lat="7.876276972" lon="99.520277626"></trkpt>
    <trkpt lat="7.876244252" lon="99.520445973"></trkpt>
    <trkpt lat="7.876120049" lon="99.520607057"></trkpt>
    <trkpt lat="7.875973428" lon="99.521063944"></trkpt>
    <trkpt lat="7.875937662" lon="99.521188645"></trkpt>
    <trkpt lat="7.875814208" lon="99.521348353"></trkpt>
    <trkpt lat="7.875733154" lon="99.521468861"></trkpt>
    <trkpt lat="7.875658745" lon="99.521674571"></trkpt>
    <trkpt lat="7.875542467" lon="99.521918566"></trkpt>
    <trkpt lat="7.875513532" lon="99.522127659"></trkpt>
    <trkpt lat="7.875436217" lon="99.522289781"></trkpt>
    <trkpt lat="7.875320471" lon="99.522532491"></trkpt>
    <trkpt lat="7.875249948" lon="99.52277901"></trkpt>
    <trkpt lat="7.875128161" lon="99.52293575"></trkpt>
    <trkpt lat="7.875009895" lon="99.523134541"></trkpt>
    <trkpt lat="7.874933361" lon="99.523295065"></trkpt>
    <trkpt lat="7.874904841" lon="99.523502334"></trkpt>
    <trkpt lat="7.874873111" lon="99.523667091"></trkpt>
    <trkpt lat="7.874841405" lon="99.523831723"></trkpt>
    <trkpt lat="7.874822647" lon="99.524165496"></trkpt>
    <trkpt lat="7.874829108" lon="99.524250132"></trkpt>
    <trkpt lat="7.874982468" lon="99.524519137"></trkpt>
    <trkpt lat="7.875126472" lon="99.524661519"></trkpt>
    <trkpt lat="7.875354248" lon="99.524729564"></trkpt>
    <trkpt lat="7.875534508" lon="99.52475014"></trkpt>
    <trkpt lat="7.875760627" lon="99.52477595"></trkpt>
    <trkpt lat="7.876072151" lon="99.524726722"></trkpt>
    <trkpt lat="7.876208988" lon="99.524742242"></trkpt>
    <trkpt lat="7.876437767" lon="99.524768191"></trkpt>
    <trkpt lat="7.876670729" lon="99.524837228"></trkpt>
    <trkpt lat="7.876950841" lon="99.524911815"></trkpt>
    <trkpt lat="7.877146012" lon="99.525062433"></trkpt>
    <trkpt lat="7.877295271" lon="99.525208117"></trkpt>
    <trkpt lat="7.877501448" lon="99.525489453"></trkpt>
    <trkpt lat="7.877654856" lon="99.525679381"></trkpt>
    <trkpt lat="7.877755124" lon="99.525777343"></trkpt>
    <trkpt lat="7.877909142" lon="99.525967993"></trkpt>
    <trkpt lat="7.878449102" lon="99.52650569"></trkpt>
    <trkpt lat="7.87899499" lon="99.527159747"></trkpt>
    <trkpt lat="7.879154687" lon="99.527454306"></trkpt>
    <trkpt lat="7.878823817" lon="99.528482126"></trkpt>
    <trkpt lat="7.878784625" lon="99.528701802"></trkpt>
    <trkpt lat="7.878789066" lon="99.528760124"></trkpt>
    <trkpt lat="7.87881825" lon="99.528853732"></trkpt>
    <trkpt lat="7.878843019" lon="99.528889055"></trkpt>
    <trkpt lat="7.878917477" lon="99.528995239"></trkpt>
    <trkpt lat="7.878967242" lon="99.529066209"></trkpt>
    <trkpt lat="7.879018596" lon="99.529156853"></trkpt>
    <trkpt lat="7.879068566" lon="99.529228133"></trkpt>
    <trkpt lat="7.879120128" lon="99.529319128"></trkpt>
    <trkpt lat="7.879170305" lon="99.529390719"></trkpt>
    <trkpt lat="7.879196924" lon="99.52944617"></trkpt>
    <trkpt lat="7.879226557" lon="99.529540896"></trkpt>
    <trkpt lat="7.879276946" lon="99.529612862"></trkpt>
    <trkpt lat="7.879352723" lon="99.529721088"></trkpt>
    <trkpt lat="7.87938103" lon="99.529796578"></trkpt>
    <trkpt lat="7.879431733" lon="99.529869029"></trkpt>
    <trkpt lat="7.87943923" lon="99.52996748"></trkpt>
    <trkpt lat="7.879491547" lon="99.530059892"></trkpt>
    <trkpt lat="7.879519998" lon="99.530135751"></trkpt>
    <trkpt lat="7.879570976" lon="99.530208738"></trkpt>
    <trkpt lat="7.879575486" lon="99.530267961"></trkpt>
    <trkpt lat="7.879605529" lon="99.530363796"></trkpt>
    <trkpt lat="7.879634099" lon="99.530439968"></trkpt>
    <trkpt lat="7.879641623" lon="99.530538775"></trkpt>
    <trkpt lat="7.879647643" lon="99.53061782"></trkpt>
    <trkpt lat="7.879655169" lon="99.530716627"></trkpt>
    <trkpt lat="7.879664199" lon="99.530835195"></trkpt>
    <trkpt lat="7.879670219" lon="99.530914241"></trkpt>
    <trkpt lat="7.879676239" lon="99.530993286"></trkpt>
    <trkpt lat="7.879728991" lon="99.531087093"></trkpt>
    <trkpt lat="7.879735017" lon="99.53116622"></trkpt>
    <trkpt lat="7.879763698" lon="99.531242925"></trkpt>
    <trkpt lat="7.879771235" lon="99.531341884"></trkpt>
    <trkpt lat="7.879733472" lon="99.531445482"></trkpt>
    <trkpt lat="7.879694282" lon="99.531529114"></trkpt>
    <trkpt lat="7.879605635" lon="99.531557889"></trkpt>
    <trkpt lat="7.879559199" lon="99.531542697"></trkpt>
    <trkpt lat="7.87948598" lon="99.531470817"></trkpt>
    <trkpt lat="7.879389204" lon="99.531381862"></trkpt>
    <trkpt lat="7.879254464" lon="99.531376246"></trkpt>
    <trkpt lat="7.879166087" lon="99.531385534"></trkpt>
    <trkpt lat="7.879079554" lon="99.531414265"></trkpt>
    <trkpt lat="7.878948194" lon="99.531428011"></trkpt>
    <trkpt lat="7.878839336" lon="99.531439402"></trkpt>
    <trkpt lat="7.878728085" lon="99.531412091"></trkpt>
    <trkpt lat="7.878679037" lon="99.531339436"></trkpt>
    <trkpt lat="7.878584172" lon="99.531233092"></trkpt>
    <trkpt lat="7.878532486" lon="99.531122347"></trkpt>
    <trkpt lat="7.878461005" lon="99.531033509"></trkpt>
    <trkpt lat="7.878388277" lon="99.530925751"></trkpt>
    <trkpt lat="7.878339914" lon="99.530854092"></trkpt>
    <trkpt lat="7.878276296" lon="99.530861706"></trkpt>
    <trkpt lat="7.878170689" lon="99.530874344"></trkpt>
    <trkpt lat="7.878089485" lon="99.530922516"></trkpt>
    <trkpt lat="7.878011499" lon="99.531008527"></trkpt>
    <trkpt lat="7.877996394" lon="99.531086993"></trkpt>
    <trkpt lat="7.87794105" lon="99.531189084"></trkpt>
    <trkpt lat="7.877903765" lon="99.531250656"></trkpt>
    <trkpt lat="7.877845812" lon="99.531314389"></trkpt>
    <trkpt lat="7.87774529" lon="99.531363542"></trkpt>
    <trkpt lat="7.877689236" lon="99.531445713"></trkpt>
    <trkpt lat="7.877633347" lon="99.531527643"></trkpt>
    <trkpt lat="7.877618576" lon="99.531605082"></trkpt>
    <trkpt lat="7.877627177" lon="99.531717995"></trkpt>
    <trkpt lat="7.877593375" lon="99.531816134"></trkpt>
    <trkpt lat="7.877599102" lon="99.531891336"></trkpt>
    <trkpt lat="7.877582939" lon="99.531949691"></trkpt>
    <trkpt lat="7.87755209" lon="99.532085004"></trkpt>
    <trkpt lat="7.877538832" lon="99.532180706"></trkpt>
    <trkpt lat="7.877547408" lon="99.532293287"></trkpt>
    <trkpt lat="7.877555983" lon="99.532405868"></trkpt>
    <trkpt lat="7.8775617" lon="99.532480922"></trkpt>
    <trkpt lat="7.877573133" lon="99.53263103"></trkpt>
    <trkpt lat="7.877584567" lon="99.532781138"></trkpt>
    <trkpt lat="7.877594572" lon="99.532912482"></trkpt>
    <trkpt lat="7.877603148" lon="99.533025063"></trkpt>
    <trkpt lat="7.877616011" lon="99.533193935"></trkpt>
    <trkpt lat="7.877642177" lon="99.533267684"></trkpt>
    <trkpt lat="7.87769029" lon="99.533359026"></trkpt>
    <trkpt lat="7.877713666" lon="99.533395365"></trkpt>
    <trkpt lat="7.877782498" lon="99.533485766"></trkpt>
    <trkpt lat="7.877888565" lon="99.53351749"></trkpt>
    <trkpt lat="7.877975813" lon="99.533569458"></trkpt>
    <trkpt lat="7.878061963" lon="99.533602683"></trkpt>
    <trkpt lat="7.878149901" lon="99.533655027"></trkpt>
    <trkpt lat="7.878214274" lon="99.533670653"></trkpt>
    <trkpt lat="7.878298467" lon="99.533666155"></trkpt>
    <trkpt lat="7.878421021" lon="99.533602045"></trkpt>
    <trkpt lat="7.878481845" lon="99.533560276"></trkpt>
    <trkpt lat="7.878584112" lon="99.533496777"></trkpt>
    <trkpt lat="7.878666881" lon="99.533453439"></trkpt>
    <trkpt lat="7.878796067" lon="99.533445954"></trkpt>
    <trkpt lat="7.878908738" lon="99.533497679"></trkpt>
    <trkpt lat="7.87895662" lon="99.533553275"></trkpt>
    <trkpt lat="7.879003123" lon="99.533589613"></trkpt>
    <trkpt lat="7.87907601" lon="99.533683058"></trkpt>
    <trkpt lat="7.87912719" lon="99.533777881"></trkpt>
    <trkpt lat="7.87915652" lon="99.533873941"></trkpt>
    <trkpt lat="7.879160961" lon="99.533932232"></trkpt>
    <trkpt lat="7.87928581" lon="99.534121948"></trkpt>
    <trkpt lat="7.879335928" lon="99.534198105"></trkpt>
    <trkpt lat="7.879433493" lon="99.534311807"></trkpt>
    <trkpt lat="7.879506184" lon="99.534387604"></trkpt>
    <trkpt lat="7.879556759" lon="99.534464384"></trkpt>
    <trkpt lat="7.879679161" lon="99.534598104"></trkpt>
    <trkpt lat="7.879778135" lon="99.534713448"></trkpt>
    <trkpt lat="7.879856389" lon="99.534849544"></trkpt>
    <trkpt lat="7.879885031" lon="99.534927871"></trkpt>
    <trkpt lat="7.8799122" lon="99.534986548"></trkpt>
    <trkpt lat="7.879968127" lon="99.535123835"></trkpt>
    <trkpt lat="7.879996886" lon="99.535202465"></trkpt>
    <trkpt lat="7.880048466" lon="99.535280842"></trkpt>
    <trkpt lat="7.88007882" lon="99.535379469"></trkpt>
    <trkpt lat="7.880154966" lon="99.53547773"></trkpt>
    <trkpt lat="7.880209895" lon="99.535596324"></trkpt>
    <trkpt lat="7.880235889" lon="99.535635859"></trkpt>
    <trkpt lat="7.880314033" lon="99.535754711"></trkpt>
    <trkpt lat="7.880417087" lon="99.535893833"></trkpt>
    <trkpt lat="7.880444817" lon="99.535953625"></trkpt>
    <trkpt lat="7.880500364" lon="99.536073396"></trkpt>
    <trkpt lat="7.880554504" lon="99.536173439"></trkpt>
    <trkpt lat="7.880607233" lon="99.536253692"></trkpt>
    <trkpt lat="7.880663124" lon="99.536374153"></trkpt>
    <trkpt lat="7.880694167" lon="99.53647454"></trkpt>
    <trkpt lat="7.880772201" lon="99.53657571"></trkpt>
    <trkpt lat="7.880828442" lon="99.53669689"></trkpt>
    <trkpt lat="7.880883269" lon="99.536798219"></trkpt>
    <trkpt lat="7.88090996" lon="99.536838906"></trkpt>
    <trkpt lat="7.880966494" lon="99.536960682"></trkpt>
    <trkpt lat="7.881048445" lon="99.53710349"></trkpt>
    <trkpt lat="7.881078383" lon="99.537184825"></trkpt>
    <trkpt lat="7.881157605" lon="99.537287869"></trkpt>
    <trkpt lat="7.881214671" lon="99.5374107"></trkpt>
    <trkpt lat="7.881270314" lon="99.537513537"></trkpt>
    <trkpt lat="7.88132453" lon="99.537596317"></trkpt>
    <trkpt lat="7.88135632" lon="99.537698631"></trkpt>
    <trkpt lat="7.881409166" lon="99.537761432"></trkpt>
    <trkpt lat="7.881441052" lon="99.537863997"></trkpt>
    <trkpt lat="7.881527606" lon="99.538050242"></trkpt>
    <trkpt lat="7.881612883" lon="99.538216698"></trkpt>
    <trkpt lat="7.881644998" lon="99.53831989"></trkpt>
    <trkpt lat="7.88167559" lon="99.538402785"></trkpt>
    <trkpt lat="7.88170466" lon="99.538465354"></trkpt>
    <trkpt lat="7.881732203" lon="99.538507562"></trkpt>
    <trkpt lat="7.882054365" lon="99.539200873"></trkpt>
    <trkpt lat="7.882468199" lon="99.539415761"></trkpt>
    <trkpt lat="7.882619891" lon="99.539427129"></trkpt>
    <trkpt lat="7.882747059" lon="99.539436658"></trkpt>
    <trkpt lat="7.882874922" lon="99.53944624"></trkpt>
    <trkpt lat="7.883005084" lon="99.53947684"></trkpt>
    <trkpt lat="7.883160298" lon="99.53948854"></trkpt>
    <trkpt lat="7.883233471" lon="99.539431214"></trkpt>
    <trkpt lat="7.88327917" lon="99.539350708"></trkpt>
    <trkpt lat="7.883300448" lon="99.539289285"></trkpt>
    <trkpt lat="7.88325015" lon="99.538851136"></trkpt>
    <trkpt lat="7.883164296" lon="99.536821239"></trkpt>
    <trkpt lat="7.883029715" lon="99.536418771"></trkpt>
    <trkpt lat="7.883020075" lon="99.536292297"></trkpt>
    <trkpt lat="7.883010436" lon="99.536165823"></trkpt>
    <trkpt lat="7.883005616" lon="99.536102587"></trkpt>
    <trkpt lat="7.883020304" lon="99.535955049"></trkpt>
    <trkpt lat="7.883062602" lon="99.535828395"></trkpt>
    <trkpt lat="7.883056165" lon="99.53574394"></trkpt>
    <trkpt lat="7.883096939" lon="99.535595777"></trkpt>
    <trkpt lat="7.883116554" lon="99.535510998"></trkpt>
    <trkpt lat="7.883132966" lon="99.535383805"></trkpt>
    <trkpt lat="7.883152622" lon="99.535298816"></trkpt>
    <trkpt lat="7.883172301" lon="99.535213732"></trkpt>
    <trkpt lat="7.883218189" lon="99.535128111"></trkpt>
    <trkpt lat="7.883285592" lon="99.53497808"></trkpt>
    <trkpt lat="7.88330541" lon="99.534892535"></trkpt>
    <trkpt lat="7.883407631" lon="99.534847625"></trkpt>
    <trkpt lat="7.883533606" lon="99.534759163"></trkpt>
    <trkpt lat="7.883638484" lon="99.534735137"></trkpt>
    <trkpt lat="7.883743832" lon="99.534711003"></trkpt>
    <trkpt lat="7.883849654" lon="99.534686761"></trkpt>
    <trkpt lat="7.883983013" lon="99.534661695"></trkpt>
    <trkpt lat="7.884088266" lon="99.534615604"></trkpt>
    <trkpt lat="7.884168343" lon="99.534591724"></trkpt>
    <trkpt lat="7.884330973" lon="99.534565445"></trkpt>
    <trkpt lat="7.884441116" lon="99.534562342"></trkpt>
    <trkpt lat="7.884579502" lon="99.534558443"></trkpt>
    <trkpt lat="7.88586831" lon="99.534669919"></trkpt>
    <trkpt lat="7.886326401" lon="99.535045903"></trkpt>
    <trkpt lat="7.886649469" lon="99.535449895"></trkpt>
    <trkpt lat="7.886650822" lon="99.535467658"></trkpt>
    <trkpt lat="7.886752516" lon="99.535591842"></trkpt>
    <trkpt lat="7.886777797" lon="99.535680874"></trkpt>
    <trkpt lat="7.886799028" lon="99.535716525"></trkpt>
    <trkpt lat="7.886864201" lon="99.535841526"></trkpt>
    <trkpt lat="7.886926833" lon="99.535931136"></trkpt>
    <trkpt lat="7.886955014" lon="99.536056417"></trkpt>
    <trkpt lat="7.886996458" lon="99.536110477"></trkpt>
    <trkpt lat="7.887060818" lon="99.536218637"></trkpt>
    <trkpt lat="7.887063548" lon="99.536254479"></trkpt>
    <trkpt lat="7.887087775" lon="99.536326476"></trkpt>
    <trkpt lat="7.887114757" lon="99.536434417"></trkpt>
    <trkpt lat="7.887160591" lon="99.536542873"></trkpt>
    <trkpt lat="7.887187646" lon="99.536651067"></trkpt>
    <trkpt lat="7.887232243" lon="99.5367419"></trkpt>
    <trkpt lat="7.887255258" lon="99.536796374"></trkpt>
    <trkpt lat="7.887321689" lon="99.536924078"></trkpt>
    <trkpt lat="7.887324434" lon="99.536960106"></trkpt>
    <trkpt lat="7.887391058" lon="99.537088222"></trkpt>
    <trkpt lat="7.887456493" lon="99.537198636"></trkpt>
    <trkpt lat="7.887539893" lon="99.537292044"></trkpt>
    <trkpt lat="7.887601614" lon="99.537348738"></trkpt>
    <trkpt lat="7.8876828" lon="99.537406422"></trkpt>
    <trkpt lat="7.887764294" lon="99.537464326"></trkpt>
    <trkpt lat="7.887825271" lon="99.537503343"></trkpt>
    <trkpt lat="7.88792404" lon="99.537526005"></trkpt>
    <trkpt lat="7.8880457" lon="99.537586312"></trkpt>
    <trkpt lat="7.88816666" lon="99.537628597"></trkpt>
    <trkpt lat="7.888248623" lon="99.537669193"></trkpt>
    <trkpt lat="7.888349413" lon="99.537692484"></trkpt>
    <trkpt lat="7.888470722" lon="99.537716882"></trkpt>
    <trkpt lat="7.888551045" lon="99.537720868"></trkpt>
    <trkpt lat="7.888651887" lon="99.537725872"></trkpt>
    <trkpt lat="7.888732913" lon="99.537729892"></trkpt>
    <trkpt lat="7.888833219" lon="99.537716276"></trkpt>
    <trkpt lat="7.888910682" lon="99.537664194"></trkpt>
    <trkpt lat="7.888988447" lon="99.537611907"></trkpt>
    <trkpt lat="7.88904447" lon="99.537539719"></trkpt>
    <trkpt lat="7.889122766" lon="99.537487008"></trkpt>
    <trkpt lat="7.889198499" lon="99.537396413"></trkpt>
    <trkpt lat="7.889296824" lon="99.537325157"></trkpt>
    <trkpt lat="7.889352305" lon="99.53723306"></trkpt>
    <trkpt lat="7.889406508" lon="99.537121749"></trkpt>
    <trkpt lat="7.889418835" lon="99.53700877"></trkpt>
    <trkpt lat="7.88945509" lon="99.53693423"></trkpt>
    <trkpt lat="7.889453644" lon="99.536915261"></trkpt>
    <trkpt lat="7.88946746" lon="99.53682099"></trkpt>
    <trkpt lat="7.889500921" lon="99.536708158"></trkpt>
    <trkpt lat="7.889492236" lon="99.536594173"></trkpt>
    <trkpt lat="7.889525756" lon="99.536481004"></trkpt>
    <trkpt lat="7.889539642" lon="99.536386284"></trkpt>
    <trkpt lat="7.889552091" lon="99.536272434"></trkpt>
    <trkpt lat="7.889578478" lon="99.536063449"></trkpt>
    <trkpt lat="7.889612184" lon="99.535949414"></trkpt>
    <trkpt lat="7.889604918" lon="99.535854049"></trkpt>
    <trkpt lat="7.889640139" lon="99.535758783"></trkpt>
    <trkpt lat="7.889654138" lon="99.535663325"></trkpt>
    <trkpt lat="7.88970642" lon="99.53551029"></trkpt>
    <trkpt lat="7.88972048" lon="99.535414517"></trkpt>
    <trkpt lat="7.889754481" lon="99.535299319"></trkpt>
    <trkpt lat="7.889788549" lon="99.535183891"></trkpt>
    <trkpt lat="7.889821224" lon="99.535049033"></trkpt>
    <trkpt lat="7.889836854" lon="99.5349719"></trkpt>
    <trkpt lat="7.889851036" lon="99.534875472"></trkpt>
    <trkpt lat="7.889880909" lon="99.534701563"></trkpt>
    <trkpt lat="7.889876512" lon="99.534643856"></trkpt>
    <trkpt lat="7.889910841" lon="99.534527304"></trkpt>
    <trkpt lat="7.889928032" lon="99.53446894"></trkpt>
    <trkpt lat="7.889939366" lon="99.53433342"></trkpt>
    <trkpt lat="7.889996967" lon="99.534234896"></trkpt>
    <trkpt lat="7.890054743" lon="99.534136074"></trkpt>
    <trkpt lat="7.89011417" lon="99.534056314"></trkpt>
    <trkpt lat="7.890194179" lon="99.533956057"></trkpt>
    <trkpt lat="7.890252549" lon="99.533856308"></trkpt>
    <trkpt lat="7.890337574" lon="99.533813699"></trkpt>
    <trkpt lat="7.890443601" lon="99.533750433"></trkpt>
    <trkpt lat="7.890553151" lon="99.533725983"></trkpt>
    <trkpt lat="7.890620046" lon="99.533723013"></trkpt>
    <trkpt lat="7.891029742" lon="99.533573551"></trkpt>
  </trkseg>
</trk>
<trk>
  <name>อ.จุฬาภรณ์</name>
  <desc>อ.จุฬาภรณ์</desc>
  <trkseg>
    <trkpt lat="8.027319071" lon="99.792235577"></trkpt>
    <trkpt lat="8.01891346" lon="99.789053225"></trkpt>
    <trkpt lat="8.013212502" lon="99.78889376"></trkpt>
    <trkpt lat="8.016233378" lon="99.792811085"></trkpt>
    <trkpt lat="8.016114473" lon="99.797713706"></trkpt>
    <trkpt lat="8.01132219" lon="99.805294575"></trkpt>
    <trkpt lat="8.008333357" lon="99.822209146"></trkpt>
    <trkpt lat="8.008333745" lon="99.822246768"></trkpt>
    <trkpt lat="8.007558432" lon="99.82604562"></trkpt>
    <trkpt lat="8.011043576" lon="99.835786002"></trkpt>
    <trkpt lat="8.009172129" lon="99.838765578"></trkpt>
    <trkpt lat="8.010347052" lon="99.84359726"></trkpt>
    <trkpt lat="8.01035134" lon="99.843645144"></trkpt>
    <trkpt lat="8.010748784" lon="99.845349786"></trkpt>
    <trkpt lat="8.008937452" lon="99.846688715"></trkpt>
    <trkpt lat="8.01150406" lon="99.848261239"></trkpt>
    <trkpt lat="8.01181986" lon="99.851020774"></trkpt>
    <trkpt lat="8.013535202" lon="99.851255919"></trkpt>
    <trkpt lat="8.013172728" lon="99.853528588"></trkpt>
    <trkpt lat="8.013175761" lon="99.853568151"></trkpt>
    <trkpt lat="8.012132628" lon="99.859571846"></trkpt>
    <trkpt lat="8.015091594" lon="99.866528259"></trkpt>
    <trkpt lat="8.017414503" lon="99.867004487"></trkpt>
    <trkpt lat="8.018597311" lon="99.877511016"></trkpt>
    <trkpt lat="8.022074686" lon="99.879518265"></trkpt>
    <trkpt lat="8.021947398" lon="99.883385431"></trkpt>
    <trkpt lat="8.02414456" lon="99.884178126"></trkpt>
    <trkpt lat="8.024409573" lon="99.887605456"></trkpt>
    <trkpt lat="8.027249685" lon="99.889612138"></trkpt>
    <trkpt lat="8.026990447" lon="99.896407457"></trkpt>
    <trkpt lat="8.024606587" lon="99.898115356"></trkpt>
    <trkpt lat="8.028904084" lon="99.90728904"></trkpt>
    <trkpt lat="8.021495108" lon="99.910969538"></trkpt>
    <trkpt lat="8.021365354" lon="99.922251277"></trkpt>
    <trkpt lat="8.027968189" lon="99.933704865"></trkpt>
    <trkpt lat="8.029099651" lon="99.938503762"></trkpt>
    <trkpt lat="8.035487276" lon="99.938078848"></trkpt>
    <trkpt lat="8.036627461" lon="99.939899627"></trkpt>
    <trkpt lat="8.038729445" lon="99.938942937"></trkpt>
    <trkpt lat="8.039509019" lon="99.939913292"></trkpt>
    <trkpt lat="8.037418705" lon="99.941769614"></trkpt>
    <trkpt lat="8.037421406" lon="99.94182377"></trkpt>
    <trkpt lat="8.038207365" lon="99.946282198"></trkpt>
    <trkpt lat="8.038201462" lon="99.946342787"></trkpt>
    <trkpt lat="8.03703555" lon="99.947670479"></trkpt>
    <trkpt lat="8.040602131" lon="99.949088872"></trkpt>
    <trkpt lat="8.040603078" lon="99.949126458"></trkpt>
    <trkpt lat="8.039384907" lon="99.952761356"></trkpt>
    <trkpt lat="8.04467839" lon="99.955678022"></trkpt>
    <trkpt lat="8.046648165" lon="99.954258992"></trkpt>
    <trkpt lat="8.051514088" lon="99.95463277"></trkpt>
    <trkpt lat="8.052372863" lon="99.956668105"></trkpt>
    <trkpt lat="8.054739451" lon="99.955368194"></trkpt>
    <trkpt lat="8.057884343" lon="99.95756772"></trkpt>
    <trkpt lat="8.070801251" lon="99.954643357"></trkpt>
    <trkpt lat="8.076995977" lon="99.962439696"></trkpt>
    <trkpt lat="8.082881264" lon="99.96106188"></trkpt>
    <trkpt lat="8.086481941" lon="99.957384981"></trkpt>
    <trkpt lat="8.098381651" lon="99.955156549"></trkpt>
    <trkpt lat="8.103794952" lon="99.950903178"></trkpt>
    <trkpt lat="8.117608827" lon="99.949554498"></trkpt>
    <trkpt lat="8.116808226" lon="99.934652961"></trkpt>
    <trkpt lat="8.126949437" lon="99.935523573"></trkpt>
    <trkpt lat="8.124626217" lon="99.927016177"></trkpt>
    <trkpt lat="8.128148948" lon="99.924155338"></trkpt>
    <trkpt lat="8.127291534" lon="99.920002812"></trkpt>
    <trkpt lat="8.128331364" lon="99.919113835"></trkpt>
    <trkpt lat="8.11610681" lon="99.920122401"></trkpt>
    <trkpt lat="8.113605143" lon="99.917772532"></trkpt>
    <trkpt lat="8.109659356" lon="99.891603125"></trkpt>
    <trkpt lat="8.121998736" lon="99.894541394"></trkpt>
    <trkpt lat="8.122381434" lon="99.883466786"></trkpt>
    <trkpt lat="8.127782091" lon="99.881277443"></trkpt>
    <trkpt lat="8.128932473" lon="99.876913345"></trkpt>
    <trkpt lat="8.132181617" lon="99.876058197"></trkpt>
    <trkpt lat="8.135961338" lon="99.872246173"></trkpt>
    <trkpt lat="8.145390265" lon="99.869283677"></trkpt>
    <trkpt lat="8.15020706" lon="99.862081359"></trkpt>
    <trkpt lat="8.140108745" lon="99.860893536"></trkpt>
    <trkpt lat="8.139230358" lon="99.858982147"></trkpt>
    <trkpt lat="8.139226221" lon="99.858894287"></trkpt>
    <trkpt lat="8.138436865" lon="99.857837195"></trkpt>
    <trkpt lat="8.138437228" lon="99.85777816"></trkpt>
    <trkpt lat="8.139586111" lon="99.85614575"></trkpt>
    <trkpt lat="8.136325005" lon="99.854502642"></trkpt>
    <trkpt lat="8.136946168" lon="99.852024583"></trkpt>
    <trkpt lat="8.136942827" lon="99.851956428"></trkpt>
    <trkpt lat="8.13834492" lon="99.850047776"></trkpt>
    <trkpt lat="8.137819936" lon="99.846879116"></trkpt>
    <trkpt lat="8.137817712" lon="99.846846239"></trkpt>
    <trkpt lat="8.137073836" lon="99.845835337"></trkpt>
    <trkpt lat="8.137067891" lon="99.845793878"></trkpt>
    <trkpt lat="8.136811312" lon="99.843642926"></trkpt>
    <trkpt lat="8.138851895" lon="99.842928556"></trkpt>
    <trkpt lat="8.13749347" lon="99.841093605"></trkpt>
    <trkpt lat="8.137494861" lon="99.841059993"></trkpt>
    <trkpt lat="8.141396816" lon="99.836344743"></trkpt>
    <trkpt lat="8.140852346" lon="99.834228309"></trkpt>
    <trkpt lat="8.140849544" lon="99.834182619"></trkpt>
    <trkpt lat="8.140472268" lon="99.831953357"></trkpt>
    <trkpt lat="8.140469967" lon="99.831918427"></trkpt>
    <trkpt lat="8.140370267" lon="99.831745977"></trkpt>
    <trkpt lat="8.140369168" lon="99.831702323"></trkpt>
    <trkpt lat="8.138769528" lon="99.828964842"></trkpt>
    <trkpt lat="8.138758782" lon="99.828933686"></trkpt>
    <trkpt lat="8.134781755" lon="99.826278714"></trkpt>
    <trkpt lat="8.134777012" lon="99.826239972"></trkpt>
    <trkpt lat="8.134759514" lon="99.821996029"></trkpt>
    <trkpt lat="8.13475943" lon="99.821958061"></trkpt>
    <trkpt lat="8.138270929" lon="99.814823119"></trkpt>
    <trkpt lat="8.137262263" lon="99.809237687"></trkpt>
    <trkpt lat="8.137261724" lon="99.809186692"></trkpt>
    <trkpt lat="8.132946125" lon="99.803350193"></trkpt>
    <trkpt lat="8.129650222" lon="99.801243053"></trkpt>
    <trkpt lat="8.12653006" lon="99.801312783"></trkpt>
    <trkpt lat="8.122664519" lon="99.795220299"></trkpt>
    <trkpt lat="8.113656641" lon="99.793569312"></trkpt>
    <trkpt lat="8.109707365" lon="99.791616315"></trkpt>
    <trkpt lat="8.109078708" lon="99.789276449"></trkpt>
    <trkpt lat="8.109078219" lon="99.789156418"></trkpt>
    <trkpt lat="8.104254069" lon="99.786409237"></trkpt>
    <trkpt lat="8.100010678" lon="99.786594608"></trkpt>
    <trkpt lat="8.096168278" lon="99.782563507"></trkpt>
    <trkpt lat="8.085225397" lon="99.777334286"></trkpt>
    <trkpt lat="8.083033581" lon="99.777847006"></trkpt>
    <trkpt lat="8.08156654" lon="99.775760596"></trkpt>
    <trkpt lat="8.081561025" lon="99.775675755"></trkpt>
    <trkpt lat="8.07779257" lon="99.772012862"></trkpt>
    <trkpt lat="8.075777295" lon="99.772604314"></trkpt>
    <trkpt lat="8.071324554" lon="99.769847122"></trkpt>
    <trkpt lat="8.068411165" lon="99.771173356"></trkpt>
    <trkpt lat="8.059781142" lon="99.777875875"></trkpt>
    <trkpt lat="8.041881292" lon="99.777012924"></trkpt>
    <trkpt lat="8.038073981" lon="99.779899347"></trkpt>
    <trkpt lat="8.034379345" lon="99.786845053"></trkpt>
    <trkpt lat="8.027319071" lon="99.792235577"></trkpt>
  </trkseg>
</trk>
<trk>
  <name>อ.ชะอวด</name>
  <desc>อ.ชะอวด</desc>
  <trkseg>
    <trkpt lat="8.112298903" lon="100.041860969"></trkpt>
    <trkpt lat="8.112792634" lon="100.035852119"></trkpt>
    <trkpt lat="8.116927381" lon="100.034089383"></trkpt>
    <trkpt lat="8.118738843" lon="100.03507889"></trkpt>
    <trkpt lat="8.122405115" lon="100.030473555"></trkpt>
    <trkpt lat="8.125941954" lon="100.030048652"></trkpt>
    <trkpt lat="8.126388604" lon="100.027651942"></trkpt>
    <trkpt lat="8.124625723" lon="100.02484373"></trkpt>
    <trkpt lat="8.124626711" lon="100.024788776"></trkpt>
    <trkpt lat="8.118041046" lon="100.023172115"></trkpt>
    <trkpt lat="8.107951562" lon="100.014780998"></trkpt>
    <trkpt lat="8.106584234" lon="100.000858528"></trkpt>
    <trkpt lat="8.099083592" lon="99.978969549"></trkpt>
    <trkpt lat="8.092530064" lon="99.972790242"></trkpt>
    <trkpt lat="8.087923959" lon="99.963671197"></trkpt>
    <trkpt lat="8.085670181" lon="99.964475999"></trkpt>
    <trkpt lat="8.082881264" lon="99.96106188"></trkpt>
    <trkpt lat="8.076995977" lon="99.962439696"></trkpt>
    <trkpt lat="8.070801251" lon="99.954643357"></trkpt>
    <trkpt lat="8.057884343" lon="99.95756772"></trkpt>
    <trkpt lat="8.054739451" lon="99.955368194"></trkpt>
    <trkpt lat="8.052372863" lon="99.956668105"></trkpt>
    <trkpt lat="8.051514088" lon="99.95463277"></trkpt>
    <trkpt lat="8.046648165" lon="99.954258992"></trkpt>
    <trkpt lat="8.04467839" lon="99.955678022"></trkpt>
    <trkpt lat="8.039384907" lon="99.952761356"></trkpt>
    <trkpt lat="8.040603078" lon="99.949126458"></trkpt>
    <trkpt lat="8.040602131" lon="99.949088872"></trkpt>
    <trkpt lat="8.03703555" lon="99.947670479"></trkpt>
    <trkpt lat="8.038201462" lon="99.946342787"></trkpt>
    <trkpt lat="8.038207365" lon="99.946282198"></trkpt>
    <trkpt lat="8.037421406" lon="99.94182377"></trkpt>
    <trkpt lat="8.037418705" lon="99.941769614"></trkpt>
    <trkpt lat="8.039509019" lon="99.939913292"></trkpt>
    <trkpt lat="8.038729445" lon="99.938942937"></trkpt>
    <trkpt lat="8.036627461" lon="99.939899627"></trkpt>
    <trkpt lat="8.035487276" lon="99.938078848"></trkpt>
    <trkpt lat="8.029099651" lon="99.938503762"></trkpt>
    <trkpt lat="8.027968189" lon="99.933704865"></trkpt>
    <trkpt lat="8.021365354" lon="99.922251277"></trkpt>
    <trkpt lat="8.021495108" lon="99.910969538"></trkpt>
    <trkpt lat="8.028904084" lon="99.90728904"></trkpt>
    <trkpt lat="8.024606587" lon="99.898115356"></trkpt>
    <trkpt lat="8.026990447" lon="99.896407457"></trkpt>
    <trkpt lat="8.027249685" lon="99.889612138"></trkpt>
    <trkpt lat="8.024409573" lon="99.887605456"></trkpt>
    <trkpt lat="8.02414456" lon="99.884178126"></trkpt>
    <trkpt lat="8.021947398" lon="99.883385431"></trkpt>
    <trkpt lat="8.022074686" lon="99.879518265"></trkpt>
    <trkpt lat="8.018597311" lon="99.877511016"></trkpt>
    <trkpt lat="8.017414503" lon="99.867004487"></trkpt>
    <trkpt lat="8.015091594" lon="99.866528259"></trkpt>
    <trkpt lat="8.012132628" lon="99.859571846"></trkpt>
    <trkpt lat="8.013175761" lon="99.853568151"></trkpt>
    <trkpt lat="8.013172728" lon="99.853528588"></trkpt>
    <trkpt lat="8.013535202" lon="99.851255919"></trkpt>
    <trkpt lat="8.01181986" lon="99.851020774"></trkpt>
    <trkpt lat="8.01150406" lon="99.848261239"></trkpt>
    <trkpt lat="8.008937452" lon="99.846688715"></trkpt>
    <trkpt lat="8.010748784" lon="99.845349786"></trkpt>
    <trkpt lat="8.01035134" lon="99.843645144"></trkpt>
    <trkpt lat="8.010347052" lon="99.84359726"></trkpt>
    <trkpt lat="8.009172129" lon="99.838765578"></trkpt>
    <trkpt lat="8.011043576" lon="99.835786002"></trkpt>
    <trkpt lat="8.007558432" lon="99.82604562"></trkpt>
    <trkpt lat="8.008333745" lon="99.822246768"></trkpt>
    <trkpt lat="8.008333357" lon="99.822209146"></trkpt>
    <trkpt lat="8.01132219" lon="99.805294575"></trkpt>
    <trkpt lat="8.016114473" lon="99.797713706"></trkpt>
    <trkpt lat="8.016233378" lon="99.792811085"></trkpt>
    <trkpt lat="8.013212502" lon="99.78889376"></trkpt>
    <trkpt lat="8.010110895" lon="99.787849619"></trkpt>
    <trkpt lat="8.002008056" lon="99.792498396"></trkpt>
    <trkpt lat="7.994533025" lon="99.79439284"></trkpt>
    <trkpt lat="7.993397089" lon="99.80172749"></trkpt>
    <trkpt lat="7.989172346" lon="99.812272771"></trkpt>
    <trkpt lat="7.981154802" lon="99.822867957"></trkpt>
    <trkpt lat="7.980017329" lon="99.826862693"></trkpt>
    <trkpt lat="7.974384988" lon="99.826633885"></trkpt>
    <trkpt lat="7.972469677" lon="99.828721008"></trkpt>
    <trkpt lat="7.967900875" lon="99.829313008"></trkpt>
    <trkpt lat="7.963570467" lon="99.828335087"></trkpt>
    <trkpt lat="7.956741747" lon="99.821531842"></trkpt>
    <trkpt lat="7.94508941" lon="99.804232555"></trkpt>
    <trkpt lat="7.942090871" lon="99.805666732"></trkpt>
    <trkpt lat="7.937575399" lon="99.805175706"></trkpt>
    <trkpt lat="7.927325925" lon="99.799315656"></trkpt>
    <trkpt lat="7.920966479" lon="99.797765666"></trkpt>
    <trkpt lat="7.909915867" lon="99.798341822"></trkpt>
    <trkpt lat="7.90965692" lon="99.795074303"></trkpt>
    <trkpt lat="7.906854302" lon="99.792203644"></trkpt>
    <trkpt lat="7.908745538" lon="99.786821826"></trkpt>
    <trkpt lat="7.904049824" lon="99.777551755"></trkpt>
    <trkpt lat="7.891875134" lon="99.7762119"></trkpt>
    <trkpt lat="7.891826918" lon="99.774377848"></trkpt>
    <trkpt lat="7.889213571" lon="99.77358634"></trkpt>
    <trkpt lat="7.888192212" lon="99.766760265"></trkpt>
    <trkpt lat="7.882595442" lon="99.766047751"></trkpt>
    <trkpt lat="7.874386984" lon="99.758427458"></trkpt>
    <trkpt lat="7.869916848" lon="99.757706328"></trkpt>
    <trkpt lat="7.869071415" lon="99.751139806"></trkpt>
    <trkpt lat="7.860885086" lon="99.737899677"></trkpt>
    <trkpt lat="7.859313936" lon="99.737751121"></trkpt>
    <trkpt lat="7.857612194" lon="99.736758814"></trkpt>
    <trkpt lat="7.857340562" lon="99.739889421"></trkpt>
    <trkpt lat="7.860157075" lon="99.744258424"></trkpt>
    <trkpt lat="7.859576341" lon="99.747408471"></trkpt>
    <trkpt lat="7.856524707" lon="99.749114991"></trkpt>
    <trkpt lat="7.857327177" lon="99.752345399"></trkpt>
    <trkpt lat="7.858116679" lon="99.754334493"></trkpt>
    <trkpt lat="7.857223364" lon="99.755869099"></trkpt>
    <trkpt lat="7.858467338" lon="99.758213971"></trkpt>
    <trkpt lat="7.85896132" lon="99.761155042"></trkpt>
    <trkpt lat="7.860524458" lon="99.763280572"></trkpt>
    <trkpt lat="7.858708138" lon="99.765994043"></trkpt>
    <trkpt lat="7.859202224" lon="99.768938354"></trkpt>
    <trkpt lat="7.856772264" lon="99.771190935"></trkpt>
    <trkpt lat="7.857442304" lon="99.776305462"></trkpt>
    <trkpt lat="7.8568974" lon="99.782382941"></trkpt>
    <trkpt lat="7.86170257" lon="99.785878938"></trkpt>
    <trkpt lat="7.864363773" lon="99.790902273"></trkpt>
    <trkpt lat="7.869872831" lon="99.793759136"></trkpt>
    <trkpt lat="7.874291662" lon="99.79560866"></trkpt>
    <trkpt lat="7.875589414" lon="99.798756251"></trkpt>
    <trkpt lat="7.878738176" lon="99.796997056"></trkpt>
    <trkpt lat="7.883372755" lon="99.797918141"></trkpt>
    <trkpt lat="7.885325092" lon="99.800453244"></trkpt>
    <trkpt lat="7.886469839" lon="99.80220142"></trkpt>
    <trkpt lat="7.888723016" lon="99.801876181"></trkpt>
    <trkpt lat="7.892044096" lon="99.809230479"></trkpt>
    <trkpt lat="7.889152619" lon="99.813788869"></trkpt>
    <trkpt lat="7.88486445" lon="99.816685654"></trkpt>
    <trkpt lat="7.884094772" lon="99.819540408"></trkpt>
    <trkpt lat="7.88702347" lon="99.82292236"></trkpt>
    <trkpt lat="7.884356467" lon="99.828608211"></trkpt>
    <trkpt lat="7.8861509" lon="99.831191351"></trkpt>
    <trkpt lat="7.885575928" lon="99.837227871"></trkpt>
    <trkpt lat="7.88897639" lon="99.838914908"></trkpt>
    <trkpt lat="7.890800832" lon="99.842962921"></trkpt>
    <trkpt lat="7.889393128" lon="99.84952907"></trkpt>
    <trkpt lat="7.887643076" lon="99.850610107"></trkpt>
    <trkpt lat="7.889047911" lon="99.858923047"></trkpt>
    <trkpt lat="7.886441939" lon="99.861907217"></trkpt>
    <trkpt lat="7.886911982" lon="99.867903293"></trkpt>
    <trkpt lat="7.893523329" lon="99.882973189"></trkpt>
    <trkpt lat="7.886000307" lon="99.890320937"></trkpt>
    <trkpt lat="7.884413551" lon="99.894466487"></trkpt>
    <trkpt lat="7.870389826" lon="99.917385551"></trkpt>
    <trkpt lat="7.872536721" lon="99.919330518"></trkpt>
    <trkpt lat="7.872089429" lon="99.921878529"></trkpt>
    <trkpt lat="7.872231845" lon="99.924000828"></trkpt>
    <trkpt lat="7.87269744" lon="99.925926537"></trkpt>
    <trkpt lat="7.872365631" lon="99.928130943"></trkpt>
    <trkpt lat="7.875794854" lon="99.931302736"></trkpt>
    <trkpt lat="7.875447403" lon="99.93180684"></trkpt>
    <trkpt lat="7.875457038" lon="99.932691803"></trkpt>
    <trkpt lat="7.876814612" lon="99.932953241"></trkpt>
    <trkpt lat="7.878480772" lon="99.935709404"></trkpt>
    <trkpt lat="7.87940933" lon="99.937050683"></trkpt>
    <trkpt lat="7.8800805" lon="99.939735318"></trkpt>
    <trkpt lat="7.881006519" lon="99.940283125"></trkpt>
    <trkpt lat="7.880382525" lon="99.942152782"></trkpt>
    <trkpt lat="7.882706309" lon="99.943449219"></trkpt>
    <trkpt lat="7.881086751" lon="99.947625715"></trkpt>
    <trkpt lat="7.878340361" lon="99.94790418"></trkpt>
    <trkpt lat="7.878643154" lon="99.950584441"></trkpt>
    <trkpt lat="7.87632956" lon="99.951516892"></trkpt>
    <trkpt lat="7.877437914" lon="99.95263628"></trkpt>
    <trkpt lat="7.876544482" lon="99.95453839"></trkpt>
    <trkpt lat="7.876841259" lon="99.956668816"></trkpt>
    <trkpt lat="7.875129329" lon="99.958223385"></trkpt>
    <trkpt lat="7.873515205" lon="99.959322348"></trkpt>
    <trkpt lat="7.87283735" lon="99.963135852"></trkpt>
    <trkpt lat="7.872503506" lon="99.965435416"></trkpt>
    <trkpt lat="7.871923869" lon="99.96975969"></trkpt>
    <trkpt lat="7.872658956" lon="99.971526858"></trkpt>
    <trkpt lat="7.872943322" lon="99.972941888"></trkpt>
    <trkpt lat="7.874028562" lon="99.97348258"></trkpt>
    <trkpt lat="7.871096651" lon="99.975741192"></trkpt>
    <trkpt lat="7.868241398" lon="99.981643726"></trkpt>
    <trkpt lat="7.861846059" lon="99.991291508"></trkpt>
    <trkpt lat="7.855753452" lon="99.996593249"></trkpt>
    <trkpt lat="7.855037981" lon="100.005386993"></trkpt>
    <trkpt lat="7.851218992" lon="100.015821277"></trkpt>
    <trkpt lat="7.848740364" lon="100.022853528"></trkpt>
    <trkpt lat="7.846861468" lon="100.032351509"></trkpt>
    <trkpt lat="7.846861508" lon="100.032429278"></trkpt>
    <trkpt lat="7.841668647" lon="100.04243366"></trkpt>
    <trkpt lat="7.843292004" lon="100.045475024"></trkpt>
    <trkpt lat="7.842923475" lon="100.051111627"></trkpt>
    <trkpt lat="7.840092953" lon="100.053230744"></trkpt>
    <trkpt lat="7.838556301" lon="100.05494051"></trkpt>
    <trkpt lat="7.837879941" lon="100.056003819"></trkpt>
    <trkpt lat="7.839553235" lon="100.059498653"></trkpt>
    <trkpt lat="7.841474159" lon="100.060575592"></trkpt>
    <trkpt lat="7.843350117" lon="100.064198495"></trkpt>
    <trkpt lat="7.840708051" lon="100.070417314"></trkpt>
    <trkpt lat="7.840124879" lon="100.07267643"></trkpt>
    <trkpt lat="7.841869006" lon="100.073199411"></trkpt>
    <trkpt lat="7.84189383" lon="100.075551372"></trkpt>
    <trkpt lat="7.845154915" lon="100.076449687"></trkpt>
    <trkpt lat="7.849550056" lon="100.078080479"></trkpt>
    <trkpt lat="7.851948801" lon="100.081892873"></trkpt>
    <trkpt lat="7.853335753" lon="100.083570247"></trkpt>
    <trkpt lat="7.853543784" lon="100.085896679"></trkpt>
    <trkpt lat="7.856250123" lon="100.088847009"></trkpt>
    <trkpt lat="7.859289808" lon="100.093869112"></trkpt>
    <trkpt lat="7.861538621" lon="100.099379496"></trkpt>
    <trkpt lat="7.862261689" lon="100.106510325"></trkpt>
    <trkpt lat="7.863757147" lon="100.11254311"></trkpt>
    <trkpt lat="7.867251685" lon="100.121459433"></trkpt>
    <trkpt lat="7.869902288" lon="100.130292578"></trkpt>
    <trkpt lat="7.870783225" lon="100.138912128"></trkpt>
    <trkpt lat="7.871023117" lon="100.145378752"></trkpt>
    <trkpt lat="7.872020095" lon="100.15691708"></trkpt>
    <trkpt lat="7.872570944" lon="100.163142761"></trkpt>
    <trkpt lat="7.872611634" lon="100.167092734"></trkpt>
    <trkpt lat="7.872321528" lon="100.170440043"></trkpt>
    <trkpt lat="7.873083053" lon="100.173417251"></trkpt>
    <trkpt lat="7.87497166" lon="100.174358805"></trkpt>
    <trkpt lat="7.876732681" lon="100.177419774"></trkpt>
    <trkpt lat="7.901851459" lon="100.156222236"></trkpt>
    <trkpt lat="7.910436228" lon="100.151165327"></trkpt>
    <trkpt lat="7.925066209" lon="100.144842613"></trkpt>
    <trkpt lat="7.944748794" lon="100.139620292"></trkpt>
    <trkpt lat="7.955267441" lon="100.142523993"></trkpt>
    <trkpt lat="7.962476743" lon="100.150344692"></trkpt>
    <trkpt lat="7.969905642" lon="100.146600485"></trkpt>
    <trkpt lat="7.975980392" lon="100.151031398"></trkpt>
    <trkpt lat="7.992522466" lon="100.149389739"></trkpt>
    <trkpt lat="7.993625915" lon="100.156430354"></trkpt>
    <trkpt lat="7.997104148" lon="100.16255332"></trkpt>
    <trkpt lat="8.00096161" lon="100.163004663"></trkpt>
    <trkpt lat="8.00210165" lon="100.166842718"></trkpt>
    <trkpt lat="8.008446635" lon="100.168190876"></trkpt>
    <trkpt lat="8.009678652" lon="100.170529408"></trkpt>
    <trkpt lat="8.006556898" lon="100.173340652"></trkpt>
    <trkpt lat="8.010964771" lon="100.174411181"></trkpt>
    <trkpt lat="8.029397395" lon="100.097055252"></trkpt>
    <trkpt lat="8.033075322" lon="100.074733709"></trkpt>
    <trkpt lat="8.039284973" lon="100.071137104"></trkpt>
    <trkpt lat="8.045426389" lon="100.061780353"></trkpt>
    <trkpt lat="8.049054611" lon="100.061007211"></trkpt>
    <trkpt lat="8.049060302" lon="100.060967544"></trkpt>
    <trkpt lat="8.047979075" lon="100.059323968"></trkpt>
    <trkpt lat="8.053126657" lon="100.052791556"></trkpt>
    <trkpt lat="8.054726053" lon="100.045447626"></trkpt>
    <trkpt lat="8.061146136" lon="100.044605972"></trkpt>
    <trkpt lat="8.063952644" lon="100.041790345"></trkpt>
    <trkpt lat="8.066522893" lon="100.044913853"></trkpt>
    <trkpt lat="8.069653133" lon="100.042475878"></trkpt>
    <trkpt lat="8.071674009" lon="100.046293621"></trkpt>
    <trkpt lat="8.072418582" lon="100.042351921"></trkpt>
    <trkpt lat="8.078764445" lon="100.043613559"></trkpt>
    <trkpt lat="8.082125185" lon="100.042523497"></trkpt>
    <trkpt lat="8.081722633" lon="100.040463867"></trkpt>
    <trkpt lat="8.083424474" lon="100.039977788"></trkpt>
    <trkpt lat="8.08506264" lon="100.040793579"></trkpt>
    <trkpt lat="8.08515003" lon="100.044508257"></trkpt>
    <trkpt lat="8.086830301" lon="100.045946645"></trkpt>
    <trkpt lat="8.087557392" lon="100.043286872"></trkpt>
    <trkpt lat="8.093732432" lon="100.0413859"></trkpt>
    <trkpt lat="8.094293645" lon="100.036404081"></trkpt>
    <trkpt lat="8.098800396" lon="100.037616213"></trkpt>
    <trkpt lat="8.103674605" lon="100.033409614"></trkpt>
    <trkpt lat="8.10650425" lon="100.041072498"></trkpt>
    <trkpt lat="8.112298903" lon="100.041860969"></trkpt>
  </trkseg>
</trk>
<trk>
  <name>อ.หัวไทร</name>
  <desc>อ.หัวไทร</desc>
  <trkseg>
    <trkpt lat="7.913367138" lon="100.279904339"></trkpt>
    <trkpt lat="7.915980001" lon="100.294557165"></trkpt>
    <trkpt lat="7.913809424" lon="100.308211278"></trkpt>
    <trkpt lat="7.922994836" lon="100.306907245"></trkpt>
    <trkpt lat="7.928428637" lon="100.309774904"></trkpt>
    <trkpt lat="7.936074332" lon="100.312001617"></trkpt>
    <trkpt lat="7.937241998" lon="100.316532848"></trkpt>
    <trkpt lat="7.936806535" lon="100.317958219"></trkpt>
    <trkpt lat="7.937353705" lon="100.320161331"></trkpt>
    <trkpt lat="7.93662067" lon="100.321778892"></trkpt>
    <trkpt lat="7.938224032" lon="100.324283274"></trkpt>
    <trkpt lat="7.939077173" lon="100.326241176"></trkpt>
    <trkpt lat="7.935704969" lon="100.334339805"></trkpt>
    <trkpt lat="7.931204351" lon="100.335040265"></trkpt>
    <trkpt lat="7.931797309" lon="100.336575439"></trkpt>
    <trkpt lat="8.171257859" lon="100.295101864"></trkpt>
    <trkpt lat="8.173096985" lon="100.259266366"></trkpt>
    <trkpt lat="8.17647466" lon="100.26021285"></trkpt>
    <trkpt lat="8.177809157" lon="100.257759202"></trkpt>
    <trkpt lat="8.176021106" lon="100.256338587"></trkpt>
    <trkpt lat="8.17602053" lon="100.256290698"></trkpt>
    <trkpt lat="8.175716381" lon="100.254473818"></trkpt>
    <trkpt lat="8.175711795" lon="100.254418907"></trkpt>
    <trkpt lat="8.176002822" lon="100.251054653"></trkpt>
    <trkpt lat="8.175995041" lon="100.251007688"></trkpt>
    <trkpt lat="8.176185455" lon="100.249596586"></trkpt>
    <trkpt lat="8.176183209" lon="100.249553714"></trkpt>
    <trkpt lat="8.178698656" lon="100.24304157"></trkpt>
    <trkpt lat="8.177282522" lon="100.236802928"></trkpt>
    <trkpt lat="8.165944219" lon="100.234757279"></trkpt>
    <trkpt lat="8.147985732" lon="100.227912134"></trkpt>
    <trkpt lat="8.145654712" lon="100.225560658"></trkpt>
    <trkpt lat="8.140023206" lon="100.225917226"></trkpt>
    <trkpt lat="8.139897699" lon="100.224077686"></trkpt>
    <trkpt lat="8.135368285" lon="100.221825996"></trkpt>
    <trkpt lat="8.122160921" lon="100.217559149"></trkpt>
    <trkpt lat="8.119192824" lon="100.220844343"></trkpt>
    <trkpt lat="8.111394774" lon="100.21775043"></trkpt>
    <trkpt lat="8.109958142" lon="100.222674266"></trkpt>
    <trkpt lat="8.104643002" lon="100.22050059"></trkpt>
    <trkpt lat="8.103617235" lon="100.224121942"></trkpt>
    <trkpt lat="8.097921862" lon="100.223105567"></trkpt>
    <trkpt lat="8.089539745" lon="100.218626264"></trkpt>
    <trkpt lat="8.088831994" lon="100.215137532"></trkpt>
    <trkpt lat="8.086362437" lon="100.213015964"></trkpt>
    <trkpt lat="8.079546817" lon="100.216984098"></trkpt>
    <trkpt lat="8.079629911" lon="100.214284033"></trkpt>
    <trkpt lat="8.074809095" lon="100.211069152"></trkpt>
    <trkpt lat="8.073690703" lon="100.206288011"></trkpt>
    <trkpt lat="8.066085548" lon="100.201668509"></trkpt>
    <trkpt lat="8.060086581" lon="100.202185976"></trkpt>
    <trkpt lat="8.051556147" lon="100.200409488"></trkpt>
    <trkpt lat="8.050965473" lon="100.192908346"></trkpt>
    <trkpt lat="8.045404546" lon="100.190148206"></trkpt>
    <trkpt lat="8.033644631" lon="100.189440502"></trkpt>
    <trkpt lat="8.024892271" lon="100.192382518"></trkpt>
    <trkpt lat="8.015719026" lon="100.19054757"></trkpt>
    <trkpt lat="8.010113908" lon="100.193852439"></trkpt>
    <trkpt lat="8.010964771" lon="100.174411181"></trkpt>
    <trkpt lat="8.006556898" lon="100.173340652"></trkpt>
    <trkpt lat="8.009678652" lon="100.170529408"></trkpt>
    <trkpt lat="8.008446635" lon="100.168190876"></trkpt>
    <trkpt lat="8.00210165" lon="100.166842718"></trkpt>
    <trkpt lat="8.00096161" lon="100.163004663"></trkpt>
    <trkpt lat="7.997104148" lon="100.16255332"></trkpt>
    <trkpt lat="7.993625915" lon="100.156430354"></trkpt>
    <trkpt lat="7.992522466" lon="100.149389739"></trkpt>
    <trkpt lat="7.975980392" lon="100.151031398"></trkpt>
    <trkpt lat="7.969905642" lon="100.146600485"></trkpt>
    <trkpt lat="7.962476743" lon="100.150344692"></trkpt>
    <trkpt lat="7.955267441" lon="100.142523993"></trkpt>
    <trkpt lat="7.944748794" lon="100.139620292"></trkpt>
    <trkpt lat="7.925066209" lon="100.144842613"></trkpt>
    <trkpt lat="7.910436228" lon="100.151165327"></trkpt>
    <trkpt lat="7.901851459" lon="100.156222236"></trkpt>
    <trkpt lat="7.876479127" lon="100.177495184"></trkpt>
    <trkpt lat="7.881312492" lon="100.219034751"></trkpt>
    <trkpt lat="7.882813894" lon="100.218604952"></trkpt>
    <trkpt lat="7.884486177" lon="100.234321851"></trkpt>
    <trkpt lat="7.88735159" lon="100.238846737"></trkpt>
    <trkpt lat="7.890594401" lon="100.24211775"></trkpt>
    <trkpt lat="7.893358785" lon="100.243356429"></trkpt>
    <trkpt lat="7.894228256" lon="100.250674709"></trkpt>
    <trkpt lat="7.894186319" lon="100.251985981"></trkpt>
    <trkpt lat="7.898272558" lon="100.257319007"></trkpt>
    <trkpt lat="7.90126262" lon="100.259075264"></trkpt>
    <trkpt lat="7.902549305" lon="100.262860862"></trkpt>
    <trkpt lat="7.907224692" lon="100.263255394"></trkpt>
    <trkpt lat="7.909525605" lon="100.263085072"></trkpt>
    <trkpt lat="7.914439374" lon="100.26175745"></trkpt>
    <trkpt lat="7.913367138" lon="100.279904339"></trkpt>
  </trkseg>
</trk>
<trk>
  <name>อ.เชียรใหญ่</name>
  <desc>อ.เชียรใหญ่</desc>
  <trkseg>
    <trkpt lat="8.139897699" lon="100.224077686"></trkpt>
    <trkpt lat="8.140023206" lon="100.225917226"></trkpt>
    <trkpt lat="8.145654712" lon="100.225560658"></trkpt>
    <trkpt lat="8.147985732" lon="100.227912134"></trkpt>
    <trkpt lat="8.165944219" lon="100.234757279"></trkpt>
    <trkpt lat="8.177282522" lon="100.236802928"></trkpt>
    <trkpt lat="8.178698656" lon="100.24304157"></trkpt>
    <trkpt lat="8.176183209" lon="100.249553714"></trkpt>
    <trkpt lat="8.176185455" lon="100.249596586"></trkpt>
    <trkpt lat="8.175995041" lon="100.251007688"></trkpt>
    <trkpt lat="8.176002822" lon="100.251054653"></trkpt>
    <trkpt lat="8.175711795" lon="100.254418907"></trkpt>
    <trkpt lat="8.175716381" lon="100.254473818"></trkpt>
    <trkpt lat="8.17602053" lon="100.256290698"></trkpt>
    <trkpt lat="8.176021106" lon="100.256338587"></trkpt>
    <trkpt lat="8.177809157" lon="100.257759202"></trkpt>
    <trkpt lat="8.180444766" lon="100.25653378"></trkpt>
    <trkpt lat="8.183194731" lon="100.259597335"></trkpt>
    <trkpt lat="8.189469391" lon="100.255981401"></trkpt>
    <trkpt lat="8.195650814" lon="100.257063699"></trkpt>
    <trkpt lat="8.194644379" lon="100.250699046"></trkpt>
    <trkpt lat="8.200478667" lon="100.245908547"></trkpt>
    <trkpt lat="8.198793923" lon="100.242736292"></trkpt>
    <trkpt lat="8.199981125" lon="100.239523329"></trkpt>
    <trkpt lat="8.196790736" lon="100.237687649"></trkpt>
    <trkpt lat="8.201668607" lon="100.21281787"></trkpt>
    <trkpt lat="8.207831906" lon="100.21259754"></trkpt>
    <trkpt lat="8.207943675" lon="100.207426019"></trkpt>
    <trkpt lat="8.218760887" lon="100.204028433"></trkpt>
    <trkpt lat="8.219360298" lon="100.191786367"></trkpt>
    <trkpt lat="8.223639351" lon="100.189914972"></trkpt>
    <trkpt lat="8.223942736" lon="100.186491283"></trkpt>
    <trkpt lat="8.226046184" lon="100.187504515"></trkpt>
    <trkpt lat="8.225052496" lon="100.184282496"></trkpt>
    <trkpt lat="8.227592685" lon="100.182989918"></trkpt>
    <trkpt lat="8.226601698" lon="100.181597294"></trkpt>
    <trkpt lat="8.228333535" lon="100.181170859"></trkpt>
    <trkpt lat="8.227476877" lon="100.179544785"></trkpt>
    <trkpt lat="8.229534116" lon="100.178228688"></trkpt>
    <trkpt lat="8.228361228" lon="100.176733571"></trkpt>
    <trkpt lat="8.229332032" lon="100.174521095"></trkpt>
    <trkpt lat="8.22681507" lon="100.17432004"></trkpt>
    <trkpt lat="8.22586895" lon="100.172225792"></trkpt>
    <trkpt lat="8.22586782" lon="100.172187669"></trkpt>
    <trkpt lat="8.224363753" lon="100.171342782"></trkpt>
    <trkpt lat="8.223832527" lon="100.167119247"></trkpt>
    <trkpt lat="8.220382557" lon="100.164503777"></trkpt>
    <trkpt lat="8.219306627" lon="100.159738822"></trkpt>
    <trkpt lat="8.22182545" lon="100.155619344"></trkpt>
    <trkpt lat="8.221734672" lon="100.132314604"></trkpt>
    <trkpt lat="8.211782876" lon="100.12714186"></trkpt>
    <trkpt lat="8.206965348" lon="100.127032364"></trkpt>
    <trkpt lat="8.214416335" lon="100.117008569"></trkpt>
    <trkpt lat="8.219587394" lon="100.104015826"></trkpt>
    <trkpt lat="8.224506834" lon="100.081141915"></trkpt>
    <trkpt lat="8.225283625" lon="100.07753007"></trkpt>
    <trkpt lat="8.21911046" lon="100.082294624"></trkpt>
    <trkpt lat="8.220630474" lon="100.084666274"></trkpt>
    <trkpt lat="8.217334308" lon="100.08834698"></trkpt>
    <trkpt lat="8.213968689" lon="100.087176709"></trkpt>
    <trkpt lat="8.212737942" lon="100.088588468"></trkpt>
    <trkpt lat="8.204447791" lon="100.083598282"></trkpt>
    <trkpt lat="8.200835821" lon="100.094074493"></trkpt>
    <trkpt lat="8.193725319" lon="100.103351419"></trkpt>
    <trkpt lat="8.191544727" lon="100.115913197"></trkpt>
    <trkpt lat="8.190092777" lon="100.115858266"></trkpt>
    <trkpt lat="8.187100592" lon="100.12199312"></trkpt>
    <trkpt lat="8.183958929" lon="100.122665883"></trkpt>
    <trkpt lat="8.182246084" lon="100.125743029"></trkpt>
    <trkpt lat="8.174173667" lon="100.120455195"></trkpt>
    <trkpt lat="8.175799964" lon="100.117114897"></trkpt>
    <trkpt lat="8.175049251" lon="100.112761087"></trkpt>
    <trkpt lat="8.175042248" lon="100.112678532"></trkpt>
    <trkpt lat="8.171673211" lon="100.11021522"></trkpt>
    <trkpt lat="8.172172753" lon="100.108069752"></trkpt>
    <trkpt lat="8.164606985" lon="100.104184655"></trkpt>
    <trkpt lat="8.165044694" lon="100.101694907"></trkpt>
    <trkpt lat="8.161904684" lon="100.097771089"></trkpt>
    <trkpt lat="8.147916996" lon="100.081756442"></trkpt>
    <trkpt lat="8.14098796" lon="100.07677591"></trkpt>
    <trkpt lat="8.131678512" lon="100.089181406"></trkpt>
    <trkpt lat="8.122446168" lon="100.105244263"></trkpt>
    <trkpt lat="8.119599114" lon="100.10720165"></trkpt>
    <trkpt lat="8.110353971" lon="100.098961961"></trkpt>
    <trkpt lat="8.113934908" lon="100.094936699"></trkpt>
    <trkpt lat="8.103720857" lon="100.091108305"></trkpt>
    <trkpt lat="8.103603023" lon="100.088097745"></trkpt>
    <trkpt lat="8.107676059" lon="100.083688943"></trkpt>
    <trkpt lat="8.110209328" lon="100.07772017"></trkpt>
    <trkpt lat="8.106911149" lon="100.076181687"></trkpt>
    <trkpt lat="8.097162616" lon="100.077118347"></trkpt>
    <trkpt lat="8.096806959" lon="100.075577307"></trkpt>
    <trkpt lat="8.085323957" lon="100.074767921"></trkpt>
    <trkpt lat="8.081045468" lon="100.078176104"></trkpt>
    <trkpt lat="8.077859518" lon="100.069917149"></trkpt>
    <trkpt lat="8.073274451" lon="100.067913939"></trkpt>
    <trkpt lat="8.068863169" lon="100.062603688"></trkpt>
    <trkpt lat="8.06895924" lon="100.060399679"></trkpt>
    <trkpt lat="8.053126657" lon="100.052791556"></trkpt>
    <trkpt lat="8.047979075" lon="100.059323968"></trkpt>
    <trkpt lat="8.049060302" lon="100.060967544"></trkpt>
    <trkpt lat="8.049054611" lon="100.061007211"></trkpt>
    <trkpt lat="8.045426389" lon="100.061780353"></trkpt>
    <trkpt lat="8.039284973" lon="100.071137104"></trkpt>
    <trkpt lat="8.033075322" lon="100.074733709"></trkpt>
    <trkpt lat="8.029397395" lon="100.097055252"></trkpt>
    <trkpt lat="8.010964771" lon="100.174411181"></trkpt>
    <trkpt lat="8.010113908" lon="100.193852439"></trkpt>
    <trkpt lat="8.015719026" lon="100.19054757"></trkpt>
    <trkpt lat="8.024892271" lon="100.192382518"></trkpt>
    <trkpt lat="8.033644631" lon="100.189440502"></trkpt>
    <trkpt lat="8.045404546" lon="100.190148206"></trkpt>
    <trkpt lat="8.050965473" lon="100.192908346"></trkpt>
    <trkpt lat="8.051556147" lon="100.200409488"></trkpt>
    <trkpt lat="8.060086581" lon="100.202185976"></trkpt>
    <trkpt lat="8.066085548" lon="100.201668509"></trkpt>
    <trkpt lat="8.073690703" lon="100.206288011"></trkpt>
    <trkpt lat="8.074809095" lon="100.211069152"></trkpt>
    <trkpt lat="8.079629911" lon="100.214284033"></trkpt>
    <trkpt lat="8.079546817" lon="100.216984098"></trkpt>
    <trkpt lat="8.086362437" lon="100.213015964"></trkpt>
    <trkpt lat="8.088831994" lon="100.215137532"></trkpt>
    <trkpt lat="8.089539745" lon="100.218626264"></trkpt>
    <trkpt lat="8.097921862" lon="100.223105567"></trkpt>
    <trkpt lat="8.103617235" lon="100.224121942"></trkpt>
    <trkpt lat="8.104643002" lon="100.22050059"></trkpt>
    <trkpt lat="8.109958142" lon="100.222674266"></trkpt>
    <trkpt lat="8.111394774" lon="100.21775043"></trkpt>
    <trkpt lat="8.119192824" lon="100.220844343"></trkpt>
    <trkpt lat="8.122160921" lon="100.217559149"></trkpt>
    <trkpt lat="8.135368285" lon="100.221825996"></trkpt>
    <trkpt lat="8.139897699" lon="100.224077686"></trkpt>
  </trkseg>
</trk>
<trk>
  <name>อ.เฉลิมพระเกียรติ</name>
  <desc>อ.เฉลิมพระเกียรติ</desc>
  <trkseg>
    <trkpt lat="8.187100592" lon="100.12199312"></trkpt>
    <trkpt lat="8.190092777" lon="100.115858266"></trkpt>
    <trkpt lat="8.191544727" lon="100.115913197"></trkpt>
    <trkpt lat="8.193725319" lon="100.103351419"></trkpt>
    <trkpt lat="8.200835821" lon="100.094074493"></trkpt>
    <trkpt lat="8.204447791" lon="100.083598282"></trkpt>
    <trkpt lat="8.212737942" lon="100.088588468"></trkpt>
    <trkpt lat="8.213968689" lon="100.087176709"></trkpt>
    <trkpt lat="8.217334308" lon="100.08834698"></trkpt>
    <trkpt lat="8.220630474" lon="100.084666274"></trkpt>
    <trkpt lat="8.21911046" lon="100.082294624"></trkpt>
    <trkpt lat="8.225283625" lon="100.07753007"></trkpt>
    <trkpt lat="8.227681086" lon="100.075829913"></trkpt>
    <trkpt lat="8.229303944" lon="100.076780416"></trkpt>
    <trkpt lat="8.234056601" lon="100.072080099"></trkpt>
    <trkpt lat="8.227226897" lon="100.0639386"></trkpt>
    <trkpt lat="8.221848835" lon="100.061446121"></trkpt>
    <trkpt lat="8.218733709" lon="100.057078984"></trkpt>
    <trkpt lat="8.24813949" lon="100.019052073"></trkpt>
    <trkpt lat="8.249644664" lon="100.01596798"></trkpt>
    <trkpt lat="8.247669861" lon="100.01322385"></trkpt>
    <trkpt lat="8.247038242" lon="100.007381284"></trkpt>
    <trkpt lat="8.249947285" lon="100.006594439"></trkpt>
    <trkpt lat="8.253474649" lon="100.002742675"></trkpt>
    <trkpt lat="8.256072236" lon="99.997480925"></trkpt>
    <trkpt lat="8.255149837" lon="99.991600095"></trkpt>
    <trkpt lat="8.260910565" lon="99.984276836"></trkpt>
    <trkpt lat="8.262340019" lon="99.976507282"></trkpt>
    <trkpt lat="8.261345307" lon="99.974348221"></trkpt>
    <trkpt lat="8.256760851" lon="99.972764794"></trkpt>
    <trkpt lat="8.256955494" lon="99.966429458"></trkpt>
    <trkpt lat="8.254095567" lon="99.960715676"></trkpt>
    <trkpt lat="8.257318404" lon="99.956724905"></trkpt>
    <trkpt lat="8.262406828" lon="99.954484663"></trkpt>
    <trkpt lat="8.262989054" lon="99.94776076"></trkpt>
    <trkpt lat="8.266740832" lon="99.944118191"></trkpt>
    <trkpt lat="8.266651867" lon="99.942114394"></trkpt>
    <trkpt lat="8.262817975" lon="99.941230042"></trkpt>
    <trkpt lat="8.244877036" lon="99.942902207"></trkpt>
    <trkpt lat="8.231751922" lon="99.932146296"></trkpt>
    <trkpt lat="8.230871651" lon="99.938564641"></trkpt>
    <trkpt lat="8.233647549" lon="99.949983532"></trkpt>
    <trkpt lat="8.232180804" lon="99.957479928"></trkpt>
    <trkpt lat="8.234699883" lon="99.967100544"></trkpt>
    <trkpt lat="8.234539062" lon="99.977403963"></trkpt>
    <trkpt lat="8.232842841" lon="99.978441705"></trkpt>
    <trkpt lat="8.238826556" lon="99.992764961"></trkpt>
    <trkpt lat="8.233942964" lon="99.993080404"></trkpt>
    <trkpt lat="8.233873813" lon="99.994912714"></trkpt>
    <trkpt lat="8.231297079" lon="99.995049967"></trkpt>
    <trkpt lat="8.225029898" lon="99.992370658"></trkpt>
    <trkpt lat="8.212415029" lon="99.992664095"></trkpt>
    <trkpt lat="8.210490948" lon="99.995966041"></trkpt>
    <trkpt lat="8.212716727" lon="100.002332604"></trkpt>
    <trkpt lat="8.216636854" lon="100.003875304"></trkpt>
    <trkpt lat="8.21683135" lon="100.006268562"></trkpt>
    <trkpt lat="8.212917836" lon="100.008592964"></trkpt>
    <trkpt lat="8.209707825" lon="100.006816766"></trkpt>
    <trkpt lat="8.208695607" lon="100.009611373"></trkpt>
    <trkpt lat="8.211058121" lon="100.01057045"></trkpt>
    <trkpt lat="8.210402954" lon="100.012508887"></trkpt>
    <trkpt lat="8.207467931" lon="100.012833459"></trkpt>
    <trkpt lat="8.20610049" lon="100.009882616"></trkpt>
    <trkpt lat="8.204071162" lon="100.011551053"></trkpt>
    <trkpt lat="8.205096136" lon="100.014672662"></trkpt>
    <trkpt lat="8.203459976" lon="100.014790469"></trkpt>
    <trkpt lat="8.202293598" lon="100.01242286"></trkpt>
    <trkpt lat="8.200633444" lon="100.015815432"></trkpt>
    <trkpt lat="8.190467302" lon="100.011306643"></trkpt>
    <trkpt lat="8.188852831" lon="100.015331605"></trkpt>
    <trkpt lat="8.184965253" lon="100.014436782"></trkpt>
    <trkpt lat="8.171966052" lon="100.026436008"></trkpt>
    <trkpt lat="8.159916732" lon="100.024103899"></trkpt>
    <trkpt lat="8.154526927" lon="100.03126317"></trkpt>
    <trkpt lat="8.148482745" lon="100.03290378"></trkpt>
    <trkpt lat="8.136086764" lon="100.02714133"></trkpt>
    <trkpt lat="8.131555398" lon="100.028863952"></trkpt>
    <trkpt lat="8.126388604" lon="100.027651942"></trkpt>
    <trkpt lat="8.125941954" lon="100.030048652"></trkpt>
    <trkpt lat="8.122405115" lon="100.030473555"></trkpt>
    <trkpt lat="8.118738843" lon="100.03507889"></trkpt>
    <trkpt lat="8.116927381" lon="100.034089383"></trkpt>
    <trkpt lat="8.112792634" lon="100.035852119"></trkpt>
    <trkpt lat="8.112298903" lon="100.041860969"></trkpt>
    <trkpt lat="8.10650425" lon="100.041072498"></trkpt>
    <trkpt lat="8.103674605" lon="100.033409614"></trkpt>
    <trkpt lat="8.098800396" lon="100.037616213"></trkpt>
    <trkpt lat="8.094293645" lon="100.036404081"></trkpt>
    <trkpt lat="8.093732432" lon="100.0413859"></trkpt>
    <trkpt lat="8.087557392" lon="100.043286872"></trkpt>
    <trkpt lat="8.086830301" lon="100.045946645"></trkpt>
    <trkpt lat="8.08515003" lon="100.044508257"></trkpt>
    <trkpt lat="8.08506264" lon="100.040793579"></trkpt>
    <trkpt lat="8.083424474" lon="100.039977788"></trkpt>
    <trkpt lat="8.081722633" lon="100.040463867"></trkpt>
    <trkpt lat="8.082125185" lon="100.042523497"></trkpt>
    <trkpt lat="8.078764445" lon="100.043613559"></trkpt>
    <trkpt lat="8.072418582" lon="100.042351921"></trkpt>
    <trkpt lat="8.071674009" lon="100.046293621"></trkpt>
    <trkpt lat="8.069653133" lon="100.042475878"></trkpt>
    <trkpt lat="8.066522893" lon="100.044913853"></trkpt>
    <trkpt lat="8.063952644" lon="100.041790345"></trkpt>
    <trkpt lat="8.061146136" lon="100.044605972"></trkpt>
    <trkpt lat="8.054726053" lon="100.045447626"></trkpt>
    <trkpt lat="8.053126657" lon="100.052791556"></trkpt>
    <trkpt lat="8.06895924" lon="100.060399679"></trkpt>
    <trkpt lat="8.068863169" lon="100.062603688"></trkpt>
    <trkpt lat="8.073274451" lon="100.067913939"></trkpt>
    <trkpt lat="8.077859518" lon="100.069917149"></trkpt>
    <trkpt lat="8.081045468" lon="100.078176104"></trkpt>
    <trkpt lat="8.085323957" lon="100.074767921"></trkpt>
    <trkpt lat="8.096806959" lon="100.075577307"></trkpt>
    <trkpt lat="8.097162616" lon="100.077118347"></trkpt>
    <trkpt lat="8.106911149" lon="100.076181687"></trkpt>
    <trkpt lat="8.110209328" lon="100.07772017"></trkpt>
    <trkpt lat="8.107676059" lon="100.083688943"></trkpt>
    <trkpt lat="8.103603023" lon="100.088097745"></trkpt>
    <trkpt lat="8.103720857" lon="100.091108305"></trkpt>
    <trkpt lat="8.113934908" lon="100.094936699"></trkpt>
    <trkpt lat="8.110353971" lon="100.098961961"></trkpt>
    <trkpt lat="8.119599114" lon="100.10720165"></trkpt>
    <trkpt lat="8.122446168" lon="100.105244263"></trkpt>
    <trkpt lat="8.131678512" lon="100.089181406"></trkpt>
    <trkpt lat="8.14098796" lon="100.07677591"></trkpt>
    <trkpt lat="8.147916996" lon="100.081756442"></trkpt>
    <trkpt lat="8.161904684" lon="100.097771089"></trkpt>
    <trkpt lat="8.165044694" lon="100.101694907"></trkpt>
    <trkpt lat="8.164606985" lon="100.104184655"></trkpt>
    <trkpt lat="8.172172753" lon="100.108069752"></trkpt>
    <trkpt lat="8.171673211" lon="100.11021522"></trkpt>
    <trkpt lat="8.175042248" lon="100.112678532"></trkpt>
    <trkpt lat="8.175049251" lon="100.112761087"></trkpt>
    <trkpt lat="8.175799964" lon="100.117114897"></trkpt>
    <trkpt lat="8.174173667" lon="100.120455195"></trkpt>
    <trkpt lat="8.182246084" lon="100.125743029"></trkpt>
    <trkpt lat="8.183958929" lon="100.122665883"></trkpt>
    <trkpt lat="8.187100592" lon="100.12199312"></trkpt>
  </trkseg>
</trk>
<trk>
  <name>อ.ทุ่งสง</name>
  <desc>อ.ทุ่งสง</desc>
  <trkseg>
    <trkpt lat="8.008801789" lon="99.633228936"></trkpt>
    <trkpt lat="8.010635668" lon="99.634347944"></trkpt>
    <trkpt lat="8.011083948" lon="99.638616944"></trkpt>
    <trkpt lat="8.011825558" lon="99.645001493"></trkpt>
    <trkpt lat="8.01027983" lon="99.651037487"></trkpt>
    <trkpt lat="8.011777381" lon="99.65247019"></trkpt>
    <trkpt lat="8.011776702" lon="99.652554081"></trkpt>
    <trkpt lat="8.01132076" lon="99.654900567"></trkpt>
    <trkpt lat="8.011325957" lon="99.65495712"></trkpt>
    <trkpt lat="8.012903683" lon="99.657386394"></trkpt>
    <trkpt lat="8.010615467" lon="99.659200595"></trkpt>
    <trkpt lat="8.011578505" lon="99.661494938"></trkpt>
    <trkpt lat="8.01158433" lon="99.661545033"></trkpt>
    <trkpt lat="8.006782279" lon="99.666511339"></trkpt>
    <trkpt lat="8.006989476" lon="99.670382764"></trkpt>
    <trkpt lat="8.008327713" lon="99.671092053"></trkpt>
    <trkpt lat="8.005888801" lon="99.672041323"></trkpt>
    <trkpt lat="8.005890346" lon="99.672103877"></trkpt>
    <trkpt lat="8.008164407" lon="99.673012503"></trkpt>
    <trkpt lat="8.006498698" lon="99.673791764"></trkpt>
    <trkpt lat="8.006289901" lon="99.676611336"></trkpt>
    <trkpt lat="8.00490943" lon="99.676270631"></trkpt>
    <trkpt lat="8.00351349" lon="99.675926107"></trkpt>
    <trkpt lat="8.004744352" lon="99.676528113"></trkpt>
    <trkpt lat="8.004746074" lon="99.67658513"></trkpt>
    <trkpt lat="8.003967368" lon="99.67770653"></trkpt>
    <trkpt lat="8.001360986" lon="99.676970477"></trkpt>
    <trkpt lat="7.99818448" lon="99.682476616"></trkpt>
    <trkpt lat="7.998799202" lon="99.685122365"></trkpt>
    <trkpt lat="7.995201974" lon="99.68905137"></trkpt>
    <trkpt lat="7.996866059" lon="99.691218166"></trkpt>
    <trkpt lat="7.996866142" lon="99.691261943"></trkpt>
    <trkpt lat="7.995935649" lon="99.694729638"></trkpt>
    <trkpt lat="7.99102722" lon="99.698583965"></trkpt>
    <trkpt lat="7.990973273" lon="99.702687239"></trkpt>
    <trkpt lat="7.992389545" lon="99.704051232"></trkpt>
    <trkpt lat="7.990932269" lon="99.705155814"></trkpt>
    <trkpt lat="7.992459781" lon="99.707503733"></trkpt>
    <trkpt lat="7.990680911" lon="99.710533733"></trkpt>
    <trkpt lat="7.990682016" lon="99.710696368"></trkpt>
    <trkpt lat="7.99014215" lon="99.7132059"></trkpt>
    <trkpt lat="7.992717212" lon="99.714201063"></trkpt>
    <trkpt lat="7.992719012" lon="99.714296871"></trkpt>
    <trkpt lat="7.992881112" lon="99.717807433"></trkpt>
    <trkpt lat="7.997427414" lon="99.721839493"></trkpt>
    <trkpt lat="7.995347206" lon="99.722508209"></trkpt>
    <trkpt lat="7.995345221" lon="99.722602752"></trkpt>
    <trkpt lat="7.997207239" lon="99.725515183"></trkpt>
    <trkpt lat="7.999063773" lon="99.725219075"></trkpt>
    <trkpt lat="7.997911545" lon="99.727566141"></trkpt>
    <trkpt lat="7.999546316" lon="99.729929286"></trkpt>
    <trkpt lat="7.994989861" lon="99.733457243"></trkpt>
    <trkpt lat="7.987940493" lon="99.739557011"></trkpt>
    <trkpt lat="7.983858353" lon="99.743767162"></trkpt>
    <trkpt lat="7.983214019" lon="99.747473092"></trkpt>
    <trkpt lat="7.982097109" lon="99.750028426"></trkpt>
    <trkpt lat="7.980974858" lon="99.752121229"></trkpt>
    <trkpt lat="7.9782091" lon="99.752793475"></trkpt>
    <trkpt lat="7.970001089" lon="99.752920862"></trkpt>
    <trkpt lat="7.969101679" lon="99.748576698"></trkpt>
    <trkpt lat="7.969100847" lon="99.748523867"></trkpt>
    <trkpt lat="7.961410174" lon="99.744155816"></trkpt>
    <trkpt lat="7.961406299" lon="99.744059976"></trkpt>
    <trkpt lat="7.95261362" lon="99.741504087"></trkpt>
    <trkpt lat="7.949130633" lon="99.737662271"></trkpt>
    <trkpt lat="7.945964909" lon="99.734069253"></trkpt>
    <trkpt lat="7.940031825" lon="99.73437375"></trkpt>
    <trkpt lat="7.936436049" lon="99.739027578"></trkpt>
    <trkpt lat="7.931660633" lon="99.740237581"></trkpt>
    <trkpt lat="7.926631396" lon="99.74044621"></trkpt>
    <trkpt lat="7.917740007" lon="99.738334259"></trkpt>
    <trkpt lat="7.91452652" lon="99.736072124"></trkpt>
    <trkpt lat="7.91191416" lon="99.734021852"></trkpt>
    <trkpt lat="7.90839626" lon="99.734506984"></trkpt>
    <trkpt lat="7.900586991" lon="99.731538803"></trkpt>
    <trkpt lat="7.895333428" lon="99.733306272"></trkpt>
    <trkpt lat="7.888128935" lon="99.731587583"></trkpt>
    <trkpt lat="7.878840586" lon="99.735186318"></trkpt>
    <trkpt lat="7.877696605" lon="99.73786415"></trkpt>
    <trkpt lat="7.875153054" lon="99.739046497"></trkpt>
    <trkpt lat="7.868071774" lon="99.734681364"></trkpt>
    <trkpt lat="7.860885086" lon="99.737899677"></trkpt>
    <trkpt lat="7.869071415" lon="99.751139806"></trkpt>
    <trkpt lat="7.869916848" lon="99.757706328"></trkpt>
    <trkpt lat="7.874386984" lon="99.758427458"></trkpt>
    <trkpt lat="7.882595442" lon="99.766047751"></trkpt>
    <trkpt lat="7.888192212" lon="99.766760265"></trkpt>
    <trkpt lat="7.889213571" lon="99.77358634"></trkpt>
    <trkpt lat="7.891826918" lon="99.774377848"></trkpt>
    <trkpt lat="7.891875134" lon="99.7762119"></trkpt>
    <trkpt lat="7.904049824" lon="99.777551755"></trkpt>
    <trkpt lat="7.908745538" lon="99.786821826"></trkpt>
    <trkpt lat="7.906854302" lon="99.792203644"></trkpt>
    <trkpt lat="7.90965692" lon="99.795074303"></trkpt>
    <trkpt lat="7.909915867" lon="99.798341822"></trkpt>
    <trkpt lat="7.920966479" lon="99.797765666"></trkpt>
    <trkpt lat="7.927325925" lon="99.799315656"></trkpt>
    <trkpt lat="7.937575399" lon="99.805175706"></trkpt>
    <trkpt lat="7.942090871" lon="99.805666732"></trkpt>
    <trkpt lat="7.94508941" lon="99.804232555"></trkpt>
    <trkpt lat="7.956741747" lon="99.821531842"></trkpt>
    <trkpt lat="7.963570467" lon="99.828335087"></trkpt>
    <trkpt lat="7.967900875" lon="99.829313008"></trkpt>
    <trkpt lat="7.972469677" lon="99.828721008"></trkpt>
    <trkpt lat="7.974384988" lon="99.826633885"></trkpt>
    <trkpt lat="7.980017329" lon="99.826862693"></trkpt>
    <trkpt lat="7.981154802" lon="99.822867957"></trkpt>
    <trkpt lat="7.989172346" lon="99.812272771"></trkpt>
    <trkpt lat="7.993397089" lon="99.80172749"></trkpt>
    <trkpt lat="7.994533025" lon="99.79439284"></trkpt>
    <trkpt lat="8.002008056" lon="99.792498396"></trkpt>
    <trkpt lat="8.010110895" lon="99.787849619"></trkpt>
    <trkpt lat="8.013212502" lon="99.78889376"></trkpt>
    <trkpt lat="8.01891346" lon="99.789053225"></trkpt>
    <trkpt lat="8.027319071" lon="99.792235577"></trkpt>
    <trkpt lat="8.034379345" lon="99.786845053"></trkpt>
    <trkpt lat="8.038073981" lon="99.779899347"></trkpt>
    <trkpt lat="8.041881292" lon="99.777012924"></trkpt>
    <trkpt lat="8.059781142" lon="99.777875875"></trkpt>
    <trkpt lat="8.068411165" lon="99.771173356"></trkpt>
    <trkpt lat="8.068060175" lon="99.765411207"></trkpt>
    <trkpt lat="8.072833705" lon="99.766553735"></trkpt>
    <trkpt lat="8.079154026" lon="99.761739504"></trkpt>
    <trkpt lat="8.092378488" lon="99.763765882"></trkpt>
    <trkpt lat="8.105289757" lon="99.769084821"></trkpt>
    <trkpt lat="8.111155686" lon="99.769774144"></trkpt>
    <trkpt lat="8.128896595" lon="99.778400731"></trkpt>
    <trkpt lat="8.139419513" lon="99.77445615"></trkpt>
    <trkpt lat="8.142103273" lon="99.769550912"></trkpt>
    <trkpt lat="8.144080261" lon="99.768731201"></trkpt>
    <trkpt lat="8.149358352" lon="99.773987252"></trkpt>
    <trkpt lat="8.160812634" lon="99.773985628"></trkpt>
    <trkpt lat="8.168140538" lon="99.788646234"></trkpt>
    <trkpt lat="8.170417897" lon="99.790529041"></trkpt>
    <trkpt lat="8.180782657" lon="99.789817401"></trkpt>
    <trkpt lat="8.183247961" lon="99.787961614"></trkpt>
    <trkpt lat="8.184425335" lon="99.791990246"></trkpt>
    <trkpt lat="8.193515495" lon="99.79906661"></trkpt>
    <trkpt lat="8.195588409" lon="99.802535919"></trkpt>
    <trkpt lat="8.19607927" lon="99.800218658"></trkpt>
    <trkpt lat="8.200788645" lon="99.800838145"></trkpt>
    <trkpt lat="8.200141052" lon="99.790191102"></trkpt>
    <trkpt lat="8.20160525" lon="99.787418153"></trkpt>
    <trkpt lat="8.204524571" lon="99.78650878"></trkpt>
    <trkpt lat="8.211016562" lon="99.776882128"></trkpt>
    <trkpt lat="8.216690588" lon="99.781590924"></trkpt>
    <trkpt lat="8.226864672" lon="99.78514951"></trkpt>
    <trkpt lat="8.234058319" lon="99.792441586"></trkpt>
    <trkpt lat="8.233535715" lon="99.784193522"></trkpt>
    <trkpt lat="8.235342375" lon="99.778095635"></trkpt>
    <trkpt lat="8.2401874" lon="99.772387926"></trkpt>
    <trkpt lat="8.237802497" lon="99.768131472"></trkpt>
    <trkpt lat="8.241743719" lon="99.759419122"></trkpt>
    <trkpt lat="8.245747767" lon="99.755391034"></trkpt>
    <trkpt lat="8.252697326" lon="99.758323895"></trkpt>
    <trkpt lat="8.259605874" lon="99.75730818"></trkpt>
    <trkpt lat="8.261550483" lon="99.754340067"></trkpt>
    <trkpt lat="8.270916485" lon="99.752500164"></trkpt>
    <trkpt lat="8.272865078" lon="99.735119885"></trkpt>
    <trkpt lat="8.278571974" lon="99.732861166"></trkpt>
    <trkpt lat="8.282442761" lon="99.727324413"></trkpt>
    <trkpt lat="8.291178267" lon="99.727623172"></trkpt>
    <trkpt lat="8.301547801" lon="99.720711713"></trkpt>
    <trkpt lat="8.299224672" lon="99.710889893"></trkpt>
    <trkpt lat="8.297250294" lon="99.709054083"></trkpt>
    <trkpt lat="8.298030766" lon="99.702135338"></trkpt>
    <trkpt lat="8.295621304" lon="99.688421484"></trkpt>
    <trkpt lat="8.291681872" lon="99.681091705"></trkpt>
    <trkpt lat="8.288929514" lon="99.679245745"></trkpt>
    <trkpt lat="8.290136835" lon="99.674564579"></trkpt>
    <trkpt lat="8.285922511" lon="99.672689126"></trkpt>
    <trkpt lat="8.279642691" lon="99.674590042"></trkpt>
    <trkpt lat="8.276613523" lon="99.67260252"></trkpt>
    <trkpt lat="8.266296463" lon="99.670862301"></trkpt>
    <trkpt lat="8.256481676" lon="99.677972438"></trkpt>
    <trkpt lat="8.240245763" lon="99.681261296"></trkpt>
    <trkpt lat="8.234196523" lon="99.675744146"></trkpt>
    <trkpt lat="8.231739387" lon="99.67573663"></trkpt>
    <trkpt lat="8.222657552" lon="99.669429227"></trkpt>
    <trkpt lat="8.223628356" lon="99.664508716"></trkpt>
    <trkpt lat="8.219790759" lon="99.65902622"></trkpt>
    <trkpt lat="8.227392972" lon="99.651033394"></trkpt>
    <trkpt lat="8.226605471" lon="99.645138376"></trkpt>
    <trkpt lat="8.226597367" lon="99.645071239"></trkpt>
    <trkpt lat="8.225768749" lon="99.636938098"></trkpt>
    <trkpt lat="8.228027812" lon="99.629308524"></trkpt>
    <trkpt lat="8.228022465" lon="99.629257139"></trkpt>
    <trkpt lat="8.227580504" lon="99.629224535"></trkpt>
    <trkpt lat="8.227578259" lon="99.629173932"></trkpt>
    <trkpt lat="8.227558353" lon="99.628516174"></trkpt>
    <trkpt lat="8.227554542" lon="99.628473353"></trkpt>
    <trkpt lat="8.228052524" lon="99.624812351"></trkpt>
    <trkpt lat="8.223551275" lon="99.621137769"></trkpt>
    <trkpt lat="8.223669457" lon="99.619349194"></trkpt>
    <trkpt lat="8.220266722" lon="99.618191248"></trkpt>
    <trkpt lat="8.220750725" lon="99.6144932"></trkpt>
    <trkpt lat="8.2207478" lon="99.61445323"></trkpt>
    <trkpt lat="8.221061792" lon="99.611956706"></trkpt>
    <trkpt lat="8.21351121" lon="99.611981108"></trkpt>
    <trkpt lat="8.213434279" lon="99.60913556"></trkpt>
    <trkpt lat="8.213431919" lon="99.609072319"></trkpt>
    <trkpt lat="8.212811952" lon="99.608054062"></trkpt>
    <trkpt lat="8.212807297" lon="99.608009897"></trkpt>
    <trkpt lat="8.209383307" lon="99.605155033"></trkpt>
    <trkpt lat="8.209383531" lon="99.605112944"></trkpt>
    <trkpt lat="8.2062033" lon="99.602583992"></trkpt>
    <trkpt lat="8.206190062" lon="99.602485699"></trkpt>
    <trkpt lat="8.206553642" lon="99.598091748"></trkpt>
    <trkpt lat="8.223622891" lon="99.598221504"></trkpt>
    <trkpt lat="8.224543645" lon="99.599688857"></trkpt>
    <trkpt lat="8.229065183" lon="99.592200582"></trkpt>
    <trkpt lat="8.230307386" lon="99.582714448"></trkpt>
    <trkpt lat="8.233269483" lon="99.58248662"></trkpt>
    <trkpt lat="8.234326044" lon="99.579714162"></trkpt>
    <trkpt lat="8.242388438" lon="99.579265652"></trkpt>
    <trkpt lat="8.24216547" lon="99.574299119"></trkpt>
    <trkpt lat="8.245173005" lon="99.568759342"></trkpt>
    <trkpt lat="8.243849484" lon="99.559297946"></trkpt>
    <trkpt lat="8.2463401" lon="99.548463686"></trkpt>
    <trkpt lat="8.244453952" lon="99.539909877"></trkpt>
    <trkpt lat="8.235987925" lon="99.536854984"></trkpt>
    <trkpt lat="8.235987387" lon="99.536770346"></trkpt>
    <trkpt lat="8.235819707" lon="99.534255696"></trkpt>
    <trkpt lat="8.231474067" lon="99.532507072"></trkpt>
    <trkpt lat="8.231367978" lon="99.528947769"></trkpt>
    <trkpt lat="8.231359964" lon="99.528902981"></trkpt>
    <trkpt lat="8.23137551" lon="99.528733242"></trkpt>
    <trkpt lat="8.231366553" lon="99.528679527"></trkpt>
    <trkpt lat="8.236817284" lon="99.515123849"></trkpt>
    <trkpt lat="8.236297416" lon="99.511205243"></trkpt>
    <trkpt lat="8.231997783" lon="99.507994985"></trkpt>
    <trkpt lat="8.228811472" lon="99.502946697"></trkpt>
    <trkpt lat="8.223327042" lon="99.500897427"></trkpt>
    <trkpt lat="8.222070256" lon="99.498524928"></trkpt>
    <trkpt lat="8.218102027" lon="99.498818446"></trkpt>
    <trkpt lat="8.218594582" lon="99.49231058"></trkpt>
    <trkpt lat="8.216958006" lon="99.489708595"></trkpt>
    <trkpt lat="8.218871532" lon="99.485903662"></trkpt>
    <trkpt lat="8.215170319" lon="99.483518498"></trkpt>
    <trkpt lat="8.213826375" lon="99.480389393"></trkpt>
    <trkpt lat="8.211935648" lon="99.482444462"></trkpt>
    <trkpt lat="8.207848818" lon="99.481361886"></trkpt>
    <trkpt lat="8.20594283" lon="99.479520175"></trkpt>
    <trkpt lat="8.207173355" lon="99.47860195"></trkpt>
    <trkpt lat="8.205955964" lon="99.476286323"></trkpt>
    <trkpt lat="8.202960961" lon="99.47475079"></trkpt>
    <trkpt lat="8.199832582" lon="99.476067105"></trkpt>
    <trkpt lat="8.197358876" lon="99.472746068"></trkpt>
    <trkpt lat="8.193501216" lon="99.466890519"></trkpt>
    <trkpt lat="8.193357336" lon="99.460764087"></trkpt>
    <trkpt lat="8.187554755" lon="99.446409678"></trkpt>
    <trkpt lat="8.181040445" lon="99.446124732"></trkpt>
    <trkpt lat="8.178126358" lon="99.442797597"></trkpt>
    <trkpt lat="8.17197446" lon="99.443085103"></trkpt>
    <trkpt lat="8.169077867" lon="99.43966102"></trkpt>
    <trkpt lat="8.160700011" lon="99.438486979"></trkpt>
    <trkpt lat="8.159370773" lon="99.432343443"></trkpt>
    <trkpt lat="8.148956324" lon="99.427078692"></trkpt>
    <trkpt lat="8.136629507" lon="99.426069454"></trkpt>
    <trkpt lat="8.131666723" lon="99.433029014"></trkpt>
    <trkpt lat="8.127756403" lon="99.434312482"></trkpt>
    <trkpt lat="8.122898145" lon="99.4335057"></trkpt>
    <trkpt lat="8.124561159" lon="99.44348493"></trkpt>
    <trkpt lat="8.121058195" lon="99.46301813"></trkpt>
    <trkpt lat="8.124377462" lon="99.46306105"></trkpt>
    <trkpt lat="8.128460225" lon="99.457740282"></trkpt>
    <trkpt lat="8.133994645" lon="99.4602596"></trkpt>
    <trkpt lat="8.138384188" lon="99.470366905"></trkpt>
    <trkpt lat="8.141398179" lon="99.472104485"></trkpt>
    <trkpt lat="8.14316914" lon="99.475606222"></trkpt>
    <trkpt lat="8.142797336" lon="99.477867953"></trkpt>
    <trkpt lat="8.139339444" lon="99.479605788"></trkpt>
    <trkpt lat="8.139538781" lon="99.487159615"></trkpt>
    <trkpt lat="8.136843564" lon="99.489718703"></trkpt>
    <trkpt lat="8.130552838" lon="99.490583336"></trkpt>
    <trkpt lat="8.126215927" lon="99.493019187"></trkpt>
    <trkpt lat="8.126488577" lon="99.497138547"></trkpt>
    <trkpt lat="8.124038808" lon="99.501309041"></trkpt>
    <trkpt lat="8.142585109" lon="99.504192803"></trkpt>
    <trkpt lat="8.142444975" lon="99.516675978"></trkpt>
    <trkpt lat="8.14393998" lon="99.520790222"></trkpt>
    <trkpt lat="8.135503821" lon="99.522869266"></trkpt>
    <trkpt lat="8.11408433" lon="99.521505945"></trkpt>
    <trkpt lat="8.102611322" lon="99.524635375"></trkpt>
    <trkpt lat="8.08758973" lon="99.522607211"></trkpt>
    <trkpt lat="8.079099423" lon="99.523153877"></trkpt>
    <trkpt lat="8.077787706" lon="99.52449926"></trkpt>
    <trkpt lat="8.078093812" lon="99.52933837"></trkpt>
    <trkpt lat="8.080060883" lon="99.537650571"></trkpt>
    <trkpt lat="8.073171354" lon="99.538125846"></trkpt>
    <trkpt lat="8.070513485" lon="99.541145515"></trkpt>
    <trkpt lat="8.062822824" lon="99.543101299"></trkpt>
    <trkpt lat="8.061365859" lon="99.542006509"></trkpt>
    <trkpt lat="8.050004939" lon="99.547594397"></trkpt>
    <trkpt lat="8.046074381" lon="99.546366659"></trkpt>
    <trkpt lat="8.042653605" lon="99.550483219"></trkpt>
    <trkpt lat="8.039358167" lon="99.55059917"></trkpt>
    <trkpt lat="8.03577178" lon="99.554289399"></trkpt>
    <trkpt lat="8.036085061" lon="99.56150401"></trkpt>
    <trkpt lat="8.033668362" lon="99.56584804"></trkpt>
    <trkpt lat="8.033680066" lon="99.569471557"></trkpt>
    <trkpt lat="8.030650046" lon="99.569538985"></trkpt>
    <trkpt lat="8.028613929" lon="99.57156875"></trkpt>
    <trkpt lat="8.025077074" lon="99.571073301"></trkpt>
    <trkpt lat="8.021321828" lon="99.574941874"></trkpt>
    <trkpt lat="8.014633452" lon="99.576881475"></trkpt>
    <trkpt lat="8.00189733" lon="99.576441317"></trkpt>
    <trkpt lat="7.997053908" lon="99.580819096"></trkpt>
    <trkpt lat="7.992322388" lon="99.581838571"></trkpt>
    <trkpt lat="7.992152265" lon="99.585539055"></trkpt>
    <trkpt lat="7.987954909" lon="99.587728036"></trkpt>
    <trkpt lat="7.987933663" lon="99.591566519"></trkpt>
    <trkpt lat="7.984072131" lon="99.596355129"></trkpt>
    <trkpt lat="7.983427509" lon="99.602842638"></trkpt>
    <trkpt lat="7.985519219" lon="99.602451893"></trkpt>
    <trkpt lat="7.985645506" lon="99.610011768"></trkpt>
    <trkpt lat="7.989219843" lon="99.613588809"></trkpt>
    <trkpt lat="7.987660443" lon="99.615718179"></trkpt>
    <trkpt lat="7.990104937" lon="99.617111544"></trkpt>
    <trkpt lat="7.992172981" lon="99.616125164"></trkpt>
    <trkpt lat="7.99270766" lon="99.619301125"></trkpt>
    <trkpt lat="7.998469829" lon="99.622223441"></trkpt>
    <trkpt lat="7.998468966" lon="99.62213749"></trkpt>
    <trkpt lat="8.00015764" lon="99.6222525"></trkpt>
    <trkpt lat="8.000948984" lon="99.624422651"></trkpt>
    <trkpt lat="8.00254648" lon="99.623864112"></trkpt>
    <trkpt lat="8.002720976" lon="99.625818196"></trkpt>
    <trkpt lat="8.002721204" lon="99.625853403"></trkpt>
    <trkpt lat="8.007179284" lon="99.629588482"></trkpt>
    <trkpt lat="8.007179373" lon="99.629682203"></trkpt>
    <trkpt lat="8.009606872" lon="99.631214199"></trkpt>
    <trkpt lat="8.008799912" lon="99.633162389"></trkpt>
    <trkpt lat="8.008801789" lon="99.633228936"></trkpt>
  </trkseg>
</trk>
<trk>
  <name>อ.ปากพนัง</name>
  <desc>อ.ปากพนัง</desc>
  <trkseg>
    <trkpt lat="8.317459333" lon="100.25926011"></trkpt>
    <trkpt lat="8.407487379" lon="100.228359852"></trkpt>
    <trkpt lat="8.449487454" lon="100.211044409"></trkpt>
    <trkpt lat="8.481976529" lon="100.190293379"></trkpt>
    <trkpt lat="8.503790513" lon="100.167962909"></trkpt>
    <trkpt lat="8.514581044" lon="100.150630044"></trkpt>
    <trkpt lat="8.519653935" lon="100.136792944"></trkpt>
    <trkpt lat="8.521200113" lon="100.126421891"></trkpt>
    <trkpt lat="8.518604776" lon="100.113062676"></trkpt>
    <trkpt lat="8.516291293" lon="100.118515834"></trkpt>
    <trkpt lat="8.516506421" lon="100.126743351"></trkpt>
    <trkpt lat="8.515661919" lon="100.12957659"></trkpt>
    <trkpt lat="8.513826371" lon="100.129634529"></trkpt>
    <trkpt lat="8.51382761" lon="100.129681911"></trkpt>
    <trkpt lat="8.51333018" lon="100.134027679"></trkpt>
    <trkpt lat="8.51333068" lon="100.134103376"></trkpt>
    <trkpt lat="8.510700813" lon="100.145396908"></trkpt>
    <trkpt lat="8.510699331" lon="100.145448104"></trkpt>
    <trkpt lat="8.509630425" lon="100.149266684"></trkpt>
    <trkpt lat="8.503014236" lon="100.154346436"></trkpt>
    <trkpt lat="8.500739925" lon="100.159089194"></trkpt>
    <trkpt lat="8.501488006" lon="100.161369942"></trkpt>
    <trkpt lat="8.501565955" lon="100.16151417"></trkpt>
    <trkpt lat="8.501566495" lon="100.161609239"></trkpt>
    <trkpt lat="8.501488006" lon="100.161369942"></trkpt>
    <trkpt lat="8.500529257" lon="100.159595981"></trkpt>
    <trkpt lat="8.498570411" lon="100.160251541"></trkpt>
    <trkpt lat="8.50134623" lon="100.16211801"></trkpt>
    <trkpt lat="8.501437992" lon="100.162243105"></trkpt>
    <trkpt lat="8.500368084" lon="100.163421489"></trkpt>
    <trkpt lat="8.497844993" lon="100.160705086"></trkpt>
    <trkpt lat="8.492721731" lon="100.162856699"></trkpt>
    <trkpt lat="8.490638748" lon="100.161359931"></trkpt>
    <trkpt lat="8.483853613" lon="100.165156549"></trkpt>
    <trkpt lat="8.484070993" lon="100.163992673"></trkpt>
    <trkpt lat="8.472157563" lon="100.156501998"></trkpt>
    <trkpt lat="8.443346101" lon="100.147271461"></trkpt>
    <trkpt lat="8.442310286" lon="100.148950054"></trkpt>
    <trkpt lat="8.424523915" lon="100.151108912"></trkpt>
    <trkpt lat="8.423546018" lon="100.150151399"></trkpt>
    <trkpt lat="8.420122984" lon="100.152401136"></trkpt>
    <trkpt lat="8.41523887" lon="100.152594233"></trkpt>
    <trkpt lat="8.395478435" lon="100.168872683"></trkpt>
    <trkpt lat="8.388087235" lon="100.173304426"></trkpt>
    <trkpt lat="8.387383534" lon="100.171584022"></trkpt>
    <trkpt lat="8.387379564" lon="100.171484926"></trkpt>
    <trkpt lat="8.387117635" lon="100.164975166"></trkpt>
    <trkpt lat="8.39187778" lon="100.155899614"></trkpt>
    <trkpt lat="8.386956813" lon="100.152131669"></trkpt>
    <trkpt lat="8.387121047" lon="100.148907477"></trkpt>
    <trkpt lat="8.387117193" lon="100.148850539"></trkpt>
    <trkpt lat="8.389515575" lon="100.13927742"></trkpt>
    <trkpt lat="8.388312989" lon="100.138055308"></trkpt>
    <trkpt lat="8.395061017" lon="100.130742714"></trkpt>
    <trkpt lat="8.394944631" lon="100.127830596"></trkpt>
    <trkpt lat="8.397424402" lon="100.128259117"></trkpt>
    <trkpt lat="8.399342797" lon="100.123650502"></trkpt>
    <trkpt lat="8.402447271" lon="100.121990226"></trkpt>
    <trkpt lat="8.406033986" lon="100.111858872"></trkpt>
    <trkpt lat="8.410342339" lon="100.107790006"></trkpt>
    <trkpt lat="8.408360132" lon="100.106490011"></trkpt>
    <trkpt lat="8.414790189" lon="100.09896832"></trkpt>
    <trkpt lat="8.414840293" lon="100.094073172"></trkpt>
    <trkpt lat="8.416480593" lon="100.092073883"></trkpt>
    <trkpt lat="8.414544368" lon="100.08897933"></trkpt>
    <trkpt lat="8.405881581" lon="100.090478021"></trkpt>
    <trkpt lat="8.399032862" lon="100.095583199"></trkpt>
    <trkpt lat="8.394241819" lon="100.092023409"></trkpt>
    <trkpt lat="8.390003722" lon="100.090810324"></trkpt>
    <trkpt lat="8.387140228" lon="100.091866695"></trkpt>
    <trkpt lat="8.385940478" lon="100.088380013"></trkpt>
    <trkpt lat="8.383457935" lon="100.090464469"></trkpt>
    <trkpt lat="8.382402872" lon="100.087908348"></trkpt>
    <trkpt lat="8.373550602" lon="100.089208525"></trkpt>
    <trkpt lat="8.371701655" lon="100.086744336"></trkpt>
    <trkpt lat="8.367587143" lon="100.087516561"></trkpt>
    <trkpt lat="8.367390339" lon="100.085620071"></trkpt>
    <trkpt lat="8.363379901" lon="100.086790573"></trkpt>
    <trkpt lat="8.361318872" lon="100.083235967"></trkpt>
    <trkpt lat="8.363271931" lon="100.082951099"></trkpt>
    <trkpt lat="8.363013789" lon="100.080426036"></trkpt>
    <trkpt lat="8.360563312" lon="100.080544851"></trkpt>
    <trkpt lat="8.358856385" lon="100.078652443"></trkpt>
    <trkpt lat="8.357348819" lon="100.078750879"></trkpt>
    <trkpt lat="8.357100843" lon="100.080636749"></trkpt>
    <trkpt lat="8.354642256" lon="100.078248478"></trkpt>
    <trkpt lat="8.348232476" lon="100.078171985"></trkpt>
    <trkpt lat="8.347755383" lon="100.080445098"></trkpt>
    <trkpt lat="8.343752165" lon="100.07824203"></trkpt>
    <trkpt lat="8.343427798" lon="100.075797813"></trkpt>
    <trkpt lat="8.342338084" lon="100.07716811"></trkpt>
    <trkpt lat="8.335837817" lon="100.077032343"></trkpt>
    <trkpt lat="8.333173129" lon="100.071272924"></trkpt>
    <trkpt lat="8.336489074" lon="100.071625134"></trkpt>
    <trkpt lat="8.337231659" lon="100.066130322"></trkpt>
    <trkpt lat="8.334698215" lon="100.065381338"></trkpt>
    <trkpt lat="8.336045547" lon="100.063856411"></trkpt>
    <trkpt lat="8.334936574" lon="100.0618998"></trkpt>
    <trkpt lat="8.338263302" lon="100.061185791"></trkpt>
    <trkpt lat="8.337231575" lon="100.059767043"></trkpt>
    <trkpt lat="8.338942924" lon="100.058434225"></trkpt>
    <trkpt lat="8.336089048" lon="100.053585381"></trkpt>
    <trkpt lat="8.333293185" lon="100.05509342"></trkpt>
    <trkpt lat="8.331596247" lon="100.05281481"></trkpt>
    <trkpt lat="8.330664772" lon="100.054906111"></trkpt>
    <trkpt lat="8.32435778" lon="100.053718212"></trkpt>
    <trkpt lat="8.323584624" lon="100.055003185"></trkpt>
    <trkpt lat="8.321049511" lon="100.05277379"></trkpt>
    <trkpt lat="8.320646441" lon="100.050988279"></trkpt>
    <trkpt lat="8.32277556" lon="100.050309861"></trkpt>
    <trkpt lat="8.320990644" lon="100.048689559"></trkpt>
    <trkpt lat="8.319294604" lon="100.050089049"></trkpt>
    <trkpt lat="8.31326271" lon="100.044935763"></trkpt>
    <trkpt lat="8.308906707" lon="100.046613763"></trkpt>
    <trkpt lat="8.309950237" lon="100.044845963"></trkpt>
    <trkpt lat="8.307608908" lon="100.044159798"></trkpt>
    <trkpt lat="8.306490722" lon="100.045890877"></trkpt>
    <trkpt lat="8.299090602" lon="100.045373179"></trkpt>
    <trkpt lat="8.292282422" lon="100.047910533"></trkpt>
    <trkpt lat="8.286977144" lon="100.042976338"></trkpt>
    <trkpt lat="8.278311915" lon="100.042366221"></trkpt>
    <trkpt lat="8.26985658" lon="100.037002109"></trkpt>
    <trkpt lat="8.25089752" lon="100.032212561"></trkpt>
    <trkpt lat="8.248593297" lon="100.02664107"></trkpt>
    <trkpt lat="8.249396898" lon="100.023062004"></trkpt>
    <trkpt lat="8.24813949" lon="100.019052073"></trkpt>
    <trkpt lat="8.218733709" lon="100.057078984"></trkpt>
    <trkpt lat="8.221848835" lon="100.061446121"></trkpt>
    <trkpt lat="8.227226897" lon="100.0639386"></trkpt>
    <trkpt lat="8.234056601" lon="100.072080099"></trkpt>
    <trkpt lat="8.229303944" lon="100.076780416"></trkpt>
    <trkpt lat="8.227681086" lon="100.075829913"></trkpt>
    <trkpt lat="8.225283625" lon="100.07753007"></trkpt>
    <trkpt lat="8.224506834" lon="100.081141915"></trkpt>
    <trkpt lat="8.219587394" lon="100.104015826"></trkpt>
    <trkpt lat="8.214416335" lon="100.117008569"></trkpt>
    <trkpt lat="8.206965348" lon="100.127032364"></trkpt>
    <trkpt lat="8.211782876" lon="100.12714186"></trkpt>
    <trkpt lat="8.221734672" lon="100.132314604"></trkpt>
    <trkpt lat="8.22182545" lon="100.155619344"></trkpt>
    <trkpt lat="8.219306627" lon="100.159738822"></trkpt>
    <trkpt lat="8.220382557" lon="100.164503777"></trkpt>
    <trkpt lat="8.223832527" lon="100.167119247"></trkpt>
    <trkpt lat="8.224363753" lon="100.171342782"></trkpt>
    <trkpt lat="8.22586782" lon="100.172187669"></trkpt>
    <trkpt lat="8.22586895" lon="100.172225792"></trkpt>
    <trkpt lat="8.22681507" lon="100.17432004"></trkpt>
    <trkpt lat="8.229332032" lon="100.174521095"></trkpt>
    <trkpt lat="8.228361228" lon="100.176733571"></trkpt>
    <trkpt lat="8.229534116" lon="100.178228688"></trkpt>
    <trkpt lat="8.227476877" lon="100.179544785"></trkpt>
    <trkpt lat="8.228333535" lon="100.181170859"></trkpt>
    <trkpt lat="8.226601698" lon="100.181597294"></trkpt>
    <trkpt lat="8.227592685" lon="100.182989918"></trkpt>
    <trkpt lat="8.225052496" lon="100.184282496"></trkpt>
    <trkpt lat="8.226046184" lon="100.187504515"></trkpt>
    <trkpt lat="8.223942736" lon="100.186491283"></trkpt>
    <trkpt lat="8.223639351" lon="100.189914972"></trkpt>
    <trkpt lat="8.219360298" lon="100.191786367"></trkpt>
    <trkpt lat="8.218760887" lon="100.204028433"></trkpt>
    <trkpt lat="8.207943675" lon="100.207426019"></trkpt>
    <trkpt lat="8.207831906" lon="100.21259754"></trkpt>
    <trkpt lat="8.201668607" lon="100.21281787"></trkpt>
    <trkpt lat="8.196790736" lon="100.237687649"></trkpt>
    <trkpt lat="8.199981125" lon="100.239523329"></trkpt>
    <trkpt lat="8.198793923" lon="100.242736292"></trkpt>
    <trkpt lat="8.200478667" lon="100.245908547"></trkpt>
    <trkpt lat="8.194644379" lon="100.250699046"></trkpt>
    <trkpt lat="8.195650814" lon="100.257063699"></trkpt>
    <trkpt lat="8.189469391" lon="100.255981401"></trkpt>
    <trkpt lat="8.183194731" lon="100.259597335"></trkpt>
    <trkpt lat="8.180444766" lon="100.25653378"></trkpt>
    <trkpt lat="8.177809157" lon="100.257759202"></trkpt>
    <trkpt lat="8.17647466" lon="100.26021285"></trkpt>
    <trkpt lat="8.173096985" lon="100.259266366"></trkpt>
    <trkpt lat="8.171257859" lon="100.295101864"></trkpt>
    <trkpt lat="8.250623626" lon="100.277585183"></trkpt>
    <trkpt lat="8.317459333" lon="100.25926011"></trkpt>
  </trkseg>
</trk>
<trk>
  <name>อ.พระพรหม</name>
  <desc>อ.พระพรหม</desc>
  <trkseg>
    <trkpt lat="8.266740832" lon="99.944118191"></trkpt>
    <trkpt lat="8.262989054" lon="99.94776076"></trkpt>
    <trkpt lat="8.262406828" lon="99.954484663"></trkpt>
    <trkpt lat="8.257318404" lon="99.956724905"></trkpt>
    <trkpt lat="8.254095567" lon="99.960715676"></trkpt>
    <trkpt lat="8.256955494" lon="99.966429458"></trkpt>
    <trkpt lat="8.256760851" lon="99.972764794"></trkpt>
    <trkpt lat="8.261345307" lon="99.974348221"></trkpt>
    <trkpt lat="8.262340019" lon="99.976507282"></trkpt>
    <trkpt lat="8.260910565" lon="99.984276836"></trkpt>
    <trkpt lat="8.255149837" lon="99.991600095"></trkpt>
    <trkpt lat="8.256072236" lon="99.997480925"></trkpt>
    <trkpt lat="8.253474649" lon="100.002742675"></trkpt>
    <trkpt lat="8.260237157" lon="100.004462709"></trkpt>
    <trkpt lat="8.275546088" lon="99.99930181"></trkpt>
    <trkpt lat="8.284069293" lon="99.994108339"></trkpt>
    <trkpt lat="8.292019366" lon="99.99279212"></trkpt>
    <trkpt lat="8.291946539" lon="99.988751021"></trkpt>
    <trkpt lat="8.305352654" lon="99.985122404"></trkpt>
    <trkpt lat="8.315500312" lon="99.983507306"></trkpt>
    <trkpt lat="8.320052689" lon="99.985504082"></trkpt>
    <trkpt lat="8.332198623" lon="99.981380743"></trkpt>
    <trkpt lat="8.340447819" lon="99.980891014"></trkpt>
    <trkpt lat="8.353149833" lon="99.977404203"></trkpt>
    <trkpt lat="8.357489998" lon="99.980331401"></trkpt>
    <trkpt lat="8.363008802" lon="99.976326083"></trkpt>
    <trkpt lat="8.368698325" lon="99.975731235"></trkpt>
    <trkpt lat="8.38022455" lon="99.970522763"></trkpt>
    <trkpt lat="8.391604898" lon="99.969630598"></trkpt>
    <trkpt lat="8.385290283" lon="99.959938003"></trkpt>
    <trkpt lat="8.38471383" lon="99.950445078"></trkpt>
    <trkpt lat="8.386483063" lon="99.946623886"></trkpt>
    <trkpt lat="8.386482115" lon="99.946568225"></trkpt>
    <trkpt lat="8.388190414" lon="99.943021005"></trkpt>
    <trkpt lat="8.396794715" lon="99.946285969"></trkpt>
    <trkpt lat="8.395305652" lon="99.935657389"></trkpt>
    <trkpt lat="8.396924804" lon="99.933469514"></trkpt>
    <trkpt lat="8.396580937" lon="99.932187044"></trkpt>
    <trkpt lat="8.394597151" lon="99.932933653"></trkpt>
    <trkpt lat="8.396070886" lon="99.930922825"></trkpt>
    <trkpt lat="8.393845394" lon="99.931443353"></trkpt>
    <trkpt lat="8.393962663" lon="99.931112382"></trkpt>
    <trkpt lat="8.393964204" lon="99.931055894"></trkpt>
    <trkpt lat="8.394330792" lon="99.929414534"></trkpt>
    <trkpt lat="8.391127235" lon="99.928928685"></trkpt>
    <trkpt lat="8.391820352" lon="99.927366134"></trkpt>
    <trkpt lat="8.390132888" lon="99.929355364"></trkpt>
    <trkpt lat="8.385891992" lon="99.930197867"></trkpt>
    <trkpt lat="8.388308378" lon="99.925013702"></trkpt>
    <trkpt lat="8.38866129" lon="99.913031274"></trkpt>
    <trkpt lat="8.382268848" lon="99.912592615"></trkpt>
    <trkpt lat="8.380689305" lon="99.902857557"></trkpt>
    <trkpt lat="8.382162047" lon="99.891600411"></trkpt>
    <trkpt lat="8.378558469" lon="99.888361472"></trkpt>
    <trkpt lat="8.376463424" lon="99.87692838"></trkpt>
    <trkpt lat="8.376460489" lon="99.876873129"></trkpt>
    <trkpt lat="8.37144419" lon="99.868439155"></trkpt>
    <trkpt lat="8.365073937" lon="99.87076122"></trkpt>
    <trkpt lat="8.365239162" lon="99.872603575"></trkpt>
    <trkpt lat="8.365241022" lon="99.872652073"></trkpt>
    <trkpt lat="8.365803104" lon="99.875814389"></trkpt>
    <trkpt lat="8.363970219" lon="99.876466543"></trkpt>
    <trkpt lat="8.36374615" lon="99.87873912"></trkpt>
    <trkpt lat="8.364765569" lon="99.882308521"></trkpt>
    <trkpt lat="8.361733863" lon="99.883172235"></trkpt>
    <trkpt lat="8.361869938" lon="99.886452618"></trkpt>
    <trkpt lat="8.362364122" lon="99.898365964"></trkpt>
    <trkpt lat="8.358582584" lon="99.898376799"></trkpt>
    <trkpt lat="8.358111384" lon="99.891831693"></trkpt>
    <trkpt lat="8.348337269" lon="99.890499083"></trkpt>
    <trkpt lat="8.346881009" lon="99.894003756"></trkpt>
    <trkpt lat="8.344905581" lon="99.893443642"></trkpt>
    <trkpt lat="8.343907148" lon="99.886180963"></trkpt>
    <trkpt lat="8.341736142" lon="99.883619953"></trkpt>
    <trkpt lat="8.341483465" lon="99.877433764"></trkpt>
    <trkpt lat="8.325650188" lon="99.874282109"></trkpt>
    <trkpt lat="8.322801626" lon="99.870967683"></trkpt>
    <trkpt lat="8.317609856" lon="99.870116539"></trkpt>
    <trkpt lat="8.313137225" lon="99.86695337"></trkpt>
    <trkpt lat="8.312037523" lon="99.865993853"></trkpt>
    <trkpt lat="8.312951689" lon="99.86458977"></trkpt>
    <trkpt lat="8.306248985" lon="99.860096519"></trkpt>
    <trkpt lat="8.303416959" lon="99.861027046"></trkpt>
    <trkpt lat="8.303256951" lon="99.864476838"></trkpt>
    <trkpt lat="8.297981906" lon="99.86454383"></trkpt>
    <trkpt lat="8.298385343" lon="99.86726465"></trkpt>
    <trkpt lat="8.295803177" lon="99.86838332"></trkpt>
    <trkpt lat="8.294765253" lon="99.870978866"></trkpt>
    <trkpt lat="8.296723027" lon="99.870816238"></trkpt>
    <trkpt lat="8.296704243" lon="99.872402168"></trkpt>
    <trkpt lat="8.294226375" lon="99.873109007"></trkpt>
    <trkpt lat="8.294952195" lon="99.875820168"></trkpt>
    <trkpt lat="8.293182986" lon="99.876911243"></trkpt>
    <trkpt lat="8.295361961" lon="99.878005484"></trkpt>
    <trkpt lat="8.29263866" lon="99.879491692"></trkpt>
    <trkpt lat="8.294866778" lon="99.880690803"></trkpt>
    <trkpt lat="8.29460012" lon="99.882376698"></trkpt>
    <trkpt lat="8.291477283" lon="99.882363795"></trkpt>
    <trkpt lat="8.29215732" lon="99.88039226"></trkpt>
    <trkpt lat="8.290096038" lon="99.880460153"></trkpt>
    <trkpt lat="8.289374925" lon="99.884451125"></trkpt>
    <trkpt lat="8.287676216" lon="99.885150515"></trkpt>
    <trkpt lat="8.288645643" lon="99.886976885"></trkpt>
    <trkpt lat="8.285498415" lon="99.886710674"></trkpt>
    <trkpt lat="8.286185115" lon="99.889458009"></trkpt>
    <trkpt lat="8.289478581" lon="99.891162897"></trkpt>
    <trkpt lat="8.288716237" lon="99.892321245"></trkpt>
    <trkpt lat="8.285119503" lon="99.891936046"></trkpt>
    <trkpt lat="8.285268749" lon="99.893626317"></trkpt>
    <trkpt lat="8.287573881" lon="99.894273976"></trkpt>
    <trkpt lat="8.286750112" lon="99.895598923"></trkpt>
    <trkpt lat="8.284005868" lon="99.8947296"></trkpt>
    <trkpt lat="8.284242057" lon="99.898584843"></trkpt>
    <trkpt lat="8.282305815" lon="99.899694954"></trkpt>
    <trkpt lat="8.283058784" lon="99.902626792"></trkpt>
    <trkpt lat="8.28125448" lon="99.903217643"></trkpt>
    <trkpt lat="8.281779297" lon="99.904908751"></trkpt>
    <trkpt lat="8.27994584" lon="99.906735612"></trkpt>
    <trkpt lat="8.282194061" lon="99.909149405"></trkpt>
    <trkpt lat="8.281668639" lon="99.911489744"></trkpt>
    <trkpt lat="8.272602384" lon="99.914819645"></trkpt>
    <trkpt lat="8.265388338" lon="99.920802712"></trkpt>
    <trkpt lat="8.265944583" lon="99.923916413"></trkpt>
    <trkpt lat="8.272191108" lon="99.92773733"></trkpt>
    <trkpt lat="8.271596284" lon="99.935824507"></trkpt>
    <trkpt lat="8.268306602" lon="99.942781014"></trkpt>
    <trkpt lat="8.266651867" lon="99.942114394"></trkpt>
    <trkpt lat="8.266740832" lon="99.944118191"></trkpt>
  </trkseg>
</trk>
<trk>
  <name>อ.ช้างกลาง</name>
  <desc>อ.ช้างกลาง</desc>
  <trkseg>
    <trkpt lat="8.432562651" lon="99.700588783"></trkpt>
    <trkpt lat="8.437181846" lon="99.704947289"></trkpt>
    <trkpt lat="8.439945837" lon="99.701880507"></trkpt>
    <trkpt lat="8.448693065" lon="99.699378218"></trkpt>
    <trkpt lat="8.449885904" lon="99.696926934"></trkpt>
    <trkpt lat="8.455183749" lon="99.696547244"></trkpt>
    <trkpt lat="8.443491242" lon="99.695512088"></trkpt>
    <trkpt lat="8.441742797" lon="99.6918227"></trkpt>
    <trkpt lat="8.44106967" lon="99.68839195"></trkpt>
    <trkpt lat="8.44288104" lon="99.682033331"></trkpt>
    <trkpt lat="8.437809009" lon="99.675151796"></trkpt>
    <trkpt lat="8.43585247" lon="99.666726248"></trkpt>
    <trkpt lat="8.432938785" lon="99.663831767"></trkpt>
    <trkpt lat="8.435576444" lon="99.650531004"></trkpt>
    <trkpt lat="8.430241448" lon="99.643755101"></trkpt>
    <trkpt lat="8.431480769" lon="99.639663892"></trkpt>
    <trkpt lat="8.430537896" lon="99.637050836"></trkpt>
    <trkpt lat="8.432602631" lon="99.63629188"></trkpt>
    <trkpt lat="8.431739672" lon="99.633934779"></trkpt>
    <trkpt lat="8.436922947" lon="99.62559175"></trkpt>
    <trkpt lat="8.435013178" lon="99.623524851"></trkpt>
    <trkpt lat="8.429019877" lon="99.622052392"></trkpt>
    <trkpt lat="8.424198409" lon="99.612477864"></trkpt>
    <trkpt lat="8.424200193" lon="99.612429792"></trkpt>
    <trkpt lat="8.426531471" lon="99.609548971"></trkpt>
    <trkpt lat="8.427224277" lon="99.604864463"></trkpt>
    <trkpt lat="8.425022732" lon="99.602519225"></trkpt>
    <trkpt lat="8.425141426" lon="99.590290156"></trkpt>
    <trkpt lat="8.423260706" lon="99.588804674"></trkpt>
    <trkpt lat="8.423263594" lon="99.58875752"></trkpt>
    <trkpt lat="8.420054753" lon="99.586608912"></trkpt>
    <trkpt lat="8.420954071" lon="99.584924976"></trkpt>
    <trkpt lat="8.417912174" lon="99.583964372"></trkpt>
    <trkpt lat="8.403617067" lon="99.585442447"></trkpt>
    <trkpt lat="8.394540957" lon="99.57980816"></trkpt>
    <trkpt lat="8.389278975" lon="99.579686715"></trkpt>
    <trkpt lat="8.38485433" lon="99.58005514"></trkpt>
    <trkpt lat="8.374553027" lon="99.588801791"></trkpt>
    <trkpt lat="8.370429682" lon="99.588873219"></trkpt>
    <trkpt lat="8.372163908" lon="99.585464572"></trkpt>
    <trkpt lat="8.371479893" lon="99.582182928"></trkpt>
    <trkpt lat="8.374474127" lon="99.578698407"></trkpt>
    <trkpt lat="8.376309867" lon="99.579538472"></trkpt>
    <trkpt lat="8.375502946" lon="99.577629971"></trkpt>
    <trkpt lat="8.378033671" lon="99.575665698"></trkpt>
    <trkpt lat="8.376290814" lon="99.571884913"></trkpt>
    <trkpt lat="8.378045562" lon="99.571638689"></trkpt>
    <trkpt lat="8.377466172" lon="99.568355144"></trkpt>
    <trkpt lat="8.380396239" lon="99.566001014"></trkpt>
    <trkpt lat="8.379636691" lon="99.561898028"></trkpt>
    <trkpt lat="8.378285312" lon="99.561776755"></trkpt>
    <trkpt lat="8.379630345" lon="99.560694556"></trkpt>
    <trkpt lat="8.377216129" lon="99.558672533"></trkpt>
    <trkpt lat="8.377085698" lon="99.554030443"></trkpt>
    <trkpt lat="8.377467621" lon="99.551713062"></trkpt>
    <trkpt lat="8.381287839" lon="99.547942177"></trkpt>
    <trkpt lat="8.380044143" lon="99.545693294"></trkpt>
    <trkpt lat="8.379096374" lon="99.546470685"></trkpt>
    <trkpt lat="8.379957645" lon="99.54469854"></trkpt>
    <trkpt lat="8.378572373" lon="99.543220095"></trkpt>
    <trkpt lat="8.379014165" lon="99.540528085"></trkpt>
    <trkpt lat="8.381243728" lon="99.539567881"></trkpt>
    <trkpt lat="8.379001011" lon="99.539102114"></trkpt>
    <trkpt lat="8.380943184" lon="99.534700484"></trkpt>
    <trkpt lat="8.378553618" lon="99.534828691"></trkpt>
    <trkpt lat="8.379620512" lon="99.533452227"></trkpt>
    <trkpt lat="8.377039642" lon="99.531673864"></trkpt>
    <trkpt lat="8.37960228" lon="99.528284368"></trkpt>
    <trkpt lat="8.37798416" lon="99.524174778"></trkpt>
    <trkpt lat="8.376378424" lon="99.524248736"></trkpt>
    <trkpt lat="8.375570558" lon="99.528036031"></trkpt>
    <trkpt lat="8.371522547" lon="99.526099764"></trkpt>
    <trkpt lat="8.371050974" lon="99.528193425"></trkpt>
    <trkpt lat="8.368065911" lon="99.526954822"></trkpt>
    <trkpt lat="8.368102435" lon="99.523762997"></trkpt>
    <trkpt lat="8.36675699" lon="99.524173394"></trkpt>
    <trkpt lat="8.366758867" lon="99.524268564"></trkpt>
    <trkpt lat="8.364800784" lon="99.524171239"></trkpt>
    <trkpt lat="8.365656108" lon="99.520977149"></trkpt>
    <trkpt lat="8.363581068" lon="99.522721954"></trkpt>
    <trkpt lat="8.363429948" lon="99.521522139"></trkpt>
    <trkpt lat="8.36189776" lon="99.522016177"></trkpt>
    <trkpt lat="8.358537672" lon="99.517332817"></trkpt>
    <trkpt lat="8.355309598" lon="99.519863039"></trkpt>
    <trkpt lat="8.351172115" lon="99.518387399"></trkpt>
    <trkpt lat="8.350643724" lon="99.519921799"></trkpt>
    <trkpt lat="8.348039361" lon="99.519423621"></trkpt>
    <trkpt lat="8.344465559" lon="99.521687131"></trkpt>
    <trkpt lat="8.344402578" lon="99.52337467"></trkpt>
    <trkpt lat="8.343793501" lon="99.521985569"></trkpt>
    <trkpt lat="8.34149399" lon="99.523384366"></trkpt>
    <trkpt lat="8.339140115" lon="99.521388319"></trkpt>
    <trkpt lat="8.336394998" lon="99.525671028"></trkpt>
    <trkpt lat="8.330122507" lon="99.528114504"></trkpt>
    <trkpt lat="8.328784661" lon="99.533463862"></trkpt>
    <trkpt lat="8.327720357" lon="99.53426603"></trkpt>
    <trkpt lat="8.327250953" lon="99.532907824"></trkpt>
    <trkpt lat="8.32672244" lon="99.535006465"></trkpt>
    <trkpt lat="8.325401442" lon="99.534757411"></trkpt>
    <trkpt lat="8.324570809" lon="99.539618294"></trkpt>
    <trkpt lat="8.321733553" lon="99.541661434"></trkpt>
    <trkpt lat="8.32293586" lon="99.54212194"></trkpt>
    <trkpt lat="8.321260449" lon="99.543037351"></trkpt>
    <trkpt lat="8.321680564" lon="99.54651059"></trkpt>
    <trkpt lat="8.320143108" lon="99.547101781"></trkpt>
    <trkpt lat="8.318853455" lon="99.545415788"></trkpt>
    <trkpt lat="8.315421594" lon="99.547616371"></trkpt>
    <trkpt lat="8.314932982" lon="99.549802944"></trkpt>
    <trkpt lat="8.311966024" lon="99.548663471"></trkpt>
    <trkpt lat="8.312025845" lon="99.551171318"></trkpt>
    <trkpt lat="8.305366573" lon="99.552847208"></trkpt>
    <trkpt lat="8.305505521" lon="99.55509573"></trkpt>
    <trkpt lat="8.303245747" lon="99.555177309"></trkpt>
    <trkpt lat="8.30324226" lon="99.555225009"></trkpt>
    <trkpt lat="8.303293294" lon="99.555438618"></trkpt>
    <trkpt lat="8.303288909" lon="99.555508347"></trkpt>
    <trkpt lat="8.299188" lon="99.558086519"></trkpt>
    <trkpt lat="8.299647414" lon="99.562794603"></trkpt>
    <trkpt lat="8.294520794" lon="99.560460608"></trkpt>
    <trkpt lat="8.293630152" lon="99.562213967"></trkpt>
    <trkpt lat="8.295057397" lon="99.562579687"></trkpt>
    <trkpt lat="8.295060382" lon="99.562619"></trkpt>
    <trkpt lat="8.293022714" lon="99.565973643"></trkpt>
    <trkpt lat="8.293025262" lon="99.56605341"></trkpt>
    <trkpt lat="8.294588893" lon="99.567516602"></trkpt>
    <trkpt lat="8.292588963" lon="99.569327261"></trkpt>
    <trkpt lat="8.294072938" lon="99.571329499"></trkpt>
    <trkpt lat="8.292403864" lon="99.572102471"></trkpt>
    <trkpt lat="8.294661338" lon="99.576083803"></trkpt>
    <trkpt lat="8.294370039" lon="99.582827609"></trkpt>
    <trkpt lat="8.289562005" lon="99.58804951"></trkpt>
    <trkpt lat="8.289246667" lon="99.591014727"></trkpt>
    <trkpt lat="8.280130391" lon="99.599064105"></trkpt>
    <trkpt lat="8.278983953" lon="99.607899092"></trkpt>
    <trkpt lat="8.276865372" lon="99.608792696"></trkpt>
    <trkpt lat="8.2794745" lon="99.612468006"></trkpt>
    <trkpt lat="8.278784031" lon="99.615135643"></trkpt>
    <trkpt lat="8.271355689" lon="99.619400227"></trkpt>
    <trkpt lat="8.27741163" lon="99.626610577"></trkpt>
    <trkpt lat="8.270772086" lon="99.634215301"></trkpt>
    <trkpt lat="8.275592165" lon="99.641849157"></trkpt>
    <trkpt lat="8.277425514" lon="99.64819043"></trkpt>
    <trkpt lat="8.297359145" lon="99.661235071"></trkpt>
    <trkpt lat="8.290136835" lon="99.674564579"></trkpt>
    <trkpt lat="8.288929514" lon="99.679245745"></trkpt>
    <trkpt lat="8.291681872" lon="99.681091705"></trkpt>
    <trkpt lat="8.295621304" lon="99.688421484"></trkpt>
    <trkpt lat="8.298030766" lon="99.702135338"></trkpt>
    <trkpt lat="8.297250294" lon="99.709054083"></trkpt>
    <trkpt lat="8.299224672" lon="99.710889893"></trkpt>
    <trkpt lat="8.301547801" lon="99.720711713"></trkpt>
    <trkpt lat="8.308487778" lon="99.719422103"></trkpt>
    <trkpt lat="8.312912121" lon="99.720273449"></trkpt>
    <trkpt lat="8.317763486" lon="99.712133085"></trkpt>
    <trkpt lat="8.319189772" lon="99.705982026"></trkpt>
    <trkpt lat="8.324302479" lon="99.700906788"></trkpt>
    <trkpt lat="8.332939488" lon="99.708344967"></trkpt>
    <trkpt lat="8.344437083" lon="99.706668615"></trkpt>
    <trkpt lat="8.35132462" lon="99.713058164"></trkpt>
    <trkpt lat="8.362802897" lon="99.697457713"></trkpt>
    <trkpt lat="8.372304584" lon="99.70213575"></trkpt>
    <trkpt lat="8.385472194" lon="99.70242976"></trkpt>
    <trkpt lat="8.390011747" lon="99.708978287"></trkpt>
    <trkpt lat="8.393253754" lon="99.708693075"></trkpt>
    <trkpt lat="8.39619731" lon="99.711370651"></trkpt>
    <trkpt lat="8.399200586" lon="99.708022279"></trkpt>
    <trkpt lat="8.405335121" lon="99.708616527"></trkpt>
    <trkpt lat="8.412818905" lon="99.706169551"></trkpt>
    <trkpt lat="8.419969846" lon="99.707940316"></trkpt>
    <trkpt lat="8.422798822" lon="99.702927759"></trkpt>
    <trkpt lat="8.432562651" lon="99.700588783"></trkpt>
  </trkseg>
</trk>
<trk>
  <name>อ.นาบอน</name>
  <desc>อ.นาบอน</desc>
  <trkseg>
    <trkpt lat="8.294072938" lon="99.571329499"></trkpt>
    <trkpt lat="8.292588963" lon="99.569327261"></trkpt>
    <trkpt lat="8.294588893" lon="99.567516602"></trkpt>
    <trkpt lat="8.293025262" lon="99.56605341"></trkpt>
    <trkpt lat="8.293022714" lon="99.565973643"></trkpt>
    <trkpt lat="8.295060382" lon="99.562619"></trkpt>
    <trkpt lat="8.295057397" lon="99.562579687"></trkpt>
    <trkpt lat="8.293630152" lon="99.562213967"></trkpt>
    <trkpt lat="8.294520794" lon="99.560460608"></trkpt>
    <trkpt lat="8.299647414" lon="99.562794603"></trkpt>
    <trkpt lat="8.299188" lon="99.558086519"></trkpt>
    <trkpt lat="8.303288909" lon="99.555508347"></trkpt>
    <trkpt lat="8.303293294" lon="99.555438618"></trkpt>
    <trkpt lat="8.30324226" lon="99.555225009"></trkpt>
    <trkpt lat="8.303245747" lon="99.555177309"></trkpt>
    <trkpt lat="8.305505521" lon="99.55509573"></trkpt>
    <trkpt lat="8.305366573" lon="99.552847208"></trkpt>
    <trkpt lat="8.312025845" lon="99.551171318"></trkpt>
    <trkpt lat="8.311966024" lon="99.548663471"></trkpt>
    <trkpt lat="8.314932982" lon="99.549802944"></trkpt>
    <trkpt lat="8.315421594" lon="99.547616371"></trkpt>
    <trkpt lat="8.318853455" lon="99.545415788"></trkpt>
    <trkpt lat="8.320143108" lon="99.547101781"></trkpt>
    <trkpt lat="8.321680564" lon="99.54651059"></trkpt>
    <trkpt lat="8.321260449" lon="99.543037351"></trkpt>
    <trkpt lat="8.32293586" lon="99.54212194"></trkpt>
    <trkpt lat="8.321733553" lon="99.541661434"></trkpt>
    <trkpt lat="8.324570809" lon="99.539618294"></trkpt>
    <trkpt lat="8.325401442" lon="99.534757411"></trkpt>
    <trkpt lat="8.32672244" lon="99.535006465"></trkpt>
    <trkpt lat="8.327250953" lon="99.532907824"></trkpt>
    <trkpt lat="8.327720357" lon="99.53426603"></trkpt>
    <trkpt lat="8.328784661" lon="99.533463862"></trkpt>
    <trkpt lat="8.330122507" lon="99.528114504"></trkpt>
    <trkpt lat="8.336394998" lon="99.525671028"></trkpt>
    <trkpt lat="8.339140115" lon="99.521388319"></trkpt>
    <trkpt lat="8.34149399" lon="99.523384366"></trkpt>
    <trkpt lat="8.343793501" lon="99.521985569"></trkpt>
    <trkpt lat="8.344402578" lon="99.52337467"></trkpt>
    <trkpt lat="8.344465559" lon="99.521687131"></trkpt>
    <trkpt lat="8.348039361" lon="99.519423621"></trkpt>
    <trkpt lat="8.350137864" lon="99.51517736"></trkpt>
    <trkpt lat="8.349300142" lon="99.509347658"></trkpt>
    <trkpt lat="8.353286224" lon="99.50917992"></trkpt>
    <trkpt lat="8.353640383" lon="99.50767201"></trkpt>
    <trkpt lat="8.360098486" lon="99.507919819"></trkpt>
    <trkpt lat="8.360541918" lon="99.505186573"></trkpt>
    <trkpt lat="8.362791648" lon="99.503851449"></trkpt>
    <trkpt lat="8.363615948" lon="99.498932652"></trkpt>
    <trkpt lat="8.366645846" lon="99.49879913"></trkpt>
    <trkpt lat="8.364970759" lon="99.49207166"></trkpt>
    <trkpt lat="8.362682158" lon="99.49114211"></trkpt>
    <trkpt lat="8.364710759" lon="99.480194175"></trkpt>
    <trkpt lat="8.362289041" lon="99.478279187"></trkpt>
    <trkpt lat="8.356820294" lon="99.480135636"></trkpt>
    <trkpt lat="8.351262132" lon="99.477333155"></trkpt>
    <trkpt lat="8.349268061" lon="99.480298662"></trkpt>
    <trkpt lat="8.348893172" lon="99.485339999"></trkpt>
    <trkpt lat="8.346468021" lon="99.487503317"></trkpt>
    <trkpt lat="8.342233149" lon="99.485998602"></trkpt>
    <trkpt lat="8.339452321" lon="99.479203318"></trkpt>
    <trkpt lat="8.338282543" lon="99.481829612"></trkpt>
    <trkpt lat="8.33467088" lon="99.481218263"></trkpt>
    <trkpt lat="8.334389557" lon="99.482898491"></trkpt>
    <trkpt lat="8.331924776" lon="99.482634262"></trkpt>
    <trkpt lat="8.330693202" lon="99.485336614"></trkpt>
    <trkpt lat="8.327470705" lon="99.483385712"></trkpt>
    <trkpt lat="8.326139848" lon="99.486656334"></trkpt>
    <trkpt lat="8.32447873" lon="99.48650869"></trkpt>
    <trkpt lat="8.321948939" lon="99.482208079"></trkpt>
    <trkpt lat="8.31767661" lon="99.48158561"></trkpt>
    <trkpt lat="8.317193652" lon="99.48333655"></trkpt>
    <trkpt lat="8.312360315" lon="99.484916536"></trkpt>
    <trkpt lat="8.309474477" lon="99.483486661"></trkpt>
    <trkpt lat="8.30726663" lon="99.488057677"></trkpt>
    <trkpt lat="8.304986609" lon="99.488488938"></trkpt>
    <trkpt lat="8.304737739" lon="99.486507537"></trkpt>
    <trkpt lat="8.301397859" lon="99.484977704"></trkpt>
    <trkpt lat="8.302136402" lon="99.481415803"></trkpt>
    <trkpt lat="8.297088601" lon="99.48075633"></trkpt>
    <trkpt lat="8.291846793" lon="99.483670027"></trkpt>
    <trkpt lat="8.283201635" lon="99.481022653"></trkpt>
    <trkpt lat="8.280529872" lon="99.47876851"></trkpt>
    <trkpt lat="8.280527388" lon="99.478698031"></trkpt>
    <trkpt lat="8.279419532" lon="99.477601925"></trkpt>
    <trkpt lat="8.278037493" lon="99.478697602"></trkpt>
    <trkpt lat="8.272099876" lon="99.471120085"></trkpt>
    <trkpt lat="8.272098107" lon="99.471072411"></trkpt>
    <trkpt lat="8.268422112" lon="99.47067569"></trkpt>
    <trkpt lat="8.267542199" lon="99.471893882"></trkpt>
    <trkpt lat="8.263754223" lon="99.468617333"></trkpt>
    <trkpt lat="8.262472464" lon="99.469361413"></trkpt>
    <trkpt lat="8.25945491" lon="99.467627115"></trkpt>
    <trkpt lat="8.258630493" lon="99.468770183"></trkpt>
    <trkpt lat="8.255982966" lon="99.467259709"></trkpt>
    <trkpt lat="8.253103501" lon="99.468495391"></trkpt>
    <trkpt lat="8.25083636" lon="99.465639649"></trkpt>
    <trkpt lat="8.231978675" lon="99.46284079"></trkpt>
    <trkpt lat="8.219111765" lon="99.465048174"></trkpt>
    <trkpt lat="8.216713823" lon="99.463373494"></trkpt>
    <trkpt lat="8.216411134" lon="99.464774238"></trkpt>
    <trkpt lat="8.206010114" lon="99.470140692"></trkpt>
    <trkpt lat="8.201888337" lon="99.469371162"></trkpt>
    <trkpt lat="8.197358876" lon="99.472746068"></trkpt>
    <trkpt lat="8.199832582" lon="99.476067105"></trkpt>
    <trkpt lat="8.202960961" lon="99.47475079"></trkpt>
    <trkpt lat="8.205955964" lon="99.476286323"></trkpt>
    <trkpt lat="8.207173355" lon="99.47860195"></trkpt>
    <trkpt lat="8.20594283" lon="99.479520175"></trkpt>
    <trkpt lat="8.207848818" lon="99.481361886"></trkpt>
    <trkpt lat="8.211935648" lon="99.482444462"></trkpt>
    <trkpt lat="8.213826375" lon="99.480389393"></trkpt>
    <trkpt lat="8.215170319" lon="99.483518498"></trkpt>
    <trkpt lat="8.218871532" lon="99.485903662"></trkpt>
    <trkpt lat="8.216958006" lon="99.489708595"></trkpt>
    <trkpt lat="8.218594582" lon="99.49231058"></trkpt>
    <trkpt lat="8.218102027" lon="99.498818446"></trkpt>
    <trkpt lat="8.222070256" lon="99.498524928"></trkpt>
    <trkpt lat="8.223327042" lon="99.500897427"></trkpt>
    <trkpt lat="8.228811472" lon="99.502946697"></trkpt>
    <trkpt lat="8.231997783" lon="99.507994985"></trkpt>
    <trkpt lat="8.236297416" lon="99.511205243"></trkpt>
    <trkpt lat="8.236817284" lon="99.515123849"></trkpt>
    <trkpt lat="8.231366553" lon="99.528679527"></trkpt>
    <trkpt lat="8.23137551" lon="99.528733242"></trkpt>
    <trkpt lat="8.231359964" lon="99.528902981"></trkpt>
    <trkpt lat="8.231367978" lon="99.528947769"></trkpt>
    <trkpt lat="8.231474067" lon="99.532507072"></trkpt>
    <trkpt lat="8.235819707" lon="99.534255696"></trkpt>
    <trkpt lat="8.235987387" lon="99.536770346"></trkpt>
    <trkpt lat="8.235987925" lon="99.536854984"></trkpt>
    <trkpt lat="8.244453952" lon="99.539909877"></trkpt>
    <trkpt lat="8.2463401" lon="99.548463686"></trkpt>
    <trkpt lat="8.243849484" lon="99.559297946"></trkpt>
    <trkpt lat="8.245173005" lon="99.568759342"></trkpt>
    <trkpt lat="8.24216547" lon="99.574299119"></trkpt>
    <trkpt lat="8.242388438" lon="99.579265652"></trkpt>
    <trkpt lat="8.234326044" lon="99.579714162"></trkpt>
    <trkpt lat="8.233269483" lon="99.58248662"></trkpt>
    <trkpt lat="8.230307386" lon="99.582714448"></trkpt>
    <trkpt lat="8.229065183" lon="99.592200582"></trkpt>
    <trkpt lat="8.224543645" lon="99.599688857"></trkpt>
    <trkpt lat="8.223622891" lon="99.598221504"></trkpt>
    <trkpt lat="8.206553642" lon="99.598091748"></trkpt>
    <trkpt lat="8.206190062" lon="99.602485699"></trkpt>
    <trkpt lat="8.2062033" lon="99.602583992"></trkpt>
    <trkpt lat="8.209383531" lon="99.605112944"></trkpt>
    <trkpt lat="8.209383307" lon="99.605155033"></trkpt>
    <trkpt lat="8.212807297" lon="99.608009897"></trkpt>
    <trkpt lat="8.212811952" lon="99.608054062"></trkpt>
    <trkpt lat="8.213431919" lon="99.609072319"></trkpt>
    <trkpt lat="8.213434279" lon="99.60913556"></trkpt>
    <trkpt lat="8.21351121" lon="99.611981108"></trkpt>
    <trkpt lat="8.221061792" lon="99.611956706"></trkpt>
    <trkpt lat="8.2207478" lon="99.61445323"></trkpt>
    <trkpt lat="8.220750725" lon="99.6144932"></trkpt>
    <trkpt lat="8.220266722" lon="99.618191248"></trkpt>
    <trkpt lat="8.223669457" lon="99.619349194"></trkpt>
    <trkpt lat="8.223551275" lon="99.621137769"></trkpt>
    <trkpt lat="8.228052524" lon="99.624812351"></trkpt>
    <trkpt lat="8.227554542" lon="99.628473353"></trkpt>
    <trkpt lat="8.227558353" lon="99.628516174"></trkpt>
    <trkpt lat="8.227578259" lon="99.629173932"></trkpt>
    <trkpt lat="8.227580504" lon="99.629224535"></trkpt>
    <trkpt lat="8.228022465" lon="99.629257139"></trkpt>
    <trkpt lat="8.228027812" lon="99.629308524"></trkpt>
    <trkpt lat="8.225768749" lon="99.636938098"></trkpt>
    <trkpt lat="8.226597367" lon="99.645071239"></trkpt>
    <trkpt lat="8.226605471" lon="99.645138376"></trkpt>
    <trkpt lat="8.227392972" lon="99.651033394"></trkpt>
    <trkpt lat="8.219790759" lon="99.65902622"></trkpt>
    <trkpt lat="8.223628356" lon="99.664508716"></trkpt>
    <trkpt lat="8.222657552" lon="99.669429227"></trkpt>
    <trkpt lat="8.231739387" lon="99.67573663"></trkpt>
    <trkpt lat="8.234196523" lon="99.675744146"></trkpt>
    <trkpt lat="8.240245763" lon="99.681261296"></trkpt>
    <trkpt lat="8.256481676" lon="99.677972438"></trkpt>
    <trkpt lat="8.266296463" lon="99.670862301"></trkpt>
    <trkpt lat="8.276613523" lon="99.67260252"></trkpt>
    <trkpt lat="8.279642691" lon="99.674590042"></trkpt>
    <trkpt lat="8.285922511" lon="99.672689126"></trkpt>
    <trkpt lat="8.290136835" lon="99.674564579"></trkpt>
    <trkpt lat="8.297359145" lon="99.661235071"></trkpt>
    <trkpt lat="8.277425514" lon="99.64819043"></trkpt>
    <trkpt lat="8.275592165" lon="99.641849157"></trkpt>
    <trkpt lat="8.270772086" lon="99.634215301"></trkpt>
    <trkpt lat="8.27741163" lon="99.626610577"></trkpt>
    <trkpt lat="8.271355689" lon="99.619400227"></trkpt>
    <trkpt lat="8.278784031" lon="99.615135643"></trkpt>
    <trkpt lat="8.2794745" lon="99.612468006"></trkpt>
    <trkpt lat="8.276865372" lon="99.608792696"></trkpt>
    <trkpt lat="8.278983953" lon="99.607899092"></trkpt>
    <trkpt lat="8.280130391" lon="99.599064105"></trkpt>
    <trkpt lat="8.289246667" lon="99.591014727"></trkpt>
    <trkpt lat="8.289562005" lon="99.58804951"></trkpt>
    <trkpt lat="8.294370039" lon="99.582827609"></trkpt>
    <trkpt lat="8.294661338" lon="99.576083803"></trkpt>
    <trkpt lat="8.292403864" lon="99.572102471"></trkpt>
    <trkpt lat="8.294072938" lon="99.571329499"></trkpt>
  </trkseg>
</trk>
<trk>
  <name>อ.ทุ่งใหญ๋</name>
  <desc>อ.ทุ่งใหญ๋</desc>
  <trkseg>
    <trkpt lat="8.260739954" lon="99.331772486"></trkpt>
    <trkpt lat="8.259380367" lon="99.331619128"></trkpt>
    <trkpt lat="8.258824679" lon="99.332224138"></trkpt>
    <trkpt lat="8.258619041" lon="99.333047889"></trkpt>
    <trkpt lat="8.257861342" lon="99.333583716"></trkpt>
    <trkpt lat="8.25699336" lon="99.333664971"></trkpt>
    <trkpt lat="8.256800901" lon="99.333413728"></trkpt>
    <trkpt lat="8.257240391" lon="99.333106679"></trkpt>
    <trkpt lat="8.257237267" lon="99.33268704"></trkpt>
    <trkpt lat="8.256219553" lon="99.332193298"></trkpt>
    <trkpt lat="8.254557066" lon="99.329442816"></trkpt>
    <trkpt lat="8.255524822" lon="99.328435562"></trkpt>
    <trkpt lat="8.254948536" lon="99.327805154"></trkpt>
    <trkpt lat="8.254021368" lon="99.327332462"></trkpt>
    <trkpt lat="8.254146807" lon="99.326804572"></trkpt>
    <trkpt lat="8.254247094" lon="99.32630419"></trkpt>
    <trkpt lat="8.253560777" lon="99.326349003"></trkpt>
    <trkpt lat="8.253053335" lon="99.326490783"></trkpt>
    <trkpt lat="8.252794228" lon="99.325938253"></trkpt>
    <trkpt lat="8.252575344" lon="99.325547502"></trkpt>
    <trkpt lat="8.252484648" lon="99.325067077"></trkpt>
    <trkpt lat="8.252451631" lon="99.324636533"></trkpt>
    <trkpt lat="8.252260505" lon="99.324246698"></trkpt>
    <trkpt lat="8.251782658" lon="99.32393779"></trkpt>
    <trkpt lat="8.251281059" lon="99.32395588"></trkpt>
    <trkpt lat="8.250663925" lon="99.324654103"></trkpt>
    <trkpt lat="8.250619065" lon="99.323779754"></trkpt>
    <trkpt lat="8.251108616" lon="99.322828679"></trkpt>
    <trkpt lat="8.25026384" lon="99.323004459"></trkpt>
    <trkpt lat="8.249468175" lon="99.323236855"></trkpt>
    <trkpt lat="8.249435855" lon="99.32323665"></trkpt>
    <trkpt lat="8.248763527" lon="99.323261684"></trkpt>
    <trkpt lat="8.248492884" lon="99.323055308"></trkpt>
    <trkpt lat="8.249358543" lon="99.321788175"></trkpt>
    <trkpt lat="8.248959651" lon="99.321647434"></trkpt>
    <trkpt lat="8.248384778" lon="99.322061203"></trkpt>
    <trkpt lat="8.247645732" lon="99.321889712"></trkpt>
    <trkpt lat="8.247022171" lon="99.321488342"></trkpt>
    <trkpt lat="8.246370195" lon="99.321436682"></trkpt>
    <trkpt lat="8.246398443" lon="99.321004884"></trkpt>
    <trkpt lat="8.246479525" lon="99.320859803"></trkpt>
    <trkpt lat="8.24656516" lon="99.320772074"></trkpt>
    <trkpt lat="8.246620116" lon="99.320684698"></trkpt>
    <trkpt lat="8.24670377" lon="99.320567873"></trkpt>
    <trkpt lat="8.246787561" lon="99.320450857"></trkpt>
    <trkpt lat="8.246873706" lon="99.320362529"></trkpt>
    <trkpt lat="8.246926778" lon="99.320245771"></trkpt>
    <trkpt lat="8.24694446" lon="99.320071725"></trkpt>
    <trkpt lat="8.246933366" lon="99.319927203"></trkpt>
    <trkpt lat="8.246895722" lon="99.319841218"></trkpt>
    <trkpt lat="8.246824931" lon="99.319727152"></trkpt>
    <trkpt lat="8.246694653" lon="99.319643638"></trkpt>
    <trkpt lat="8.246540499" lon="99.31964754"></trkpt>
    <trkpt lat="8.246356069" lon="99.319652208"></trkpt>
    <trkpt lat="8.24623786" lon="99.319712774"></trkpt>
    <trkpt lat="8.246122112" lon="99.319801909"></trkpt>
    <trkpt lat="8.246039317" lon="99.319918818"></trkpt>
    <trkpt lat="8.245956658" lon="99.320035536"></trkpt>
    <trkpt lat="8.245937197" lon="99.320179435"></trkpt>
    <trkpt lat="8.245885121" lon="99.320295217"></trkpt>
    <trkpt lat="8.245833101" lon="99.320410874"></trkpt>
    <trkpt lat="8.245750788" lon="99.320526942"></trkpt>
    <trkpt lat="8.245692331" lon="99.320556588"></trkpt>
    <trkpt lat="8.245582179" lon="99.320701422"></trkpt>
    <trkpt lat="8.245403178" lon="99.320732841"></trkpt>
    <trkpt lat="8.245287079" lon="99.320791689"></trkpt>
    <trkpt lat="8.245166865" lon="99.320793534"></trkpt>
    <trkpt lat="8.24501914" lon="99.320824235"></trkpt>
    <trkpt lat="8.244873989" lon="99.320883215"></trkpt>
    <trkpt lat="8.244724879" lon="99.32088539"></trkpt>
    <trkpt lat="8.244605878" lon="99.320887126"></trkpt>
    <trkpt lat="8.244427854" lon="99.320889722"></trkpt>
    <trkpt lat="8.244309489" lon="99.320891449"></trkpt>
    <trkpt lat="8.244218717" lon="99.320864546"></trkpt>
    <trkpt lat="8.244010359" lon="99.320839465"></trkpt>
    <trkpt lat="8.243886406" lon="99.320756901"></trkpt>
    <trkpt lat="8.243767028" lon="99.320730678"></trkpt>
    <trkpt lat="8.243620851" lon="99.320733035"></trkpt>
    <trkpt lat="8.243475063" lon="99.320735385"></trkpt>
    <trkpt lat="8.243327513" lon="99.320709758"></trkpt>
    <trkpt lat="8.243182498" lon="99.320712133"></trkpt>
    <trkpt lat="8.243095673" lon="99.320713555"></trkpt>
    <trkpt lat="8.242953408" lon="99.320743796"></trkpt>
    <trkpt lat="8.242809382" lon="99.320746118"></trkpt>
    <trkpt lat="8.242667869" lon="99.320776237"></trkpt>
    <trkpt lat="8.242356855" lon="99.320815028"></trkpt>
    <trkpt lat="8.242127865" lon="99.319703773"></trkpt>
    <trkpt lat="8.242349014" lon="99.318863686"></trkpt>
    <trkpt lat="8.242162064" lon="99.317173313"></trkpt>
    <trkpt lat="8.242152243" lon="99.316672424"></trkpt>
    <trkpt lat="8.241419551" lon="99.316019583"></trkpt>
    <trkpt lat="8.2410275" lon="99.315841766"></trkpt>
    <trkpt lat="8.240861511" lon="99.315557464"></trkpt>
    <trkpt lat="8.240802624" lon="99.315492143"></trkpt>
    <trkpt lat="8.240760345" lon="99.31540849"></trkpt>
    <trkpt lat="8.240755061" lon="99.31533962"></trkpt>
    <trkpt lat="8.240751097" lon="99.315287968"></trkpt>
    <trkpt lat="8.240744492" lon="99.315201881"></trkpt>
    <trkpt lat="8.240702277" lon="99.315118467"></trkpt>
    <trkpt lat="8.24067921" lon="99.315050998"></trkpt>
    <trkpt lat="8.240673931" lon="99.314982194"></trkpt>
    <trkpt lat="8.24065088" lon="99.31491479"></trkpt>
    <trkpt lat="8.240627845" lon="99.31484743"></trkpt>
    <trkpt lat="8.240585772" lon="99.314764374"></trkpt>
    <trkpt lat="8.240580499" lon="99.314695657"></trkpt>
    <trkpt lat="8.240557508" lon="99.314628431"></trkpt>
    <trkpt lat="8.240531896" lon="99.31452691"></trkpt>
    <trkpt lat="8.240510252" lon="99.314476943"></trkpt>
    <trkpt lat="8.240468321" lon="99.314394254"></trkpt>
    <trkpt lat="8.240410125" lon="99.314330392"></trkpt>
    <trkpt lat="8.240338394" lon="99.314319591"></trkpt>
    <trkpt lat="8.240268156" lon="99.314325909"></trkpt>
    <trkpt lat="8.240202024" lon="99.314383423"></trkpt>
    <trkpt lat="8.240191082" lon="99.314470305"></trkpt>
    <trkpt lat="8.240195011" lon="99.314521501"></trkpt>
    <trkpt lat="8.240201558" lon="99.314606826"></trkpt>
    <trkpt lat="8.240208105" lon="99.314692152"></trkpt>
    <trkpt lat="8.24017838" lon="99.314763286"></trkpt>
    <trkpt lat="8.240170072" lon="99.314884065"></trkpt>
    <trkpt lat="8.240140399" lon="99.314955011"></trkpt>
    <trkpt lat="8.240145628" lon="99.315023164"></trkpt>
    <trkpt lat="8.24011599" lon="99.315093978"></trkpt>
    <trkpt lat="8.240068991" lon="99.315166008"></trkpt>
    <trkpt lat="8.240022081" lon="99.315237903"></trkpt>
    <trkpt lat="8.23995533" lon="99.315276972"></trkpt>
    <trkpt lat="8.239870176" lon="99.315300249"></trkpt>
    <trkpt lat="8.239783991" lon="99.315306532"></trkpt>
    <trkpt lat="8.239712643" lon="99.315277745"></trkpt>
    <trkpt lat="8.239674445" lon="99.3152296"></trkpt>
    <trkpt lat="8.239634999" lon="99.315164637"></trkpt>
    <trkpt lat="8.239595602" lon="99.315099755"></trkpt>
    <trkpt lat="8.239554961" lon="99.315018096"></trkpt>
    <trkpt lat="8.239515664" lon="99.314953387"></trkpt>
    <trkpt lat="8.239476415" lon="99.314888758"></trkpt>
    <trkpt lat="8.239437215" lon="99.314824209"></trkpt>
    <trkpt lat="8.239398065" lon="99.314759741"></trkpt>
    <trkpt lat="8.239356384" lon="99.314661743"></trkpt>
    <trkpt lat="8.239335563" lon="99.31461279"></trkpt>
    <trkpt lat="8.239313466" lon="99.314547073"></trkpt>
    <trkpt lat="8.239273177" lon="99.314466113"></trkpt>
    <trkpt lat="8.239270602" lon="99.314432544"></trkpt>
    <trkpt lat="8.239245971" lon="99.314333387"></trkpt>
    <trkpt lat="8.23922393" lon="99.314267838"></trkpt>
    <trkpt lat="8.239199329" lon="99.314168792"></trkpt>
    <trkpt lat="8.239159174" lon="99.314088193"></trkpt>
    <trkpt lat="8.239120353" lon="99.314024441"></trkpt>
    <trkpt lat="8.239062213" lon="99.313928962"></trkpt>
    <trkpt lat="8.239005462" lon="99.313850376"></trkpt>
    <trkpt lat="8.238950099" lon="99.313788637"></trkpt>
    <trkpt lat="8.238876868" lon="99.313712056"></trkpt>
    <trkpt lat="8.238821743" lon="99.313650579"></trkpt>
    <trkpt lat="8.23876672" lon="99.313589215"></trkpt>
    <trkpt lat="8.238678642" lon="99.313531524"></trkpt>
    <trkpt lat="8.238660804" lon="99.313516683"></trkpt>
    <trkpt lat="8.238557823" lon="99.313477595"></trkpt>
    <trkpt lat="8.238488109" lon="99.313435049"></trkpt>
    <trkpt lat="8.238419836" lon="99.313409154"></trkpt>
    <trkpt lat="8.238351729" lon="99.313383323"></trkpt>
    <trkpt lat="8.238282522" lon="99.313341047"></trkpt>
    <trkpt lat="8.238279989" lon="99.313308033"></trkpt>
    <trkpt lat="8.237992476" lon="99.313191262"></trkpt>
    <trkpt lat="8.237395042" lon="99.313178139"></trkpt>
    <trkpt lat="8.237462812" lon="99.313645672"></trkpt>
    <trkpt lat="8.237653768" lon="99.313838801"></trkpt>
    <trkpt lat="8.237786604" lon="99.313890926"></trkpt>
    <trkpt lat="8.237870581" lon="99.313931815"></trkpt>
    <trkpt lat="8.237921341" lon="99.313959685"></trkpt>
    <trkpt lat="8.238005726" lon="99.314000778"></trkpt>
    <trkpt lat="8.238089108" lon="99.314025565"></trkpt>
    <trkpt lat="8.238187733" lon="99.314032361"></trkpt>
    <trkpt lat="8.238269142" lon="99.314024305"></trkpt>
    <trkpt lat="8.238323172" lon="99.314085468"></trkpt>
    <trkpt lat="8.238363469" lon="99.314181347"></trkpt>
    <trkpt lat="8.23836727" lon="99.314230883"></trkpt>
    <trkpt lat="8.238389973" lon="99.314311916"></trkpt>
    <trkpt lat="8.238347228" lon="99.314399009"></trkpt>
    <trkpt lat="8.238319618" lon="99.314467978"></trkpt>
    <trkpt lat="8.238275739" lon="99.314538318"></trkpt>
    <trkpt lat="8.238230676" lon="99.314592068"></trkpt>
    <trkpt lat="8.23815071" lon="99.314615686"></trkpt>
    <trkpt lat="8.238087164" lon="99.314637812"></trkpt>
    <trkpt lat="8.238007634" lon="99.314661295"></trkpt>
    <trkpt lat="8.23792709" lon="99.314668341"></trkpt>
    <trkpt lat="8.237862829" lon="99.314673961"></trkpt>
    <trkpt lat="8.23781223" lon="99.314645503"></trkpt>
    <trkpt lat="8.237729769" lon="99.314619931"></trkpt>
    <trkpt lat="8.237645058" lon="99.314561869"></trkpt>
    <trkpt lat="8.237592357" lon="99.314501085"></trkpt>
    <trkpt lat="8.237525146" lon="99.314458126"></trkpt>
    <trkpt lat="8.237459341" lon="99.3144315"></trkpt>
    <trkpt lat="8.237380415" lon="99.31443882"></trkpt>
    <trkpt lat="8.237301726" lon="99.314446118"></trkpt>
    <trkpt lat="8.237224512" lon="99.314469551"></trkpt>
    <trkpt lat="8.237118777" lon="99.314528037"></trkpt>
    <trkpt lat="8.237042111" lon="99.314551265"></trkpt>
    <trkpt lat="8.236982423" lon="99.314589093"></trkpt>
    <trkpt lat="8.236908628" lon="99.314644279"></trkpt>
    <trkpt lat="8.236845567" lon="99.314633785"></trkpt>
    <trkpt lat="8.236782655" lon="99.314623316"></trkpt>
    <trkpt lat="8.236732806" lon="99.314579471"></trkpt>
    <trkpt lat="8.236652374" lon="99.314538531"></trkpt>
    <trkpt lat="8.236605208" lon="99.314526797"></trkpt>
    <trkpt lat="8.236526377" lon="99.314501973"></trkpt>
    <trkpt lat="8.236448999" lon="99.314493141"></trkpt>
    <trkpt lat="8.236400973" lon="99.314465588"></trkpt>
    <trkpt lat="8.235237967" lon="99.314446873"></trkpt>
    <trkpt lat="8.235083598" lon="99.314147192"></trkpt>
    <trkpt lat="8.235172224" lon="99.313876291"></trkpt>
    <trkpt lat="8.23523199" lon="99.313797175"></trkpt>
    <trkpt lat="8.235268487" lon="99.313699823"></trkpt>
    <trkpt lat="8.235351904" lon="99.31363844"></trkpt>
    <trkpt lat="8.235410584" lon="99.313539695"></trkpt>
    <trkpt lat="8.235448793" lon="99.313460989"></trkpt>
    <trkpt lat="8.235484116" lon="99.313343866"></trkpt>
    <trkpt lat="8.235519489" lon="99.313226578"></trkpt>
    <trkpt lat="8.235557857" lon="99.313147482"></trkpt>
    <trkpt lat="8.235572643" lon="99.313050333"></trkpt>
    <trkpt lat="8.235587439" lon="99.312953115"></trkpt>
    <trkpt lat="8.235603719" lon="99.312875028"></trkpt>
    <trkpt lat="8.235596349" lon="99.312779029"></trkpt>
    <trkpt lat="8.235590453" lon="99.31270223"></trkpt>
    <trkpt lat="8.235581609" lon="99.312587031"></trkpt>
    <trkpt lat="8.235577187" lon="99.312529432"></trkpt>
    <trkpt lat="8.235569817" lon="99.312433433"></trkpt>
    <trkpt lat="8.235563921" lon="99.312356634"></trkpt>
    <trkpt lat="8.235510778" lon="99.312244514"></trkpt>
    <trkpt lat="8.235460654" lon="99.312170899"></trkpt>
    <trkpt lat="8.235412072" lon="99.312116547"></trkpt>
    <trkpt lat="8.235338594" lon="99.312025594"></trkpt>
    <trkpt lat="8.235247712" lon="99.31199381"></trkpt>
    <trkpt lat="8.23513374" lon="99.311944669"></trkpt>
    <trkpt lat="8.235020169" lon="99.3118957"></trkpt>
    <trkpt lat="8.234951927" lon="99.311862597"></trkpt>
    <trkpt lat="8.234821703" lon="99.311872536"></trkpt>
    <trkpt lat="8.234713602" lon="99.311880785"></trkpt>
    <trkpt lat="8.234631752" lon="99.311944136"></trkpt>
    <trkpt lat="8.234550131" lon="99.312007309"></trkpt>
    <trkpt lat="8.23449305" lon="99.312106487"></trkpt>
    <trkpt lat="8.234414716" lon="99.312206982"></trkpt>
    <trkpt lat="8.234356471" lon="99.312286877"></trkpt>
    <trkpt lat="8.234316745" lon="99.312327502"></trkpt>
    <trkpt lat="8.234236018" lon="99.31238979"></trkpt>
    <trkpt lat="8.234110308" lon="99.312417262"></trkpt>
    <trkpt lat="8.234027271" lon="99.312441756"></trkpt>
    <trkpt lat="8.233922005" lon="99.312448909"></trkpt>
    <trkpt lat="8.233856152" lon="99.312415839"></trkpt>
    <trkpt lat="8.233809939" lon="99.312362726"></trkpt>
    <trkpt lat="8.233868914" lon="99.311536147"></trkpt>
    <trkpt lat="8.233643319" lon="99.311287622"></trkpt>
    <trkpt lat="8.233216353" lon="99.311697379"></trkpt>
    <trkpt lat="8.233202904" lon="99.311791498"></trkpt>
    <trkpt lat="8.233188046" lon="99.311867068"></trkpt>
    <trkpt lat="8.233174616" lon="99.311961065"></trkpt>
    <trkpt lat="8.233159777" lon="99.312036526"></trkpt>
    <trkpt lat="8.233144949" lon="99.312111936"></trkpt>
    <trkpt lat="8.233132964" lon="99.31222421"></trkpt>
    <trkpt lat="8.233134381" lon="99.312242669"></trkpt>
    <trkpt lat="8.233140048" lon="99.312316502"></trkpt>
    <trkpt lat="8.233212909" lon="99.312459949"></trkpt>
    <trkpt lat="8.233239121" lon="99.312532474"></trkpt>
    <trkpt lat="8.233287339" lon="99.312622187"></trkpt>
    <trkpt lat="8.233334203" lon="99.312693513"></trkpt>
    <trkpt lat="8.23337971" lon="99.312746416"></trkpt>
    <trkpt lat="8.233426702" lon="99.312817925"></trkpt>
    <trkpt lat="8.233454492" lon="99.312909339"></trkpt>
    <trkpt lat="8.233461608" lon="99.313002043"></trkpt>
    <trkpt lat="8.233470148" lon="99.313113287"></trkpt>
    <trkpt lat="8.233455158" lon="99.313188613"></trkpt>
    <trkpt lat="8.233440178" lon="99.313263887"></trkpt>
    <trkpt lat="8.233382512" lon="99.313322818"></trkpt>
    <trkpt lat="8.233304389" lon="99.313382721"></trkpt>
    <trkpt lat="8.233225063" lon="99.313424002"></trkpt>
    <trkpt lat="8.233144538" lon="99.313446737"></trkpt>
    <trkpt lat="8.233064234" lon="99.31346941"></trkpt>
    <trkpt lat="8.232984147" lon="99.313492021"></trkpt>
    <trkpt lat="8.232882585" lon="99.313497259"></trkpt>
    <trkpt lat="8.232782773" lon="99.3135208"></trkpt>
    <trkpt lat="8.232683299" lon="99.313544261"></trkpt>
    <trkpt lat="8.23258276" lon="99.313549384"></trkpt>
    <trkpt lat="8.23248256" lon="99.31355449"></trkpt>
    <trkpt lat="8.232362766" lon="99.313560594"></trkpt>
    <trkpt lat="8.232263307" lon="99.313565663"></trkpt>
    <trkpt lat="8.232144396" lon="99.313571722"></trkpt>
    <trkpt lat="8.23208512" lon="99.313574742"></trkpt>
    <trkpt lat="8.232021798" lon="99.313523494"></trkpt>
    <trkpt lat="8.231937567" lon="99.313455323"></trkpt>
    <trkpt lat="8.231870385" lon="99.313350178"></trkpt>
    <trkpt lat="8.231787936" lon="99.313300419"></trkpt>
    <trkpt lat="8.23170985" lon="99.313304784"></trkpt>
    <trkpt lat="8.231637491" lon="99.31338103"></trkpt>
    <trkpt lat="8.231563947" lon="99.313439124"></trkpt>
    <trkpt lat="8.231512702" lon="99.313531904"></trkpt>
    <trkpt lat="8.231460183" lon="99.313606587"></trkpt>
    <trkpt lat="8.231425687" lon="99.31366226"></trkpt>
    <trkpt lat="8.23137197" lon="99.313718806"></trkpt>
    <trkpt lat="8.23131973" lon="99.313793106"></trkpt>
    <trkpt lat="8.231247043" lon="99.31385031"></trkpt>
    <trkpt lat="8.23115406" lon="99.313890431"></trkpt>
    <trkpt lat="8.23107771" lon="99.313893968"></trkpt>
    <trkpt lat="8.230963561" lon="99.313899256"></trkpt>
    <trkpt lat="8.23086878" lon="99.313903648"></trkpt>
    <trkpt lat="8.23077431" lon="99.313908024"></trkpt>
    <trkpt lat="8.230733893" lon="99.313874401"></trkpt>
    <trkpt lat="8.229612104" lon="99.313752999"></trkpt>
    <trkpt lat="8.229580952" lon="99.314293605"></trkpt>
    <trkpt lat="8.229483287" lon="99.314436299"></trkpt>
    <trkpt lat="8.229434596" lon="99.314507441"></trkpt>
    <trkpt lat="8.229369377" lon="99.314596334"></trkpt>
    <trkpt lat="8.229338815" lon="99.314666555"></trkpt>
    <trkpt lat="8.229308292" lon="99.314736686"></trkpt>
    <trkpt lat="8.229257296" lon="99.314772868"></trkpt>
    <trkpt lat="8.229151641" lon="99.314793488"></trkpt>
    <trkpt lat="8.229062806" lon="99.314796318"></trkpt>
    <trkpt lat="8.22899194" lon="99.314798575"></trkpt>
    <trkpt lat="8.228903611" lon="99.314801389"></trkpt>
    <trkpt lat="8.228797984" lon="99.314804754"></trkpt>
    <trkpt lat="8.228729096" lon="99.314824039"></trkpt>
    <trkpt lat="8.228644211" lon="99.314860843"></trkpt>
    <trkpt lat="8.228578322" lon="99.314914005"></trkpt>
    <trkpt lat="8.228513901" lon="99.314984012"></trkpt>
    <trkpt lat="8.228483053" lon="99.315035918"></trkpt>
    <trkpt lat="8.228454847" lon="99.315121675"></trkpt>
    <trkpt lat="8.228410655" lon="99.315224697"></trkpt>
    <trkpt lat="8.22837994" lon="99.315276338"></trkpt>
    <trkpt lat="8.228317327" lon="99.315362518"></trkpt>
    <trkpt lat="8.228288025" lon="99.315430876"></trkpt>
    <trkpt lat="8.228257463" lon="99.31548226"></trkpt>
    <trkpt lat="8.228172814" lon="99.315500831"></trkpt>
    <trkpt lat="8.228055523" lon="99.315536828"></trkpt>
    <trkpt lat="8.227970214" lon="99.315538444"></trkpt>
    <trkpt lat="8.227915292" lon="99.315489059"></trkpt>
    <trkpt lat="8.227908852" lon="99.315405137"></trkpt>
    <trkpt lat="8.227919415" lon="99.315320825"></trkpt>
    <trkpt lat="8.227914261" lon="99.315253667"></trkpt>
    <trkpt lat="8.227957593" lon="99.315151602"></trkpt>
    <trkpt lat="8.227987816" lon="99.315100269"></trkpt>
    <trkpt lat="8.227997133" lon="99.314998884"></trkpt>
    <trkpt lat="8.228024825" lon="99.314913745"></trkpt>
    <trkpt lat="8.22803933" lon="99.314879554"></trkpt>
    <trkpt lat="8.228048675" lon="99.314777975"></trkpt>
    <trkpt lat="8.228059318" lon="99.31469318"></trkpt>
    <trkpt lat="8.228051561" lon="99.314592098"></trkpt>
    <trkpt lat="8.228043804" lon="99.314491017"></trkpt>
    <trkpt lat="8.228036047" lon="99.314389936"></trkpt>
    <trkpt lat="8.227963845" lon="99.314342182"></trkpt>
    <trkpt lat="8.22787739" lon="99.314328856"></trkpt>
    <trkpt lat="8.227793778" lon="99.314349118"></trkpt>
    <trkpt lat="8.227728618" lon="99.314385386"></trkpt>
    <trkpt lat="8.227663619" lon="99.314421565"></trkpt>
    <trkpt lat="8.227629897" lon="99.314422899"></trkpt>
    <trkpt lat="8.227342889" lon="99.31451934"></trkpt>
    <trkpt lat="8.22735596" lon="99.314689595"></trkpt>
    <trkpt lat="8.227363222" lon="99.314784181"></trkpt>
    <trkpt lat="8.227374841" lon="99.314935519"></trkpt>
    <trkpt lat="8.227382103" lon="99.315030105"></trkpt>
    <trkpt lat="8.227392271" lon="99.315162526"></trkpt>
    <trkpt lat="8.227376519" lon="99.315239021"></trkpt>
    <trkpt lat="8.227362229" lon="99.315334367"></trkpt>
    <trkpt lat="8.227303471" lon="99.315412278"></trkpt>
    <trkpt lat="8.227287778" lon="99.315488553"></trkpt>
    <trkpt lat="8.22722918" lon="99.315566193"></trkpt>
    <trkpt lat="8.227125043" lon="99.315607383"></trkpt>
    <trkpt lat="8.227018384" lon="99.315610844"></trkpt>
    <trkpt lat="8.226912095" lon="99.315614294"></trkpt>
    <trkpt lat="8.226806175" lon="99.315617731"></trkpt>
    <trkpt lat="8.226700621" lon="99.315621157"></trkpt>
    <trkpt lat="8.226592566" lon="99.315587246"></trkpt>
    <trkpt lat="8.226484884" lon="99.315553452"></trkpt>
    <trkpt lat="8.226399863" lon="99.315537663"></trkpt>
    <trkpt lat="8.226272057" lon="99.315504779"></trkpt>
    <trkpt lat="8.226168326" lon="99.315508369"></trkpt>
    <trkpt lat="8.22606495" lon="99.315511947"></trkpt>
    <trkpt lat="8.225982504" lon="99.315514801"></trkpt>
    <trkpt lat="8.225860672" lon="99.315537506"></trkpt>
    <trkpt lat="8.225742165" lon="99.315596922"></trkpt>
    <trkpt lat="8.22566484" lon="99.315654775"></trkpt>
    <trkpt lat="8.225567422" lon="99.31571311"></trkpt>
    <trkpt lat="8.225510819" lon="99.315770009"></trkpt>
    <trkpt lat="8.225412521" lon="99.315809696"></trkpt>
    <trkpt lat="8.225297246" lon="99.315886357"></trkpt>
    <trkpt lat="8.225257057" lon="99.315887513"></trkpt>
    <trkpt lat="8.225159618" lon="99.315926828"></trkpt>
    <trkpt lat="8.22510243" lon="99.315964911"></trkpt>
    <trkpt lat="8.224987006" lon="99.316022687"></trkpt>
    <trkpt lat="8.224887695" lon="99.31602533"></trkpt>
    <trkpt lat="8.224808486" lon="99.316027438"></trkpt>
    <trkpt lat="8.224708385" lon="99.316011989"></trkpt>
    <trkpt lat="8.224604463" lon="99.315942457"></trkpt>
    <trkpt lat="8.224540062" lon="99.315872005"></trkpt>
    <trkpt lat="8.224435316" lon="99.315784894"></trkpt>
    <trkpt lat="8.224371255" lon="99.315714787"></trkpt>
    <trkpt lat="8.224289256" lon="99.315663425"></trkpt>
    <trkpt lat="8.224192224" lon="99.315666634"></trkpt>
    <trkpt lat="8.224076209" lon="99.315670472"></trkpt>
    <trkpt lat="8.224059664" lon="99.315706878"></trkpt>
    <trkpt lat="8.224065155" lon="99.315778414"></trkpt>
    <trkpt lat="8.224034837" lon="99.31588685"></trkpt>
    <trkpt lat="8.224003189" lon="99.315977283"></trkpt>
    <trkpt lat="8.223988066" lon="99.316031382"></trkpt>
    <trkpt lat="8.22395511" lon="99.316103788"></trkpt>
    <trkpt lat="8.223883857" lon="99.316177036"></trkpt>
    <trkpt lat="8.223792323" lon="99.316232745"></trkpt>
    <trkpt lat="8.223701091" lon="99.316288271"></trkpt>
    <trkpt lat="8.223627776" lon="99.316325465"></trkpt>
    <trkpt lat="8.223537082" lon="99.316380676"></trkpt>
    <trkpt lat="8.223485796" lon="99.316452635"></trkpt>
    <trkpt lat="8.223453471" lon="99.316524102"></trkpt>
    <trkpt lat="8.223422544" lon="99.316613143"></trkpt>
    <trkpt lat="8.223372842" lon="99.316702361"></trkpt>
    <trkpt lat="8.223321884" lon="99.316773771"></trkpt>
    <trkpt lat="8.223288419" lon="99.316827174"></trkpt>
    <trkpt lat="8.223238978" lon="99.31691595"></trkpt>
    <trkpt lat="8.223221618" lon="99.316933771"></trkpt>
    <trkpt lat="8.223173656" lon="99.317039909"></trkpt>
    <trkpt lat="8.223124439" lon="99.317128276"></trkpt>
    <trkpt lat="8.223073972" lon="99.317198924"></trkpt>
    <trkpt lat="8.22304083" lon="99.317251791"></trkpt>
    <trkpt lat="8.222969298" lon="99.317287267"></trkpt>
    <trkpt lat="8.222915099" lon="99.317305065"></trkpt>
    <trkpt lat="8.222808356" lon="99.317358021"></trkpt>
    <trkpt lat="8.222753132" lon="99.317358253"></trkpt>
    <trkpt lat="8.222664002" lon="99.317393474"></trkpt>
    <trkpt lat="8.222593438" lon="99.317428528"></trkpt>
    <trkpt lat="8.222523057" lon="99.317463492"></trkpt>
    <trkpt lat="8.222417823" lon="99.317515768"></trkpt>
    <trkpt lat="8.222347892" lon="99.317550508"></trkpt>
    <trkpt lat="8.222297553" lon="99.317602455"></trkpt>
    <trkpt lat="8.222227932" lon="99.317637006"></trkpt>
    <trkpt lat="8.222193189" lon="99.317654248"></trkpt>
    <trkpt lat="8.220429299" lon="99.318087111"></trkpt>
    <trkpt lat="8.220088333" lon="99.317801729"></trkpt>
    <trkpt lat="8.219952599" lon="99.317552541"></trkpt>
    <trkpt lat="8.219898965" lon="99.317502879"></trkpt>
    <trkpt lat="8.219845429" lon="99.317453309"></trkpt>
    <trkpt lat="8.219791992" lon="99.317403829"></trkpt>
    <trkpt lat="8.21972343" lon="99.317371033"></trkpt>
    <trkpt lat="8.219657566" lon="99.317371311"></trkpt>
    <trkpt lat="8.219628491" lon="99.317420911"></trkpt>
    <trkpt lat="8.219618393" lon="99.317503377"></trkpt>
    <trkpt lat="8.219623452" lon="99.317569306"></trkpt>
    <trkpt lat="8.219581817" lon="99.317668136"></trkpt>
    <trkpt lat="8.219538997" lon="99.317750334"></trkpt>
    <trkpt lat="8.219493732" lon="99.317799507"></trkpt>
    <trkpt lat="8.219466122" lon="99.317865094"></trkpt>
    <trkpt lat="8.219420992" lon="99.317914089"></trkpt>
    <trkpt lat="8.219389692" lon="99.3179303"></trkpt>
    <trkpt lat="8.219313494" lon="99.317995307"></trkpt>
    <trkpt lat="8.219236272" lon="99.318043766"></trkpt>
    <trkpt lat="8.219191555" lon="99.318092376"></trkpt>
    <trkpt lat="8.219149424" lon="99.318173545"></trkpt>
    <trkpt lat="8.219106118" lon="99.318238258"></trkpt>
    <trkpt lat="8.219080209" lon="99.318319365"></trkpt>
    <trkpt lat="8.219053081" lon="99.318384086"></trkpt>
    <trkpt lat="8.219011202" lon="99.318464747"></trkpt>
    <trkpt lat="8.218984156" lon="99.318529283"></trkpt>
    <trkpt lat="8.218989148" lon="99.31859434"></trkpt>
    <trkpt lat="8.218946142" lon="99.318658441"></trkpt>
    <trkpt lat="8.218886016" lon="99.318705858"></trkpt>
    <trkpt lat="8.21879299" lon="99.318736269"></trkpt>
    <trkpt lat="8.218746602" lon="99.318751434"></trkpt>
    <trkpt lat="8.218654077" lon="99.318781682"></trkpt>
    <trkpt lat="8.218592164" lon="99.318796407"></trkpt>
    <trkpt lat="8.218497719" lon="99.318794265"></trkpt>
    <trkpt lat="8.218450623" lon="99.318793198"></trkpt>
    <trkpt lat="8.218344754" lon="99.318838897"></trkpt>
    <trkpt lat="8.218283577" lon="99.318853468"></trkpt>
    <trkpt lat="8.21820823" lon="99.318883645"></trkpt>
    <trkpt lat="8.218182085" lon="99.318946921"></trkpt>
    <trkpt lat="8.21815597" lon="99.319010121"></trkpt>
    <trkpt lat="8.218142924" lon="99.319041694"></trkpt>
    <trkpt lat="8.218105058" lon="99.319152279"></trkpt>
    <trkpt lat="8.218109962" lon="99.319216202"></trkpt>
    <trkpt lat="8.218131572" lon="99.319296608"></trkpt>
    <trkpt lat="8.218155647" lon="99.319409043"></trkpt>
    <trkpt lat="8.218205859" lon="99.319458665"></trkpt>
    <trkpt lat="8.218244296" lon="99.319555851"></trkpt>
    <trkpt lat="8.218263533" lon="99.319604487"></trkpt>
    <trkpt lat="8.218285239" lon="99.3196852"></trkpt>
    <trkpt lat="8.218291386" lon="99.319765318"></trkpt>
    <trkpt lat="8.218296303" lon="99.319829413"></trkpt>
    <trkpt lat="8.218302449" lon="99.319909532"></trkpt>
    <trkpt lat="8.218322944" lon="99.319974331"></trkpt>
    <trkpt lat="8.218330322" lon="99.320070502"></trkpt>
    <trkpt lat="8.21833647" lon="99.320150645"></trkpt>
    <trkpt lat="8.218341389" lon="99.32021476"></trkpt>
    <trkpt lat="8.218347538" lon="99.320294903"></trkpt>
    <trkpt lat="8.218335641" lon="99.320342175"></trkpt>
    <trkpt lat="8.218308183" lon="99.320388593"></trkpt>
    <trkpt lat="8.218072914" lon="99.320605379"></trkpt>
    <trkpt lat="8.217719476" lon="99.320435265"></trkpt>
    <trkpt lat="8.21754136" lon="99.320313602"></trkpt>
    <trkpt lat="8.217472853" lon="99.320242528"></trkpt>
    <trkpt lat="8.217423925" lon="99.320151773"></trkpt>
    <trkpt lat="8.217336263" lon="99.320100819"></trkpt>
    <trkpt lat="8.217228095" lon="99.320051249"></trkpt>
    <trkpt lat="8.217164511" lon="99.320036426"></trkpt>
    <trkpt lat="8.217039156" lon="99.320025378"></trkpt>
    <trkpt lat="8.216899462" lon="99.320089481"></trkpt>
    <trkpt lat="8.216823172" lon="99.320168118"></trkpt>
    <trkpt lat="8.216766091" lon="99.320226956"></trkpt>
    <trkpt lat="8.216729514" lon="99.320284522"></trkpt>
    <trkpt lat="8.216649457" lon="99.320307506"></trkpt>
    <trkpt lat="8.216549338" lon="99.320331562"></trkpt>
    <trkpt lat="8.216448153" lon="99.320337216"></trkpt>
    <trkpt lat="8.216386203" lon="99.320322297"></trkpt>
    <trkpt lat="8.216281361" lon="99.32027314"></trkpt>
    <trkpt lat="8.216196903" lon="99.320222987"></trkpt>
    <trkpt lat="8.216152661" lon="99.320170611"></trkpt>
    <trkpt lat="8.216088506" lon="99.320119502"></trkpt>
    <trkpt lat="8.216023084" lon="99.3200503"></trkpt>
    <trkpt lat="8.215915271" lon="99.319947385"></trkpt>
    <trkpt lat="8.215871411" lon="99.319895423"></trkpt>
    <trkpt lat="8.215844629" lon="99.319805952"></trkpt>
    <trkpt lat="8.215799469" lon="99.319736003"></trkpt>
    <trkpt lat="8.215717671" lon="99.319705051"></trkpt>
    <trkpt lat="8.215578517" lon="99.319696256"></trkpt>
    <trkpt lat="8.215481893" lon="99.319720923"></trkpt>
    <trkpt lat="8.215430158" lon="99.319814972"></trkpt>
    <trkpt lat="8.215395264" lon="99.319871565"></trkpt>
    <trkpt lat="8.215360418" lon="99.319928082"></trkpt>
    <trkpt lat="8.215307545" lon="99.320003728"></trkpt>
    <trkpt lat="8.215250642" lon="99.320025341"></trkpt>
    <trkpt lat="8.215156516" lon="99.320067244"></trkpt>
    <trkpt lat="8.215080615" lon="99.320089923"></trkpt>
    <trkpt lat="8.214985678" lon="99.320113717"></trkpt>
    <trkpt lat="8.214932156" lon="99.320170819"></trkpt>
    <trkpt lat="8.214839083" lon="99.320212247"></trkpt>
    <trkpt lat="8.214783113" lon="99.320233476"></trkpt>
    <trkpt lat="8.214670141" lon="99.320258031"></trkpt>
    <trkpt lat="8.214575203" lon="99.320263629"></trkpt>
    <trkpt lat="8.214512947" lon="99.320196057"></trkpt>
    <trkpt lat="8.214450814" lon="99.320128618"></trkpt>
    <trkpt lat="8.214365897" lon="99.320009422"></trkpt>
    <trkpt lat="8.214324201" lon="99.31995878"></trkpt>
    <trkpt lat="8.214245035" lon="99.319910661"></trkpt>
    <trkpt lat="8.21416743" lon="99.319880299"></trkpt>
    <trkpt lat="8.214071383" lon="99.319851261"></trkpt>
    <trkpt lat="8.21399558" lon="99.319838646"></trkpt>
    <trkpt lat="8.213918627" lon="99.319808507"></trkpt>
    <trkpt lat="8.213826079" lon="99.319814765"></trkpt>
    <trkpt lat="8.213733831" lon="99.319821004"></trkpt>
    <trkpt lat="8.213641881" lon="99.319827222"></trkpt>
    <trkpt lat="8.213568535" lon="99.319832182"></trkpt>
    <trkpt lat="8.213477119" lon="99.319838364"></trkpt>
    <trkpt lat="8.213385997" lon="99.319844526"></trkpt>
    <trkpt lat="8.213313311" lon="99.319849442"></trkpt>
    <trkpt lat="8.213240811" lon="99.319854344"></trkpt>
    <trkpt lat="8.213150448" lon="99.319860455"></trkpt>
    <trkpt lat="8.213045047" lon="99.319902338"></trkpt>
    <trkpt lat="8.212938726" lon="99.319926806"></trkpt>
    <trkpt lat="8.212868512" lon="99.31994881"></trkpt>
    <trkpt lat="8.212781986" lon="99.31998914"></trkpt>
    <trkpt lat="8.212697054" lon="99.32004652"></trkpt>
    <trkpt lat="8.212628775" lon="99.320085431"></trkpt>
    <trkpt lat="8.212577023" lon="99.320105979"></trkpt>
    <trkpt lat="8.212475125" lon="99.320164065"></trkpt>
    <trkpt lat="8.212407408" lon="99.320202667"></trkpt>
    <trkpt lat="8.212322348" lon="99.320242253"></trkpt>
    <trkpt lat="8.212271179" lon="99.320262536"></trkpt>
    <trkpt lat="8.212153031" lon="99.32032105"></trkpt>
    <trkpt lat="8.212068771" lon="99.320360264"></trkpt>
    <trkpt lat="8.211984776" lon="99.320399354"></trkpt>
    <trkpt lat="8.211950212" lon="99.320401403"></trkpt>
    <trkpt lat="8.211813684" lon="99.320426471"></trkpt>
    <trkpt lat="8.211679131" lon="99.320468271"></trkpt>
    <trkpt lat="8.211595053" lon="99.320490083"></trkpt>
    <trkpt lat="8.21156227" lon="99.320508881"></trkpt>
    <trkpt lat="8.211462875" lon="99.320548345"></trkpt>
    <trkpt lat="8.211379472" lon="99.320569944"></trkpt>
    <trkpt lat="8.211230253" lon="99.320611998"></trkpt>
    <trkpt lat="8.211130807" lon="99.320634342"></trkpt>
    <trkpt lat="8.210998359" lon="99.320658459"></trkpt>
    <trkpt lat="8.210982966" lon="99.320676024"></trkpt>
    <trkpt lat="8.21086911" lon="99.320715662"></trkpt>
    <trkpt lat="8.210804087" lon="99.320735867"></trkpt>
    <trkpt lat="8.210755743" lon="99.32075513"></trkpt>
    <trkpt lat="8.210692268" lon="99.32079179"></trkpt>
    <trkpt lat="8.210594812" lon="99.32081358"></trkpt>
    <trkpt lat="8.210530462" lon="99.320833561"></trkpt>
    <trkpt lat="8.210467532" lon="99.320869969"></trkpt>
    <trkpt lat="8.210419805" lon="99.320888986"></trkpt>
    <trkpt lat="8.21032461" lon="99.320926917"></trkpt>
    <trkpt lat="8.210228504" lon="99.320948308"></trkpt>
    <trkpt lat="8.210150149" lon="99.32098518"></trkpt>
    <trkpt lat="8.210054679" lon="99.321006395"></trkpt>
    <trkpt lat="8.209994148" lon="99.321058591"></trkpt>
    <trkpt lat="8.209931261" lon="99.321078047"></trkpt>
    <trkpt lat="8.209884507" lon="99.321096681"></trkpt>
    <trkpt lat="8.209823133" lon="99.321132322"></trkpt>
    <trkpt lat="8.209730101" lon="99.321169381"></trkpt>
    <trkpt lat="8.209669097" lon="99.321204829"></trkpt>
    <trkpt lat="8.209622818" lon="99.321223254"></trkpt>
    <trkpt lat="8.209546284" lon="99.321259284"></trkpt>
    <trkpt lat="8.209501467" lon="99.321293786"></trkpt>
    <trkpt lat="8.209427774" lon="99.321361918"></trkpt>
    <trkpt lat="8.209400092" lon="99.321411705"></trkpt>
    <trkpt lat="8.208174143" lon="99.322545368"></trkpt>
    <trkpt lat="8.207812968" lon="99.322280716"></trkpt>
    <trkpt lat="8.207660068" lon="99.321944866"></trkpt>
    <trkpt lat="8.207612112" lon="99.321870601"></trkpt>
    <trkpt lat="8.20758529" lon="99.321796145"></trkpt>
    <trkpt lat="8.207536002" lon="99.321703393"></trkpt>
    <trkpt lat="8.207486783" lon="99.321610769"></trkpt>
    <trkpt lat="8.207419521" lon="99.321555935"></trkpt>
    <trkpt lat="8.207370467" lon="99.321463573"></trkpt>
    <trkpt lat="8.207345251" lon="99.321408131"></trkpt>
    <trkpt lat="8.207253124" lon="99.321298293"></trkpt>
    <trkpt lat="8.207226565" lon="99.321224419"></trkpt>
    <trkpt lat="8.20717778" lon="99.321132539"></trkpt>
    <trkpt lat="8.207173502" lon="99.321076823"></trkpt>
    <trkpt lat="8.207124787" lon="99.320985108"></trkpt>
    <trkpt lat="8.207077563" lon="99.320912066"></trkpt>
    <trkpt lat="8.206990417" lon="99.320858886"></trkpt>
    <trkpt lat="8.20690635" lon="99.320842843"></trkpt>
    <trkpt lat="8.206779973" lon="99.320809632"></trkpt>
    <trkpt lat="8.206716978" lon="99.320793077"></trkpt>
    <trkpt lat="8.206632243" lon="99.320758781"></trkpt>
    <trkpt lat="8.206525944" lon="99.320706852"></trkpt>
    <trkpt lat="8.206462056" lon="99.320672106"></trkpt>
    <trkpt lat="8.206375198" lon="99.320601438"></trkpt>
    <trkpt lat="8.206289981" lon="99.320549275"></trkpt>
    <trkpt lat="8.206206399" lon="99.320515542"></trkpt>
    <trkpt lat="8.206121641" lon="99.320463636"></trkpt>
    <trkpt lat="8.206038512" lon="99.32043011"></trkpt>
    <trkpt lat="8.20595421" lon="99.32037846"></trkpt>
    <trkpt lat="8.205890085" lon="99.320326166"></trkpt>
    <trkpt lat="8.205806181" lon="99.320274777"></trkpt>
    <trkpt lat="8.205742356" lon="99.320222711"></trkpt>
    <trkpt lat="8.20567866" lon="99.320170751"></trkpt>
    <trkpt lat="8.205613701" lon="99.320100777"></trkpt>
    <trkpt lat="8.205550262" lon="99.320049043"></trkpt>
    <trkpt lat="8.205446201" lon="99.31998112"></trkpt>
    <trkpt lat="8.205380329" lon="99.319893544"></trkpt>
    <trkpt lat="8.20533695" lon="99.31984127"></trkpt>
    <trkpt lat="8.205271297" lon="99.319753981"></trkpt>
    <trkpt lat="8.205184886" lon="99.319649863"></trkpt>
    <trkpt lat="8.205100084" lon="99.319563995"></trkpt>
    <trkpt lat="8.205057079" lon="99.319512167"></trkpt>
    <trkpt lat="8.204991989" lon="99.319425583"></trkpt>
    <trkpt lat="8.204928405" lon="99.319357095"></trkpt>
    <trkpt lat="8.204864947" lon="99.319288744"></trkpt>
    <trkpt lat="8.204802989" lon="99.319238417"></trkpt>
    <trkpt lat="8.20472194" lon="99.319189335"></trkpt>
    <trkpt lat="8.204661636" lon="99.319157071"></trkpt>
    <trkpt lat="8.204564586" lon="99.319145013"></trkpt>
    <trkpt lat="8.204467855" lon="99.319132996"></trkpt>
    <trkpt lat="8.204393154" lon="99.319155387"></trkpt>
    <trkpt lat="8.204340321" lon="99.319212074"></trkpt>
    <trkpt lat="8.20432818" lon="99.319301912"></trkpt>
    <trkpt lat="8.204316046" lon="99.319391691"></trkpt>
    <trkpt lat="8.204282281" lon="99.319447003"></trkpt>
    <trkpt lat="8.204268815" lon="99.319518927"></trkpt>
    <trkpt lat="8.204255358" lon="99.319590805"></trkpt>
    <trkpt lat="8.204263514" lon="99.319697081"></trkpt>
    <trkpt lat="8.204274389" lon="99.319838784"></trkpt>
    <trkpt lat="8.204282545" lon="99.31994506"></trkpt>
    <trkpt lat="8.20429206" lon="99.32006905"></trkpt>
    <trkpt lat="8.204239483" lon="99.320124673"></trkpt>
    <trkpt lat="8.204164115" lon="99.320127977"></trkpt>
    <trkpt lat="8.204031259" lon="99.320144743"></trkpt>
    <trkpt lat="8.203784241" lon="99.319580541"></trkpt>
    <trkpt lat="8.203729582" lon="99.319354291"></trkpt>
    <trkpt lat="8.203665899" lon="99.319252261"></trkpt>
    <trkpt lat="8.20360503" lon="99.319185475"></trkpt>
    <trkpt lat="8.203523159" lon="99.319084963"></trkpt>
    <trkpt lat="8.203444183" lon="99.319019666"></trkpt>
    <trkpt lat="8.203365411" lon="99.318954538"></trkpt>
    <trkpt lat="8.203306465" lon="99.318905802"></trkpt>
    <trkpt lat="8.203248971" lon="99.318874582"></trkpt>
    <trkpt lat="8.203153839" lon="99.318828481"></trkpt>
    <trkpt lat="8.203078486" lon="99.318798654"></trkpt>
    <trkpt lat="8.203003327" lon="99.318768905"></trkpt>
    <trkpt lat="8.20294642" lon="99.318737977"></trkpt>
    <trkpt lat="8.202856243" lon="99.318744243"></trkpt>
    <trkpt lat="8.202748412" lon="99.318751735"></trkpt>
    <trkpt lat="8.202676754" lon="99.318756714"></trkpt>
    <trkpt lat="8.202587439" lon="99.31876292"></trkpt>
    <trkpt lat="8.20252015" lon="99.318819469"></trkpt>
    <trkpt lat="8.202450397" lon="99.318841518"></trkpt>
    <trkpt lat="8.202382137" lon="99.318880668"></trkpt>
    <trkpt lat="8.202330398" lon="99.318901395"></trkpt>
    <trkpt lat="8.202229841" lon="99.318976945"></trkpt>
    <trkpt lat="8.202182328" lon="99.319048794"></trkpt>
    <trkpt lat="8.20215245" lon="99.31911939"></trkpt>
    <trkpt lat="8.20212261" lon="99.319189898"></trkpt>
    <trkpt lat="8.202106395" lon="99.319208054"></trkpt>
    <trkpt lat="8.202046868" lon="99.319348735"></trkpt>
    <trkpt lat="8.202001014" lon="99.319436987"></trkpt>
    <trkpt lat="8.201953942" lon="99.319508062"></trkpt>
    <trkpt lat="8.201923044" lon="99.319561037"></trkpt>
    <trkpt lat="8.201825377" lon="99.319651695"></trkpt>
    <trkpt lat="8.201795939" lon="99.319721404"></trkpt>
    <trkpt lat="8.201763937" lon="99.319757133"></trkpt>
    <trkpt lat="8.201649652" lon="99.319848016"></trkpt>
    <trkpt lat="8.201654842" lon="99.319915652"></trkpt>
    <trkpt lat="8.201661329" lon="99.320000197"></trkpt>
    <trkpt lat="8.201685045" lon="99.320083938"></trkpt>
    <trkpt lat="8.201720833" lon="99.320099255"></trkpt>
    <trkpt lat="8.20153379" lon="99.320171967"></trkpt>
    <trkpt lat="8.200479611" lon="99.31971014"></trkpt>
    <trkpt lat="8.200240911" lon="99.319706628"></trkpt>
    <trkpt lat="8.200103361" lon="99.319715121"></trkpt>
    <trkpt lat="8.199985973" lon="99.319722369"></trkpt>
    <trkpt lat="8.199867674" lon="99.319711611"></trkpt>
    <trkpt lat="8.199789988" lon="99.319716432"></trkpt>
    <trkpt lat="8.199691796" lon="99.319704516"></trkpt>
    <trkpt lat="8.199576042" lon="99.319711735"></trkpt>
    <trkpt lat="8.199460748" lon="99.319718926"></trkpt>
    <trkpt lat="8.199384138" lon="99.319723703"></trkpt>
    <trkpt lat="8.199325447" lon="99.319709467"></trkpt>
    <trkpt lat="8.199226066" lon="99.319662092"></trkpt>
    <trkpt lat="8.199109419" lon="99.319633843"></trkpt>
    <trkpt lat="8.199031003" lon="99.319603256"></trkpt>
    <trkpt lat="8.19896757" lon="99.319518396"></trkpt>
    <trkpt lat="8.198943284" lon="99.319448844"></trkpt>
    <trkpt lat="8.198897475" lon="99.319345256"></trkpt>
    <trkpt lat="8.198874593" lon="99.319293513"></trkpt>
    <trkpt lat="8.198849013" lon="99.319206449"></trkpt>
    <trkpt lat="8.198806036" lon="99.319138487"></trkpt>
    <trkpt lat="8.198765826" lon="99.319105923"></trkpt>
    <trkpt lat="8.198653622" lon="99.319114205"></trkpt>
    <trkpt lat="8.198579063" lon="99.319119709"></trkpt>
    <trkpt lat="8.198486137" lon="99.319126568"></trkpt>
    <trkpt lat="8.198375024" lon="99.31913477"></trkpt>
    <trkpt lat="8.198263" lon="99.31912544"></trkpt>
    <trkpt lat="8.198171096" lon="99.319132252"></trkpt>
    <trkpt lat="8.198026003" lon="99.319160533"></trkpt>
    <trkpt lat="8.197936201" lon="99.319184658"></trkpt>
    <trkpt lat="8.197866167" lon="99.319224754"></trkpt>
    <trkpt lat="8.197776881" lon="99.319248707"></trkpt>
    <trkpt lat="8.19768921" lon="99.319289904"></trkpt>
    <trkpt lat="8.197617152" lon="99.319295089"></trkpt>
    <trkpt lat="8.197547929" lon="99.319334813"></trkpt>
    <trkpt lat="8.197478884" lon="99.319374436"></trkpt>
    <trkpt lat="8.197338679" lon="99.319418958"></trkpt>
    <trkpt lat="8.197322194" lon="99.319437411"></trkpt>
    <trkpt lat="8.197199187" lon="99.319463254"></trkpt>
    <trkpt lat="8.19711335" lon="99.319503679"></trkpt>
    <trkpt lat="8.197042775" lon="99.319508539"></trkpt>
    <trkpt lat="8.196938559" lon="99.31953289"></trkpt>
    <trkpt lat="8.196850922" lon="99.319538898"></trkpt>
    <trkpt lat="8.196781012" lon="99.31954369"></trkpt>
    <trkpt lat="8.196708667" lon="99.319514441"></trkpt>
    <trkpt lat="8.196669953" lon="99.319465835"></trkpt>
    <trkpt lat="8.196662125" lon="99.319363809"></trkpt>
    <trkpt lat="8.196706494" lon="99.319257931"></trkpt>
    <trkpt lat="8.19673612" lon="99.319187234"></trkpt>
    <trkpt lat="8.196765783" lon="99.319116448"></trkpt>
    <trkpt lat="8.196809039" lon="99.318993044"></trkpt>
    <trkpt lat="8.196821294" lon="99.318923418"></trkpt>
    <trkpt lat="8.196869899" lon="99.318867993"></trkpt>
    <trkpt lat="8.196914662" lon="99.318761175"></trkpt>
    <trkpt lat="8.196909415" lon="99.318692792"></trkpt>
    <trkpt lat="8.196937988" lon="99.318604318"></trkpt>
    <trkpt lat="8.196965284" lon="99.318498614"></trkpt>
    <trkpt lat="8.196976317" lon="99.318411466"></trkpt>
    <trkpt lat="8.196988672" lon="99.318341392"></trkpt>
    <trkpt lat="8.196965807" lon="99.318274485"></trkpt>
    <trkpt lat="8.196903862" lon="99.31815955"></trkpt>
    <trkpt lat="8.196882365" lon="99.318109886"></trkpt>
    <trkpt lat="8.196823199" lon="99.318029422"></trkpt>
    <trkpt lat="8.196781634" lon="99.317947408"></trkpt>
    <trkpt lat="8.196706512" lon="99.317886005"></trkpt>
    <trkpt lat="8.1966651" lon="99.317804236"></trkpt>
    <trkpt lat="8.196623739" lon="99.317722571"></trkpt>
    <trkpt lat="8.196618513" lon="99.317654447"></trkpt>
    <trkpt lat="8.196613286" lon="99.317586324"></trkpt>
    <trkpt lat="8.196605445" lon="99.317484138"></trkpt>
    <trkpt lat="8.196615003" lon="99.317380074"></trkpt>
    <trkpt lat="8.196638059" lon="99.317222891"></trkpt>
    <trkpt lat="8.19666638" lon="99.31713374"></trkpt>
    <trkpt lat="8.196677281" lon="99.317046465"></trkpt>
    <trkpt lat="8.196688189" lon="99.316959134"></trkpt>
    <trkpt lat="8.196699103" lon="99.316871748"></trkpt>
    <trkpt lat="8.196710025" lon="99.316784307"></trkpt>
    <trkpt lat="8.196703473" lon="99.31669891"></trkpt>
    <trkpt lat="8.196698231" lon="99.316630593"></trkpt>
    <trkpt lat="8.196658068" lon="99.316566557"></trkpt>
    <trkpt lat="8.19665414" lon="99.316515352"></trkpt>
    <trkpt lat="8.196460655" lon="99.316393271"></trkpt>
    <trkpt lat="8.196074155" lon="99.31622879"></trkpt>
    <trkpt lat="8.19579544" lon="99.31640086"></trkpt>
    <trkpt lat="8.195782397" lon="99.316453427"></trkpt>
    <trkpt lat="8.195736879" lon="99.316526995"></trkpt>
    <trkpt lat="8.195709584" lon="99.31661511"></trkpt>
    <trkpt lat="8.195682323" lon="99.316703117"></trkpt>
    <trkpt lat="8.195688755" lon="99.31678695"></trkpt>
    <trkpt lat="8.1956939" lon="99.316854016"></trkpt>
    <trkpt lat="8.195699046" lon="99.316921083"></trkpt>
    <trkpt lat="8.195705478" lon="99.317004916"></trkpt>
    <trkpt lat="8.195709337" lon="99.317055215"></trkpt>
    <trkpt lat="8.195718342" lon="99.317172582"></trkpt>
    <trkpt lat="8.195689806" lon="99.317243431"></trkpt>
    <trkpt lat="8.195678122" lon="99.317312325"></trkpt>
    <trkpt lat="8.195634126" lon="99.317401602"></trkpt>
    <trkpt lat="8.195603129" lon="99.317438729"></trkpt>
    <trkpt lat="8.195557988" lon="99.317511041"></trkpt>
    <trkpt lat="8.195493662" lon="99.317551619"></trkpt>
    <trkpt lat="8.195426938" lon="99.317558761"></trkpt>
    <trkpt lat="8.195345039" lon="99.317584305"></trkpt>
    <trkpt lat="8.195279958" lon="99.317608009"></trkpt>
    <trkpt lat="8.195215036" lon="99.317631654"></trkpt>
    <trkpt lat="8.195133789" lon="99.317656985"></trkpt>
    <trkpt lat="8.195084399" lon="99.31766221"></trkpt>
    <trkpt lat="8.195003551" lon="99.317687432"></trkpt>
    <trkpt lat="8.194890273" lon="99.317716013"></trkpt>
    <trkpt lat="8.194808753" lon="99.317724586"></trkpt>
    <trkpt lat="8.194727482" lon="99.317733133"></trkpt>
    <trkpt lat="8.194630282" lon="99.317743354"></trkpt>
    <trkpt lat="8.194564421" lon="99.317733747"></trkpt>
    <trkpt lat="8.194497462" lon="99.317707784"></trkpt>
    <trkpt lat="8.19442941" lon="99.317665523"></trkpt>
    <trkpt lat="8.194376286" lon="99.317605289"></trkpt>
    <trkpt lat="8.194323257" lon="99.317545165"></trkpt>
    <trkpt lat="8.194302262" lon="99.317481612"></trkpt>
    <trkpt lat="8.194298504" lon="99.317432635"></trkpt>
    <trkpt lat="8.194290989" lon="99.31733468"></trkpt>
    <trkpt lat="8.194301957" lon="99.317267542"></trkpt>
    <trkpt lat="8.194309172" lon="99.317151356"></trkpt>
    <trkpt lat="8.194336156" lon="99.31708223"></trkpt>
    <trkpt lat="8.194347151" lon="99.317014935"></trkpt>
    <trkpt lat="8.194390221" lon="99.316943727"></trkpt>
    <trkpt lat="8.194432112" lon="99.316856009"></trkpt>
    <trkpt lat="8.19447408" lon="99.316768132"></trkpt>
    <trkpt lat="8.194501262" lon="99.316698521"></trkpt>
    <trkpt lat="8.194512348" lon="99.316630864"></trkpt>
    <trkpt lat="8.194504793" lon="99.316532403"></trkpt>
    <trkpt lat="8.194466277" lon="99.316454534"></trkpt>
    <trkpt lat="8.194513364" lon="99.316431844"></trkpt>
    <trkpt lat="8.194294539" lon="99.3163434"></trkpt>
    <trkpt lat="8.19409008" lon="99.316153741"></trkpt>
    <trkpt lat="8.193740221" lon="99.316093946"></trkpt>
    <trkpt lat="8.193640242" lon="99.316129958"></trkpt>
    <trkpt lat="8.193560217" lon="99.316199038"></trkpt>
    <trkpt lat="8.193497406" lon="99.316267561"></trkpt>
    <trkpt lat="8.19346863" lon="99.316335273"></trkpt>
    <trkpt lat="8.193442461" lon="99.316436394"></trkpt>
    <trkpt lat="8.193421462" lon="99.316604334"></trkpt>
    <trkpt lat="8.193409688" lon="99.316671495"></trkpt>
    <trkpt lat="8.193379746" lon="99.31672209"></trkpt>
    <trkpt lat="8.193316128" lon="99.316772992"></trkpt>
    <trkpt lat="8.193232028" lon="99.316773914"></trkpt>
    <trkpt lat="8.193164934" lon="99.31677465"></trkpt>
    <trkpt lat="8.193109615" lon="99.316708648"></trkpt>
    <trkpt lat="8.193068539" lon="99.316609287"></trkpt>
    <trkpt lat="8.193045468" lon="99.316526407"></trkpt>
    <trkpt lat="8.193037814" lon="99.31642667"></trkpt>
    <trkpt lat="8.19303016" lon="99.316326933"></trkpt>
    <trkpt lat="8.193026333" lon="99.316277064"></trkpt>
    <trkpt lat="8.193018679" lon="99.316177327"></trkpt>
    <trkpt lat="8.193031533" lon="99.316127077"></trkpt>
    <trkpt lat="8.193038012" lon="99.31599363"></trkpt>
    <trkpt lat="8.193065033" lon="99.315909565"></trkpt>
    <trkpt lat="8.193107543" lon="99.315808263"></trkpt>
    <trkpt lat="8.193116615" lon="99.315707799"></trkpt>
    <trkpt lat="8.193161786" lon="99.315639542"></trkpt>
    <trkpt lat="8.19320704" lon="99.315571159"></trkpt>
    <trkpt lat="8.193218726" lon="99.315503804"></trkpt>
    <trkpt lat="8.193231701" lon="99.315453113"></trkpt>
    <trkpt lat="8.19324212" lon="99.31536897"></trkpt>
    <trkpt lat="8.193253827" lon="99.31530149"></trkpt>
    <trkpt lat="8.193247413" lon="99.315217914"></trkpt>
    <trkpt lat="8.193278548" lon="99.31518313"></trkpt>
    <trkpt lat="8.193288993" lon="99.3150988"></trkpt>
    <trkpt lat="8.193316328" lon="99.315013687"></trkpt>
    <trkpt lat="8.19332551" lon="99.31491248"></trkpt>
    <trkpt lat="8.193354179" lon="99.314843929"></trkpt>
    <trkpt lat="8.193418061" lon="99.314790459"></trkpt>
    <trkpt lat="8.193535721" lon="99.314768024"></trkpt>
    <trkpt lat="8.193586857" lon="99.314765592"></trkpt>
    <trkpt lat="8.193706547" lon="99.314759899"></trkpt>
    <trkpt lat="8.193758003" lon="99.314757452"></trkpt>
    <trkpt lat="8.193862504" lon="99.314769457"></trkpt>
    <trkpt lat="8.193931523" lon="99.314766196"></trkpt>
    <trkpt lat="8.193996811" lon="99.314712057"></trkpt>
    <trkpt lat="8.194026261" lon="99.31464252"></trkpt>
    <trkpt lat="8.194038395" lon="99.314573773"></trkpt>
    <trkpt lat="8.194033185" lon="99.314505884"></trkpt>
    <trkpt lat="8.193936473" lon="99.313739874"></trkpt>
    <trkpt lat="8.194185061" lon="99.313522756"></trkpt>
    <trkpt lat="8.194539794" lon="99.313308389"></trkpt>
    <trkpt lat="8.194585614" lon="99.312976857"></trkpt>
    <trkpt lat="8.19465399" lon="99.312936864"></trkpt>
    <trkpt lat="8.19466649" lon="99.312866635"></trkpt>
    <trkpt lat="8.194695477" lon="99.312777687"></trkpt>
    <trkpt lat="8.194724502" lon="99.312688626"></trkpt>
    <trkpt lat="8.194772739" lon="99.312615172"></trkpt>
    <trkpt lat="8.194801859" lon="99.312525865"></trkpt>
    <trkpt lat="8.194850248" lon="99.312452137"></trkpt>
    <trkpt lat="8.19489873" lon="99.312378268"></trkpt>
    <trkpt lat="8.194928006" lon="99.312288581"></trkpt>
    <trkpt lat="8.194958647" lon="99.312216088"></trkpt>
    <trkpt lat="8.194950677" lon="99.312112233"></trkpt>
    <trkpt lat="8.194945363" lon="99.312042997"></trkpt>
    <trkpt lat="8.194940049" lon="99.31197376"></trkpt>
    <trkpt lat="8.194897472" lon="99.311890726"></trkpt>
    <trkpt lat="8.194874214" lon="99.311823311"></trkpt>
    <trkpt lat="8.194813808" lon="99.311742253"></trkpt>
    <trkpt lat="8.194757491" lon="99.311713129"></trkpt>
    <trkpt lat="8.194684774" lon="99.311703112"></trkpt>
    <trkpt lat="8.194594469" lon="99.311694929"></trkpt>
    <trkpt lat="8.19452085" lon="99.311667776"></trkpt>
    <trkpt lat="8.194447417" lon="99.311640692"></trkpt>
    <trkpt lat="8.194390491" lon="99.3115947"></trkpt>
    <trkpt lat="8.194351285" lon="99.311546948"></trkpt>
    <trkpt lat="8.194328414" lon="99.311480261"></trkpt>
    <trkpt lat="8.19428797" lon="99.311415505"></trkpt>
    <trkpt lat="8.194248891" lon="99.311367942"></trkpt>
    <trkpt lat="8.194192334" lon="99.311322355"></trkpt>
    <trkpt lat="8.19411578" lon="99.311244631"></trkpt>
    <trkpt lat="8.194076922" lon="99.311197312"></trkpt>
    <trkpt lat="8.194020687" lon="99.311152015"></trkpt>
    <trkpt lat="8.193948487" lon="99.311125803"></trkpt>
    <trkpt lat="8.193895109" lon="99.311114692"></trkpt>
    <trkpt lat="8.193804631" lon="99.311073577"></trkpt>
    <trkpt lat="8.193732974" lon="99.311047562"></trkpt>
    <trkpt lat="8.193628424" lon="99.311042522"></trkpt>
    <trkpt lat="8.19354268" lon="99.311052421"></trkpt>
    <trkpt lat="8.193475573" lon="99.3110772"></trkpt>
    <trkpt lat="8.193392894" lon="99.311120728"></trkpt>
    <trkpt lat="8.193328746" lon="99.311179021"></trkpt>
    <trkpt lat="8.193213969" lon="99.31124289"></trkpt>
    <trkpt lat="8.193148975" lon="99.311284056"></trkpt>
    <trkpt lat="8.19303241" lon="99.311313998"></trkpt>
    <trkpt lat="8.1929318" lon="99.311325238"></trkpt>
    <trkpt lat="8.192831563" lon="99.311336435"></trkpt>
    <trkpt lat="8.192848244" lon="99.311334572"></trkpt>
    <trkpt lat="8.192455741" lon="99.311228047"></trkpt>
    <trkpt lat="8.19248986" lon="99.311023417"></trkpt>
    <trkpt lat="8.192534231" lon="99.310951181"></trkpt>
    <trkpt lat="8.19259777" lon="99.310910049"></trkpt>
    <trkpt lat="8.192679329" lon="99.310883456"></trkpt>
    <trkpt lat="8.192727874" lon="99.310860798"></trkpt>
    <trkpt lat="8.192827795" lon="99.310848732"></trkpt>
    <trkpt lat="8.192890768" lon="99.310790535"></trkpt>
    <trkpt lat="8.192920389" lon="99.310736303"></trkpt>
    <trkpt lat="8.192932004" lon="99.31066735"></trkpt>
    <trkpt lat="8.192946195" lon="99.310631813"></trkpt>
    <trkpt lat="8.192987533" lon="99.310508327"></trkpt>
    <trkpt lat="8.193014706" lon="99.31042029"></trkpt>
    <trkpt lat="8.193026376" lon="99.310351089"></trkpt>
    <trkpt lat="8.19303548" lon="99.310248311"></trkpt>
    <trkpt lat="8.193026474" lon="99.310130946"></trkpt>
    <trkpt lat="8.19298899" lon="99.310085168"></trkpt>
    <trkpt lat="8.192932209" lon="99.310008238"></trkpt>
    <trkpt lat="8.192862652" lon="99.309983913"></trkpt>
    <trkpt lat="8.192791986" lon="99.309942948"></trkpt>
    <trkpt lat="8.192688232" lon="99.309906693"></trkpt>
    <trkpt lat="8.192683116" lon="99.30984002"></trkpt>
    <trkpt lat="8.192678" lon="99.309773347"></trkpt>
    <trkpt lat="8.192656272" lon="99.309709038"></trkpt>
    <trkpt lat="8.192651158" lon="99.309642385"></trkpt>
    <trkpt lat="8.19261158" lon="99.309563885"></trkpt>
    <trkpt lat="8.192572052" lon="99.309485482"></trkpt>
    <trkpt lat="8.192499518" lon="99.309412076"></trkpt>
    <trkpt lat="8.192446191" lon="99.309369594"></trkpt>
    <trkpt lat="8.192392962" lon="99.309327191"></trkpt>
    <trkpt lat="8.192324685" lon="99.309303917"></trkpt>
    <trkpt lat="8.192256576" lon="99.3092807"></trkpt>
    <trkpt lat="8.192204969" lon="99.309255057"></trkpt>
    <trkpt lat="8.192119591" lon="99.309217926"></trkpt>
    <trkpt lat="8.192069501" lon="99.309208898"></trkpt>
    <trkpt lat="8.191985801" lon="99.309188399"></trkpt>
    <trkpt lat="8.191918519" lon="99.309165463"></trkpt>
    <trkpt lat="8.191835277" lon="99.309145086"></trkpt>
    <trkpt lat="8.191781927" lon="99.309086941"></trkpt>
    <trkpt lat="8.191744737" lon="99.309026369"></trkpt>
    <trkpt lat="8.191723642" lon="99.30896332"></trkpt>
    <trkpt lat="8.191717351" lon="99.308881345"></trkpt>
    <trkpt lat="8.191730893" lon="99.308845967"></trkpt>
    <trkpt lat="8.191725859" lon="99.308780367"></trkpt>
    <trkpt lat="8.191764009" lon="99.308641216"></trkpt>
    <trkpt lat="8.191775062" lon="99.308572882"></trkpt>
    <trkpt lat="8.191851877" lon="99.308510158"></trkpt>
    <trkpt lat="8.191882921" lon="99.308488305"></trkpt>
    <trkpt lat="8.1919588" lon="99.308408837"></trkpt>
    <trkpt lat="8.192019924" lon="99.308348388"></trkpt>
    <trkpt lat="8.192066181" lon="99.308307083"></trkpt>
    <trkpt lat="8.192076976" lon="99.307953391"></trkpt>
    <trkpt lat="8.191981153" lon="99.307809817"></trkpt>
    <trkpt lat="8.19189277" lon="99.307760071"></trkpt>
    <trkpt lat="8.191845085" lon="99.307688567"></trkpt>
    <trkpt lat="8.191797467" lon="99.307617161"></trkpt>
    <trkpt lat="8.191690151" lon="99.307588104"></trkpt>
    <trkpt lat="8.191586059" lon="99.307596338"></trkpt>
    <trkpt lat="8.191442356" lon="99.30762637"></trkpt>
    <trkpt lat="8.191384639" lon="99.307686851"></trkpt>
    <trkpt lat="8.191347648" lon="99.307745622"></trkpt>
    <trkpt lat="8.191290128" lon="99.307805877"></trkpt>
    <trkpt lat="8.191216454" lon="99.307922975"></trkpt>
    <trkpt lat="8.191178275" lon="99.307962941"></trkpt>
    <trkpt lat="8.19112252" lon="99.308041232"></trkpt>
    <trkpt lat="8.191068295" lon="99.308137787"></trkpt>
    <trkpt lat="8.19101418" lon="99.308234146"></trkpt>
    <trkpt lat="8.190960176" lon="99.308330307"></trkpt>
    <trkpt lat="8.190906282" lon="99.308426272"></trkpt>
    <trkpt lat="8.190891631" lon="99.308501062"></trkpt>
    <trkpt lat="8.1908784" lon="99.308594157"></trkpt>
    <trkpt lat="8.190865178" lon="99.308687189"></trkpt>
    <trkpt lat="8.190831721" lon="99.308781377"></trkpt>
    <trkpt lat="8.190796902" lon="99.308857113"></trkpt>
    <trkpt lat="8.190762131" lon="99.308932746"></trkpt>
    <trkpt lat="8.190687113" lon="99.309010554"></trkpt>
    <trkpt lat="8.19058942" lon="99.309052747"></trkpt>
    <trkpt lat="8.190489258" lon="99.309058346"></trkpt>
    <trkpt lat="8.190409372" lon="99.309062812"></trkpt>
    <trkpt lat="8.190161176" lon="99.308960924"></trkpt>
    <trkpt lat="8.19011783" lon="99.308642315"></trkpt>
    <trkpt lat="8.189935199" lon="99.308326976"></trkpt>
    <trkpt lat="8.189870776" lon="99.308258811"></trkpt>
    <trkpt lat="8.189824668" lon="99.308171343"></trkpt>
    <trkpt lat="8.189798175" lon="99.30808256"></trkpt>
    <trkpt lat="8.189750777" lon="99.307977272"></trkpt>
    <trkpt lat="8.189706208" lon="99.307908151"></trkpt>
    <trkpt lat="8.189682563" lon="99.307855618"></trkpt>
    <trkpt lat="8.189654789" lon="99.307749116"></trkpt>
    <trkpt lat="8.189650643" lon="99.307695113"></trkpt>
    <trkpt lat="8.189642352" lon="99.307587107"></trkpt>
    <trkpt lat="8.189714799" lon="99.307508621"></trkpt>
    <trkpt lat="8.189790211" lon="99.307466022"></trkpt>
    <trkpt lat="8.189867212" lon="99.307441383"></trkpt>
    <trkpt lat="8.189965491" lon="99.307433121"></trkpt>
    <trkpt lat="8.190041568" lon="99.307390236"></trkpt>
    <trkpt lat="8.190139044" lon="99.307363704"></trkpt>
    <trkpt lat="8.190216981" lon="99.307338778"></trkpt>
    <trkpt lat="8.190295129" lon="99.307313785"></trkpt>
    <trkpt lat="8.190370689" lon="99.30725226"></trkpt>
    <trkpt lat="8.190406444" lon="99.307194069"></trkpt>
    <trkpt lat="8.190462271" lon="99.30713403"></trkpt>
    <trkpt lat="8.190515405" lon="99.307037305"></trkpt>
    <trkpt lat="8.190549951" lon="99.306960517"></trkpt>
    <trkpt lat="8.190542929" lon="99.306869049"></trkpt>
    <trkpt lat="8.190475702" lon="99.30678326"></trkpt>
    <trkpt lat="8.190410014" lon="99.3067159"></trkpt>
    <trkpt lat="8.190347258" lon="99.306685153"></trkpt>
    <trkpt lat="8.190243414" lon="99.306640116"></trkpt>
    <trkpt lat="8.190159753" lon="99.306593285"></trkpt>
    <trkpt lat="8.190118704" lon="99.306579003"></trkpt>
    <trkpt lat="8.190032593" lon="99.306496056"></trkpt>
    <trkpt lat="8.19001145" lon="99.30647989"></trkpt>
    <trkpt lat="8.189943932" lon="99.30637709"></trkpt>
    <trkpt lat="8.189858286" lon="99.306294636"></trkpt>
    <trkpt lat="8.189813467" lon="99.306226365"></trkpt>
    <trkpt lat="8.189712769" lon="99.306200526"></trkpt>
    <trkpt lat="8.189633283" lon="99.306190735"></trkpt>
    <trkpt lat="8.189533188" lon="99.306165032"></trkpt>
    <trkpt lat="8.189436184" lon="99.306175357"></trkpt>
    <trkpt lat="8.189358814" lon="99.306183593"></trkpt>
    <trkpt lat="8.189283024" lon="99.306209729"></trkpt>
    <trkpt lat="8.189208809" lon="99.306253696"></trkpt>
    <trkpt lat="8.189192347" lon="99.30629151"></trkpt>
    <trkpt lat="8.189195094" lon="99.306327297"></trkpt>
    <trkpt lat="8.189164945" lon="99.30643859"></trkpt>
    <trkpt lat="8.189174553" lon="99.306563762"></trkpt>
    <trkpt lat="8.189178671" lon="99.306617407"></trkpt>
    <trkpt lat="8.189189652" lon="99.306760461"></trkpt>
    <trkpt lat="8.189196515" lon="99.30684987"></trkpt>
    <trkpt lat="8.189202006" lon="99.306921397"></trkpt>
    <trkpt lat="8.189207496" lon="99.306992924"></trkpt>
    <trkpt lat="8.18921985" lon="99.30715386"></trkpt>
    <trkpt lat="8.189223968" lon="99.307207505"></trkpt>
    <trkpt lat="8.189211634" lon="99.307298593"></trkpt>
    <trkpt lat="8.189219868" lon="99.307405848"></trkpt>
    <trkpt lat="8.189206167" lon="99.307478971"></trkpt>
    <trkpt lat="8.18917468" lon="99.307571497"></trkpt>
    <trkpt lat="8.189121364" lon="99.307629775"></trkpt>
    <trkpt lat="8.189050441" lon="99.307707299"></trkpt>
    <trkpt lat="8.189054545" lon="99.30776075"></trkpt>
    <trkpt lat="8.189038209" lon="99.307797892"></trkpt>
    <trkpt lat="8.188964781" lon="99.307839492"></trkpt>
    <trkpt lat="8.188911447" lon="99.307733973"></trkpt>
    <trkpt lat="8.188690272" lon="99.307736349"></trkpt>
    <trkpt lat="8.188504964" lon="99.307538137"></trkpt>
    <trkpt lat="8.188499543" lon="99.307467522"></trkpt>
    <trkpt lat="8.188531585" lon="99.307393652"></trkpt>
    <trkpt lat="8.188544908" lon="99.307321339"></trkpt>
    <trkpt lat="8.18861323" lon="99.30722625"></trkpt>
    <trkpt lat="8.188685811" lon="99.307184064"></trkpt>
    <trkpt lat="8.188719451" lon="99.307127471"></trkpt>
    <trkpt lat="8.188751773" lon="99.307053063"></trkpt>
    <trkpt lat="8.188744964" lon="99.306964359"></trkpt>
    <trkpt lat="8.188739517" lon="99.306893396"></trkpt>
    <trkpt lat="8.188732708" lon="99.306804692"></trkpt>
    <trkpt lat="8.188670654" lon="99.306739278"></trkpt>
    <trkpt lat="8.188573841" lon="99.306713115"></trkpt>
    <trkpt lat="8.188517533" lon="99.306718671"></trkpt>
    <trkpt lat="8.188439917" lon="99.306690753"></trkpt>
    <trkpt lat="8.188345212" lon="99.306682396"></trkpt>
    <trkpt lat="8.188287997" lon="99.306670352"></trkpt>
    <trkpt lat="8.188230893" lon="99.306658332"></trkpt>
    <trkpt lat="8.188097186" lon="99.306618675"></trkpt>
    <trkpt lat="8.188019325" lon="99.306573559"></trkpt>
    <trkpt lat="8.187921947" lon="99.306512953"></trkpt>
    <trkpt lat="8.187845881" lon="99.306485582"></trkpt>
    <trkpt lat="8.18778427" lon="99.306403991"></trkpt>
    <trkpt lat="8.187705877" lon="99.306341948"></trkpt>
    <trkpt lat="8.187629023" lon="99.306297479"></trkpt>
    <trkpt lat="8.187588666" lon="99.306249183"></trkpt>
    <trkpt lat="8.187509443" lon="99.306170158"></trkpt>
    <trkpt lat="8.187469242" lon="99.306122036"></trkpt>
    <trkpt lat="8.187409702" lon="99.306058646"></trkpt>
    <trkpt lat="8.187352938" lon="99.306030052"></trkpt>
    <trkpt lat="8.187257689" lon="99.305970977"></trkpt>
    <trkpt lat="8.18716805" lon="99.305981216"></trkpt>
    <trkpt lat="8.187060861" lon="99.305993459"></trkpt>
    <trkpt lat="8.186990951" lon="99.306018821"></trkpt>
    <trkpt lat="8.186923861" lon="99.306078526"></trkpt>
    <trkpt lat="8.18689104" lon="99.306116918"></trkpt>
    <trkpt lat="8.186806534" lon="99.306178354"></trkpt>
    <trkpt lat="8.186688414" lon="99.30626061"></trkpt>
    <trkpt lat="8.186585709" lon="99.306306405"></trkpt>
    <trkpt lat="8.18655331" lon="99.30634441"></trkpt>
    <trkpt lat="8.186468562" lon="99.306388041"></trkpt>
    <trkpt lat="8.18641758" lon="99.306410745"></trkpt>
    <trkpt lat="8.186301171" lon="99.306491894"></trkpt>
    <trkpt lat="8.186234509" lon="99.306533252"></trkpt>
    <trkpt lat="8.186170619" lon="99.306608429"></trkpt>
    <trkpt lat="8.186125407" lon="99.306698577"></trkpt>
    <trkpt lat="8.186110789" lon="99.306734236"></trkpt>
    <trkpt lat="8.186032643" lon="99.30684454"></trkpt>
    <trkpt lat="8.186019379" lon="99.306896994"></trkpt>
    <trkpt lat="8.185973154" lon="99.306969698"></trkpt>
    <trkpt lat="8.185945409" lon="99.307057481"></trkpt>
    <trkpt lat="8.18590062" lon="99.307146787"></trkpt>
    <trkpt lat="8.185891317" lon="99.30724958"></trkpt>
    <trkpt lat="8.185863675" lon="99.307337025"></trkpt>
    <trkpt lat="8.185868848" lon="99.307404425"></trkpt>
    <trkpt lat="8.185804619" lon="99.307461101"></trkpt>
    <trkpt lat="8.185739259" lon="99.307500829"></trkpt>
    <trkpt lat="8.185641525" lon="99.307560236"></trkpt>
    <trkpt lat="8.185558428" lon="99.307584446"></trkpt>
    <trkpt lat="8.185510492" lon="99.307622366"></trkpt>
    <trkpt lat="8.185461362" lon="99.307643496"></trkpt>
    <trkpt lat="8.184713815" lon="99.307840546"></trkpt>
    <trkpt lat="8.184503973" lon="99.307923595"></trkpt>
    <trkpt lat="8.184462824" lon="99.307945984"></trkpt>
    <trkpt lat="8.184411933" lon="99.307978807"></trkpt>
    <trkpt lat="8.184339333" lon="99.308002934"></trkpt>
    <trkpt lat="8.184309192" lon="99.308024459"></trkpt>
    <trkpt lat="8.184269357" lon="99.308056356"></trkpt>
    <trkpt lat="8.184228884" lon="99.308078369"></trkpt>
    <trkpt lat="8.18417658" lon="99.308081364"></trkpt>
    <trkpt lat="8.184134872" lon="99.308083753"></trkpt>
    <trkpt lat="8.184071037" lon="99.308067845"></trkpt>
    <trkpt lat="8.184039222" lon="99.308059917"></trkpt>
    <trkpt lat="8.18399641" lon="99.308042897"></trkpt>
    <trkpt lat="8.183991935" lon="99.307984611"></trkpt>
    <trkpt lat="8.184001506" lon="99.307974265"></trkpt>
    <trkpt lat="8.184007352" lon="99.307915305"></trkpt>
    <trkpt lat="8.184014695" lon="99.307875752"></trkpt>
    <trkpt lat="8.184022043" lon="99.307836172"></trkpt>
    <trkpt lat="8.18403825" lon="99.307776396"></trkpt>
    <trkpt lat="8.184035261" lon="99.307737456"></trkpt>
    <trkpt lat="8.184041129" lon="99.307678306"></trkpt>
    <trkpt lat="8.184036643" lon="99.307619876"></trkpt>
    <trkpt lat="8.184032904" lon="99.307571184"></trkpt>
    <trkpt lat="8.184041018" lon="99.30754118"></trkpt>
    <trkpt lat="8.184048389" lon="99.307501409"></trkpt>
    <trkpt lat="8.184043151" lon="99.307433191"></trkpt>
    <trkpt lat="8.184040907" lon="99.307403955"></trkpt>
    <trkpt lat="8.184036417" lon="99.307345483"></trkpt>
    <trkpt lat="8.184032676" lon="99.307296756"></trkpt>
    <trkpt lat="8.184029684" lon="99.307257775"></trkpt>
    <trkpt lat="8.184025943" lon="99.307209048"></trkpt>
    <trkpt lat="8.18401484" lon="99.307200214"></trkpt>
    <trkpt lat="8.183989669" lon="99.307143624"></trkpt>
    <trkpt lat="8.183985185" lon="99.307085215"></trkpt>
    <trkpt lat="8.183971867" lon="99.30704724"></trkpt>
    <trkpt lat="8.183958559" lon="99.307009292"></trkpt>
    <trkpt lat="8.183934211" lon="99.30696264"></trkpt>
    <trkpt lat="8.183928986" lon="99.306894593"></trkpt>
    <trkpt lat="8.183914962" lon="99.306847022"></trkpt>
    <trkpt lat="8.183891416" lon="99.306810246"></trkpt>
    <trkpt lat="8.183889179" lon="99.306781115"></trkpt>
    <trkpt lat="8.183864923" lon="99.306734708"></trkpt>
    <trkpt lat="8.183861199" lon="99.30668619"></trkpt>
    <trkpt lat="8.183856729" lon="99.306627967"></trkpt>
    <trkpt lat="8.183851514" lon="99.306560041"></trkpt>
    <trkpt lat="8.183847044" lon="99.306501819"></trkpt>
    <trkpt lat="8.183844064" lon="99.306463005"></trkpt>
    <trkpt lat="8.183839595" lon="99.306404782"></trkpt>
    <trkpt lat="8.183826372" lon="99.306367171"></trkpt>
    <trkpt lat="8.183802186" lon="99.306321108"></trkpt>
    <trkpt lat="8.183780266" lon="99.30630417"></trkpt>
    <trkpt lat="8.183735777" lon="99.306260694"></trkpt>
    <trkpt lat="8.183693638" lon="99.306246317"></trkpt>
    <trkpt lat="8.183652359" lon="99.306241627"></trkpt>
    <trkpt lat="8.183621291" lon="99.306235709"></trkpt>
    <trkpt lat="8.183558615" lon="99.306214296"></trkpt>
    <trkpt lat="8.183527744" lon="99.306208426"></trkpt>
    <trkpt lat="8.183466199" lon="99.306196722"></trkpt>
    <trkpt lat="8.183424088" lon="99.306172996"></trkpt>
    <trkpt lat="8.183373632" lon="99.306169705"></trkpt>
    <trkpt lat="8.183302119" lon="99.306149868"></trkpt>
    <trkpt lat="8.183261203" lon="99.306135857"></trkpt>
    <trkpt lat="8.1832204" lon="99.306121885"></trkpt>
    <trkpt lat="8.183169193" lon="99.30609973"></trkpt>
    <trkpt lat="8.182853702" lon="99.306064839"></trkpt>
    <trkpt lat="8.182712314" lon="99.306102424"></trkpt>
    <trkpt lat="8.182671897" lon="99.306446404"></trkpt>
    <trkpt lat="8.18276705" lon="99.306616956"></trkpt>
    <trkpt lat="8.182772622" lon="99.306689527"></trkpt>
    <trkpt lat="8.182777399" lon="99.306751731"></trkpt>
    <trkpt lat="8.182782175" lon="99.306813935"></trkpt>
    <trkpt lat="8.182785359" lon="99.306855404"></trkpt>
    <trkpt lat="8.182776824" lon="99.306897881"></trkpt>
    <trkpt lat="8.182745691" lon="99.306952656"></trkpt>
    <trkpt lat="8.182735594" lon="99.306974336"></trkpt>
    <trkpt lat="8.182704555" lon="99.307028941"></trkpt>
    <trkpt lat="8.182683638" lon="99.307061833"></trkpt>
    <trkpt lat="8.182651133" lon="99.307095604"></trkpt>
    <trkpt lat="8.182619492" lon="99.307139602"></trkpt>
    <trkpt lat="8.182587133" lon="99.307173208"></trkpt>
    <trkpt lat="8.182543312" lon="99.30720762"></trkpt>
    <trkpt lat="8.182499623" lon="99.307241928"></trkpt>
    <trkpt lat="8.182455278" lon="99.307265887"></trkpt>
    <trkpt lat="8.182433156" lon="99.30727784"></trkpt>
    <trkpt lat="8.182366988" lon="99.307313589"></trkpt>
    <trkpt lat="8.18232304" lon="99.307337334"></trkpt>
    <trkpt lat="8.182290557" lon="99.30736019"></trkpt>
    <trkpt lat="8.182258147" lon="99.307382995"></trkpt>
    <trkpt lat="8.182193543" lon="99.307428452"></trkpt>
    <trkpt lat="8.182140445" lon="99.307472936"></trkpt>
    <trkpt lat="8.182097176" lon="99.307496259"></trkpt>
    <trkpt lat="8.18205326" lon="99.307509406"></trkpt>
    <trkpt lat="8.18198879" lon="99.30754418"></trkpt>
    <trkpt lat="8.181945195" lon="99.307557209"></trkpt>
    <trkpt lat="8.181892233" lon="99.307591028"></trkpt>
    <trkpt lat="8.181838695" lon="99.307614691"></trkpt>
    <trkpt lat="8.181795545" lon="99.307627549"></trkpt>
    <trkpt lat="8.181752521" lon="99.307640369"></trkpt>
    <trkpt lat="8.181699494" lon="99.307663829"></trkpt>
    <trkpt lat="8.181656752" lon="99.307676554"></trkpt>
    <trkpt lat="8.181604838" lon="99.307709823"></trkpt>
    <trkpt lat="8.181550824" lon="99.307713171"></trkpt>
    <trkpt lat="8.181500052" lon="99.307756168"></trkpt>
    <trkpt lat="8.181469373" lon="99.307777929"></trkpt>
    <trkpt lat="8.181429583" lon="99.307820058"></trkpt>
    <trkpt lat="8.181399817" lon="99.307851574"></trkpt>
    <trkpt lat="8.181371631" lon="99.307902759"></trkpt>
    <trkpt lat="8.181342749" lon="99.307943976"></trkpt>
    <trkpt lat="8.181313174" lon="99.307975256"></trkpt>
    <trkpt lat="8.181285173" lon="99.308026141"></trkpt>
    <trkpt lat="8.181257232" lon="99.308076917"></trkpt>
    <trkpt lat="8.181239895" lon="99.308127072"></trkpt>
    <trkpt lat="8.181231613" lon="99.30815703"></trkpt>
    <trkpt lat="8.18120379" lon="99.308207556"></trkpt>
    <trkpt lat="8.181196285" lon="99.308247243"></trkpt>
    <trkpt lat="8.181178284" lon="99.308287355"></trkpt>
    <trkpt lat="8.181160308" lon="99.30832741"></trkpt>
    <trkpt lat="8.181140105" lon="99.308338066"></trkpt>
    <trkpt lat="8.181103535" lon="99.308408165"></trkpt>
    <trkpt lat="8.181063326" lon="99.308429301"></trkpt>
    <trkpt lat="8.181023231" lon="99.308450376"></trkpt>
    <trkpt lat="8.18095073" lon="99.308453114"></trkpt>
    <trkpt lat="8.180899164" lon="99.308455061"></trkpt>
    <trkpt lat="8.180847038" lon="99.308447322"></trkpt>
    <trkpt lat="8.180803838" lon="99.308419885"></trkpt>
    <trkpt lat="8.180761501" lon="99.308402178"></trkpt>
    <trkpt lat="8.180728716" lon="99.308374467"></trkpt>
    <trkpt lat="8.180676446" lon="99.308357288"></trkpt>
    <trkpt lat="8.180655441" lon="99.30834851"></trkpt>
    <trkpt lat="8.180592606" lon="99.308322249"></trkpt>
    <trkpt lat="8.180561656" lon="99.308313955"></trkpt>
    <trkpt lat="8.180509238" lon="99.308287407"></trkpt>
    <trkpt lat="8.180475526" lon="99.308240928"></trkpt>
    <trkpt lat="8.180442618" lon="99.308204098"></trkpt>
    <trkpt lat="8.18041974" lon="99.308166861"></trkpt>
    <trkpt lat="8.180386217" lon="99.308120639"></trkpt>
    <trkpt lat="8.18037335" lon="99.308083014"></trkpt>
    <trkpt lat="8.180341384" lon="99.308055985"></trkpt>
    <trkpt lat="8.180308024" lon="99.308009991"></trkpt>
    <trkpt lat="8.180276192" lon="99.307983096"></trkpt>
    <trkpt lat="8.180234582" lon="99.30795681"></trkpt>
    <trkpt lat="8.180201449" lon="99.307911079"></trkpt>
    <trkpt lat="8.180180368" lon="99.307893274"></trkpt>
    <trkpt lat="8.180139021" lon="99.307867194"></trkpt>
    <trkpt lat="8.180088766" lon="99.30785122"></trkpt>
    <trkpt lat="8.180047674" lon="99.307825281"></trkpt>
    <trkpt lat="8.180006695" lon="99.307799412"></trkpt>
    <trkpt lat="8.179956893" lon="99.307783627"></trkpt>
    <trkpt lat="8.179936155" lon="99.307766056"></trkpt>
    <trkpt lat="8.179896204" lon="99.307749747"></trkpt>
    <trkpt lat="8.17984678" lon="99.307734106"></trkpt>
    <trkpt lat="8.179808511" lon="99.307736594"></trkpt>
    <trkpt lat="8.179772498" lon="99.307767091"></trkpt>
    <trkpt lat="8.179726367" lon="99.30778878"></trkpt>
    <trkpt lat="8.179700051" lon="99.307818521"></trkpt>
    <trkpt lat="8.179683966" lon="99.307856928"></trkpt>
    <trkpt lat="8.179667903" lon="99.307895283"></trkpt>
    <trkpt lat="8.179635129" lon="99.307962548"></trkpt>
    <trkpt lat="8.179637981" lon="99.307999699"></trkpt>
    <trkpt lat="8.179630691" lon="99.308028079"></trkpt>
    <trkpt lat="8.179606004" lon="99.308076006"></trkpt>
    <trkpt lat="8.179589337" lon="99.308104813"></trkpt>
    <trkpt lat="8.179564734" lon="99.308152579"></trkpt>
    <trkpt lat="8.179539471" lon="99.308190999"></trkpt>
    <trkpt lat="8.179514259" lon="99.308229341"></trkpt>
    <trkpt lat="8.179489098" lon="99.308267605"></trkpt>
    <trkpt lat="8.179457517" lon="99.308343087"></trkpt>
    <trkpt lat="8.179432473" lon="99.308381145"></trkpt>
    <trkpt lat="8.179408892" lon="99.308437527"></trkpt>
    <trkpt lat="8.179386065" lon="99.308502985"></trkpt>
    <trkpt lat="8.179334915" lon="99.308560129"></trkpt>
    <trkpt lat="8.179329225" lon="99.308606307"></trkpt>
    <trkpt lat="8.179305851" lon="99.308662216"></trkpt>
    <trkpt lat="8.17927195" lon="99.308699997"></trkpt>
    <trkpt lat="8.179245883" lon="99.308719127"></trkpt>
    <trkpt lat="8.179202319" lon="99.308747884"></trkpt>
    <trkpt lat="8.17917779" lon="99.308785143"></trkpt>
    <trkpt lat="8.17914353" lon="99.308813468"></trkpt>
    <trkpt lat="8.179126086" lon="99.308823055"></trkpt>
    <trkpt lat="8.178947572" lon="99.308972661"></trkpt>
    <trkpt lat="8.177620434" lon="99.308807392"></trkpt>
    <trkpt lat="8.177325474" lon="99.308744535"></trkpt>
    <trkpt lat="8.177304206" lon="99.308734573"></trkpt>
    <trkpt lat="8.177262499" lon="99.308724338"></trkpt>
    <trkpt lat="8.177189611" lon="99.30870409"></trkpt>
    <trkpt lat="8.177138085" lon="99.308693804"></trkpt>
    <trkpt lat="8.177055724" lon="99.308673592"></trkpt>
    <trkpt lat="8.176994624" lon="99.308663285"></trkpt>
    <trkpt lat="8.176913067" lon="99.308643257"></trkpt>
    <trkpt lat="8.176841895" lon="99.308623447"></trkpt>
    <trkpt lat="8.176791582" lon="99.308613423"></trkpt>
    <trkpt lat="8.176761916" lon="99.308613115"></trkpt>
    <trkpt lat="8.176711881" lon="99.308603137"></trkpt>
    <trkpt lat="8.176662746" lon="99.308602643"></trkpt>
    <trkpt lat="8.176612332" lon="99.308583285"></trkpt>
    <trkpt lat="8.176592794" lon="99.308583102"></trkpt>
    <trkpt lat="8.176523902" lon="99.308573058"></trkpt>
    <trkpt lat="8.176494066" lon="99.308563401"></trkpt>
    <trkpt lat="8.176444956" lon="99.308553602"></trkpt>
    <trkpt lat="8.176404927" lon="99.308534549"></trkpt>
    <trkpt lat="8.176385672" lon="99.3085344"></trkpt>
    <trkpt lat="8.176316337" lon="99.308505874"></trkpt>
    <trkpt lat="8.176267833" lon="99.308496233"></trkpt>
    <trkpt lat="8.176199063" lon="99.308467915"></trkpt>
    <trkpt lat="8.176150243" lon="99.308449096"></trkpt>
    <trkpt lat="8.17610159" lon="99.308430342"></trkpt>
    <trkpt lat="8.176071908" lon="99.308411714"></trkpt>
    <trkpt lat="8.176024228" lon="99.308402314"></trkpt>
    <trkpt lat="8.175965951" lon="99.308374477"></trkpt>
    <trkpt lat="8.17591792" lon="99.308355968"></trkpt>
    <trkpt lat="8.175869346" lon="99.308328331"></trkpt>
    <trkpt lat="8.17582023" lon="99.308291611"></trkpt>
    <trkpt lat="8.17578901" lon="99.308245806"></trkpt>
    <trkpt lat="8.175758556" lon="99.308209251"></trkpt>
    <trkpt lat="8.175728163" lon="99.308172769"></trkpt>
    <trkpt lat="8.175697832" lon="99.30813636"></trkpt>
    <trkpt lat="8.175668262" lon="99.308109154"></trkpt>
    <trkpt lat="8.175628928" lon="99.308072964"></trkpt>
    <trkpt lat="8.175599496" lon="99.308045885"></trkpt>
    <trkpt lat="8.175579209" lon="99.30801876"></trkpt>
    <trkpt lat="8.175549876" lon="99.307991781"></trkpt>
    <trkpt lat="8.175529655" lon="99.307964737"></trkpt>
    <trkpt lat="8.175489992" lon="99.307919833"></trkpt>
    <trkpt lat="8.175462228" lon="99.307911164"></trkpt>
    <trkpt lat="8.175397196" lon="99.307884974"></trkpt>
    <trkpt lat="8.175351028" lon="99.30786763"></trkpt>
    <trkpt lat="8.175314619" lon="99.307859207"></trkpt>
    <trkpt lat="8.175278306" lon="99.307850807"></trkpt>
    <trkpt lat="8.175224361" lon="99.307842742"></trkpt>
    <trkpt lat="8.175188286" lon="99.307834391"></trkpt>
    <trkpt lat="8.175134696" lon="99.307826384"></trkpt>
    <trkpt lat="8.175089397" lon="99.307809302"></trkpt>
    <trkpt lat="8.175035508" lon="99.307792447"></trkpt>
    <trkpt lat="8.174999243" lon="99.307775304"></trkpt>
    <trkpt lat="8.174945706" lon="99.307758571"></trkpt>
    <trkpt lat="8.174936348" lon="99.307749859"></trkpt>
    <trkpt lat="8.17487374" lon="99.30772453"></trkpt>
    <trkpt lat="8.17484719" lon="99.307716243"></trkpt>
    <trkpt lat="8.174784308" lon="99.307682226"></trkpt>
    <trkpt lat="8.17473947" lon="99.307656762"></trkpt>
    <trkpt lat="8.174721711" lon="99.307648364"></trkpt>
    <trkpt lat="8.174685585" lon="99.307622788"></trkpt>
    <trkpt lat="8.174614961" lon="99.307589415"></trkpt>
    <trkpt lat="8.17458756" lon="99.30756377"></trkpt>
    <trkpt lat="8.174534262" lon="99.30753016"></trkpt>
    <trkpt lat="8.17450769" lon="99.307513404"></trkpt>
    <trkpt lat="8.174472116" lon="99.307488198"></trkpt>
    <trkpt lat="8.174443651" lon="99.307445307"></trkpt>
    <trkpt lat="8.174321335" lon="99.307387061"></trkpt>
    <trkpt lat="8.17420207" lon="99.30725432"></trkpt>
    <trkpt lat="8.174147183" lon="99.307167694"></trkpt>
    <trkpt lat="8.174107735" lon="99.307123818"></trkpt>
    <trkpt lat="8.174080416" lon="99.307080688"></trkpt>
    <trkpt lat="8.174065167" lon="99.307038253"></trkpt>
    <trkpt lat="8.174037111" lon="99.306984799"></trkpt>
    <trkpt lat="8.174009898" lon="99.306941858"></trkpt>
    <trkpt lat="8.173981927" lon="99.306888559"></trkpt>
    <trkpt lat="8.173968357" lon="99.30686715"></trkpt>
    <trkpt lat="8.173939649" lon="99.306803558"></trkpt>
    <trkpt lat="8.173912584" lon="99.30676087"></trkpt>
    <trkpt lat="8.173883963" lon="99.306697457"></trkpt>
    <trkpt lat="8.173856981" lon="99.306654915"></trkpt>
    <trkpt lat="8.173829244" lon="99.306602058"></trkpt>
    <trkpt lat="8.173789708" lon="99.306548843"></trkpt>
    <trkpt lat="8.173762074" lon="99.306496168"></trkpt>
    <trkpt lat="8.173722689" lon="99.306443175"></trkpt>
    <trkpt lat="8.173695953" lon="99.30640102"></trkpt>
    <trkpt lat="8.17366767" lon="99.306338263"></trkpt>
    <trkpt lat="8.173628497" lon="99.30628559"></trkpt>
    <trkpt lat="8.173613609" lon="99.306243986"></trkpt>
    <trkpt lat="8.173587037" lon="99.306202109"></trkpt>
    <trkpt lat="8.173570599" lon="99.306139974"></trkpt>
    <trkpt lat="8.173554965" lon="99.306088186"></trkpt>
    <trkpt lat="8.173539342" lon="99.306036439"></trkpt>
    <trkpt lat="8.173522941" lon="99.305974436"></trkpt>
    <trkpt lat="8.173508133" lon="99.30593306"></trkpt>
    <trkpt lat="8.173479341" lon="99.305860683"></trkpt>
    <trkpt lat="8.173475391" lon="99.305809274"></trkpt>
    <trkpt lat="8.173448224" lon="99.305757593"></trkpt>
    <trkpt lat="8.173432683" lon="99.305706106"></trkpt>
    <trkpt lat="8.173393224" lon="99.305644206"></trkpt>
    <trkpt lat="8.173368542" lon="99.305623518"></trkpt>
    <trkpt lat="8.173353853" lon="99.305582444"></trkpt>
    <trkpt lat="8.173314571" lon="99.305520822"></trkpt>
    <trkpt lat="8.173263118" lon="99.305449095"></trkpt>
    <trkpt lat="8.173224041" lon="99.305387785"></trkpt>
    <trkpt lat="8.173186619" lon="99.305347006"></trkpt>
    <trkpt lat="8.173150062" lon="99.305316504"></trkpt>
    <trkpt lat="8.173113588" lon="99.30528607"></trkpt>
    <trkpt lat="8.173066643" lon="99.305265916"></trkpt>
    <trkpt lat="8.173008547" lon="99.305245878"></trkpt>
    <trkpt lat="8.172938651" lon="99.30521586"></trkpt>
    <trkpt lat="8.172891449" lon="99.305185819"></trkpt>
    <trkpt lat="8.172834" lon="99.30516604"></trkpt>
    <trkpt lat="8.172776762" lon="99.305146334"></trkpt>
    <trkpt lat="8.172720507" lon="99.305136747"></trkpt>
    <trkpt lat="8.172685774" lon="99.305116962"></trkpt>
    <trkpt lat="8.172618844" lon="99.305107564"></trkpt>
    <trkpt lat="8.172607846" lon="99.30510767"></trkpt>
    <trkpt lat="8.172563167" lon="99.305098097"></trkpt>
    <trkpt lat="8.172472669" lon="99.305059104"></trkpt>
    <trkpt lat="8.172396588" lon="99.305059964"></trkpt>
    <trkpt lat="8.172363338" lon="99.305050402"></trkpt>
    <trkpt lat="8.172295534" lon="99.305011523"></trkpt>
    <trkpt lat="8.172239508" lon="99.304982549"></trkpt>
    <trkpt lat="8.17220508" lon="99.30495336"></trkpt>
    <trkpt lat="8.172171485" lon="99.304934104"></trkpt>
    <trkpt lat="8.172116662" lon="99.304915236"></trkpt>
    <trkpt lat="8.172063548" lon="99.304916103"></trkpt>
    <trkpt lat="8.171998556" lon="99.304897515"></trkpt>
    <trkpt lat="8.171977456" lon="99.304897874"></trkpt>
    <trkpt lat="8.171912836" lon="99.304879379"></trkpt>
    <trkpt lat="8.17187016" lon="99.30487035"></trkpt>
    <trkpt lat="8.17179708" lon="99.304871665"></trkpt>
    <trkpt lat="8.171734731" lon="99.304872787"></trkpt>
    <trkpt lat="8.171714007" lon="99.30487316"></trkpt>
    <trkpt lat="8.171631406" lon="99.304874646"></trkpt>
    <trkpt lat="8.171559513" lon="99.30487594"></trkpt>
    <trkpt lat="8.171539038" lon="99.304876309"></trkpt>
    <trkpt lat="8.171477786" lon="99.304877411"></trkpt>
    <trkpt lat="8.171416793" lon="99.304878509"></trkpt>
    <trkpt lat="8.171386393" lon="99.304879056"></trkpt>
    <trkpt lat="8.171295578" lon="99.30488069"></trkpt>
    <trkpt lat="8.1712554" lon="99.304881414"></trkpt>
    <trkpt lat="8.171185358" lon="99.304882674"></trkpt>
    <trkpt lat="8.171155445" lon="99.304883213"></trkpt>
    <trkpt lat="8.171095076" lon="99.304874775"></trkpt>
    <trkpt lat="8.171055456" lon="99.304875501"></trkpt>
    <trkpt lat="8.170995506" lon="99.304867109"></trkpt>
    <trkpt lat="8.17094489" lon="99.304849104"></trkpt>
    <trkpt lat="8.170913298" lon="99.304821318"></trkpt>
    <trkpt lat="8.170852484" lon="99.304794214"></trkpt>
    <trkpt lat="8.170811357" lon="99.304766789"></trkpt>
    <trkpt lat="8.170770345" lon="99.304739439"></trkpt>
    <trkpt lat="8.170719057" lon="99.30470301"></trkpt>
    <trkpt lat="8.170697583" lon="99.304675337"></trkpt>
    <trkpt lat="8.170656882" lon="99.304648216"></trkpt>
    <trkpt lat="8.170624452" lon="99.304602181"></trkpt>
    <trkpt lat="8.170583231" lon="99.304565878"></trkpt>
    <trkpt lat="8.170551672" lon="99.304529377"></trkpt>
    <trkpt lat="8.170520178" lon="99.304492951"></trkpt>
    <trkpt lat="8.170498979" lon="99.304465601"></trkpt>
    <trkpt lat="8.170457383" lon="99.304420323"></trkpt>
    <trkpt lat="8.17043627" lon="99.304393078"></trkpt>
    <trkpt lat="8.170426081" lon="99.30438412"></trkpt>
    <trkpt lat="8.170383971" lon="99.304329773"></trkpt>
    <trkpt lat="8.170362245" lon="99.304293374"></trkpt>
    <trkpt lat="8.170331137" lon="99.304257411"></trkpt>
    <trkpt lat="8.170330425" lon="99.30424814"></trkpt>
    <trkpt lat="8.170297247" lon="99.304184473"></trkpt>
    <trkpt lat="8.170274929" lon="99.304139015"></trkpt>
    <trkpt lat="8.170272087" lon="99.304101991"></trkpt>
    <trkpt lat="8.170259164" lon="99.304056166"></trkpt>
    <trkpt lat="8.17024696" lon="99.304019622"></trkpt>
    <trkpt lat="8.170223287" lon="99.30395585"></trkpt>
    <trkpt lat="8.170219029" lon="99.30390039"></trkpt>
    <trkpt lat="8.17019681" lon="99.303855217"></trkpt>
    <trkpt lat="8.170184648" lon="99.303818803"></trkpt>
    <trkpt lat="8.170182521" lon="99.303791101"></trkpt>
    <trkpt lat="8.170170368" lon="99.30375472"></trkpt>
    <trkpt lat="8.170147503" lon="99.303700482"></trkpt>
    <trkpt lat="8.170135374" lon="99.303664169"></trkpt>
    <trkpt lat="8.170104695" lon="99.303629075"></trkpt>
    <trkpt lat="8.170083335" lon="99.303593444"></trkpt>
    <trkpt lat="8.170071959" lon="99.303566443"></trkpt>
    <trkpt lat="8.1700407" lon="99.303522326"></trkpt>
    <trkpt lat="8.170010915" lon="99.303496665"></trkpt>
    <trkpt lat="8.169980486" lon="99.303461882"></trkpt>
    <trkpt lat="8.16994871" lon="99.303408837"></trkpt>
    <trkpt lat="8.169927562" lon="99.303373533"></trkpt>
    <trkpt lat="8.169907145" lon="99.30334743"></trkpt>
    <trkpt lat="8.16987622" lon="99.303303769"></trkpt>
    <trkpt lat="8.169844655" lon="99.30325106"></trkpt>
    <trkpt lat="8.169803368" lon="99.30319007"></trkpt>
    <trkpt lat="8.169782416" lon="99.303155077"></trkpt>
    <trkpt lat="8.169762192" lon="99.303129242"></trkpt>
    <trkpt lat="8.169750341" lon="99.303093568"></trkpt>
    <trkpt lat="8.169719728" lon="99.30305038"></trkpt>
    <trkpt lat="8.169716933" lon="99.303013986"></trkpt>
    <trkpt lat="8.169695397" lon="99.302970112"></trkpt>
    <trkpt lat="8.16968429" lon="99.302943652"></trkpt>
    <trkpt lat="8.169680801" lon="99.302898205"></trkpt>
    <trkpt lat="8.169669006" lon="99.302862692"></trkpt>
    <trkpt lat="8.169648227" lon="99.302828057"></trkpt>
    <trkpt lat="8.169645438" lon="99.302791736"></trkpt>
    <trkpt lat="8.169641952" lon="99.302746335"></trkpt>
    <trkpt lat="8.169657146" lon="99.302708224"></trkpt>
    <trkpt lat="8.169692484" lon="99.302695541"></trkpt>
    <trkpt lat="8.169727917" lon="99.302682823"></trkpt>
    <trkpt lat="8.169772516" lon="99.30266916"></trkpt>
    <trkpt lat="8.169817967" lon="99.302664592"></trkpt>
    <trkpt lat="8.169855842" lon="99.302679233"></trkpt>
    <trkpt lat="8.16989382" lon="99.302693913"></trkpt>
    <trkpt lat="8.169932604" lon="99.302717811"></trkpt>
    <trkpt lat="8.169961585" lon="99.30273348"></trkpt>
    <trkpt lat="8.17000978" lon="99.302756598"></trkpt>
    <trkpt lat="8.170048171" lon="99.302771462"></trkpt>
    <trkpt lat="8.170085957" lon="99.302777139"></trkpt>
    <trkpt lat="8.170134575" lon="99.302800433"></trkpt>
    <trkpt lat="8.170173304" lon="99.302815422"></trkpt>
    <trkpt lat="8.170220084" lon="99.302811037"></trkpt>
    <trkpt lat="8.170255484" lon="99.302779666"></trkpt>
    <trkpt lat="8.170280849" lon="99.302739818"></trkpt>
    <trkpt lat="8.170296121" lon="99.302691507"></trkpt>
    <trkpt lat="8.170321571" lon="99.302651501"></trkpt>
    <trkpt lat="8.170347788" lon="99.302620731"></trkpt>
    <trkpt lat="8.170392319" lon="99.302578644"></trkpt>
    <trkpt lat="8.17042748" lon="99.302537392"></trkpt>
    <trkpt lat="8.170463456" lon="99.302505387"></trkpt>
    <trkpt lat="8.170498091" lon="99.302454547"></trkpt>
    <trkpt lat="8.17052323" lon="99.302404597"></trkpt>
    <trkpt lat="8.170539537" lon="99.30236498"></trkpt>
    <trkpt lat="8.170555145" lon="99.302315912"></trkpt>
    <trkpt lat="8.170571497" lon="99.302276179"></trkpt>
    <trkpt lat="8.170587871" lon="99.302236392"></trkpt>
    <trkpt lat="8.170584259" lon="99.302189347"></trkpt>
    <trkpt lat="8.170580647" lon="99.302142302"></trkpt>
    <trkpt lat="8.170568849" lon="99.302115207"></trkpt>
    <trkpt lat="8.170526785" lon="99.302072761"></trkpt>
    <trkpt lat="8.170485557" lon="99.302039812"></trkpt>
    <trkpt lat="8.170435619" lon="99.30201748"></trkpt>
    <trkpt lat="8.170396079" lon="99.302003409"></trkpt>
    <trkpt lat="8.170339122" lon="99.302010372"></trkpt>
    <trkpt lat="8.17030128" lon="99.302014997"></trkpt>
    <trkpt lat="8.170244711" lon="99.302021912"></trkpt>
    <trkpt lat="8.170197746" lon="99.302027652"></trkpt>
    <trkpt lat="8.170161001" lon="99.302041502"></trkpt>
    <trkpt lat="8.170115032" lon="99.302056448"></trkpt>
    <trkpt lat="8.170069219" lon="99.302071343"></trkpt>
    <trkpt lat="8.170022852" lon="99.302076963"></trkpt>
    <trkpt lat="8.169986579" lon="99.302090658"></trkpt>
    <trkpt lat="8.169949697" lon="99.302095116"></trkpt>
    <trkpt lat="8.169903029" lon="99.302091487"></trkpt>
    <trkpt lat="8.169874117" lon="99.302076471"></trkpt>
    <trkpt lat="8.169843857" lon="99.302043154"></trkpt>
    <trkpt lat="8.169822779" lon="99.302008768"></trkpt>
    <trkpt lat="8.169802433" lon="99.30198358"></trkpt>
    <trkpt lat="8.169790513" lon="99.301948124"></trkpt>
    <trkpt lat="8.169787703" lon="99.301911523"></trkpt>
    <trkpt lat="8.169783488" lon="99.301856622"></trkpt>
    <trkpt lat="8.169779976" lon="99.301810871"></trkpt>
    <trkpt lat="8.169776463" lon="99.301765119"></trkpt>
    <trkpt lat="8.169773653" lon="99.301728518"></trkpt>
    <trkpt lat="8.169779945" lon="99.301690675"></trkpt>
    <trkpt lat="8.169804473" lon="99.301650292"></trkpt>
    <trkpt lat="8.169819209" lon="99.301601931"></trkpt>
    <trkpt lat="8.169862837" lon="99.301567994"></trkpt>
    <trkpt lat="8.169906612" lon="99.301533941"></trkpt>
    <trkpt lat="8.169950534" lon="99.301499774"></trkpt>
    <trkpt lat="8.169978234" lon="99.301495823"></trkpt>
    <trkpt lat="8.170032382" lon="99.301469409"></trkpt>
    <trkpt lat="8.170078149" lon="99.301453487"></trkpt>
    <trkpt lat="8.170124782" lon="99.301446787"></trkpt>
    <trkpt lat="8.170180953" lon="99.301438716"></trkpt>
    <trkpt lat="8.170218527" lon="99.301433317"></trkpt>
    <trkpt lat="8.170266355" lon="99.301435869"></trkpt>
    <trkpt lat="8.170304879" lon="99.301439785"></trkpt>
    <trkpt lat="8.170342791" lon="99.301434363"></trkpt>
    <trkpt lat="8.170382244" lon="99.301447647"></trkpt>
    <trkpt lat="8.170410826" lon="99.30144358"></trkpt>
    <trkpt lat="8.170477746" lon="99.301434055"></trkpt>
    <trkpt lat="8.170506525" lon="99.301429959"></trkpt>
    <trkpt lat="8.170564262" lon="99.301421742"></trkpt>
    <trkpt lat="8.170611109" lon="99.301395991"></trkpt>
    <trkpt lat="8.170637265" lon="99.301354044"></trkpt>
    <trkpt lat="8.170644786" lon="99.30132429"></trkpt>
    <trkpt lat="8.170648683" lon="99.301247243"></trkpt>
    <trkpt lat="8.170653308" lon="99.3011796"></trkpt>
    <trkpt lat="8.170649678" lon="99.301132311"></trkpt>
    <trkpt lat="8.170646773" lon="99.301094479"></trkpt>
    <trkpt lat="8.170643869" lon="99.301056648"></trkpt>
    <trkpt lat="8.170642416" lon="99.301037732"></trkpt>
    <trkpt lat="8.170635881" lon="99.300952612"></trkpt>
    <trkpt lat="8.17063225" lon="99.300905323"></trkpt>
    <trkpt lat="8.170639051" lon="99.300865921"></trkpt>
    <trkpt lat="8.171163558" lon="99.300089855"></trkpt>
    <trkpt lat="8.171062382" lon="99.298464078"></trkpt>
    <trkpt lat="8.170347012" lon="99.298311174"></trkpt>
    <trkpt lat="8.169630069" lon="99.298271946"></trkpt>
    <trkpt lat="8.169425607" lon="99.298322336"></trkpt>
    <trkpt lat="8.169224857" lon="99.298411412"></trkpt>
    <trkpt lat="8.169060003" lon="99.298420349"></trkpt>
    <trkpt lat="8.168863518" lon="99.298547707"></trkpt>
    <trkpt lat="8.16866476" lon="99.298635942"></trkpt>
    <trkpt lat="8.16854525" lon="99.298681007"></trkpt>
    <trkpt lat="8.168344656" lon="99.298730194"></trkpt>
    <trkpt lat="8.168182324" lon="99.298738611"></trkpt>
    <trkpt lat="8.168023403" lon="99.29878546"></trkpt>
    <trkpt lat="8.167856084" lon="99.298716975"></trkpt>
    <trkpt lat="8.167844291" lon="99.298563374"></trkpt>
    <trkpt lat="8.16790723" lon="99.298328493"></trkpt>
    <trkpt lat="8.167929879" lon="99.298095607"></trkpt>
    <trkpt lat="8.167834459" lon="99.297908184"></trkpt>
    <trkpt lat="8.167713677" lon="99.297915342"></trkpt>
    <trkpt lat="8.167472876" lon="99.297929614"></trkpt>
    <trkpt lat="8.167358729" lon="99.298013231"></trkpt>
    <trkpt lat="8.167247756" lon="99.298134884"></trkpt>
    <trkpt lat="8.167054531" lon="99.298222637"></trkpt>
    <trkpt lat="8.166895758" lon="99.298231673"></trkpt>
    <trkpt lat="8.166804848" lon="99.29808392"></trkpt>
    <trkpt lat="8.166790236" lon="99.297893594"></trkpt>
    <trkpt lat="8.166775624" lon="99.297703268"></trkpt>
    <trkpt lat="8.166803512" lon="99.297548515"></trkpt>
    <trkpt lat="8.166953318" lon="99.297424133"></trkpt>
    <trkpt lat="8.167066681" lon="99.297340161"></trkpt>
    <trkpt lat="8.16725419" lon="99.297174324"></trkpt>
    <trkpt lat="8.167408199" lon="99.297087186"></trkpt>
    <trkpt lat="8.167562641" lon="99.296999803"></trkpt>
    <trkpt lat="8.16771457" lon="99.296873774"></trkpt>
    <trkpt lat="8.167953607" lon="99.296818748"></trkpt>
    <trkpt lat="8.168069069" lon="99.296733364"></trkpt>
    <trkpt lat="8.168027665" lon="99.296194059"></trkpt>
    <trkpt lat="8.167386483" lon="99.296280101"></trkpt>
    <trkpt lat="8.167216027" lon="99.296677225"></trkpt>
    <trkpt lat="8.167105242" lon="99.296800238"></trkpt>
    <trkpt lat="8.167034445" lon="99.296920274"></trkpt>
    <trkpt lat="8.166884368" lon="99.29704549"></trkpt>
    <trkpt lat="8.166723021" lon="99.297018096"></trkpt>
    <trkpt lat="8.166632296" lon="99.296871293"></trkpt>
    <trkpt lat="8.166541696" lon="99.296724695"></trkpt>
    <trkpt lat="8.166530024" lon="99.296572647"></trkpt>
    <trkpt lat="8.166515433" lon="99.296382588"></trkpt>
    <trkpt lat="8.166543193" lon="99.296227591"></trkpt>
    <trkpt lat="8.166570972" lon="99.296072486"></trkpt>
    <trkpt lat="8.166601691" lon="99.295955325"></trkpt>
    <trkpt lat="8.166623666" lon="99.295723888"></trkpt>
    <trkpt lat="8.166609055" lon="99.295533564"></trkpt>
    <trkpt lat="8.166597367" lon="99.295381304"></trkpt>
    <trkpt lat="8.166506729" lon="99.295235643"></trkpt>
    <trkpt lat="8.166416219" lon="99.295090185"></trkpt>
    <trkpt lat="8.166337287" lon="99.294797205"></trkpt>
    <trkpt lat="8.165465393" lon="99.294487735"></trkpt>
    <trkpt lat="8.165621764" lon="99.293978998"></trkpt>
    <trkpt lat="8.165685044" lon="99.293782569"></trkpt>
    <trkpt lat="8.165670536" lon="99.293593564"></trkpt>
    <trkpt lat="8.165775772" lon="99.293430655"></trkpt>
    <trkpt lat="8.165884136" lon="99.293305287"></trkpt>
    <trkpt lat="8.165998546" lon="99.293255497"></trkpt>
    <trkpt lat="8.166104454" lon="99.293091726"></trkpt>
    <trkpt lat="8.166089886" lon="99.292901931"></trkpt>
    <trkpt lat="8.165999855" lon="99.292758398"></trkpt>
    <trkpt lat="8.165912859" lon="99.292652971"></trkpt>
    <trkpt lat="8.165781137" lon="99.292476171"></trkpt>
    <trkpt lat="8.165691539" lon="99.292333282"></trkpt>
    <trkpt lat="8.165560276" lon="99.29215712"></trkpt>
    <trkpt lat="8.165429285" lon="99.291981323"></trkpt>
    <trkpt lat="8.165348868" lon="99.291952379"></trkpt>
    <trkpt lat="8.165149755" lon="99.291899027"></trkpt>
    <trkpt lat="8.165031194" lon="99.291874631"></trkpt>
    <trkpt lat="8.164939782" lon="99.291695436"></trkpt>
    <trkpt lat="8.16492535" lon="99.291507407"></trkpt>
    <trkpt lat="8.16491669" lon="99.291394589"></trkpt>
    <trkpt lat="8.165017714" lon="99.291192602"></trkpt>
    <trkpt lat="8.165003267" lon="99.291004378"></trkpt>
    <trkpt lat="8.164908955" lon="99.290788101"></trkpt>
    <trkpt lat="8.164782154" lon="99.290652146"></trkpt>
    <trkpt lat="8.164658495" lon="99.290554012"></trkpt>
    <trkpt lat="8.164570439" lon="99.29041367"></trkpt>
    <trkpt lat="8.164556041" lon="99.290226092"></trkpt>
    <trkpt lat="8.164591408" lon="99.290183588"></trkpt>
    <trkpt lat="8.165102074" lon="99.289972457"></trkpt>
    <trkpt lat="8.16452804" lon="99.289357958"></trkpt>
    <trkpt lat="8.162229445" lon="99.289903175"></trkpt>
    <trkpt lat="8.1610081" lon="99.290164379"></trkpt>
    <trkpt lat="8.159892717" lon="99.289607698"></trkpt>
    <trkpt lat="8.160058579" lon="99.288613217"></trkpt>
    <trkpt lat="8.159665444" lon="99.288533941"></trkpt>
    <trkpt lat="8.159177275" lon="99.289057174"></trkpt>
    <trkpt lat="8.159044851" lon="99.28919911"></trkpt>
    <trkpt lat="8.15895354" lon="99.289251885"></trkpt>
    <trkpt lat="8.158733851" lon="99.289487441"></trkpt>
    <trkpt lat="8.158555516" lon="99.289633714"></trkpt>
    <trkpt lat="8.158474513" lon="99.289810419"></trkpt>
    <trkpt lat="8.158343697" lon="99.289950633"></trkpt>
    <trkpt lat="8.15816021" lon="99.290012936"></trkpt>
    <trkpt lat="8.157881269" lon="99.290044101"></trkpt>
    <trkpt lat="8.157732776" lon="99.289935902"></trkpt>
    <trkpt lat="8.157673861" lon="99.289776207"></trkpt>
    <trkpt lat="8.157618153" lon="99.289657845"></trkpt>
    <trkpt lat="8.157556163" lon="99.28945718"></trkpt>
    <trkpt lat="8.157454441" lon="99.28934446"></trkpt>
    <trkpt lat="8.157257766" lon="99.289201737"></trkpt>
    <trkpt lat="8.157107498" lon="99.28905392"></trkpt>
    <trkpt lat="8.156918156" lon="99.288994"></trkpt>
    <trkpt lat="8.156732523" lon="99.288975193"></trkpt>
    <trkpt lat="8.156566269" lon="99.289201676"></trkpt>
    <trkpt lat="8.156488031" lon="99.289375925"></trkpt>
    <trkpt lat="8.156413042" lon="99.289590725"></trkpt>
    <trkpt lat="8.156141869" lon="99.289622404"></trkpt>
    <trkpt lat="8.15599425" lon="99.289475494"></trkpt>
    <trkpt lat="8.155933675" lon="99.289277514"></trkpt>
    <trkpt lat="8.155918072" lon="99.289074219"></trkpt>
    <trkpt lat="8.155896229" lon="99.288789606"></trkpt>
    <trkpt lat="8.155841952" lon="99.288673242"></trkpt>
    <trkpt lat="8.155694944" lon="99.288527664"></trkpt>
    <trkpt lat="8.155554488" lon="99.288463518"></trkpt>
    <trkpt lat="8.155286936" lon="99.288497505"></trkpt>
    <trkpt lat="8.155162912" lon="99.288635697"></trkpt>
    <trkpt lat="8.155039163" lon="99.288773581"></trkpt>
    <trkpt lat="8.155010364" lon="99.288980908"></trkpt>
    <trkpt lat="8.155022754" lon="99.289142341"></trkpt>
    <trkpt lat="8.154949737" lon="99.289354772"></trkpt>
    <trkpt lat="8.154914816" lon="99.289481026"></trkpt>
    <trkpt lat="8.154797844" lon="99.289698155"></trkpt>
    <trkpt lat="8.154624796" lon="99.28975906"></trkpt>
    <trkpt lat="8.154483784" lon="99.289654002"></trkpt>
    <trkpt lat="8.154340004" lon="99.289509056"></trkpt>
    <trkpt lat="8.154199617" lon="99.289404505"></trkpt>
    <trkpt lat="8.154065684" lon="99.289380249"></trkpt>
    <trkpt lat="8.153897792" lon="99.289481236"></trkpt>
    <trkpt lat="8.153817097" lon="99.289571563"></trkpt>
    <trkpt lat="8.153668305" lon="99.289911365"></trkpt>
    <trkpt lat="8.153594073" lon="99.290080893"></trkpt>
    <trkpt lat="8.153390644" lon="99.290264927"></trkpt>
    <trkpt lat="8.153227825" lon="99.290403726"></trkpt>
    <trkpt lat="8.153154211" lon="99.290572217"></trkpt>
    <trkpt lat="8.153163352" lon="99.290691308"></trkpt>
    <trkpt lat="8.153295177" lon="99.290716793"></trkpt>
    <trkpt lat="8.152948709" lon="99.290829431"></trkpt>
    <trkpt lat="8.152227173" lon="99.289125032"></trkpt>
    <trkpt lat="8.151818039" lon="99.288779424"></trkpt>
    <trkpt lat="8.151722122" lon="99.288633115"></trkpt>
    <trkpt lat="8.151584527" lon="99.288492498"></trkpt>
    <trkpt lat="8.151453243" lon="99.288430554"></trkpt>
    <trkpt lat="8.151236064" lon="99.288340646"></trkpt>
    <trkpt lat="8.151028653" lon="99.288368192"></trkpt>
    <trkpt lat="8.150821983" lon="99.28839564"></trkpt>
    <trkpt lat="8.150663151" lon="99.288495366"></trkpt>
    <trkpt lat="8.150548801" lon="99.288628288"></trkpt>
    <trkpt lat="8.150478666" lon="99.288794445"></trkpt>
    <trkpt lat="8.150408632" lon="99.288960365"></trkpt>
    <trkpt lat="8.150379609" lon="99.289120852"></trkpt>
    <trkpt lat="8.150479406" lon="99.289343462"></trkpt>
    <trkpt lat="8.150649575" lon="99.289400723"></trkpt>
    <trkpt lat="8.150820231" lon="99.289458147"></trkpt>
    <trkpt lat="8.150988381" lon="99.289476734"></trkpt>
    <trkpt lat="8.151124548" lon="99.289617601"></trkpt>
    <trkpt lat="8.151006342" lon="99.289710746"></trkpt>
    <trkpt lat="8.150717576" lon="99.289745753"></trkpt>
    <trkpt lat="8.150430247" lon="99.289780586"></trkpt>
    <trkpt lat="8.150313495" lon="99.289872994"></trkpt>
    <trkpt lat="8.1501155" lon="99.289974974"></trkpt>
    <trkpt lat="8.150043029" lon="99.290100739"></trkpt>
    <trkpt lat="8.149935997" lon="99.290308367"></trkpt>
    <trkpt lat="8.149832154" lon="99.290554143"></trkpt>
    <trkpt lat="8.149760088" lon="99.290679143"></trkpt>
    <trkpt lat="8.149685166" lon="99.290765432"></trkpt>
    <trkpt lat="8.149616262" lon="99.290928613"></trkpt>
    <trkpt lat="8.149513087" lon="99.291172953"></trkpt>
    <trkpt lat="8.149404231" lon="99.291339926"></trkpt>
    <trkpt lat="8.149332771" lon="99.291463845"></trkpt>
    <trkpt lat="8.149221353" lon="99.29159186"></trkpt>
    <trkpt lat="8.149079041" lon="99.291838735"></trkpt>
    <trkpt lat="8.149056752" lon="99.292072651"></trkpt>
    <trkpt lat="8.149025665" lon="99.292191573"></trkpt>
    <trkpt lat="8.148997536" lon="99.292348674"></trkpt>
    <trkpt lat="8.149018097" lon="99.292616517"></trkpt>
    <trkpt lat="8.149035722" lon="99.292846096"></trkpt>
    <trkpt lat="8.1490076" lon="99.293002914"></trkpt>
    <trkpt lat="8.148899886" lon="99.293167029"></trkpt>
    <trkpt lat="8.148874783" lon="99.29336171"></trkpt>
    <trkpt lat="8.148676879" lon="99.29373891"></trkpt>
    <trkpt lat="8.147975132" lon="99.294054199"></trkpt>
    <trkpt lat="8.14736835" lon="99.293802902"></trkpt>
    <trkpt lat="8.14727944" lon="99.293659134"></trkpt>
    <trkpt lat="8.147190654" lon="99.293515565"></trkpt>
    <trkpt lat="8.147063475" lon="99.293375765"></trkpt>
    <trkpt lat="8.146933676" lon="99.293198701"></trkpt>
    <trkpt lat="8.146809904" lon="99.293097029"></trkpt>
    <trkpt lat="8.146648147" lon="99.292999254"></trkpt>
    <trkpt lat="8.146489706" lon="99.292939158"></trkpt>
    <trkpt lat="8.146331699" lon="99.292879226"></trkpt>
    <trkpt lat="8.146136229" lon="99.29282319"></trkpt>
    <trkpt lat="8.145865975" lon="99.292774826"></trkpt>
    <trkpt lat="8.145715382" lon="99.292789756"></trkpt>
    <trkpt lat="8.145536259" lon="99.292919641"></trkpt>
    <trkpt lat="8.145392261" lon="99.293008414"></trkpt>
    <trkpt lat="8.145331776" lon="99.29320078"></trkpt>
    <trkpt lat="8.145348826" lon="99.293422885"></trkpt>
    <trkpt lat="8.145363034" lon="99.293607972"></trkpt>
    <trkpt lat="8.145417441" lon="99.293826714"></trkpt>
    <trkpt lat="8.145463352" lon="99.293934477"></trkpt>
    <trkpt lat="8.145506451" lon="99.294005259"></trkpt>
    <trkpt lat="8.145633075" lon="99.294180799"></trkpt>
    <trkpt lat="8.145757107" lon="99.294319566"></trkpt>
    <trkpt lat="8.145884246" lon="99.294495786"></trkpt>
    <trkpt lat="8.146081478" lon="99.294591716"></trkpt>
    <trkpt lat="8.146159988" lon="99.294622728"></trkpt>
    <trkpt lat="8.146328785" lon="99.294834114"></trkpt>
    <trkpt lat="8.146413357" lon="99.294940024"></trkpt>
    <trkpt lat="8.146541867" lon="99.295117846"></trkpt>
    <trkpt lat="8.146515254" lon="99.295270236"></trkpt>
    <trkpt lat="8.146409737" lon="99.295390888"></trkpt>
    <trkpt lat="8.146304436" lon="99.295511292"></trkpt>
    <trkpt lat="8.146158653" lon="99.295596984"></trkpt>
    <trkpt lat="8.146013268" lon="99.295682442"></trkpt>
    <trkpt lat="8.145903062" lon="99.295727812"></trkpt>
    <trkpt lat="8.145441343" lon="99.29609592"></trkpt>
    <trkpt lat="8.142764809" lon="99.297912066"></trkpt>
    <trkpt lat="8.142076083" lon="99.298165125"></trkpt>
    <trkpt lat="8.142043807" lon="99.298202745"></trkpt>
    <trkpt lat="8.14184511" lon="99.298356507"></trkpt>
    <trkpt lat="8.141708514" lon="99.298399221"></trkpt>
    <trkpt lat="8.141577744" lon="99.298513081"></trkpt>
    <trkpt lat="8.141476475" lon="99.298553789"></trkpt>
    <trkpt lat="8.141173853" lon="99.298675436"></trkpt>
    <trkpt lat="8.141039015" lon="99.298717459"></trkpt>
    <trkpt lat="8.140941514" lon="99.298793166"></trkpt>
    <trkpt lat="8.140741653" lon="99.298873458"></trkpt>
    <trkpt lat="8.14061065" lon="99.298950344"></trkpt>
    <trkpt lat="8.140440608" lon="99.298958076"></trkpt>
    <trkpt lat="8.140333443" lon="99.298892296"></trkpt>
    <trkpt lat="8.140322634" lon="99.298751482"></trkpt>
    <trkpt lat="8.140303719" lon="99.298505056"></trkpt>
    <trkpt lat="8.140290208" lon="99.298329038"></trkpt>
    <trkpt lat="8.140310575" lon="99.298151217"></trkpt>
    <trkpt lat="8.140367578" lon="99.298006658"></trkpt>
    <trkpt lat="8.140396108" lon="99.297934308"></trkpt>
    <trkpt lat="8.140416535" lon="99.297756131"></trkpt>
    <trkpt lat="8.140275435" lon="99.297693424"></trkpt>
    <trkpt lat="8.140134698" lon="99.297630879"></trkpt>
    <trkpt lat="8.1401239" lon="99.297490201"></trkpt>
    <trkpt lat="8.140105002" lon="99.297244016"></trkpt>
    <trkpt lat="8.140091504" lon="99.297068169"></trkpt>
    <trkpt lat="8.140075307" lon="99.296857154"></trkpt>
    <trkpt lat="8.139994321" lon="99.296685853"></trkpt>
    <trkpt lat="8.139952519" lon="99.296582718"></trkpt>
    <trkpt lat="8.139874386" lon="99.296446873"></trkpt>
    <trkpt lat="8.139760066" lon="99.29627851"></trkpt>
    <trkpt lat="8.139617844" lon="99.296182989"></trkpt>
    <trkpt lat="8.139484043" lon="99.296192679"></trkpt>
    <trkpt lat="8.139319955" lon="99.296239689"></trkpt>
    <trkpt lat="8.139192276" lon="99.296319055"></trkpt>
    <trkpt lat="8.139202988" lon="99.296458608"></trkpt>
    <trkpt lat="8.139119471" lon="99.296674713"></trkpt>
    <trkpt lat="8.139063882" lon="99.296818553"></trkpt>
    <trkpt lat="8.138865517" lon="99.296831781"></trkpt>
    <trkpt lat="8.13870079" lon="99.296842766"></trkpt>
    <trkpt lat="8.138561403" lon="99.296747528"></trkpt>
    <trkpt lat="8.138422369" lon="99.296652532"></trkpt>
    <trkpt lat="8.138283687" lon="99.296557777"></trkpt>
    <trkpt lat="8.138275724" lon="99.29645404"></trkpt>
    <trkpt lat="8.137953634" lon="99.296156794"></trkpt>
    <trkpt lat="8.137533425" lon="99.295556597"></trkpt>
    <trkpt lat="8.137199356" lon="99.2954515"></trkpt>
    <trkpt lat="8.137133641" lon="99.295438831"></trkpt>
    <trkpt lat="8.137004241" lon="99.295434042"></trkpt>
    <trkpt lat="8.136919355" lon="99.295444479"></trkpt>
    <trkpt lat="8.136862126" lon="99.295533902"></trkpt>
    <trkpt lat="8.136869956" lon="99.295635921"></trkpt>
    <trkpt lat="8.136877786" lon="99.29573794"></trkpt>
    <trkpt lat="8.136947574" lon="99.295812176"></trkpt>
    <trkpt lat="8.137035645" lon="99.295843229"></trkpt>
    <trkpt lat="8.137101092" lon="99.295856341"></trkpt>
    <trkpt lat="8.137211036" lon="99.295885104"></trkpt>
    <trkpt lat="8.137301509" lon="99.295936972"></trkpt>
    <trkpt lat="8.137369155" lon="99.295970835"></trkpt>
    <trkpt lat="8.137395426" lon="99.296030178"></trkpt>
    <trkpt lat="8.137361851" lon="99.296158396"></trkpt>
    <trkpt lat="8.137325173" lon="99.296245302"></trkpt>
    <trkpt lat="8.137331484" lon="99.296327524"></trkpt>
    <trkpt lat="8.137225857" lon="99.296359399"></trkpt>
    <trkpt lat="8.137161734" lon="99.29636617"></trkpt>
    <trkpt lat="8.137035508" lon="99.296400108"></trkpt>
    <trkpt lat="8.136909868" lon="99.296433887"></trkpt>
    <trkpt lat="8.136805875" lon="99.29646531"></trkpt>
    <trkpt lat="8.136723282" lon="99.296494425"></trkpt>
    <trkpt lat="8.13662001" lon="99.296525622"></trkpt>
    <trkpt lat="8.136517136" lon="99.296556698"></trkpt>
    <trkpt lat="8.136416208" lon="99.296607863"></trkpt>
    <trkpt lat="8.136357077" lon="99.296654615"></trkpt>
    <trkpt lat="8.136256765" lon="99.296705436"></trkpt>
    <trkpt lat="8.136156836" lon="99.296756062"></trkpt>
    <trkpt lat="8.136076243" lon="99.296784377"></trkpt>
    <trkpt lat="8.135997435" lon="99.296832653"></trkpt>
    <trkpt lat="8.135918867" lon="99.296880781"></trkpt>
    <trkpt lat="8.135839004" lon="99.296908778"></trkpt>
    <trkpt lat="8.135170725" lon="99.29689476"></trkpt>
    <trkpt lat="8.135212043" lon="99.296651718"></trkpt>
    <trkpt lat="8.1352656" lon="99.296566383"></trkpt>
    <trkpt lat="8.135299346" lon="99.29648299"></trkpt>
    <trkpt lat="8.135310158" lon="99.29636203"></trkpt>
    <trkpt lat="8.13532402" lon="99.296280601"></trkpt>
    <trkpt lat="8.135357861" lon="99.296196867"></trkpt>
    <trkpt lat="8.135391753" lon="99.296113007"></trkpt>
    <trkpt lat="8.135407195" lon="99.29605118"></trkpt>
    <trkpt lat="8.135421125" lon="99.29596945"></trkpt>
    <trkpt lat="8.135373479" lon="99.295874906"></trkpt>
    <trkpt lat="8.135308991" lon="99.295822545"></trkpt>
    <trkpt lat="8.135246168" lon="99.295790098"></trkpt>
    <trkpt lat="8.135123979" lon="99.29576493"></trkpt>
    <trkpt lat="8.135025096" lon="99.295776901"></trkpt>
    <trkpt lat="8.134962921" lon="99.295744676"></trkpt>
    <trkpt lat="8.134881244" lon="99.295714931"></trkpt>
    <trkpt lat="8.134778739" lon="99.295668061"></trkpt>
    <trkpt lat="8.134678118" lon="99.295640956"></trkpt>
    <trkpt lat="8.13459729" lon="99.29561152"></trkpt>
    <trkpt lat="8.134497343" lon="99.29558461"></trkpt>
    <trkpt lat="8.134477997" lon="99.295587048"></trkpt>
    <trkpt lat="8.133924294" lon="99.295422758"></trkpt>
    <trkpt lat="8.133658455" lon="99.295922969"></trkpt>
    <trkpt lat="8.133662877" lon="99.295980582"></trkpt>
    <trkpt lat="8.133632808" lon="99.296081035"></trkpt>
    <trkpt lat="8.133638699" lon="99.296157796"></trkpt>
    <trkpt lat="8.133625886" lon="99.296236714"></trkpt>
    <trkpt lat="8.133613084" lon="99.296315575"></trkpt>
    <trkpt lat="8.133581624" lon="99.296396476"></trkpt>
    <trkpt lat="8.133533051" lon="99.296498466"></trkpt>
    <trkpt lat="8.133463074" lon="99.296564024"></trkpt>
    <trkpt lat="8.133390369" lon="99.296591221"></trkpt>
    <trkpt lat="8.133319339" lon="99.296637396"></trkpt>
    <trkpt lat="8.133269853" lon="99.296719533"></trkpt>
    <trkpt lat="8.133163915" lon="99.296788293"></trkpt>
    <trkpt lat="8.133094999" lon="99.296852936"></trkpt>
    <trkpt lat="8.13302919" lon="99.296955276"></trkpt>
    <trkpt lat="8.132978869" lon="99.297017647"></trkpt>
    <trkpt lat="8.132889442" lon="99.297045752"></trkpt>
    <trkpt lat="8.132798889" lon="99.297054903"></trkpt>
    <trkpt lat="8.132741822" lon="99.297022713"></trkpt>
    <trkpt lat="8.132683434" lon="99.296971779"></trkpt>
    <trkpt lat="8.132641693" lon="99.296900286"></trkpt>
    <trkpt lat="8.132598569" lon="99.296810109"></trkpt>
    <trkpt lat="8.132556948" lon="99.296738833"></trkpt>
    <trkpt lat="8.132515386" lon="99.296667659"></trkpt>
    <trkpt lat="8.132457469" lon="99.296617305"></trkpt>
    <trkpt lat="8.132381874" lon="99.296569045"></trkpt>
    <trkpt lat="8.132291626" lon="99.296560279"></trkpt>
    <trkpt lat="8.132217939" lon="99.296530906"></trkpt>
    <trkpt lat="8.132128267" lon="99.296522236"></trkpt>
    <trkpt lat="8.132055046" lon="99.296493011"></trkpt>
    <trkpt lat="8.132049339" lon="99.296418639"></trkpt>
    <trkpt lat="8.132069998" lon="99.296449635"></trkpt>
    <trkpt lat="8.131829339" lon="99.29630952"></trkpt>
    <trkpt lat="8.131522237" lon="99.297253628"></trkpt>
    <trkpt lat="8.13151541" lon="99.298607135"></trkpt>
    <trkpt lat="8.131476264" lon="99.299246692"></trkpt>
    <trkpt lat="8.131485804" lon="99.299371048"></trkpt>
    <trkpt lat="8.131498524" lon="99.299536854"></trkpt>
    <trkpt lat="8.131511243" lon="99.29970266"></trkpt>
    <trkpt lat="8.131522373" lon="99.29984774"></trkpt>
    <trkpt lat="8.131528733" lon="99.299930642"></trkpt>
    <trkpt lat="8.131535093" lon="99.300013545"></trkpt>
    <trkpt lat="8.131549403" lon="99.300200076"></trkpt>
    <trkpt lat="8.131560533" lon="99.300345155"></trkpt>
    <trkpt lat="8.131570074" lon="99.300469509"></trkpt>
    <trkpt lat="8.131578024" lon="99.300573136"></trkpt>
    <trkpt lat="8.131585974" lon="99.300676764"></trkpt>
    <trkpt lat="8.131593924" lon="99.300780392"></trkpt>
    <trkpt lat="8.131609825" lon="99.300987646"></trkpt>
    <trkpt lat="8.131619365" lon="99.301111999"></trkpt>
    <trkpt lat="8.131624136" lon="99.301174175"></trkpt>
    <trkpt lat="8.131628906" lon="99.301236352"></trkpt>
    <trkpt lat="8.131599729" lon="99.301429545"></trkpt>
    <trkpt lat="8.13161244" lon="99.301595218"></trkpt>
    <trkpt lat="8.131618795" lon="99.301678054"></trkpt>
    <trkpt lat="8.131634684" lon="99.301885144"></trkpt>
    <trkpt lat="8.131641039" lon="99.30196798"></trkpt>
    <trkpt lat="8.131652162" lon="99.302112943"></trkpt>
    <trkpt lat="8.131616639" lon="99.302222523"></trkpt>
    <trkpt lat="8.131581173" lon="99.302331931"></trkpt>
    <trkpt lat="8.131552103" lon="99.302523807"></trkpt>
    <trkpt lat="8.131563199" lon="99.302668428"></trkpt>
    <trkpt lat="8.131526246" lon="99.302756669"></trkpt>
    <trkpt lat="8.131510959" lon="99.30284201"></trkpt>
    <trkpt lat="8.1314941" lon="99.302906655"></trkpt>
    <trkpt lat="8.131503596" lon="99.303030421"></trkpt>
    <trkpt lat="8.131469912" lon="99.303159463"></trkpt>
    <trkpt lat="8.131474656" lon="99.303221298"></trkpt>
    <trkpt lat="8.131459413" lon="99.303306322"></trkpt>
    <trkpt lat="8.131442601" lon="99.303370684"></trkpt>
    <trkpt lat="8.131410596" lon="99.303519837"></trkpt>
    <trkpt lat="8.13142007" lon="99.303643313"></trkpt>
    <trkpt lat="8.131401715" lon="99.303686896"></trkpt>
    <trkpt lat="8.131394419" lon="99.303874388"></trkpt>
    <trkpt lat="8.13140073" lon="99.30395664"></trkpt>
    <trkpt lat="8.131390283" lon="99.304102843"></trkpt>
    <trkpt lat="8.131402901" lon="99.304267284"></trkpt>
    <trkpt lat="8.131410787" lon="99.304370059"></trkpt>
    <trkpt lat="8.131421828" lon="99.304513945"></trkpt>
    <trkpt lat="8.131423406" lon="99.3045345"></trkpt>
    <trkpt lat="8.131437601" lon="99.304719496"></trkpt>
    <trkpt lat="8.131447065" lon="99.304842826"></trkpt>
    <trkpt lat="8.131451797" lon="99.304904491"></trkpt>
    <trkpt lat="8.131465992" lon="99.305089487"></trkpt>
    <trkpt lat="8.131473879" lon="99.305192263"></trkpt>
    <trkpt lat="8.13148492" lon="99.305336149"></trkpt>
    <trkpt lat="8.131474445" lon="99.305481756"></trkpt>
    <trkpt lat="8.131480752" lon="99.305563944"></trkpt>
    <trkpt lat="8.131487059" lon="99.305646133"></trkpt>
    <trkpt lat="8.131455095" lon="99.305793159"></trkpt>
    <trkpt lat="8.131447794" lon="99.305979464"></trkpt>
    <trkpt lat="8.131452519" lon="99.306041033"></trkpt>
    <trkpt lat="8.131435776" lon="99.306104078"></trkpt>
    <trkpt lat="8.131446796" lon="99.306247683"></trkpt>
    <trkpt lat="8.131456242" lon="99.306370774"></trkpt>
    <trkpt lat="8.131462539" lon="99.306452835"></trkpt>
    <trkpt lat="8.131447373" lon="99.306536201"></trkpt>
    <trkpt lat="8.131435364" lon="99.306660502"></trkpt>
    <trkpt lat="8.131440084" lon="99.306721999"></trkpt>
    <trkpt lat="8.131447949" lon="99.306824495"></trkpt>
    <trkpt lat="8.131458961" lon="99.30696799"></trkpt>
    <trkpt lat="8.131471546" lon="99.307131984"></trkpt>
    <trkpt lat="8.13147312" lon="99.307152483"></trkpt>
    <trkpt lat="8.131480985" lon="99.307254979"></trkpt>
    <trkpt lat="8.131491998" lon="99.307398474"></trkpt>
    <trkpt lat="8.131499864" lon="99.307500971"></trkpt>
    <trkpt lat="8.131514022" lon="99.307685465"></trkpt>
    <trkpt lat="8.131521888" lon="99.307787962"></trkpt>
    <trkpt lat="8.131508284" lon="99.307891235"></trkpt>
    <trkpt lat="8.131520864" lon="99.308055167"></trkpt>
    <trkpt lat="8.131533445" lon="99.308219099"></trkpt>
    <trkpt lat="8.131542881" lon="99.308342048"></trkpt>
    <trkpt lat="8.13155389" lon="99.308485488"></trkpt>
    <trkpt lat="8.131564899" lon="99.308628929"></trkpt>
    <trkpt lat="8.131568044" lon="99.308669913"></trkpt>
    <trkpt lat="8.131574335" lon="99.308751879"></trkpt>
    <trkpt lat="8.131582198" lon="99.308854337"></trkpt>
    <trkpt lat="8.13159478" lon="99.309018271"></trkpt>
    <trkpt lat="8.131584296" lon="99.309161994"></trkpt>
    <trkpt lat="8.131595301" lon="99.30930538"></trkpt>
    <trkpt lat="8.13160945" lon="99.309489735"></trkpt>
    <trkpt lat="8.131620455" lon="99.309633122"></trkpt>
    <trkpt lat="8.131616252" lon="99.309858455"></trkpt>
    <trkpt lat="8.131601056" lon="99.309940336"></trkpt>
    <trkpt lat="8.131604198" lon="99.309981273"></trkpt>
    <trkpt lat="8.131618337" lon="99.310165485"></trkpt>
    <trkpt lat="8.131640331" lon="99.31045204"></trkpt>
    <trkpt lat="8.131646615" lon="99.310533912"></trkpt>
    <trkpt lat="8.131656041" lon="99.310656722"></trkpt>
    <trkpt lat="8.131663896" lon="99.310759064"></trkpt>
    <trkpt lat="8.131674893" lon="99.310902342"></trkpt>
    <trkpt lat="8.131687462" lon="99.31106609"></trkpt>
    <trkpt lat="8.131696888" lon="99.3111889"></trkpt>
    <trkpt lat="8.131704743" lon="99.311291243"></trkpt>
    <trkpt lat="8.131718883" lon="99.31147546"></trkpt>
    <trkpt lat="8.13172831" lon="99.311598272"></trkpt>
    <trkpt lat="8.131739308" lon="99.311741553"></trkpt>
    <trkpt lat="8.131748734" lon="99.311864365"></trkpt>
    <trkpt lat="8.131758161" lon="99.311987178"></trkpt>
    <trkpt lat="8.131761303" lon="99.312028116"></trkpt>
    <trkpt lat="8.131767588" lon="99.312109991"></trkpt>
    <trkpt lat="8.131780157" lon="99.312273742"></trkpt>
    <trkpt lat="8.131795869" lon="99.312478432"></trkpt>
    <trkpt lat="8.131799012" lon="99.312519371"></trkpt>
    <trkpt lat="8.131817866" lon="99.312765"></trkpt>
    <trkpt lat="8.131825723" lon="99.312867346"></trkpt>
    <trkpt lat="8.131833579" lon="99.312969692"></trkpt>
    <trkpt lat="8.131844578" lon="99.313112978"></trkpt>
    <trkpt lat="8.131874015" lon="99.313216622"></trkpt>
    <trkpt lat="8.131946727" lon="99.313323028"></trkpt>
    <trkpt lat="8.131993197" lon="99.313366747"></trkpt>
    <trkpt lat="8.132046044" lon="99.313492669"></trkpt>
    <trkpt lat="8.132094241" lon="99.313557138"></trkpt>
    <trkpt lat="8.1323682" lon="99.315159804"></trkpt>
    <trkpt lat="8.13292834" lon="99.317598816"></trkpt>
    <trkpt lat="8.133331345" lon="99.319298063"></trkpt>
    <trkpt lat="8.133412137" lon="99.320383746"></trkpt>
    <trkpt lat="8.133328598" lon="99.323967031"></trkpt>
    <trkpt lat="8.133084056" lon="99.32474733"></trkpt>
    <trkpt lat="8.133002848" lon="99.325656619"></trkpt>
    <trkpt lat="8.132992405" lon="99.325800739"></trkpt>
    <trkpt lat="8.132977261" lon="99.325883344"></trkpt>
    <trkpt lat="8.132948576" lon="99.326068813"></trkpt>
    <trkpt lat="8.132964263" lon="99.326273331"></trkpt>
    <trkpt lat="8.13297995" lon="99.32647785"></trkpt>
    <trkpt lat="8.132990931" lon="99.326621013"></trkpt>
    <trkpt lat="8.132959123" lon="99.326764894"></trkpt>
    <trkpt lat="8.132966961" lon="99.326867074"></trkpt>
    <trkpt lat="8.132977933" lon="99.327010127"></trkpt>
    <trkpt lat="8.132988906" lon="99.32715318"></trkpt>
    <trkpt lat="8.132999879" lon="99.327296234"></trkpt>
    <trkpt lat="8.133006149" lon="99.327377978"></trkpt>
    <trkpt lat="8.133013987" lon="99.32748016"></trkpt>
    <trkpt lat="8.133026528" lon="99.32764365"></trkpt>
    <trkpt lat="8.133040636" lon="99.327827578"></trkpt>
    <trkpt lat="8.133048475" lon="99.32792976"></trkpt>
    <trkpt lat="8.133061016" lon="99.328093251"></trkpt>
    <trkpt lat="8.133075124" lon="99.32827718"></trkpt>
    <trkpt lat="8.133089233" lon="99.328461109"></trkpt>
    <trkpt lat="8.133095504" lon="99.328542856"></trkpt>
    <trkpt lat="8.13310491" lon="99.328665476"></trkpt>
    <trkpt lat="8.133122155" lon="99.32889028"></trkpt>
    <trkpt lat="8.133134697" lon="99.329053774"></trkpt>
    <trkpt lat="8.133145671" lon="99.329196832"></trkpt>
    <trkpt lat="8.133158213" lon="99.329360328"></trkpt>
    <trkpt lat="8.133169187" lon="99.329503386"></trkpt>
    <trkpt lat="8.133188001" lon="99.329748631"></trkpt>
    <trkpt lat="8.133194272" lon="99.32983038"></trkpt>
    <trkpt lat="8.133205247" lon="99.329973441"></trkpt>
    <trkpt lat="8.133219357" lon="99.330157376"></trkpt>
    <trkpt lat="8.1332319" lon="99.330320875"></trkpt>
    <trkpt lat="8.133241307" lon="99.3304435"></trkpt>
    <trkpt lat="8.133246011" lon="99.330504812"></trkpt>
    <trkpt lat="8.133255418" lon="99.330627437"></trkpt>
    <trkpt lat="8.133264825" lon="99.330750062"></trkpt>
    <trkpt lat="8.133277369" lon="99.330913563"></trkpt>
    <trkpt lat="8.133285208" lon="99.331015752"></trkpt>
    <trkpt lat="8.133288344" lon="99.331056627"></trkpt>
    <trkpt lat="8.133296184" lon="99.331158816"></trkpt>
    <trkpt lat="8.133311863" lon="99.331363195"></trkpt>
    <trkpt lat="8.133314999" lon="99.331404071"></trkpt>
    <trkpt lat="8.134055934" lon="99.338112205"></trkpt>
    <trkpt lat="8.133965214" lon="99.340120936"></trkpt>
    <trkpt lat="8.133816856" lon="99.341071585"></trkpt>
    <trkpt lat="8.133784646" lon="99.341173556"></trkpt>
    <trkpt lat="8.133757022" lon="99.341334586"></trkpt>
    <trkpt lat="8.133736999" lon="99.341593988"></trkpt>
    <trkpt lat="8.133712474" lon="99.341793879"></trkpt>
    <trkpt lat="8.133686476" lon="99.341973776"></trkpt>
    <trkpt lat="8.133660517" lon="99.342153404"></trkpt>
    <trkpt lat="8.133648306" lon="99.342252954"></trkpt>
    <trkpt lat="8.133622405" lon="99.342432172"></trkpt>
    <trkpt lat="8.133610222" lon="99.342531506"></trkpt>
    <trkpt lat="8.133596543" lon="99.342611123"></trkpt>
    <trkpt lat="8.13360407" lon="99.342709333"></trkpt>
    <trkpt lat="8.133591903" lon="99.342808489"></trkpt>
    <trkpt lat="8.133584258" lon="99.342966454"></trkpt>
    <trkpt lat="8.133590276" lon="99.343044963"></trkpt>
    <trkpt lat="8.133559966" lon="99.343164353"></trkpt>
    <trkpt lat="8.133526698" lon="99.343244368"></trkpt>
    <trkpt lat="8.133497982" lon="99.343383016"></trkpt>
    <trkpt lat="8.133464809" lon="99.343462749"></trkpt>
    <trkpt lat="8.133469308" lon="99.343521456"></trkpt>
    <trkpt lat="8.133454238" lon="99.343580819"></trkpt>
    <trkpt lat="8.133445174" lon="99.343718355"></trkpt>
    <trkpt lat="8.133415085" lon="99.343836802"></trkpt>
    <trkpt lat="8.133403052" lon="99.343935024"></trkpt>
    <trkpt lat="8.133388034" lon="99.343994123"></trkpt>
    <trkpt lat="8.133359527" lon="99.344131701"></trkpt>
    <trkpt lat="8.133349027" lon="99.344249173"></trkpt>
    <trkpt lat="8.133298161" lon="99.344347798"></trkpt>
    <trkpt lat="8.133251882" lon="99.344504587"></trkpt>
    <trkpt lat="8.13324294" lon="99.344641071"></trkpt>
    <trkpt lat="8.133216136" lon="99.344797101"></trkpt>
    <trkpt lat="8.133205727" lon="99.344913894"></trkpt>
    <trkpt lat="8.133155208" lon="99.345011421"></trkpt>
    <trkpt lat="8.133137401" lon="99.345030946"></trkpt>
    <trkpt lat="8.13311223" lon="99.345205677"></trkpt>
    <trkpt lat="8.133079671" lon="99.345283276"></trkpt>
    <trkpt lat="8.133048644" lon="99.345380122"></trkpt>
    <trkpt lat="8.132999965" lon="99.345496115"></trkpt>
    <trkpt lat="8.132985244" lon="99.345554055"></trkpt>
    <trkpt lat="8.132936707" lon="99.345669686"></trkpt>
    <trkpt lat="8.132885319" lon="99.345746484"></trkpt>
    <trkpt lat="8.132853094" lon="99.34582329"></trkpt>
    <trkpt lat="8.132804843" lon="99.345938287"></trkpt>
    <trkpt lat="8.132772735" lon="99.346014812"></trkpt>
    <trkpt lat="8.130677862" lon="99.348713147"></trkpt>
    <trkpt lat="8.129902968" lon="99.349964756"></trkpt>
    <trkpt lat="8.129805148" lon="99.35121968"></trkpt>
    <trkpt lat="8.130597172" lon="99.35390614"></trkpt>
    <trkpt lat="8.131475536" lon="99.358599419"></trkpt>
    <trkpt lat="8.132914773" lon="99.363434478"></trkpt>
    <trkpt lat="8.133526018" lon="99.365844054"></trkpt>
    <trkpt lat="8.133697955" lon="99.369142392"></trkpt>
    <trkpt lat="8.134282893" lon="99.371482243"></trkpt>
    <trkpt lat="8.135966597" lon="99.371445544"></trkpt>
    <trkpt lat="8.137106389" lon="99.375022416"></trkpt>
    <trkpt lat="8.138071755" lon="99.377423231"></trkpt>
    <trkpt lat="8.139073735" lon="99.379380889"></trkpt>
    <trkpt lat="8.139245325" lon="99.380514987"></trkpt>
    <trkpt lat="8.139183503" lon="99.381180501"></trkpt>
    <trkpt lat="8.139138335" lon="99.381325076"></trkpt>
    <trkpt lat="8.139117573" lon="99.381420668"></trkpt>
    <trkpt lat="8.139098621" lon="99.381539566"></trkpt>
    <trkpt lat="8.139103994" lon="99.381609738"></trkpt>
    <trkpt lat="8.139058977" lon="99.381753675"></trkpt>
    <trkpt lat="8.139038288" lon="99.381848907"></trkpt>
    <trkpt lat="8.138988028" lon="99.381922422"></trkpt>
    <trkpt lat="8.138967398" lon="99.382017453"></trkpt>
    <trkpt lat="8.138920838" lon="99.382137337"></trkpt>
    <trkpt lat="8.138902049" lon="99.382255443"></trkpt>
    <trkpt lat="8.138881494" lon="99.382350158"></trkpt>
    <trkpt lat="8.13883153" lon="99.382423002"></trkpt>
    <trkpt lat="8.138812814" lon="99.382540774"></trkpt>
    <trkpt lat="8.138766535" lon="99.382659825"></trkpt>
    <trkpt lat="8.138746095" lon="99.38275411"></trkpt>
    <trkpt lat="8.138698159" lon="99.38284961"></trkpt>
    <trkpt lat="8.13870349" lon="99.382919225"></trkpt>
    <trkpt lat="8.138684882" lon="99.383036466"></trkpt>
    <trkpt lat="8.138690211" lon="99.383106051"></trkpt>
    <trkpt lat="8.138644163" lon="99.383224289"></trkpt>
    <trkpt lat="8.138622057" lon="99.383294912"></trkpt>
    <trkpt lat="8.138576131" lon="99.383412828"></trkpt>
    <trkpt lat="8.138530285" lon="99.383530537"></trkpt>
    <trkpt lat="8.138510048" lon="99.383623984"></trkpt>
    <trkpt lat="8.138462551" lon="99.383718258"></trkpt>
    <trkpt lat="8.138415139" lon="99.383812368"></trkpt>
    <trkpt lat="8.138394998" lon="99.383905486"></trkpt>
    <trkpt lat="8.138322328" lon="99.384023125"></trkpt>
    <trkpt lat="8.13824985" lon="99.384140454"></trkpt>
    <trkpt lat="8.138175802" lon="99.384234504"></trkpt>
    <trkpt lat="8.138154095" lon="99.38430407"></trkpt>
    <trkpt lat="8.138108978" lon="99.384420077"></trkpt>
    <trkpt lat="8.138060429" lon="99.384490037"></trkpt>
    <trkpt lat="8.138040574" lon="99.384582252"></trkpt>
    <trkpt lat="8.137993901" lon="99.384674872"></trkpt>
    <trkpt lat="8.13794731" lon="99.384767331"></trkpt>
    <trkpt lat="8.137875825" lon="99.384882876"></trkpt>
    <trkpt lat="8.137831186" lon="99.384997777"></trkpt>
    <trkpt lat="8.137761753" lon="99.385135565"></trkpt>
    <trkpt lat="8.137719054" lon="99.385272772"></trkpt>
    <trkpt lat="8.137674686" lon="99.385386987"></trkpt>
    <trkpt lat="8.137628653" lon="99.385478271"></trkpt>
    <trkpt lat="8.137586181" lon="99.385614827"></trkpt>
    <trkpt lat="8.137540304" lon="99.385705757"></trkpt>
    <trkpt lat="8.137468164" lon="99.385796527"></trkpt>
    <trkpt lat="8.137422488" lon="99.385887105"></trkpt>
    <trkpt lat="8.137375157" lon="99.385954901"></trkpt>
    <trkpt lat="8.137306911" lon="99.386090272"></trkpt>
    <trkpt lat="8.137235382" lon="99.386180158"></trkpt>
    <trkpt lat="8.137188374" lon="99.386247469"></trkpt>
    <trkpt lat="8.137118876" lon="99.386359481"></trkpt>
    <trkpt lat="8.137101498" lon="99.38647179"></trkpt>
    <trkpt lat="8.137030508" lon="99.38656084"></trkpt>
    <trkpt lat="8.136983856" lon="99.386627569"></trkpt>
    <trkpt lat="8.136885638" lon="99.38669341"></trkpt>
    <trkpt lat="8.136816912" lon="99.386804232"></trkpt>
    <trkpt lat="8.136720983" lon="99.386891936"></trkpt>
    <trkpt lat="8.13659982" lon="99.386978836"></trkpt>
    <trkpt lat="8.136531807" lon="99.387088732"></trkpt>
    <trkpt lat="8.136433439" lon="99.387131021"></trkpt>
    <trkpt lat="8.136313497" lon="99.387216977"></trkpt>
    <trkpt lat="8.136242794" lon="99.387281678"></trkpt>
    <trkpt lat="8.136170573" lon="99.387324074"></trkpt>
    <trkpt lat="8.136075127" lon="99.387387805"></trkpt>
    <trkpt lat="8.135980001" lon="99.387451321"></trkpt>
    <trkpt lat="8.135885193" lon="99.387514625"></trkpt>
    <trkpt lat="8.135815561" lon="99.387578465"></trkpt>
    <trkpt lat="8.135721306" lon="99.387641371"></trkpt>
    <trkpt lat="8.135652081" lon="99.387704867"></trkpt>
    <trkpt lat="8.135558373" lon="99.387767379"></trkpt>
    <trkpt lat="8.135487878" lon="99.387808659"></trkpt>
    <trkpt lat="8.135393043" lon="99.387848979"></trkpt>
    <trkpt lat="8.135274106" lon="99.387888295"></trkpt>
    <trkpt lat="8.135176645" lon="99.38788482"></trkpt>
    <trkpt lat="8.135056934" lon="99.387902205"></trkpt>
    <trkpt lat="8.134936057" lon="99.387897852"></trkpt>
    <trkpt lat="8.134815677" lon="99.387893516"></trkpt>
    <trkpt lat="8.134671873" lon="99.387888336"></trkpt>
    <trkpt lat="8.134504994" lon="99.387882326"></trkpt>
    <trkpt lat="8.134386379" lon="99.387878054"></trkpt>
    <trkpt lat="8.134244679" lon="99.38787295"></trkpt>
    <trkpt lat="8.134103669" lon="99.387867872"></trkpt>
    <trkpt lat="8.134010044" lon="99.3878645"></trkpt>
    <trkpt lat="8.133940025" lon="99.387861978"></trkpt>
    <trkpt lat="8.133752509" lon="99.387834054"></trkpt>
    <trkpt lat="8.13363694" lon="99.387829935"></trkpt>
    <trkpt lat="8.13354482" lon="99.387826651"></trkpt>
    <trkpt lat="8.133452995" lon="99.387823379"></trkpt>
    <trkpt lat="8.133341857" lon="99.387861455"></trkpt>
    <trkpt lat="8.133276678" lon="99.387901069"></trkpt>
    <trkpt lat="8.133164638" lon="99.387917859"></trkpt>
    <trkpt lat="8.133032064" lon="99.387954687"></trkpt>
    <trkpt lat="8.1329194" lon="99.38795038"></trkpt>
    <trkpt lat="8.132807182" lon="99.387946091"></trkpt>
    <trkpt lat="8.132717729" lon="99.387942672"></trkpt>
    <trkpt lat="8.132582487" lon="99.387916771"></trkpt>
    <trkpt lat="8.132492152" lon="99.387892652"></trkpt>
    <trkpt lat="8.132400515" lon="99.387847882"></trkpt>
    <trkpt lat="8.132263599" lon="99.38778099"></trkpt>
    <trkpt lat="8.132149206" lon="99.38771517"></trkpt>
    <trkpt lat="8.132082048" lon="99.387692292"></trkpt>
    <trkpt lat="8.132015048" lon="99.387669468"></trkpt>
    <trkpt lat="8.131858276" lon="99.387602731"></trkpt>
    <trkpt lat="8.131791799" lon="99.387580102"></trkpt>
    <trkpt lat="8.13167926" lon="99.38751521"></trkpt>
    <trkpt lat="8.131614764" lon="99.387513197"></trkpt>
    <trkpt lat="8.13152744" lon="99.387490109"></trkpt>
    <trkpt lat="8.131394623" lon="99.38742506"></trkpt>
    <trkpt lat="8.131306421" lon="99.387381862"></trkpt>
    <trkpt lat="8.131263978" lon="99.387380632"></trkpt>
    <trkpt lat="8.131069142" lon="99.387314375"></trkpt>
    <trkpt lat="8.130985045" lon="99.387312031"></trkpt>
    <trkpt lat="8.130899661" lon="99.387289508"></trkpt>
    <trkpt lat="8.130812996" lon="99.3872469"></trkpt>
    <trkpt lat="8.130664277" lon="99.3872028"></trkpt>
    <trkpt lat="8.130641998" lon="99.387182166"></trkpt>
    <trkpt lat="8.130492655" lon="99.387118334"></trkpt>
    <trkpt lat="8.130408768" lon="99.387096303"></trkpt>
    <trkpt lat="8.130322077" lon="99.387034382"></trkpt>
    <trkpt lat="8.130219807" lon="99.387032023"></trkpt>
    <trkpt lat="8.130117925" lon="99.387029673"></trkpt>
    <trkpt lat="8.13007728" lon="99.387028736"></trkpt>
    <trkpt lat="8.129895136" lon="99.387024535"></trkpt>
    <trkpt lat="8.129836211" lon="99.387042939"></trkpt>
    <trkpt lat="8.129657212" lon="99.38705844"></trkpt>
    <trkpt lat="8.129581898" lon="99.387115646"></trkpt>
    <trkpt lat="8.12950681" lon="99.38717268"></trkpt>
    <trkpt lat="8.129450265" lon="99.387210431"></trkpt>
    <trkpt lat="8.12937557" lon="99.387267175"></trkpt>
    <trkpt lat="8.129299597" lon="99.387304158"></trkpt>
    <trkpt lat="8.129125746" lon="99.387338152"></trkpt>
    <trkpt lat="8.129028006" lon="99.387335284"></trkpt>
    <trkpt lat="8.128912683" lon="99.387351304"></trkpt>
    <trkpt lat="8.128835094" lon="99.387348999"></trkpt>
    <trkpt lat="8.128757734" lon="99.3873467"></trkpt>
    <trkpt lat="8.128624382" lon="99.387362034"></trkpt>
    <trkpt lat="8.128549122" lon="99.387379037"></trkpt>
    <trkpt lat="8.128454988" lon="99.387395402"></trkpt>
    <trkpt lat="8.128418316" lon="99.387413488"></trkpt>
    <trkpt lat="8.128345132" lon="99.387449581"></trkpt>
    <trkpt lat="8.128234289" lon="99.387484332"></trkpt>
    <trkpt lat="8.12816164" lon="99.38752019"></trkpt>
    <trkpt lat="8.128051599" lon="99.387554661"></trkpt>
    <trkpt lat="8.127921877" lon="99.387569256"></trkpt>
    <trkpt lat="8.127847212" lon="99.387566679"></trkpt>
    <trkpt lat="8.127771308" lon="99.387545093"></trkpt>
    <trkpt lat="8.126178585" lon="99.387145982"></trkpt>
    <trkpt lat="8.125154048" lon="99.387115368"></trkpt>
    <trkpt lat="8.125055352" lon="99.387136677"></trkpt>
    <trkpt lat="8.124932026" lon="99.387157698"></trkpt>
    <trkpt lat="8.124834075" lon="99.387178856"></trkpt>
    <trkpt lat="8.124736451" lon="99.387199942"></trkpt>
    <trkpt lat="8.124640835" lon="99.387242905"></trkpt>
    <trkpt lat="8.124520923" lon="99.387285456"></trkpt>
    <trkpt lat="8.124424348" lon="99.387306252"></trkpt>
    <trkpt lat="8.124279252" lon="99.387326411"></trkpt>
    <trkpt lat="8.12413321" lon="99.387324715"></trkpt>
    <trkpt lat="8.12403625" lon="99.387323589"></trkpt>
    <trkpt lat="8.123891411" lon="99.387321907"></trkpt>
    <trkpt lat="8.123771258" lon="99.387320512"></trkpt>
    <trkpt lat="8.123673837" lon="99.387297814"></trkpt>
    <trkpt lat="8.123552923" lon="99.387274932"></trkpt>
    <trkpt lat="8.123452925" lon="99.38720938"></trkpt>
    <trkpt lat="8.123354897" lon="99.387165513"></trkpt>
    <trkpt lat="8.123235274" lon="99.387143022"></trkpt>
    <trkpt lat="8.123139599" lon="99.387120817"></trkpt>
    <trkpt lat="8.123067637" lon="99.387098868"></trkpt>
    <trkpt lat="8.122925871" lon="99.387076447"></trkpt>
    <trkpt lat="8.12283283" lon="99.387075746"></trkpt>
    <trkpt lat="8.122713699" lon="99.3870324"></trkpt>
    <trkpt lat="8.122619714" lon="99.38701057"></trkpt>
    <trkpt lat="8.122527653" lon="99.387009979"></trkpt>
    <trkpt lat="8.122360791" lon="99.386924514"></trkpt>
    <trkpt lat="8.122266324" lon="99.386881914"></trkpt>
    <trkpt lat="8.122104146" lon="99.386839215"></trkpt>
    <trkpt lat="8.122008897" lon="99.386775956"></trkpt>
    <trkpt lat="8.121962188" lon="99.386754885"></trkpt>
    <trkpt lat="8.121825713" lon="99.386733704"></trkpt>
    <trkpt lat="8.12175532" lon="99.386691815"></trkpt>
    <trkpt lat="8.121642096" lon="99.386670871"></trkpt>
    <trkpt lat="8.121548333" lon="99.386608379"></trkpt>
    <trkpt lat="8.121458049" lon="99.386587652"></trkpt>
    <trkpt lat="8.12136805" lon="99.38656699"></trkpt>
    <trkpt lat="8.121256347" lon="99.386546432"></trkpt>
    <trkpt lat="8.1211654" lon="99.386505231"></trkpt>
    <trkpt lat="8.12105291" lon="99.386464231"></trkpt>
    <trkpt lat="8.120962603" lon="99.386423305"></trkpt>
    <trkpt lat="8.12087258" lon="99.386382506"></trkpt>
    <trkpt lat="8.12080446" lon="99.386341717"></trkpt>
    <trkpt lat="8.120781265" lon="99.386321296"></trkpt>
    <trkpt lat="8.120070885" lon="99.386244291"></trkpt>
    <trkpt lat="8.11844902" lon="99.386801842"></trkpt>
    <trkpt lat="8.117779911" lon="99.386906275"></trkpt>
    <trkpt lat="8.117673643" lon="99.386915472"></trkpt>
    <trkpt lat="8.117516673" lon="99.386951968"></trkpt>
    <trkpt lat="8.117413059" lon="99.386983767"></trkpt>
    <trkpt lat="8.117281875" lon="99.386995021"></trkpt>
    <trkpt lat="8.117152988" lon="99.387028851"></trkpt>
    <trkpt lat="8.117074884" lon="99.387035521"></trkpt>
    <trkpt lat="8.116948608" lon="99.387091695"></trkpt>
    <trkpt lat="8.116871035" lon="99.387098262"></trkpt>
    <trkpt lat="8.116692521" lon="99.38713597"></trkpt>
    <trkpt lat="8.116538888" lon="99.387148918"></trkpt>
    <trkpt lat="8.116436901" lon="99.387157514"></trkpt>
    <trkpt lat="8.116311612" lon="99.387190525"></trkpt>
    <trkpt lat="8.116235671" lon="99.387196897"></trkpt>
    <trkpt lat="8.116111232" lon="99.387229712"></trkpt>
    <trkpt lat="8.115962258" lon="99.387264474"></trkpt>
    <trkpt lat="8.115888902" lon="99.387292862"></trkpt>
    <trkpt lat="8.115767616" lon="99.387347384"></trkpt>
    <trkpt lat="8.115693062" lon="99.387353499"></trkpt>
    <trkpt lat="8.115599008" lon="99.387427738"></trkpt>
    <trkpt lat="8.115501901" lon="99.38745773"></trkpt>
    <trkpt lat="8.115406801" lon="99.387509583"></trkpt>
    <trkpt lat="8.115289209" lon="99.387585116"></trkpt>
    <trkpt lat="8.115193144" lon="99.387614683"></trkpt>
    <trkpt lat="8.115100742" lon="99.38768784"></trkpt>
    <trkpt lat="8.115032894" lon="99.387758911"></trkpt>
    <trkpt lat="8.114939359" lon="99.387809836"></trkpt>
    <trkpt lat="8.114870244" lon="99.387858796"></trkpt>
    <trkpt lat="8.114754877" lon="99.38793289"></trkpt>
    <trkpt lat="8.114710192" lon="99.387979795"></trkpt>
    <trkpt lat="8.114624359" lon="99.388116682"></trkpt>
    <trkpt lat="8.114560997" lon="99.388229867"></trkpt>
    <trkpt lat="8.114496138" lon="99.388321171"></trkpt>
    <trkpt lat="8.11443309" lon="99.388433825"></trkpt>
    <trkpt lat="8.114366899" lon="99.388503105"></trkpt>
    <trkpt lat="8.114304165" lon="99.388615259"></trkpt>
    <trkpt lat="8.114261879" lon="99.388682707"></trkpt>
    <trkpt lat="8.114199401" lon="99.388794412"></trkpt>
    <trkpt lat="8.114135435" lon="99.388884392"></trkpt>
    <trkpt lat="8.114071625" lon="99.388974151"></trkpt>
    <trkpt lat="8.114007971" lon="99.389063692"></trkpt>
    <trkpt lat="8.113919524" lon="99.389132888"></trkpt>
    <trkpt lat="8.113829732" lon="99.389180529"></trkpt>
    <trkpt lat="8.113717085" lon="99.389229221"></trkpt>
    <trkpt lat="8.113674108" lon="99.389274166"></trkpt>
    <trkpt lat="8.113540721" lon="99.389344911"></trkpt>
    <trkpt lat="8.113476702" lon="99.389411945"></trkpt>
    <trkpt lat="8.113344274" lon="99.389482102"></trkpt>
    <trkpt lat="8.113280723" lon="99.389548727"></trkpt>
    <trkpt lat="8.11321894" lon="99.389636284"></trkpt>
    <trkpt lat="8.113157306" lon="99.389723629"></trkpt>
    <trkpt lat="8.113071601" lon="99.38979069"></trkpt>
    <trkpt lat="8.112965255" lon="99.389879463"></trkpt>
    <trkpt lat="8.112921873" lon="99.389902289"></trkpt>
    <trkpt lat="8.112793741" lon="99.389991473"></trkpt>
    <trkpt lat="8.112729904" lon="99.390035905"></trkpt>
    <trkpt lat="8.112667817" lon="99.390101104"></trkpt>
    <trkpt lat="8.11258686" lon="99.390208636"></trkpt>
    <trkpt lat="8.112525115" lon="99.390273449"></trkpt>
    <trkpt lat="8.112485625" lon="99.390337372"></trkpt>
    <trkpt lat="8.111814307" lon="99.391285653"></trkpt>
    <trkpt lat="8.110372076" lon="99.391929439"></trkpt>
    <trkpt lat="8.117298651" lon="99.395115166"></trkpt>
    <trkpt lat="8.123509677" lon="99.402164879"></trkpt>
    <trkpt lat="8.122479611" lon="99.407931801"></trkpt>
    <trkpt lat="8.125720139" lon="99.415667552"></trkpt>
    <trkpt lat="8.123229078" lon="99.422867969"></trkpt>
    <trkpt lat="8.122898145" lon="99.4335057"></trkpt>
    <trkpt lat="8.127756403" lon="99.434312482"></trkpt>
    <trkpt lat="8.131666723" lon="99.433029014"></trkpt>
    <trkpt lat="8.136629507" lon="99.426069454"></trkpt>
    <trkpt lat="8.148956324" lon="99.427078692"></trkpt>
    <trkpt lat="8.159370773" lon="99.432343443"></trkpt>
    <trkpt lat="8.160700011" lon="99.438486979"></trkpt>
    <trkpt lat="8.169077867" lon="99.43966102"></trkpt>
    <trkpt lat="8.17197446" lon="99.443085103"></trkpt>
    <trkpt lat="8.178126358" lon="99.442797597"></trkpt>
    <trkpt lat="8.181040445" lon="99.446124732"></trkpt>
    <trkpt lat="8.187554755" lon="99.446409678"></trkpt>
    <trkpt lat="8.193357336" lon="99.460764087"></trkpt>
    <trkpt lat="8.193501216" lon="99.466890519"></trkpt>
    <trkpt lat="8.197358876" lon="99.472746068"></trkpt>
    <trkpt lat="8.201888337" lon="99.469371162"></trkpt>
    <trkpt lat="8.206010114" lon="99.470140692"></trkpt>
    <trkpt lat="8.216411134" lon="99.464774238"></trkpt>
    <trkpt lat="8.216713823" lon="99.463373494"></trkpt>
    <trkpt lat="8.219111765" lon="99.465048174"></trkpt>
    <trkpt lat="8.231978675" lon="99.46284079"></trkpt>
    <trkpt lat="8.25083636" lon="99.465639649"></trkpt>
    <trkpt lat="8.253103501" lon="99.468495391"></trkpt>
    <trkpt lat="8.255982966" lon="99.467259709"></trkpt>
    <trkpt lat="8.258630493" lon="99.468770183"></trkpt>
    <trkpt lat="8.25945491" lon="99.467627115"></trkpt>
    <trkpt lat="8.262472464" lon="99.469361413"></trkpt>
    <trkpt lat="8.263754223" lon="99.468617333"></trkpt>
    <trkpt lat="8.267542199" lon="99.471893882"></trkpt>
    <trkpt lat="8.268422112" lon="99.47067569"></trkpt>
    <trkpt lat="8.272098107" lon="99.471072411"></trkpt>
    <trkpt lat="8.272099876" lon="99.471120085"></trkpt>
    <trkpt lat="8.278037493" lon="99.478697602"></trkpt>
    <trkpt lat="8.279419532" lon="99.477601925"></trkpt>
    <trkpt lat="8.280527388" lon="99.478698031"></trkpt>
    <trkpt lat="8.280529872" lon="99.47876851"></trkpt>
    <trkpt lat="8.283201635" lon="99.481022653"></trkpt>
    <trkpt lat="8.291846793" lon="99.483670027"></trkpt>
    <trkpt lat="8.297088601" lon="99.48075633"></trkpt>
    <trkpt lat="8.302136402" lon="99.481415803"></trkpt>
    <trkpt lat="8.301397859" lon="99.484977704"></trkpt>
    <trkpt lat="8.304737739" lon="99.486507537"></trkpt>
    <trkpt lat="8.304986609" lon="99.488488938"></trkpt>
    <trkpt lat="8.30726663" lon="99.488057677"></trkpt>
    <trkpt lat="8.309474477" lon="99.483486661"></trkpt>
    <trkpt lat="8.312360315" lon="99.484916536"></trkpt>
    <trkpt lat="8.317193652" lon="99.48333655"></trkpt>
    <trkpt lat="8.31767661" lon="99.48158561"></trkpt>
    <trkpt lat="8.321948939" lon="99.482208079"></trkpt>
    <trkpt lat="8.32447873" lon="99.48650869"></trkpt>
    <trkpt lat="8.326139848" lon="99.486656334"></trkpt>
    <trkpt lat="8.327470705" lon="99.483385712"></trkpt>
    <trkpt lat="8.330693202" lon="99.485336614"></trkpt>
    <trkpt lat="8.331924776" lon="99.482634262"></trkpt>
    <trkpt lat="8.334389557" lon="99.482898491"></trkpt>
    <trkpt lat="8.33467088" lon="99.481218263"></trkpt>
    <trkpt lat="8.338282543" lon="99.481829612"></trkpt>
    <trkpt lat="8.339452321" lon="99.479203318"></trkpt>
    <trkpt lat="8.342233149" lon="99.485998602"></trkpt>
    <trkpt lat="8.346468021" lon="99.487503317"></trkpt>
    <trkpt lat="8.348893172" lon="99.485339999"></trkpt>
    <trkpt lat="8.349268061" lon="99.480298662"></trkpt>
    <trkpt lat="8.351262132" lon="99.477333155"></trkpt>
    <trkpt lat="8.356820294" lon="99.480135636"></trkpt>
    <trkpt lat="8.362289041" lon="99.478279187"></trkpt>
    <trkpt lat="8.364710759" lon="99.480194175"></trkpt>
    <trkpt lat="8.370711724" lon="99.480945005"></trkpt>
    <trkpt lat="8.375981785" lon="99.483945326"></trkpt>
    <trkpt lat="8.384217057" lon="99.483480012"></trkpt>
    <trkpt lat="8.384779719" lon="99.481509568"></trkpt>
    <trkpt lat="8.386398943" lon="99.481671719"></trkpt>
    <trkpt lat="8.387954875" lon="99.475807807"></trkpt>
    <trkpt lat="8.392413546" lon="99.477001683"></trkpt>
    <trkpt lat="8.393531706" lon="99.472629435"></trkpt>
    <trkpt lat="8.398989914" lon="99.472052264"></trkpt>
    <trkpt lat="8.399041611" lon="99.470400872"></trkpt>
    <trkpt lat="8.396251984" lon="99.46852331"></trkpt>
    <trkpt lat="8.39933032" lon="99.455795391"></trkpt>
    <trkpt lat="8.410196059" lon="99.45212867"></trkpt>
    <trkpt lat="8.407272628" lon="99.450128123"></trkpt>
    <trkpt lat="8.411308996" lon="99.442021147"></trkpt>
    <trkpt lat="8.405007903" lon="99.437117149"></trkpt>
    <trkpt lat="8.404787606" lon="99.432273814"></trkpt>
    <trkpt lat="8.401858789" lon="99.431598457"></trkpt>
    <trkpt lat="8.406460143" lon="99.42764379"></trkpt>
    <trkpt lat="8.406156782" lon="99.423742732"></trkpt>
    <trkpt lat="8.412078463" lon="99.420410131"></trkpt>
    <trkpt lat="8.411545097" lon="99.417758125"></trkpt>
    <trkpt lat="8.408044879" lon="99.41669082"></trkpt>
    <trkpt lat="8.404024357" lon="99.411398848"></trkpt>
    <trkpt lat="8.397651358" lon="99.415495932"></trkpt>
    <trkpt lat="8.395228279" lon="99.414960399"></trkpt>
    <trkpt lat="8.397161877" lon="99.409899327"></trkpt>
    <trkpt lat="8.394245097" lon="99.40777332"></trkpt>
    <trkpt lat="8.398589853" lon="99.406170084"></trkpt>
    <trkpt lat="8.398213822" lon="99.402040204"></trkpt>
    <trkpt lat="8.387047419" lon="99.391755131"></trkpt>
    <trkpt lat="8.388077618" lon="99.3895198"></trkpt>
    <trkpt lat="8.39128299" lon="99.388541261"></trkpt>
    <trkpt lat="8.388246218" lon="99.38648129"></trkpt>
    <trkpt lat="8.390181387" lon="99.38403124"></trkpt>
    <trkpt lat="8.388659101" lon="99.379654287"></trkpt>
    <trkpt lat="8.390927031" lon="99.377339245"></trkpt>
    <trkpt lat="8.390926627" lon="99.377203625"></trkpt>
    <trkpt lat="8.387255424" lon="99.377268781"></trkpt>
    <trkpt lat="8.393277001" lon="99.368086074"></trkpt>
    <trkpt lat="8.39782776" lon="99.367738077"></trkpt>
    <trkpt lat="8.404457858" lon="99.362449917"></trkpt>
    <trkpt lat="8.403958701" lon="99.360285394"></trkpt>
    <trkpt lat="8.398805222" lon="99.359049196"></trkpt>
    <trkpt lat="8.394830924" lon="99.355117405"></trkpt>
    <trkpt lat="8.395341272" lon="99.35176565"></trkpt>
    <trkpt lat="8.396937646" lon="99.350851503"></trkpt>
    <trkpt lat="8.393669098" lon="99.346957349"></trkpt>
    <trkpt lat="8.395547132" lon="99.345606632"></trkpt>
    <trkpt lat="8.401243016" lon="99.346351216"></trkpt>
    <trkpt lat="8.408310768" lon="99.344400733"></trkpt>
    <trkpt lat="8.408481491" lon="99.342554885"></trkpt>
    <trkpt lat="8.402855084" lon="99.342319591"></trkpt>
    <trkpt lat="8.401352462" lon="99.338871468"></trkpt>
    <trkpt lat="8.403127684" lon="99.337948024"></trkpt>
    <trkpt lat="8.405717321" lon="99.339937947"></trkpt>
    <trkpt lat="8.407818134" lon="99.335886564"></trkpt>
    <trkpt lat="8.411698507" lon="99.333650662"></trkpt>
    <trkpt lat="8.412038716" lon="99.327073621"></trkpt>
    <trkpt lat="8.415414985" lon="99.325474094"></trkpt>
    <trkpt lat="8.411702294" lon="99.324895039"></trkpt>
    <trkpt lat="8.412431677" lon="99.319865294"></trkpt>
    <trkpt lat="8.417925215" lon="99.323189346"></trkpt>
    <trkpt lat="8.417497676" lon="99.319769225"></trkpt>
    <trkpt lat="8.418816028" lon="99.318167504"></trkpt>
    <trkpt lat="8.424921332" lon="99.317115917"></trkpt>
    <trkpt lat="8.422060798" lon="99.314520577"></trkpt>
    <trkpt lat="8.423837157" lon="99.31256564"></trkpt>
    <trkpt lat="8.431683905" lon="99.313640022"></trkpt>
    <trkpt lat="8.432363079" lon="99.316813484"></trkpt>
    <trkpt lat="8.435623925" lon="99.316104196"></trkpt>
    <trkpt lat="8.438479819" lon="99.318162944"></trkpt>
    <trkpt lat="8.441733758" lon="99.315208515"></trkpt>
    <trkpt lat="8.441289571" lon="99.313049052"></trkpt>
    <trkpt lat="8.444988761" lon="99.314855441"></trkpt>
    <trkpt lat="8.445369651" lon="99.308860623"></trkpt>
    <trkpt lat="8.450884044" lon="99.305864116"></trkpt>
    <trkpt lat="8.453366304" lon="99.302625781"></trkpt>
    <trkpt lat="8.4539546" lon="99.298584927"></trkpt>
    <trkpt lat="8.458339531" lon="99.296539894"></trkpt>
    <trkpt lat="8.456233444" lon="99.290209657"></trkpt>
    <trkpt lat="8.462424941" lon="99.292276969"></trkpt>
    <trkpt lat="8.4662532" lon="99.290265882"></trkpt>
    <trkpt lat="8.470733982" lon="99.29343487"></trkpt>
    <trkpt lat="8.469437346" lon="99.286298541"></trkpt>
    <trkpt lat="8.466220873" lon="99.285949718"></trkpt>
    <trkpt lat="8.466397094" lon="99.288709067"></trkpt>
    <trkpt lat="8.463698864" lon="99.287806957"></trkpt>
    <trkpt lat="8.465040002" lon="99.282630884"></trkpt>
    <trkpt lat="8.461826801" lon="99.278001751"></trkpt>
    <trkpt lat="8.458073055" lon="99.278655933"></trkpt>
    <trkpt lat="8.455114606" lon="99.276498588"></trkpt>
    <trkpt lat="8.455021645" lon="99.274164187"></trkpt>
    <trkpt lat="8.457160111" lon="99.273827008"></trkpt>
    <trkpt lat="8.458143112" lon="99.270918077"></trkpt>
    <trkpt lat="8.453918525" lon="99.271969743"></trkpt>
    <trkpt lat="8.45454866" lon="99.266619308"></trkpt>
    <trkpt lat="8.451426824" lon="99.26580657"></trkpt>
    <trkpt lat="8.451219377" lon="99.263831563"></trkpt>
    <trkpt lat="8.449751156" lon="99.264578565"></trkpt>
    <trkpt lat="8.448305506" lon="99.25954501"></trkpt>
    <trkpt lat="8.444946537" lon="99.259164074"></trkpt>
    <trkpt lat="8.444670886" lon="99.261320235"></trkpt>
    <trkpt lat="8.443484458" lon="99.260067572"></trkpt>
    <trkpt lat="8.438835948" lon="99.262245428"></trkpt>
    <trkpt lat="8.436599922" lon="99.26191542"></trkpt>
    <trkpt lat="8.43721781" lon="99.259816359"></trkpt>
    <trkpt lat="8.437220536" lon="99.259727411"></trkpt>
    <trkpt lat="8.434343581" lon="99.259491712"></trkpt>
    <trkpt lat="8.43304961" lon="99.256636606"></trkpt>
    <trkpt lat="8.43015506" lon="99.257255296"></trkpt>
    <trkpt lat="8.43055491" lon="99.255833691"></trkpt>
    <trkpt lat="8.428391984" lon="99.25404118"></trkpt>
    <trkpt lat="8.423533323" lon="99.253977642"></trkpt>
    <trkpt lat="8.423882894" lon="99.251251954"></trkpt>
    <trkpt lat="8.421044151" lon="99.249633383"></trkpt>
    <trkpt lat="8.415771835" lon="99.248883435"></trkpt>
    <trkpt lat="8.41399298" lon="99.250190712"></trkpt>
    <trkpt lat="8.412177897" lon="99.248185429"></trkpt>
    <trkpt lat="8.410284644" lon="99.249045694"></trkpt>
    <trkpt lat="8.407999928" lon="99.245653388"></trkpt>
    <trkpt lat="8.404410279" lon="99.245641035"></trkpt>
    <trkpt lat="8.399649411" lon="99.239784482"></trkpt>
    <trkpt lat="8.400737941" lon="99.237766851"></trkpt>
    <trkpt lat="8.399239766" lon="99.234857874"></trkpt>
    <trkpt lat="8.391890947" lon="99.23744662"></trkpt>
    <trkpt lat="8.3878902" lon="99.236759768"></trkpt>
    <trkpt lat="8.385690443" lon="99.234463968"></trkpt>
    <trkpt lat="8.38495466" lon="99.237173572"></trkpt>
    <trkpt lat="8.381582622" lon="99.237002224"></trkpt>
    <trkpt lat="8.380508078" lon="99.239633572"></trkpt>
    <trkpt lat="8.375953676" lon="99.237511937"></trkpt>
    <trkpt lat="8.374297612" lon="99.240917901"></trkpt>
    <trkpt lat="8.370016967" lon="99.239979911"></trkpt>
    <trkpt lat="8.368088404" lon="99.241249897"></trkpt>
    <trkpt lat="8.368581018" lon="99.242796891"></trkpt>
    <trkpt lat="8.367595843" lon="99.241573008"></trkpt>
    <trkpt lat="8.366908518" lon="99.240719145"></trkpt>
    <trkpt lat="8.366378004" lon="99.242371888"></trkpt>
    <trkpt lat="8.365181272" lon="99.241958685"></trkpt>
    <trkpt lat="8.367424736" lon="99.246651833"></trkpt>
    <trkpt lat="8.364448017" lon="99.249666063"></trkpt>
    <trkpt lat="8.362340176" lon="99.248952"></trkpt>
    <trkpt lat="8.363000699" lon="99.250430644"></trkpt>
    <trkpt lat="8.360980435" lon="99.251068053"></trkpt>
    <trkpt lat="8.361253228" lon="99.252617567"></trkpt>
    <trkpt lat="8.358949328" lon="99.252002429"></trkpt>
    <trkpt lat="8.357373686" lon="99.257763823"></trkpt>
    <trkpt lat="8.350423093" lon="99.261587384"></trkpt>
    <trkpt lat="8.352293603" lon="99.262409066"></trkpt>
    <trkpt lat="8.349187714" lon="99.266419702"></trkpt>
    <trkpt lat="8.351443437" lon="99.26730666"></trkpt>
    <trkpt lat="8.350326472" lon="99.269058128"></trkpt>
    <trkpt lat="8.35327255" lon="99.269245251"></trkpt>
    <trkpt lat="8.350996492" lon="99.272550914"></trkpt>
    <trkpt lat="8.349130144" lon="99.271422656"></trkpt>
    <trkpt lat="8.350039249" lon="99.273330794"></trkpt>
    <trkpt lat="8.351138153" lon="99.275637307"></trkpt>
    <trkpt lat="8.347668084" lon="99.275262616"></trkpt>
    <trkpt lat="8.347209227" lon="99.277622326"></trkpt>
    <trkpt lat="8.345731421" lon="99.275848725"></trkpt>
    <trkpt lat="8.343910023" lon="99.27366276"></trkpt>
    <trkpt lat="8.34302993" lon="99.275030018"></trkpt>
    <trkpt lat="8.34322558" lon="99.276314021"></trkpt>
    <trkpt lat="8.342632631" lon="99.276667413"></trkpt>
    <trkpt lat="8.340924773" lon="99.276617051"></trkpt>
    <trkpt lat="8.341762893" lon="99.278210123"></trkpt>
    <trkpt lat="8.340671929" lon="99.280065517"></trkpt>
    <trkpt lat="8.338922222" lon="99.278832183"></trkpt>
    <trkpt lat="8.336872925" lon="99.282221195"></trkpt>
    <trkpt lat="8.33520716" lon="99.281998189"></trkpt>
    <trkpt lat="8.334648694" lon="99.281135321"></trkpt>
    <trkpt lat="8.334039349" lon="99.280279377"></trkpt>
    <trkpt lat="8.331541725" lon="99.281574819"></trkpt>
    <trkpt lat="8.330956663" lon="99.281034705"></trkpt>
    <trkpt lat="8.330379165" lon="99.280799728"></trkpt>
    <trkpt lat="8.329825486" lon="99.282169861"></trkpt>
    <trkpt lat="8.328328438" lon="99.281407974"></trkpt>
    <trkpt lat="8.326670204" lon="99.281747891"></trkpt>
    <trkpt lat="8.325092716" lon="99.282129039"></trkpt>
    <trkpt lat="8.323982597" lon="99.282881739"></trkpt>
    <trkpt lat="8.323071916" lon="99.283139968"></trkpt>
    <trkpt lat="8.32212997" lon="99.282970794"></trkpt>
    <trkpt lat="8.321032754" lon="99.283268577"></trkpt>
    <trkpt lat="8.320421546" lon="99.282697602"></trkpt>
    <trkpt lat="8.319447165" lon="99.28293811"></trkpt>
    <trkpt lat="8.318807223" lon="99.282200837"></trkpt>
    <trkpt lat="8.318257813" lon="99.282862367"></trkpt>
    <trkpt lat="8.316856936" lon="99.282784522"></trkpt>
    <trkpt lat="8.316234952" lon="99.282715795"></trkpt>
    <trkpt lat="8.315934477" lon="99.283243824"></trkpt>
    <trkpt lat="8.315976287" lon="99.28413688"></trkpt>
    <trkpt lat="8.315946046" lon="99.284166098"></trkpt>
    <trkpt lat="8.315647756" lon="99.284686803"></trkpt>
    <trkpt lat="8.316324953" lon="99.284972054"></trkpt>
    <trkpt lat="8.316917494" lon="99.285116179"></trkpt>
    <trkpt lat="8.31640165" lon="99.286159737"></trkpt>
    <trkpt lat="8.316497796" lon="99.286421851"></trkpt>
    <trkpt lat="8.317119372" lon="99.28619724"></trkpt>
    <trkpt lat="8.3175034" lon="99.286583382"></trkpt>
    <trkpt lat="8.317639082" lon="99.287261694"></trkpt>
    <trkpt lat="8.317453957" lon="99.287697038"></trkpt>
    <trkpt lat="8.317391699" lon="99.28778309"></trkpt>
    <trkpt lat="8.317051504" lon="99.288297848"></trkpt>
    <trkpt lat="8.317058476" lon="99.288852478"></trkpt>
    <trkpt lat="8.316068118" lon="99.28901096"></trkpt>
    <trkpt lat="8.313905612" lon="99.288630831"></trkpt>
    <trkpt lat="8.312451952" lon="99.290276908"></trkpt>
    <trkpt lat="8.313244464" lon="99.290327908"></trkpt>
    <trkpt lat="8.313056704" lon="99.291259591"></trkpt>
    <trkpt lat="8.312362139" lon="99.292031874"></trkpt>
    <trkpt lat="8.311927071" lon="99.292759925"></trkpt>
    <trkpt lat="8.311900472" lon="99.292839368"></trkpt>
    <trkpt lat="8.311829708" lon="99.293788226"></trkpt>
    <trkpt lat="8.312137567" lon="99.294096118"></trkpt>
    <trkpt lat="8.312922925" lon="99.294157385"></trkpt>
    <trkpt lat="8.313433924" lon="99.294020047"></trkpt>
    <trkpt lat="8.313534536" lon="99.295174806"></trkpt>
    <trkpt lat="8.313944744" lon="99.295646455"></trkpt>
    <trkpt lat="8.315277119" lon="99.29601916"></trkpt>
    <trkpt lat="8.315115554" lon="99.299698995"></trkpt>
    <trkpt lat="8.314003748" lon="99.299811014"></trkpt>
    <trkpt lat="8.312469237" lon="99.298676604"></trkpt>
    <trkpt lat="8.310930001" lon="99.298457198"></trkpt>
    <trkpt lat="8.310072342" lon="99.298920122"></trkpt>
    <trkpt lat="8.310988125" lon="99.300418956"></trkpt>
    <trkpt lat="8.310624146" lon="99.300717496"></trkpt>
    <trkpt lat="8.306962359" lon="99.298496386"></trkpt>
    <trkpt lat="8.306155389" lon="99.299223217"></trkpt>
    <trkpt lat="8.306887448" lon="99.299820778"></trkpt>
    <trkpt lat="8.306410488" lon="99.300421769"></trkpt>
    <trkpt lat="8.306915885" lon="99.302092559"></trkpt>
    <trkpt lat="8.306504406" lon="99.303111318"></trkpt>
    <trkpt lat="8.305939608" lon="99.303430114"></trkpt>
    <trkpt lat="8.305424365" lon="99.302392058"></trkpt>
    <trkpt lat="8.304291057" lon="99.30205142"></trkpt>
    <trkpt lat="8.303645949" lon="99.303121451"></trkpt>
    <trkpt lat="8.304811039" lon="99.303565765"></trkpt>
    <trkpt lat="8.303907658" lon="99.305445908"></trkpt>
    <trkpt lat="8.304458131" lon="99.30626419"></trkpt>
    <trkpt lat="8.304204191" lon="99.306493883"></trkpt>
    <trkpt lat="8.303148427" lon="99.305698078"></trkpt>
    <trkpt lat="8.302977351" lon="99.306911877"></trkpt>
    <trkpt lat="8.303155985" lon="99.307941118"></trkpt>
    <trkpt lat="8.302829194" lon="99.308262217"></trkpt>
    <trkpt lat="8.302005407" lon="99.307553808"></trkpt>
    <trkpt lat="8.301371538" lon="99.308026485"></trkpt>
    <trkpt lat="8.3008012" lon="99.308577037"></trkpt>
    <trkpt lat="8.300727698" lon="99.308940048"></trkpt>
    <trkpt lat="8.301338381" lon="99.309600597"></trkpt>
    <trkpt lat="8.300662637" lon="99.30996574"></trkpt>
    <trkpt lat="8.300303347" lon="99.310129207"></trkpt>
    <trkpt lat="8.300022593" lon="99.310587795"></trkpt>
    <trkpt lat="8.300376377" lon="99.311031641"></trkpt>
    <trkpt lat="8.300161723" lon="99.311614435"></trkpt>
    <trkpt lat="8.299723778" lon="99.311809023"></trkpt>
    <trkpt lat="8.30026956" lon="99.312643125"></trkpt>
    <trkpt lat="8.299838217" lon="99.313445271"></trkpt>
    <trkpt lat="8.297853408" lon="99.313842977"></trkpt>
    <trkpt lat="8.297302334" lon="99.314861669"></trkpt>
    <trkpt lat="8.296514179" lon="99.314840538"></trkpt>
    <trkpt lat="8.296352914" lon="99.315779961"></trkpt>
    <trkpt lat="8.295979581" lon="99.315696542"></trkpt>
    <trkpt lat="8.295634187" lon="99.315791541"></trkpt>
    <trkpt lat="8.295845165" lon="99.316324723"></trkpt>
    <trkpt lat="8.296306878" lon="99.316697346"></trkpt>
    <trkpt lat="8.296374227" lon="99.317484904"></trkpt>
    <trkpt lat="8.296346129" lon="99.317538025"></trkpt>
    <trkpt lat="8.295867377" lon="99.318102007"></trkpt>
    <trkpt lat="8.295839989" lon="99.318182326"></trkpt>
    <trkpt lat="8.295165099" lon="99.318221219"></trkpt>
    <trkpt lat="8.294108079" lon="99.317349052"></trkpt>
    <trkpt lat="8.293523274" lon="99.318870348"></trkpt>
    <trkpt lat="8.295035611" lon="99.319003141"></trkpt>
    <trkpt lat="8.295348253" lon="99.319452811"></trkpt>
    <trkpt lat="8.293071674" lon="99.321376945"></trkpt>
    <trkpt lat="8.295444446" lon="99.323914315"></trkpt>
    <trkpt lat="8.296040196" lon="99.324757088"></trkpt>
    <trkpt lat="8.295692458" lon="99.325422927"></trkpt>
    <trkpt lat="8.294296572" lon="99.325534727"></trkpt>
    <trkpt lat="8.294047405" lon="99.326523642"></trkpt>
    <trkpt lat="8.294055701" lon="99.32746974"></trkpt>
    <trkpt lat="8.29257016" lon="99.328341632"></trkpt>
    <trkpt lat="8.291762607" lon="99.327528926"></trkpt>
    <trkpt lat="8.291219917" lon="99.327657449"></trkpt>
    <trkpt lat="8.29173362" lon="99.329961077"></trkpt>
    <trkpt lat="8.290935849" lon="99.330693457"></trkpt>
    <trkpt lat="8.29041969" lon="99.331032675"></trkpt>
    <trkpt lat="8.289752661" lon="99.330497018"></trkpt>
    <trkpt lat="8.289518716" lon="99.331300983"></trkpt>
    <trkpt lat="8.288123196" lon="99.331698221"></trkpt>
    <trkpt lat="8.287496223" lon="99.330975185"></trkpt>
    <trkpt lat="8.286606971" lon="99.331871417"></trkpt>
    <trkpt lat="8.285619971" lon="99.33234736"></trkpt>
    <trkpt lat="8.283987046" lon="99.332165703"></trkpt>
    <trkpt lat="8.283338705" lon="99.331977622"></trkpt>
    <trkpt lat="8.282992673" lon="99.331220664"></trkpt>
    <trkpt lat="8.281497536" lon="99.331188058"></trkpt>
    <trkpt lat="8.281736937" lon="99.331990651"></trkpt>
    <trkpt lat="8.281165468" lon="99.332458039"></trkpt>
    <trkpt lat="8.279949123" lon="99.332537532"></trkpt>
    <trkpt lat="8.2779762" lon="99.333320233"></trkpt>
    <trkpt lat="8.275289881" lon="99.333416079"></trkpt>
    <trkpt lat="8.273984751" lon="99.332384469"></trkpt>
    <trkpt lat="8.273056383" lon="99.332274009"></trkpt>
    <trkpt lat="8.271755339" lon="99.333891318"></trkpt>
    <trkpt lat="8.270907577" lon="99.334563171"></trkpt>
    <trkpt lat="8.270185283" lon="99.334888593"></trkpt>
    <trkpt lat="8.269214321" lon="99.336065731"></trkpt>
    <trkpt lat="8.268283943" lon="99.336120486"></trkpt>
    <trkpt lat="8.268305719" lon="99.335368049"></trkpt>
    <trkpt lat="8.268195975" lon="99.334972978"></trkpt>
    <trkpt lat="8.267360321" lon="99.335031396"></trkpt>
    <trkpt lat="8.267020745" lon="99.334270139"></trkpt>
    <trkpt lat="8.261987586" lon="99.334159125"></trkpt>
    <trkpt lat="8.262226562" lon="99.333566645"></trkpt>
    <trkpt lat="8.26140697" lon="99.333564565"></trkpt>
    <trkpt lat="8.261445213" lon="99.332838753"></trkpt>
    <trkpt lat="8.261523827" lon="99.332227728"></trkpt>
    <trkpt lat="8.260739954" lon="99.331772486"></trkpt>
  </trkseg>
</trk>
<trk>
  <name>อ.เมือง</name>
  <desc>อ.เมือง</desc>
  <trkseg>
    <trkpt lat="8.497512462" lon="100.051629113"></trkpt>
    <trkpt lat="8.499858369" lon="100.05343583"></trkpt>
    <trkpt lat="8.506864954" lon="100.049006449"></trkpt>
    <trkpt lat="8.517143679" lon="100.0469506"></trkpt>
    <trkpt lat="8.558480379" lon="100.017493907"></trkpt>
    <trkpt lat="8.558472397" lon="100.017445095"></trkpt>
    <trkpt lat="8.561800622" lon="100.016067571"></trkpt>
    <trkpt lat="8.56104867" lon="100.014450328"></trkpt>
    <trkpt lat="8.562503263" lon="100.015642136"></trkpt>
    <trkpt lat="8.564816246" lon="100.013722329"></trkpt>
    <trkpt lat="8.566387377" lon="100.005734445"></trkpt>
    <trkpt lat="8.570308408" lon="100.005093754"></trkpt>
    <trkpt lat="8.571890396" lon="100.009920254"></trkpt>
    <trkpt lat="8.574298377" lon="100.011468614"></trkpt>
    <trkpt lat="8.582371939" lon="100.006293123"></trkpt>
    <trkpt lat="8.590812113" lon="99.996587777"></trkpt>
    <trkpt lat="8.594913597" lon="99.98643588"></trkpt>
    <trkpt lat="8.59130773" lon="99.980743082"></trkpt>
    <trkpt lat="8.586916098" lon="99.978095681"></trkpt>
    <trkpt lat="8.580709791" lon="99.976169215"></trkpt>
    <trkpt lat="8.577492595" lon="99.965300033"></trkpt>
    <trkpt lat="8.587228402" lon="99.961184349"></trkpt>
    <trkpt lat="8.589266036" lon="99.961867303"></trkpt>
    <trkpt lat="8.591516664" lon="99.958922867"></trkpt>
    <trkpt lat="8.595174216" lon="99.960332867"></trkpt>
    <trkpt lat="8.594680291" lon="99.954176827"></trkpt>
    <trkpt lat="8.598409387" lon="99.952734487"></trkpt>
    <trkpt lat="8.59678762" lon="99.948530112"></trkpt>
    <trkpt lat="8.59902225" lon="99.948642044"></trkpt>
    <trkpt lat="8.600588055" lon="99.946282679"></trkpt>
    <trkpt lat="8.600069335" lon="99.944434382"></trkpt>
    <trkpt lat="8.597265122" lon="99.943845015"></trkpt>
    <trkpt lat="8.597049096" lon="99.941865902"></trkpt>
    <trkpt lat="8.599323131" lon="99.940464415"></trkpt>
    <trkpt lat="8.60166066" lon="99.941678829"></trkpt>
    <trkpt lat="8.603281284" lon="99.940159447"></trkpt>
    <trkpt lat="8.594674226" lon="99.937886579"></trkpt>
    <trkpt lat="8.591629795" lon="99.943272553"></trkpt>
    <trkpt lat="8.586756281" lon="99.93943273"></trkpt>
    <trkpt lat="8.58512481" lon="99.940379701"></trkpt>
    <trkpt lat="8.58545742" lon="99.943214675"></trkpt>
    <trkpt lat="8.581993476" lon="99.944498371"></trkpt>
    <trkpt lat="8.57637437" lon="99.943957992"></trkpt>
    <trkpt lat="8.576237655" lon="99.942199026"></trkpt>
    <trkpt lat="8.576234427" lon="99.942056014"></trkpt>
    <trkpt lat="8.573515019" lon="99.940852101"></trkpt>
    <trkpt lat="8.572207674" lon="99.935516422"></trkpt>
    <trkpt lat="8.569716728" lon="99.932978926"></trkpt>
    <trkpt lat="8.566841554" lon="99.932394766"></trkpt>
    <trkpt lat="8.561090315" lon="99.936258135"></trkpt>
    <trkpt lat="8.555322505" lon="99.928446854"></trkpt>
    <trkpt lat="8.546738613" lon="99.928101461"></trkpt>
    <trkpt lat="8.543422305" lon="99.926304765"></trkpt>
    <trkpt lat="8.539512878" lon="99.932774877"></trkpt>
    <trkpt lat="8.525486023" lon="99.937642808"></trkpt>
    <trkpt lat="8.517921029" lon="99.943535695"></trkpt>
    <trkpt lat="8.514823643" lon="99.950909786"></trkpt>
    <trkpt lat="8.512209825" lon="99.949816987"></trkpt>
    <trkpt lat="8.512205217" lon="99.949739912"></trkpt>
    <trkpt lat="8.510810225" lon="99.949328608"></trkpt>
    <trkpt lat="8.507803786" lon="99.946742475"></trkpt>
    <trkpt lat="8.508425305" lon="99.929076161"></trkpt>
    <trkpt lat="8.506060121" lon="99.9286981"></trkpt>
    <trkpt lat="8.506047096" lon="99.926672543"></trkpt>
    <trkpt lat="8.504778681" lon="99.926535266"></trkpt>
    <trkpt lat="8.505064788" lon="99.904690837"></trkpt>
    <trkpt lat="8.505068307" lon="99.904000813"></trkpt>
    <trkpt lat="8.504581598" lon="99.899931341"></trkpt>
    <trkpt lat="8.501013592" lon="99.898913787"></trkpt>
    <trkpt lat="8.501013535" lon="99.898843599"></trkpt>
    <trkpt lat="8.500298439" lon="99.897874235"></trkpt>
    <trkpt lat="8.50029493" lon="99.897823197"></trkpt>
    <trkpt lat="8.498356919" lon="99.893914523"></trkpt>
    <trkpt lat="8.494542903" lon="99.892987018"></trkpt>
    <trkpt lat="8.491608158" lon="99.890114257"></trkpt>
    <trkpt lat="8.490682782" lon="99.883774944"></trkpt>
    <trkpt lat="8.490682361" lon="99.883723695"></trkpt>
    <trkpt lat="8.495001919" lon="99.873543929"></trkpt>
    <trkpt lat="8.492352976" lon="99.873282107"></trkpt>
    <trkpt lat="8.489871179" lon="99.870291206"></trkpt>
    <trkpt lat="8.48798707" lon="99.864418888"></trkpt>
    <trkpt lat="8.487984781" lon="99.864368237"></trkpt>
    <trkpt lat="8.4879606" lon="99.86427177"></trkpt>
    <trkpt lat="8.489121341" lon="99.861459728"></trkpt>
    <trkpt lat="8.486666576" lon="99.858470626"></trkpt>
    <trkpt lat="8.486670043" lon="99.858432778"></trkpt>
    <trkpt lat="8.491415951" lon="99.849017769"></trkpt>
    <trkpt lat="8.489715983" lon="99.846699424"></trkpt>
    <trkpt lat="8.489715962" lon="99.846632192"></trkpt>
    <trkpt lat="8.486594337" lon="99.842029738"></trkpt>
    <trkpt lat="8.487908119" lon="99.836823616"></trkpt>
    <trkpt lat="8.482581167" lon="99.833854131"></trkpt>
    <trkpt lat="8.483838478" lon="99.831644287"></trkpt>
    <trkpt lat="8.480571648" lon="99.823738165"></trkpt>
    <trkpt lat="8.482821463" lon="99.820828386"></trkpt>
    <trkpt lat="8.478462134" lon="99.817837278"></trkpt>
    <trkpt lat="8.477094783" lon="99.81376125"></trkpt>
    <trkpt lat="8.477701094" lon="99.811496558"></trkpt>
    <trkpt lat="8.484034372" lon="99.806216898"></trkpt>
    <trkpt lat="8.475913276" lon="99.799974168"></trkpt>
    <trkpt lat="8.469651885" lon="99.798212494"></trkpt>
    <trkpt lat="8.461732631" lon="99.801912422"></trkpt>
    <trkpt lat="8.455982146" lon="99.809940273"></trkpt>
    <trkpt lat="8.449861498" lon="99.813334626"></trkpt>
    <trkpt lat="8.447515623" lon="99.816845304"></trkpt>
    <trkpt lat="8.439696764" lon="99.820090472"></trkpt>
    <trkpt lat="8.437081188" lon="99.825251529"></trkpt>
    <trkpt lat="8.432039991" lon="99.82833125"></trkpt>
    <trkpt lat="8.430486475" lon="99.831355693"></trkpt>
    <trkpt lat="8.420136372" lon="99.833765805"></trkpt>
    <trkpt lat="8.414947159" lon="99.836790194"></trkpt>
    <trkpt lat="8.412678422" lon="99.844946673"></trkpt>
    <trkpt lat="8.419947272" lon="99.849063372"></trkpt>
    <trkpt lat="8.415846966" lon="99.853392635"></trkpt>
    <trkpt lat="8.406616629" lon="99.853354314"></trkpt>
    <trkpt lat="8.403880134" lon="99.850785523"></trkpt>
    <trkpt lat="8.391115623" lon="99.847325759"></trkpt>
    <trkpt lat="8.387105106" lon="99.850683235"></trkpt>
    <trkpt lat="8.386209653" lon="99.847855249"></trkpt>
    <trkpt lat="8.375148764" lon="99.849176442"></trkpt>
    <trkpt lat="8.367726698" lon="99.84576853"></trkpt>
    <trkpt lat="8.368767076" lon="99.854180906"></trkpt>
    <trkpt lat="8.372072296" lon="99.854164149"></trkpt>
    <trkpt lat="8.373551233" lon="99.85570102"></trkpt>
    <trkpt lat="8.373775998" lon="99.860554475"></trkpt>
    <trkpt lat="8.371454289" lon="99.863034773"></trkpt>
    <trkpt lat="8.371411476" lon="99.867056884"></trkpt>
    <trkpt lat="8.371414614" lon="99.867111694"></trkpt>
    <trkpt lat="8.37144419" lon="99.868439155"></trkpt>
    <trkpt lat="8.376460489" lon="99.876873129"></trkpt>
    <trkpt lat="8.376463424" lon="99.87692838"></trkpt>
    <trkpt lat="8.378558469" lon="99.888361472"></trkpt>
    <trkpt lat="8.382162047" lon="99.891600411"></trkpt>
    <trkpt lat="8.380689305" lon="99.902857557"></trkpt>
    <trkpt lat="8.382268848" lon="99.912592615"></trkpt>
    <trkpt lat="8.38866129" lon="99.913031274"></trkpt>
    <trkpt lat="8.388308378" lon="99.925013702"></trkpt>
    <trkpt lat="8.385891992" lon="99.930197867"></trkpt>
    <trkpt lat="8.390132888" lon="99.929355364"></trkpt>
    <trkpt lat="8.391820352" lon="99.927366134"></trkpt>
    <trkpt lat="8.391127235" lon="99.928928685"></trkpt>
    <trkpt lat="8.394330792" lon="99.929414534"></trkpt>
    <trkpt lat="8.393964204" lon="99.931055894"></trkpt>
    <trkpt lat="8.393962663" lon="99.931112382"></trkpt>
    <trkpt lat="8.393845394" lon="99.931443353"></trkpt>
    <trkpt lat="8.396070886" lon="99.930922825"></trkpt>
    <trkpt lat="8.394597151" lon="99.932933653"></trkpt>
    <trkpt lat="8.396580937" lon="99.932187044"></trkpt>
    <trkpt lat="8.396924804" lon="99.933469514"></trkpt>
    <trkpt lat="8.395305652" lon="99.935657389"></trkpt>
    <trkpt lat="8.396794715" lon="99.946285969"></trkpt>
    <trkpt lat="8.388190414" lon="99.943021005"></trkpt>
    <trkpt lat="8.386482115" lon="99.946568225"></trkpt>
    <trkpt lat="8.386483063" lon="99.946623886"></trkpt>
    <trkpt lat="8.38471383" lon="99.950445078"></trkpt>
    <trkpt lat="8.385290283" lon="99.959938003"></trkpt>
    <trkpt lat="8.391604898" lon="99.969630598"></trkpt>
    <trkpt lat="8.38022455" lon="99.970522763"></trkpt>
    <trkpt lat="8.368698325" lon="99.975731235"></trkpt>
    <trkpt lat="8.363008802" lon="99.976326083"></trkpt>
    <trkpt lat="8.357489998" lon="99.980331401"></trkpt>
    <trkpt lat="8.353149833" lon="99.977404203"></trkpt>
    <trkpt lat="8.340447819" lon="99.980891014"></trkpt>
    <trkpt lat="8.332198623" lon="99.981380743"></trkpt>
    <trkpt lat="8.320052689" lon="99.985504082"></trkpt>
    <trkpt lat="8.315500312" lon="99.983507306"></trkpt>
    <trkpt lat="8.305352654" lon="99.985122404"></trkpt>
    <trkpt lat="8.291946539" lon="99.988751021"></trkpt>
    <trkpt lat="8.292019366" lon="99.99279212"></trkpt>
    <trkpt lat="8.284069293" lon="99.994108339"></trkpt>
    <trkpt lat="8.275546088" lon="99.99930181"></trkpt>
    <trkpt lat="8.260237157" lon="100.004462709"></trkpt>
    <trkpt lat="8.253474649" lon="100.002742675"></trkpt>
    <trkpt lat="8.249947285" lon="100.006594439"></trkpt>
    <trkpt lat="8.247038242" lon="100.007381284"></trkpt>
    <trkpt lat="8.247669861" lon="100.01322385"></trkpt>
    <trkpt lat="8.249644664" lon="100.01596798"></trkpt>
    <trkpt lat="8.24813949" lon="100.019052073"></trkpt>
    <trkpt lat="8.249396898" lon="100.023062004"></trkpt>
    <trkpt lat="8.248593297" lon="100.02664107"></trkpt>
    <trkpt lat="8.25089752" lon="100.032212561"></trkpt>
    <trkpt lat="8.26985658" lon="100.037002109"></trkpt>
    <trkpt lat="8.278311915" lon="100.042366221"></trkpt>
    <trkpt lat="8.286977144" lon="100.042976338"></trkpt>
    <trkpt lat="8.292282422" lon="100.047910533"></trkpt>
    <trkpt lat="8.299090602" lon="100.045373179"></trkpt>
    <trkpt lat="8.306490722" lon="100.045890877"></trkpt>
    <trkpt lat="8.307608908" lon="100.044159798"></trkpt>
    <trkpt lat="8.309950237" lon="100.044845963"></trkpt>
    <trkpt lat="8.308906707" lon="100.046613763"></trkpt>
    <trkpt lat="8.31326271" lon="100.044935763"></trkpt>
    <trkpt lat="8.319294604" lon="100.050089049"></trkpt>
    <trkpt lat="8.320990644" lon="100.048689559"></trkpt>
    <trkpt lat="8.32277556" lon="100.050309861"></trkpt>
    <trkpt lat="8.320646441" lon="100.050988279"></trkpt>
    <trkpt lat="8.321049511" lon="100.05277379"></trkpt>
    <trkpt lat="8.323584624" lon="100.055003185"></trkpt>
    <trkpt lat="8.32435778" lon="100.053718212"></trkpt>
    <trkpt lat="8.330664772" lon="100.054906111"></trkpt>
    <trkpt lat="8.331596247" lon="100.05281481"></trkpt>
    <trkpt lat="8.333293185" lon="100.05509342"></trkpt>
    <trkpt lat="8.336089048" lon="100.053585381"></trkpt>
    <trkpt lat="8.338942924" lon="100.058434225"></trkpt>
    <trkpt lat="8.337231575" lon="100.059767043"></trkpt>
    <trkpt lat="8.338263302" lon="100.061185791"></trkpt>
    <trkpt lat="8.334936574" lon="100.0618998"></trkpt>
    <trkpt lat="8.336045547" lon="100.063856411"></trkpt>
    <trkpt lat="8.334698215" lon="100.065381338"></trkpt>
    <trkpt lat="8.337231659" lon="100.066130322"></trkpt>
    <trkpt lat="8.336489074" lon="100.071625134"></trkpt>
    <trkpt lat="8.333173129" lon="100.071272924"></trkpt>
    <trkpt lat="8.335837817" lon="100.077032343"></trkpt>
    <trkpt lat="8.342338084" lon="100.07716811"></trkpt>
    <trkpt lat="8.343427798" lon="100.075797813"></trkpt>
    <trkpt lat="8.343752165" lon="100.07824203"></trkpt>
    <trkpt lat="8.347755383" lon="100.080445098"></trkpt>
    <trkpt lat="8.348232476" lon="100.078171985"></trkpt>
    <trkpt lat="8.354642256" lon="100.078248478"></trkpt>
    <trkpt lat="8.357100843" lon="100.080636749"></trkpt>
    <trkpt lat="8.357348819" lon="100.078750879"></trkpt>
    <trkpt lat="8.358856385" lon="100.078652443"></trkpt>
    <trkpt lat="8.360563312" lon="100.080544851"></trkpt>
    <trkpt lat="8.363013789" lon="100.080426036"></trkpt>
    <trkpt lat="8.363271931" lon="100.082951099"></trkpt>
    <trkpt lat="8.361318872" lon="100.083235967"></trkpt>
    <trkpt lat="8.363379901" lon="100.086790573"></trkpt>
    <trkpt lat="8.367390339" lon="100.085620071"></trkpt>
    <trkpt lat="8.367587143" lon="100.087516561"></trkpt>
    <trkpt lat="8.371701655" lon="100.086744336"></trkpt>
    <trkpt lat="8.373550602" lon="100.089208525"></trkpt>
    <trkpt lat="8.382402872" lon="100.087908348"></trkpt>
    <trkpt lat="8.383457935" lon="100.090464469"></trkpt>
    <trkpt lat="8.385940478" lon="100.088380013"></trkpt>
    <trkpt lat="8.387140228" lon="100.091866695"></trkpt>
    <trkpt lat="8.390003722" lon="100.090810324"></trkpt>
    <trkpt lat="8.394241819" lon="100.092023409"></trkpt>
    <trkpt lat="8.399032862" lon="100.095583199"></trkpt>
    <trkpt lat="8.405881581" lon="100.090478021"></trkpt>
    <trkpt lat="8.414544368" lon="100.08897933"></trkpt>
    <trkpt lat="8.414540638" lon="100.087213514"></trkpt>
    <trkpt lat="8.420891567" lon="100.082328197"></trkpt>
    <trkpt lat="8.433953102" lon="100.076073025"></trkpt>
    <trkpt lat="8.433313739" lon="100.075175295"></trkpt>
    <trkpt lat="8.433315533" lon="100.075139147"></trkpt>
    <trkpt lat="8.455645239" lon="100.071221835"></trkpt>
    <trkpt lat="8.464930704" lon="100.067938057"></trkpt>
    <trkpt lat="8.474110128" lon="100.061194815"></trkpt>
    <trkpt lat="8.476935489" lon="100.061798245"></trkpt>
    <trkpt lat="8.4880132" lon="100.058092725"></trkpt>
    <trkpt lat="8.487683667" lon="100.055764243"></trkpt>
    <trkpt lat="8.488812335" lon="100.056975584"></trkpt>
    <trkpt lat="8.497524077" lon="100.054111852"></trkpt>
    <trkpt lat="8.497512462" lon="100.051629113"></trkpt>
  </trkseg>
</trk>
<trk>
  <name>อ.ลานสกา</name>
  <desc>อ.ลานสกา</desc>
  <trkseg>
    <trkpt lat="8.358111384" lon="99.891831693"></trkpt>
    <trkpt lat="8.358582584" lon="99.898376799"></trkpt>
    <trkpt lat="8.362364122" lon="99.898365964"></trkpt>
    <trkpt lat="8.361869938" lon="99.886452618"></trkpt>
    <trkpt lat="8.361733863" lon="99.883172235"></trkpt>
    <trkpt lat="8.364765569" lon="99.882308521"></trkpt>
    <trkpt lat="8.36374615" lon="99.87873912"></trkpt>
    <trkpt lat="8.363970219" lon="99.876466543"></trkpt>
    <trkpt lat="8.365803104" lon="99.875814389"></trkpt>
    <trkpt lat="8.365241022" lon="99.872652073"></trkpt>
    <trkpt lat="8.365239162" lon="99.872603575"></trkpt>
    <trkpt lat="8.365073937" lon="99.87076122"></trkpt>
    <trkpt lat="8.37144419" lon="99.868439155"></trkpt>
    <trkpt lat="8.371414614" lon="99.867111694"></trkpt>
    <trkpt lat="8.371411476" lon="99.867056884"></trkpt>
    <trkpt lat="8.371454289" lon="99.863034773"></trkpt>
    <trkpt lat="8.373775998" lon="99.860554475"></trkpt>
    <trkpt lat="8.373551233" lon="99.85570102"></trkpt>
    <trkpt lat="8.372072296" lon="99.854164149"></trkpt>
    <trkpt lat="8.368767076" lon="99.854180906"></trkpt>
    <trkpt lat="8.367726698" lon="99.84576853"></trkpt>
    <trkpt lat="8.375148764" lon="99.849176442"></trkpt>
    <trkpt lat="8.386209653" lon="99.847855249"></trkpt>
    <trkpt lat="8.387105106" lon="99.850683235"></trkpt>
    <trkpt lat="8.391115623" lon="99.847325759"></trkpt>
    <trkpt lat="8.403880134" lon="99.850785523"></trkpt>
    <trkpt lat="8.406616629" lon="99.853354314"></trkpt>
    <trkpt lat="8.415846966" lon="99.853392635"></trkpt>
    <trkpt lat="8.419947272" lon="99.849063372"></trkpt>
    <trkpt lat="8.412678422" lon="99.844946673"></trkpt>
    <trkpt lat="8.414947159" lon="99.836790194"></trkpt>
    <trkpt lat="8.420136372" lon="99.833765805"></trkpt>
    <trkpt lat="8.430486475" lon="99.831355693"></trkpt>
    <trkpt lat="8.432039991" lon="99.82833125"></trkpt>
    <trkpt lat="8.437081188" lon="99.825251529"></trkpt>
    <trkpt lat="8.439696764" lon="99.820090472"></trkpt>
    <trkpt lat="8.447515623" lon="99.816845304"></trkpt>
    <trkpt lat="8.449861498" lon="99.813334626"></trkpt>
    <trkpt lat="8.455982146" lon="99.809940273"></trkpt>
    <trkpt lat="8.461732631" lon="99.801912422"></trkpt>
    <trkpt lat="8.469651885" lon="99.798212494"></trkpt>
    <trkpt lat="8.469947095" lon="99.789782921"></trkpt>
    <trkpt lat="8.474261288" lon="99.782296871"></trkpt>
    <trkpt lat="8.485579013" lon="99.773921346"></trkpt>
    <trkpt lat="8.492410548" lon="99.76194204"></trkpt>
    <trkpt lat="8.491943494" lon="99.754045875"></trkpt>
    <trkpt lat="8.489743767" lon="99.750847077"></trkpt>
    <trkpt lat="8.492138505" lon="99.743336904"></trkpt>
    <trkpt lat="8.493977066" lon="99.742064435"></trkpt>
    <trkpt lat="8.494215941" lon="99.733501409"></trkpt>
    <trkpt lat="8.494138574" lon="99.728086349"></trkpt>
    <trkpt lat="8.490589212" lon="99.721870322"></trkpt>
    <trkpt lat="8.491498146" lon="99.715591128"></trkpt>
    <trkpt lat="8.487962304" lon="99.706721286"></trkpt>
    <trkpt lat="8.483164777" lon="99.701894781"></trkpt>
    <trkpt lat="8.480248056" lon="99.70132213"></trkpt>
    <trkpt lat="8.476382997" lon="99.703072673"></trkpt>
    <trkpt lat="8.466911725" lon="99.69864573"></trkpt>
    <trkpt lat="8.457963677" lon="99.700221934"></trkpt>
    <trkpt lat="8.455183749" lon="99.696547244"></trkpt>
    <trkpt lat="8.449885904" lon="99.696926934"></trkpt>
    <trkpt lat="8.448693065" lon="99.699378218"></trkpt>
    <trkpt lat="8.439945837" lon="99.701880507"></trkpt>
    <trkpt lat="8.437181846" lon="99.704947289"></trkpt>
    <trkpt lat="8.432562651" lon="99.700588783"></trkpt>
    <trkpt lat="8.422798822" lon="99.702927759"></trkpt>
    <trkpt lat="8.419969846" lon="99.707940316"></trkpt>
    <trkpt lat="8.412818905" lon="99.706169551"></trkpt>
    <trkpt lat="8.405335121" lon="99.708616527"></trkpt>
    <trkpt lat="8.399200586" lon="99.708022279"></trkpt>
    <trkpt lat="8.39619731" lon="99.711370651"></trkpt>
    <trkpt lat="8.393253754" lon="99.708693075"></trkpt>
    <trkpt lat="8.390011747" lon="99.708978287"></trkpt>
    <trkpt lat="8.385472194" lon="99.70242976"></trkpt>
    <trkpt lat="8.372304584" lon="99.70213575"></trkpt>
    <trkpt lat="8.362802897" lon="99.697457713"></trkpt>
    <trkpt lat="8.35132462" lon="99.713058164"></trkpt>
    <trkpt lat="8.344437083" lon="99.706668615"></trkpt>
    <trkpt lat="8.332939488" lon="99.708344967"></trkpt>
    <trkpt lat="8.324302479" lon="99.700906788"></trkpt>
    <trkpt lat="8.319189772" lon="99.705982026"></trkpt>
    <trkpt lat="8.317763486" lon="99.712133085"></trkpt>
    <trkpt lat="8.312912121" lon="99.720273449"></trkpt>
    <trkpt lat="8.308487778" lon="99.719422103"></trkpt>
    <trkpt lat="8.301547801" lon="99.720711713"></trkpt>
    <trkpt lat="8.291178267" lon="99.727623172"></trkpt>
    <trkpt lat="8.282442761" lon="99.727324413"></trkpt>
    <trkpt lat="8.278571974" lon="99.732861166"></trkpt>
    <trkpt lat="8.272865078" lon="99.735119885"></trkpt>
    <trkpt lat="8.270916485" lon="99.752500164"></trkpt>
    <trkpt lat="8.261550483" lon="99.754340067"></trkpt>
    <trkpt lat="8.259605874" lon="99.75730818"></trkpt>
    <trkpt lat="8.267028891" lon="99.76392402"></trkpt>
    <trkpt lat="8.263686848" lon="99.767816855"></trkpt>
    <trkpt lat="8.265002993" lon="99.783554443"></trkpt>
    <trkpt lat="8.268850158" lon="99.787854493"></trkpt>
    <trkpt lat="8.272770547" lon="99.789262454"></trkpt>
    <trkpt lat="8.272549914" lon="99.793124561"></trkpt>
    <trkpt lat="8.274284402" lon="99.795031723"></trkpt>
    <trkpt lat="8.279272616" lon="99.796017036"></trkpt>
    <trkpt lat="8.281444934" lon="99.79817895"></trkpt>
    <trkpt lat="8.279579669" lon="99.807346124"></trkpt>
    <trkpt lat="8.282199515" lon="99.809668001"></trkpt>
    <trkpt lat="8.282734415" lon="99.819369248"></trkpt>
    <trkpt lat="8.287900781" lon="99.819510172"></trkpt>
    <trkpt lat="8.2913428" lon="99.816324263"></trkpt>
    <trkpt lat="8.29423724" lon="99.815852698"></trkpt>
    <trkpt lat="8.292858716" lon="99.821676821"></trkpt>
    <trkpt lat="8.295900987" lon="99.823885391"></trkpt>
    <trkpt lat="8.296962264" lon="99.829497054"></trkpt>
    <trkpt lat="8.301195855" lon="99.826878353"></trkpt>
    <trkpt lat="8.304175976" lon="99.828291001"></trkpt>
    <trkpt lat="8.307663834" lon="99.827699605"></trkpt>
    <trkpt lat="8.31423868" lon="99.832152895"></trkpt>
    <trkpt lat="8.317749524" lon="99.831440367"></trkpt>
    <trkpt lat="8.322564281" lon="99.837036215"></trkpt>
    <trkpt lat="8.321216996" lon="99.841952604"></trkpt>
    <trkpt lat="8.323469868" lon="99.844041419"></trkpt>
    <trkpt lat="8.319068466" lon="99.847224895"></trkpt>
    <trkpt lat="8.319939611" lon="99.850025549"></trkpt>
    <trkpt lat="8.318034128" lon="99.8511089"></trkpt>
    <trkpt lat="8.316202362" lon="99.848751571"></trkpt>
    <trkpt lat="8.316911707" lon="99.851751339"></trkpt>
    <trkpt lat="8.314860925" lon="99.852549117"></trkpt>
    <trkpt lat="8.314135083" lon="99.851168014"></trkpt>
    <trkpt lat="8.309945473" lon="99.856178004"></trkpt>
    <trkpt lat="8.308471568" lon="99.854980328"></trkpt>
    <trkpt lat="8.309957797" lon="99.858645874"></trkpt>
    <trkpt lat="8.306248985" lon="99.860096519"></trkpt>
    <trkpt lat="8.312951689" lon="99.86458977"></trkpt>
    <trkpt lat="8.312037523" lon="99.865993853"></trkpt>
    <trkpt lat="8.313137225" lon="99.86695337"></trkpt>
    <trkpt lat="8.317609856" lon="99.870116539"></trkpt>
    <trkpt lat="8.322801626" lon="99.870967683"></trkpt>
    <trkpt lat="8.325650188" lon="99.874282109"></trkpt>
    <trkpt lat="8.341483465" lon="99.877433764"></trkpt>
    <trkpt lat="8.341736142" lon="99.883619953"></trkpt>
    <trkpt lat="8.343907148" lon="99.886180963"></trkpt>
    <trkpt lat="8.344905581" lon="99.893443642"></trkpt>
    <trkpt lat="8.346881009" lon="99.894003756"></trkpt>
    <trkpt lat="8.348337269" lon="99.890499083"></trkpt>
    <trkpt lat="8.358111384" lon="99.891831693"></trkpt>
  </trkseg>
</trk>
<trk>
  <name>อ.ฉวาง</name>
  <desc>อ.ฉวาง</desc>
  <trkseg>
    <trkpt lat="8.350137864" lon="99.51517736"></trkpt>
    <trkpt lat="8.348039361" lon="99.519423621"></trkpt>
    <trkpt lat="8.350643724" lon="99.519921799"></trkpt>
    <trkpt lat="8.351172115" lon="99.518387399"></trkpt>
    <trkpt lat="8.355309598" lon="99.519863039"></trkpt>
    <trkpt lat="8.358537672" lon="99.517332817"></trkpt>
    <trkpt lat="8.36189776" lon="99.522016177"></trkpt>
    <trkpt lat="8.363429948" lon="99.521522139"></trkpt>
    <trkpt lat="8.363581068" lon="99.522721954"></trkpt>
    <trkpt lat="8.365656108" lon="99.520977149"></trkpt>
    <trkpt lat="8.364800784" lon="99.524171239"></trkpt>
    <trkpt lat="8.366758867" lon="99.524268564"></trkpt>
    <trkpt lat="8.36675699" lon="99.524173394"></trkpt>
    <trkpt lat="8.368102435" lon="99.523762997"></trkpt>
    <trkpt lat="8.368065911" lon="99.526954822"></trkpt>
    <trkpt lat="8.371050974" lon="99.528193425"></trkpt>
    <trkpt lat="8.371522547" lon="99.526099764"></trkpt>
    <trkpt lat="8.375570558" lon="99.528036031"></trkpt>
    <trkpt lat="8.376378424" lon="99.524248736"></trkpt>
    <trkpt lat="8.37798416" lon="99.524174778"></trkpt>
    <trkpt lat="8.37960228" lon="99.528284368"></trkpt>
    <trkpt lat="8.377039642" lon="99.531673864"></trkpt>
    <trkpt lat="8.379620512" lon="99.533452227"></trkpt>
    <trkpt lat="8.378553618" lon="99.534828691"></trkpt>
    <trkpt lat="8.380943184" lon="99.534700484"></trkpt>
    <trkpt lat="8.379001011" lon="99.539102114"></trkpt>
    <trkpt lat="8.381243728" lon="99.539567881"></trkpt>
    <trkpt lat="8.379014165" lon="99.540528085"></trkpt>
    <trkpt lat="8.378572373" lon="99.543220095"></trkpt>
    <trkpt lat="8.379957645" lon="99.54469854"></trkpt>
    <trkpt lat="8.379096374" lon="99.546470685"></trkpt>
    <trkpt lat="8.380044143" lon="99.545693294"></trkpt>
    <trkpt lat="8.381287839" lon="99.547942177"></trkpt>
    <trkpt lat="8.377467621" lon="99.551713062"></trkpt>
    <trkpt lat="8.377085698" lon="99.554030443"></trkpt>
    <trkpt lat="8.377216129" lon="99.558672533"></trkpt>
    <trkpt lat="8.379630345" lon="99.560694556"></trkpt>
    <trkpt lat="8.378285312" lon="99.561776755"></trkpt>
    <trkpt lat="8.379636691" lon="99.561898028"></trkpt>
    <trkpt lat="8.380396239" lon="99.566001014"></trkpt>
    <trkpt lat="8.377466172" lon="99.568355144"></trkpt>
    <trkpt lat="8.378045562" lon="99.571638689"></trkpt>
    <trkpt lat="8.376290814" lon="99.571884913"></trkpt>
    <trkpt lat="8.378033671" lon="99.575665698"></trkpt>
    <trkpt lat="8.375502946" lon="99.577629971"></trkpt>
    <trkpt lat="8.376309867" lon="99.579538472"></trkpt>
    <trkpt lat="8.374474127" lon="99.578698407"></trkpt>
    <trkpt lat="8.371479893" lon="99.582182928"></trkpt>
    <trkpt lat="8.372163908" lon="99.585464572"></trkpt>
    <trkpt lat="8.370429682" lon="99.588873219"></trkpt>
    <trkpt lat="8.374553027" lon="99.588801791"></trkpt>
    <trkpt lat="8.38485433" lon="99.58005514"></trkpt>
    <trkpt lat="8.389278975" lon="99.579686715"></trkpt>
    <trkpt lat="8.394540957" lon="99.57980816"></trkpt>
    <trkpt lat="8.403617067" lon="99.585442447"></trkpt>
    <trkpt lat="8.417912174" lon="99.583964372"></trkpt>
    <trkpt lat="8.420954071" lon="99.584924976"></trkpt>
    <trkpt lat="8.420054753" lon="99.586608912"></trkpt>
    <trkpt lat="8.423263594" lon="99.58875752"></trkpt>
    <trkpt lat="8.423260706" lon="99.588804674"></trkpt>
    <trkpt lat="8.425141426" lon="99.590290156"></trkpt>
    <trkpt lat="8.425022732" lon="99.602519225"></trkpt>
    <trkpt lat="8.427224277" lon="99.604864463"></trkpt>
    <trkpt lat="8.426531471" lon="99.609548971"></trkpt>
    <trkpt lat="8.424200193" lon="99.612429792"></trkpt>
    <trkpt lat="8.424198409" lon="99.612477864"></trkpt>
    <trkpt lat="8.429019877" lon="99.622052392"></trkpt>
    <trkpt lat="8.435013178" lon="99.623524851"></trkpt>
    <trkpt lat="8.436922947" lon="99.62559175"></trkpt>
    <trkpt lat="8.431739672" lon="99.633934779"></trkpt>
    <trkpt lat="8.432602631" lon="99.63629188"></trkpt>
    <trkpt lat="8.430537896" lon="99.637050836"></trkpt>
    <trkpt lat="8.431480769" lon="99.639663892"></trkpt>
    <trkpt lat="8.430241448" lon="99.643755101"></trkpt>
    <trkpt lat="8.435576444" lon="99.650531004"></trkpt>
    <trkpt lat="8.432938785" lon="99.663831767"></trkpt>
    <trkpt lat="8.43585247" lon="99.666726248"></trkpt>
    <trkpt lat="8.437809009" lon="99.675151796"></trkpt>
    <trkpt lat="8.44288104" lon="99.682033331"></trkpt>
    <trkpt lat="8.44106967" lon="99.68839195"></trkpt>
    <trkpt lat="8.441742797" lon="99.6918227"></trkpt>
    <trkpt lat="8.443491242" lon="99.695512088"></trkpt>
    <trkpt lat="8.455183749" lon="99.696547244"></trkpt>
    <trkpt lat="8.457963677" lon="99.700221934"></trkpt>
    <trkpt lat="8.466911725" lon="99.69864573"></trkpt>
    <trkpt lat="8.476382997" lon="99.703072673"></trkpt>
    <trkpt lat="8.480248056" lon="99.70132213"></trkpt>
    <trkpt lat="8.483164777" lon="99.701894781"></trkpt>
    <trkpt lat="8.483444268" lon="99.694203703"></trkpt>
    <trkpt lat="8.490382377" lon="99.683899553"></trkpt>
    <trkpt lat="8.493185172" lon="99.681443986"></trkpt>
    <trkpt lat="8.500623896" lon="99.67988001"></trkpt>
    <trkpt lat="8.509444889" lon="99.670513024"></trkpt>
    <trkpt lat="8.513006304" lon="99.655041876"></trkpt>
    <trkpt lat="8.516348517" lon="99.652888522"></trkpt>
    <trkpt lat="8.518825176" lon="99.642946796"></trkpt>
    <trkpt lat="8.517664182" lon="99.640071605"></trkpt>
    <trkpt lat="8.510099414" lon="99.634341834"></trkpt>
    <trkpt lat="8.504786232" lon="99.625133117"></trkpt>
    <trkpt lat="8.498866453" lon="99.62240738"></trkpt>
    <trkpt lat="8.498349549" lon="99.615933716"></trkpt>
    <trkpt lat="8.496934978" lon="99.614517761"></trkpt>
    <trkpt lat="8.496930352" lon="99.614465748"></trkpt>
    <trkpt lat="8.494515381" lon="99.613145139"></trkpt>
    <trkpt lat="8.49468763" lon="99.609861774"></trkpt>
    <trkpt lat="8.497694295" lon="99.608289539"></trkpt>
    <trkpt lat="8.499114646" lon="99.596131874"></trkpt>
    <trkpt lat="8.484116394" lon="99.587125829"></trkpt>
    <trkpt lat="8.485013821" lon="99.58245441"></trkpt>
    <trkpt lat="8.482203859" lon="99.578772434"></trkpt>
    <trkpt lat="8.484857351" lon="99.574670416"></trkpt>
    <trkpt lat="8.490539917" lon="99.575765501"></trkpt>
    <trkpt lat="8.497797529" lon="99.573415308"></trkpt>
    <trkpt lat="8.496758865" lon="99.566936202"></trkpt>
    <trkpt lat="8.498002564" lon="99.562373532"></trkpt>
    <trkpt lat="8.504437427" lon="99.5562645"></trkpt>
    <trkpt lat="8.504704393" lon="99.552530853"></trkpt>
    <trkpt lat="8.498998095" lon="99.546726063"></trkpt>
    <trkpt lat="8.498219583" lon="99.535282901"></trkpt>
    <trkpt lat="8.496782158" lon="99.532887009"></trkpt>
    <trkpt lat="8.499901285" lon="99.525614817"></trkpt>
    <trkpt lat="8.508672055" lon="99.524920073"></trkpt>
    <trkpt lat="8.512554182" lon="99.522382503"></trkpt>
    <trkpt lat="8.526204985" lon="99.521306593"></trkpt>
    <trkpt lat="8.538648192" lon="99.517688079"></trkpt>
    <trkpt lat="8.552369587" lon="99.519516799"></trkpt>
    <trkpt lat="8.560055443" lon="99.518127851"></trkpt>
    <trkpt lat="8.564707447" lon="99.515984095"></trkpt>
    <trkpt lat="8.56311722" lon="99.510544732"></trkpt>
    <trkpt lat="8.571444137" lon="99.505975967"></trkpt>
    <trkpt lat="8.575571859" lon="99.505753294"></trkpt>
    <trkpt lat="8.584309573" lon="99.511250731"></trkpt>
    <trkpt lat="8.588776022" lon="99.506018711"></trkpt>
    <trkpt lat="8.599027216" lon="99.501824996"></trkpt>
    <trkpt lat="8.605148051" lon="99.49591169"></trkpt>
    <trkpt lat="8.613275235" lon="99.494304199"></trkpt>
    <trkpt lat="8.618836331" lon="99.483197881"></trkpt>
    <trkpt lat="8.626403563" lon="99.475781484"></trkpt>
    <trkpt lat="8.638437959" lon="99.474179951"></trkpt>
    <trkpt lat="8.641152375" lon="99.479928511"></trkpt>
    <trkpt lat="8.644583907" lon="99.477656639"></trkpt>
    <trkpt lat="8.646736486" lon="99.478460056"></trkpt>
    <trkpt lat="8.647390232" lon="99.474699693"></trkpt>
    <trkpt lat="8.645872417" lon="99.47098818"></trkpt>
    <trkpt lat="8.647548848" lon="99.467589757"></trkpt>
    <trkpt lat="8.650276783" lon="99.466263431"></trkpt>
    <trkpt lat="8.650599301" lon="99.463755045"></trkpt>
    <trkpt lat="8.642605776" lon="99.45465558"></trkpt>
    <trkpt lat="8.639281274" lon="99.454372202"></trkpt>
    <trkpt lat="8.631779692" lon="99.448720214"></trkpt>
    <trkpt lat="8.627711109" lon="99.449807744"></trkpt>
    <trkpt lat="8.621002083" lon="99.448131847"></trkpt>
    <trkpt lat="8.611526444" lon="99.455053021"></trkpt>
    <trkpt lat="8.609005624" lon="99.457774227"></trkpt>
    <trkpt lat="8.600705458" lon="99.454124484"></trkpt>
    <trkpt lat="8.595674185" lon="99.455537415"></trkpt>
    <trkpt lat="8.594177413" lon="99.456911898"></trkpt>
    <trkpt lat="8.58385391" lon="99.451422338"></trkpt>
    <trkpt lat="8.581438729" lon="99.446359389"></trkpt>
    <trkpt lat="8.581714907" lon="99.441605984"></trkpt>
    <trkpt lat="8.580681852" lon="99.439582382"></trkpt>
    <trkpt lat="8.581935654" lon="99.432442287"></trkpt>
    <trkpt lat="8.579364072" lon="99.428381305"></trkpt>
    <trkpt lat="8.574103861" lon="99.423720992"></trkpt>
    <trkpt lat="8.569135609" lon="99.415478552"></trkpt>
    <trkpt lat="8.564081523" lon="99.413512415"></trkpt>
    <trkpt lat="8.562762441" lon="99.41522466"></trkpt>
    <trkpt lat="8.552544434" lon="99.415022399"></trkpt>
    <trkpt lat="8.550981379" lon="99.42236633"></trkpt>
    <trkpt lat="8.547079788" lon="99.426609743"></trkpt>
    <trkpt lat="8.544102071" lon="99.427269311"></trkpt>
    <trkpt lat="8.526373713" lon="99.427739613"></trkpt>
    <trkpt lat="8.5217839" lon="99.431222886"></trkpt>
    <trkpt lat="8.510887409" lon="99.426096993"></trkpt>
    <trkpt lat="8.504594503" lon="99.427465608"></trkpt>
    <trkpt lat="8.501668112" lon="99.432742967"></trkpt>
    <trkpt lat="8.502897309" lon="99.437450332"></trkpt>
    <trkpt lat="8.501589575" lon="99.445247192"></trkpt>
    <trkpt lat="8.489857432" lon="99.443929501"></trkpt>
    <trkpt lat="8.483781536" lon="99.440515512"></trkpt>
    <trkpt lat="8.482686971" lon="99.441776951"></trkpt>
    <trkpt lat="8.478068068" lon="99.440986307"></trkpt>
    <trkpt lat="8.474545893" lon="99.445543147"></trkpt>
    <trkpt lat="8.457683017" lon="99.444339918"></trkpt>
    <trkpt lat="8.454622836" lon="99.448814241"></trkpt>
    <trkpt lat="8.452467681" lon="99.448603176"></trkpt>
    <trkpt lat="8.44867646" lon="99.453729601"></trkpt>
    <trkpt lat="8.44534883" lon="99.455050199"></trkpt>
    <trkpt lat="8.432455724" lon="99.45149636"></trkpt>
    <trkpt lat="8.438105872" lon="99.43944128"></trkpt>
    <trkpt lat="8.437052311" lon="99.435729277"></trkpt>
    <trkpt lat="8.428723117" lon="99.433521889"></trkpt>
    <trkpt lat="8.428168712" lon="99.430018007"></trkpt>
    <trkpt lat="8.41588593" lon="99.431636571"></trkpt>
    <trkpt lat="8.413413009" lon="99.429826525"></trkpt>
    <trkpt lat="8.415903013" lon="99.424659876"></trkpt>
    <trkpt lat="8.412078463" lon="99.420410131"></trkpt>
    <trkpt lat="8.406156782" lon="99.423742732"></trkpt>
    <trkpt lat="8.406460143" lon="99.42764379"></trkpt>
    <trkpt lat="8.401858789" lon="99.431598457"></trkpt>
    <trkpt lat="8.404787606" lon="99.432273814"></trkpt>
    <trkpt lat="8.405007903" lon="99.437117149"></trkpt>
    <trkpt lat="8.411308996" lon="99.442021147"></trkpt>
    <trkpt lat="8.407272628" lon="99.450128123"></trkpt>
    <trkpt lat="8.410196059" lon="99.45212867"></trkpt>
    <trkpt lat="8.39933032" lon="99.455795391"></trkpt>
    <trkpt lat="8.396251984" lon="99.46852331"></trkpt>
    <trkpt lat="8.399041611" lon="99.470400872"></trkpt>
    <trkpt lat="8.398989914" lon="99.472052264"></trkpt>
    <trkpt lat="8.393531706" lon="99.472629435"></trkpt>
    <trkpt lat="8.392413546" lon="99.477001683"></trkpt>
    <trkpt lat="8.387954875" lon="99.475807807"></trkpt>
    <trkpt lat="8.386398943" lon="99.481671719"></trkpt>
    <trkpt lat="8.384779719" lon="99.481509568"></trkpt>
    <trkpt lat="8.384217057" lon="99.483480012"></trkpt>
    <trkpt lat="8.375981785" lon="99.483945326"></trkpt>
    <trkpt lat="8.370711724" lon="99.480945005"></trkpt>
    <trkpt lat="8.364710759" lon="99.480194175"></trkpt>
    <trkpt lat="8.362682158" lon="99.49114211"></trkpt>
    <trkpt lat="8.364970759" lon="99.49207166"></trkpt>
    <trkpt lat="8.366645846" lon="99.49879913"></trkpt>
    <trkpt lat="8.363615948" lon="99.498932652"></trkpt>
    <trkpt lat="8.362791648" lon="99.503851449"></trkpt>
    <trkpt lat="8.360541918" lon="99.505186573"></trkpt>
    <trkpt lat="8.360098486" lon="99.507919819"></trkpt>
    <trkpt lat="8.353640383" lon="99.50767201"></trkpt>
    <trkpt lat="8.353286224" lon="99.50917992"></trkpt>
    <trkpt lat="8.349300142" lon="99.509347658"></trkpt>
    <trkpt lat="8.350137864" lon="99.51517736"></trkpt>
  </trkseg>
</trk>
<trk>
  <name>อ.ถ้ำพรรณรา</name>
  <desc>อ.ถ้ำพรรณรา</desc>
  <trkseg>
    <trkpt lat="8.415903013" lon="99.424659876"></trkpt>
    <trkpt lat="8.413413009" lon="99.429826525"></trkpt>
    <trkpt lat="8.41588593" lon="99.431636571"></trkpt>
    <trkpt lat="8.428168712" lon="99.430018007"></trkpt>
    <trkpt lat="8.428723117" lon="99.433521889"></trkpt>
    <trkpt lat="8.437052311" lon="99.435729277"></trkpt>
    <trkpt lat="8.438105872" lon="99.43944128"></trkpt>
    <trkpt lat="8.432455724" lon="99.45149636"></trkpt>
    <trkpt lat="8.44534883" lon="99.455050199"></trkpt>
    <trkpt lat="8.44867646" lon="99.453729601"></trkpt>
    <trkpt lat="8.452467681" lon="99.448603176"></trkpt>
    <trkpt lat="8.454622836" lon="99.448814241"></trkpt>
    <trkpt lat="8.457683017" lon="99.444339918"></trkpt>
    <trkpt lat="8.474545893" lon="99.445543147"></trkpt>
    <trkpt lat="8.478068068" lon="99.440986307"></trkpt>
    <trkpt lat="8.482686971" lon="99.441776951"></trkpt>
    <trkpt lat="8.483781536" lon="99.440515512"></trkpt>
    <trkpt lat="8.489857432" lon="99.443929501"></trkpt>
    <trkpt lat="8.501589575" lon="99.445247192"></trkpt>
    <trkpt lat="8.502897309" lon="99.437450332"></trkpt>
    <trkpt lat="8.501668112" lon="99.432742967"></trkpt>
    <trkpt lat="8.504594503" lon="99.427465608"></trkpt>
    <trkpt lat="8.510887409" lon="99.426096993"></trkpt>
    <trkpt lat="8.5217839" lon="99.431222886"></trkpt>
    <trkpt lat="8.526373713" lon="99.427739613"></trkpt>
    <trkpt lat="8.544102071" lon="99.427269311"></trkpt>
    <trkpt lat="8.547079788" lon="99.426609743"></trkpt>
    <trkpt lat="8.550981379" lon="99.42236633"></trkpt>
    <trkpt lat="8.552240394" lon="99.417778959"></trkpt>
    <trkpt lat="8.552775091" lon="99.413216523"></trkpt>
    <trkpt lat="8.551107415" lon="99.412499692"></trkpt>
    <trkpt lat="8.551106748" lon="99.41243926"></trkpt>
    <trkpt lat="8.550472614" lon="99.408696142"></trkpt>
    <trkpt lat="8.550469853" lon="99.408653371"></trkpt>
    <trkpt lat="8.548910674" lon="99.405483129"></trkpt>
    <trkpt lat="8.545075379" lon="99.404391101"></trkpt>
    <trkpt lat="8.545074488" lon="99.404347863"></trkpt>
    <trkpt lat="8.544179666" lon="99.400975905"></trkpt>
    <trkpt lat="8.544178897" lon="99.40092788"></trkpt>
    <trkpt lat="8.540746895" lon="99.400955206"></trkpt>
    <trkpt lat="8.540740244" lon="99.401109613"></trkpt>
    <trkpt lat="8.53529513" lon="99.401714744"></trkpt>
    <trkpt lat="8.535296167" lon="99.401660206"></trkpt>
    <trkpt lat="8.533724512" lon="99.397037191"></trkpt>
    <trkpt lat="8.5310978" lon="99.397301408"></trkpt>
    <trkpt lat="8.531098725" lon="99.397251966"></trkpt>
    <trkpt lat="8.531442521" lon="99.395807563"></trkpt>
    <trkpt lat="8.529258941" lon="99.395698069"></trkpt>
    <trkpt lat="8.529258418" lon="99.395659098"></trkpt>
    <trkpt lat="8.52875049" lon="99.393538257"></trkpt>
    <trkpt lat="8.525197564" lon="99.393476111"></trkpt>
    <trkpt lat="8.517274959" lon="99.395883168"></trkpt>
    <trkpt lat="8.515318196" lon="99.394112243"></trkpt>
    <trkpt lat="8.513388369" lon="99.394262223"></trkpt>
    <trkpt lat="8.511937712" lon="99.390410665"></trkpt>
    <trkpt lat="8.51508832" lon="99.389747849"></trkpt>
    <trkpt lat="8.515405239" lon="99.386959635"></trkpt>
    <trkpt lat="8.517273315" lon="99.381564917"></trkpt>
    <trkpt lat="8.516082019" lon="99.377715204"></trkpt>
    <trkpt lat="8.512963331" lon="99.374473116"></trkpt>
    <trkpt lat="8.510286968" lon="99.374592298"></trkpt>
    <trkpt lat="8.50699737" lon="99.372794911"></trkpt>
    <trkpt lat="8.503861139" lon="99.372956472"></trkpt>
    <trkpt lat="8.502565958" lon="99.366703647"></trkpt>
    <trkpt lat="8.500738212" lon="99.359417614"></trkpt>
    <trkpt lat="8.497543543" lon="99.353534352"></trkpt>
    <trkpt lat="8.493894045" lon="99.352165807"></trkpt>
    <trkpt lat="8.491282728" lon="99.35027774"></trkpt>
    <trkpt lat="8.491240367" lon="99.346822957"></trkpt>
    <trkpt lat="8.490447442" lon="99.338366052"></trkpt>
    <trkpt lat="8.490871103" lon="99.33076095"></trkpt>
    <trkpt lat="8.484825718" lon="99.328430022"></trkpt>
    <trkpt lat="8.476564619" lon="99.32374088"></trkpt>
    <trkpt lat="8.474455325" lon="99.318284226"></trkpt>
    <trkpt lat="8.474971006" lon="99.304884443"></trkpt>
    <trkpt lat="8.475777444" lon="99.301258081"></trkpt>
    <trkpt lat="8.473668948" lon="99.295820611"></trkpt>
    <trkpt lat="8.470733982" lon="99.29343487"></trkpt>
    <trkpt lat="8.4662532" lon="99.290265882"></trkpt>
    <trkpt lat="8.462424941" lon="99.292276969"></trkpt>
    <trkpt lat="8.456233444" lon="99.290209657"></trkpt>
    <trkpt lat="8.458339531" lon="99.296539894"></trkpt>
    <trkpt lat="8.4539546" lon="99.298584927"></trkpt>
    <trkpt lat="8.453366304" lon="99.302625781"></trkpt>
    <trkpt lat="8.450884044" lon="99.305864116"></trkpt>
    <trkpt lat="8.445369651" lon="99.308860623"></trkpt>
    <trkpt lat="8.444988761" lon="99.314855441"></trkpt>
    <trkpt lat="8.441289571" lon="99.313049052"></trkpt>
    <trkpt lat="8.441733758" lon="99.315208515"></trkpt>
    <trkpt lat="8.438479819" lon="99.318162944"></trkpt>
    <trkpt lat="8.435623925" lon="99.316104196"></trkpt>
    <trkpt lat="8.432363079" lon="99.316813484"></trkpt>
    <trkpt lat="8.431683905" lon="99.313640022"></trkpt>
    <trkpt lat="8.423837157" lon="99.31256564"></trkpt>
    <trkpt lat="8.422060798" lon="99.314520577"></trkpt>
    <trkpt lat="8.424921332" lon="99.317115917"></trkpt>
    <trkpt lat="8.418816028" lon="99.318167504"></trkpt>
    <trkpt lat="8.417497676" lon="99.319769225"></trkpt>
    <trkpt lat="8.417925215" lon="99.323189346"></trkpt>
    <trkpt lat="8.412431677" lon="99.319865294"></trkpt>
    <trkpt lat="8.411702294" lon="99.324895039"></trkpt>
    <trkpt lat="8.415414985" lon="99.325474094"></trkpt>
    <trkpt lat="8.412038716" lon="99.327073621"></trkpt>
    <trkpt lat="8.411698507" lon="99.333650662"></trkpt>
    <trkpt lat="8.407818134" lon="99.335886564"></trkpt>
    <trkpt lat="8.405717321" lon="99.339937947"></trkpt>
    <trkpt lat="8.403127684" lon="99.337948024"></trkpt>
    <trkpt lat="8.401352462" lon="99.338871468"></trkpt>
    <trkpt lat="8.402855084" lon="99.342319591"></trkpt>
    <trkpt lat="8.408481491" lon="99.342554885"></trkpt>
    <trkpt lat="8.408310768" lon="99.344400733"></trkpt>
    <trkpt lat="8.401243016" lon="99.346351216"></trkpt>
    <trkpt lat="8.395547132" lon="99.345606632"></trkpt>
    <trkpt lat="8.393669098" lon="99.346957349"></trkpt>
    <trkpt lat="8.396937646" lon="99.350851503"></trkpt>
    <trkpt lat="8.395341272" lon="99.35176565"></trkpt>
    <trkpt lat="8.394830924" lon="99.355117405"></trkpt>
    <trkpt lat="8.398805222" lon="99.359049196"></trkpt>
    <trkpt lat="8.403958701" lon="99.360285394"></trkpt>
    <trkpt lat="8.404457858" lon="99.362449917"></trkpt>
    <trkpt lat="8.39782776" lon="99.367738077"></trkpt>
    <trkpt lat="8.393277001" lon="99.368086074"></trkpt>
    <trkpt lat="8.387255424" lon="99.377268781"></trkpt>
    <trkpt lat="8.390926627" lon="99.377203625"></trkpt>
    <trkpt lat="8.390927031" lon="99.377339245"></trkpt>
    <trkpt lat="8.388659101" lon="99.379654287"></trkpt>
    <trkpt lat="8.390181387" lon="99.38403124"></trkpt>
    <trkpt lat="8.388246218" lon="99.38648129"></trkpt>
    <trkpt lat="8.39128299" lon="99.388541261"></trkpt>
    <trkpt lat="8.388077618" lon="99.3895198"></trkpt>
    <trkpt lat="8.387047419" lon="99.391755131"></trkpt>
    <trkpt lat="8.398213822" lon="99.402040204"></trkpt>
    <trkpt lat="8.398589853" lon="99.406170084"></trkpt>
    <trkpt lat="8.394245097" lon="99.40777332"></trkpt>
    <trkpt lat="8.397161877" lon="99.409899327"></trkpt>
    <trkpt lat="8.395228279" lon="99.414960399"></trkpt>
    <trkpt lat="8.397651358" lon="99.415495932"></trkpt>
    <trkpt lat="8.404024357" lon="99.411398848"></trkpt>
    <trkpt lat="8.408044879" lon="99.41669082"></trkpt>
    <trkpt lat="8.411545097" lon="99.417758125"></trkpt>
    <trkpt lat="8.412078463" lon="99.420410131"></trkpt>
    <trkpt lat="8.415903013" lon="99.424659876"></trkpt>
  </trkseg>
</trk>
<trk>
  <name>อ.พรหมคีรี</name>
  <desc>อ.พรหมคีรี</desc>
  <trkseg>
    <trkpt lat="8.547410446" lon="99.902992612"></trkpt>
    <trkpt lat="8.542983583" lon="99.899028956"></trkpt>
    <trkpt lat="8.54437029" lon="99.898406325"></trkpt>
    <trkpt lat="8.54526859" lon="99.893114148"></trkpt>
    <trkpt lat="8.545267337" lon="99.893052466"></trkpt>
    <trkpt lat="8.546907114" lon="99.888674469"></trkpt>
    <trkpt lat="8.54690303" lon="99.888631007"></trkpt>
    <trkpt lat="8.545284149" lon="99.881449012"></trkpt>
    <trkpt lat="8.545678166" lon="99.864806444"></trkpt>
    <trkpt lat="8.545676191" lon="99.864752473"></trkpt>
    <trkpt lat="8.550703539" lon="99.856963752"></trkpt>
    <trkpt lat="8.550702129" lon="99.856920053"></trkpt>
    <trkpt lat="8.550366769" lon="99.85541174"></trkpt>
    <trkpt lat="8.551858157" lon="99.855347774"></trkpt>
    <trkpt lat="8.552409291" lon="99.858007056"></trkpt>
    <trkpt lat="8.554837304" lon="99.856068078"></trkpt>
    <trkpt lat="8.553808" lon="99.852227043"></trkpt>
    <trkpt lat="8.556891518" lon="99.849627739"></trkpt>
    <trkpt lat="8.56205862" lon="99.849413623"></trkpt>
    <trkpt lat="8.562058136" lon="99.849354131"></trkpt>
    <trkpt lat="8.564570399" lon="99.849996443"></trkpt>
    <trkpt lat="8.564146766" lon="99.847969052"></trkpt>
    <trkpt lat="8.567061273" lon="99.847720822"></trkpt>
    <trkpt lat="8.565838811" lon="99.846614694"></trkpt>
    <trkpt lat="8.567044442" lon="99.844016699"></trkpt>
    <trkpt lat="8.567042918" lon="99.843973946"></trkpt>
    <trkpt lat="8.566142142" lon="99.841795603"></trkpt>
    <trkpt lat="8.56868984" lon="99.839117725"></trkpt>
    <trkpt lat="8.568943762" lon="99.833412024"></trkpt>
    <trkpt lat="8.580445577" lon="99.833267567"></trkpt>
    <trkpt lat="8.584760138" lon="99.830316815"></trkpt>
    <trkpt lat="8.592388631" lon="99.829034849"></trkpt>
    <trkpt lat="8.593720679" lon="99.82610992"></trkpt>
    <trkpt lat="8.595930635" lon="99.83168553"></trkpt>
    <trkpt lat="8.598211416" lon="99.830810029"></trkpt>
    <trkpt lat="8.598023227" lon="99.8330946"></trkpt>
    <trkpt lat="8.599883148" lon="99.833455105"></trkpt>
    <trkpt lat="8.599150706" lon="99.836107276"></trkpt>
    <trkpt lat="8.602262224" lon="99.836246184"></trkpt>
    <trkpt lat="8.603069333" lon="99.833447387"></trkpt>
    <trkpt lat="8.608800016" lon="99.833074496"></trkpt>
    <trkpt lat="8.611684682" lon="99.830796822"></trkpt>
    <trkpt lat="8.612251035" lon="99.8319177"></trkpt>
    <trkpt lat="8.620142248" lon="99.831292662"></trkpt>
    <trkpt lat="8.620150657" lon="99.821267939"></trkpt>
    <trkpt lat="8.62110541" lon="99.81758351"></trkpt>
    <trkpt lat="8.62301589" lon="99.816447535"></trkpt>
    <trkpt lat="8.62336584" lon="99.811649727"></trkpt>
    <trkpt lat="8.61933674" lon="99.809666209"></trkpt>
    <trkpt lat="8.617761148" lon="99.803377411"></trkpt>
    <trkpt lat="8.622558012" lon="99.799288789"></trkpt>
    <trkpt lat="8.623463562" lon="99.797106039"></trkpt>
    <trkpt lat="8.620553803" lon="99.789780332"></trkpt>
    <trkpt lat="8.625309794" lon="99.786627844"></trkpt>
    <trkpt lat="8.627877593" lon="99.779639545"></trkpt>
    <trkpt lat="8.621185239" lon="99.778705902"></trkpt>
    <trkpt lat="8.621057776" lon="99.773180521"></trkpt>
    <trkpt lat="8.612493192" lon="99.760695861"></trkpt>
    <trkpt lat="8.614042349" lon="99.748835536"></trkpt>
    <trkpt lat="8.612754774" lon="99.745906883"></trkpt>
    <trkpt lat="8.612228897" lon="99.729421944"></trkpt>
    <trkpt lat="8.613389505" lon="99.726738733"></trkpt>
    <trkpt lat="8.612301239" lon="99.724422448"></trkpt>
    <trkpt lat="8.615020724" lon="99.716205402"></trkpt>
    <trkpt lat="8.605739192" lon="99.708993063"></trkpt>
    <trkpt lat="8.597355812" lon="99.709592695"></trkpt>
    <trkpt lat="8.588449035" lon="99.712847253"></trkpt>
    <trkpt lat="8.583341818" lon="99.708775647"></trkpt>
    <trkpt lat="8.576543811" lon="99.707933791"></trkpt>
    <trkpt lat="8.573930478" lon="99.71218583"></trkpt>
    <trkpt lat="8.561680091" lon="99.72017869"></trkpt>
    <trkpt lat="8.555838651" lon="99.720665231"></trkpt>
    <trkpt lat="8.55293622" lon="99.717414068"></trkpt>
    <trkpt lat="8.547896492" lon="99.717006255"></trkpt>
    <trkpt lat="8.546787056" lon="99.720111473"></trkpt>
    <trkpt lat="8.548100567" lon="99.732639194"></trkpt>
    <trkpt lat="8.546878155" lon="99.733832933"></trkpt>
    <trkpt lat="8.533412081" lon="99.739796865"></trkpt>
    <trkpt lat="8.531292307" lon="99.737942821"></trkpt>
    <trkpt lat="8.523014424" lon="99.737512"></trkpt>
    <trkpt lat="8.516765265" lon="99.742070562"></trkpt>
    <trkpt lat="8.51676438" lon="99.742037808"></trkpt>
    <trkpt lat="8.510782166" lon="99.740986538"></trkpt>
    <trkpt lat="8.505186983" lon="99.744911511"></trkpt>
    <trkpt lat="8.500395939" lon="99.740126401"></trkpt>
    <trkpt lat="8.498938511" lon="99.73632853"></trkpt>
    <trkpt lat="8.494215941" lon="99.733501409"></trkpt>
    <trkpt lat="8.493977066" lon="99.742064435"></trkpt>
    <trkpt lat="8.492138505" lon="99.743336904"></trkpt>
    <trkpt lat="8.489743767" lon="99.750847077"></trkpt>
    <trkpt lat="8.491943494" lon="99.754045875"></trkpt>
    <trkpt lat="8.492410548" lon="99.76194204"></trkpt>
    <trkpt lat="8.485579013" lon="99.773921346"></trkpt>
    <trkpt lat="8.474261288" lon="99.782296871"></trkpt>
    <trkpt lat="8.469947095" lon="99.789782921"></trkpt>
    <trkpt lat="8.469651885" lon="99.798212494"></trkpt>
    <trkpt lat="8.475913276" lon="99.799974168"></trkpt>
    <trkpt lat="8.484034372" lon="99.806216898"></trkpt>
    <trkpt lat="8.477701094" lon="99.811496558"></trkpt>
    <trkpt lat="8.477094783" lon="99.81376125"></trkpt>
    <trkpt lat="8.478462134" lon="99.817837278"></trkpt>
    <trkpt lat="8.482821463" lon="99.820828386"></trkpt>
    <trkpt lat="8.480571648" lon="99.823738165"></trkpt>
    <trkpt lat="8.483838478" lon="99.831644287"></trkpt>
    <trkpt lat="8.482581167" lon="99.833854131"></trkpt>
    <trkpt lat="8.487908119" lon="99.836823616"></trkpt>
    <trkpt lat="8.486594337" lon="99.842029738"></trkpt>
    <trkpt lat="8.489715962" lon="99.846632192"></trkpt>
    <trkpt lat="8.489715983" lon="99.846699424"></trkpt>
    <trkpt lat="8.491415951" lon="99.849017769"></trkpt>
    <trkpt lat="8.486670043" lon="99.858432778"></trkpt>
    <trkpt lat="8.486666576" lon="99.858470626"></trkpt>
    <trkpt lat="8.489121341" lon="99.861459728"></trkpt>
    <trkpt lat="8.4879606" lon="99.86427177"></trkpt>
    <trkpt lat="8.487984781" lon="99.864368237"></trkpt>
    <trkpt lat="8.48798707" lon="99.864418888"></trkpt>
    <trkpt lat="8.489871179" lon="99.870291206"></trkpt>
    <trkpt lat="8.492352976" lon="99.873282107"></trkpt>
    <trkpt lat="8.495001919" lon="99.873543929"></trkpt>
    <trkpt lat="8.490682361" lon="99.883723695"></trkpt>
    <trkpt lat="8.490682782" lon="99.883774944"></trkpt>
    <trkpt lat="8.491608158" lon="99.890114257"></trkpt>
    <trkpt lat="8.494542903" lon="99.892987018"></trkpt>
    <trkpt lat="8.498356919" lon="99.893914523"></trkpt>
    <trkpt lat="8.50029493" lon="99.897823197"></trkpt>
    <trkpt lat="8.500298439" lon="99.897874235"></trkpt>
    <trkpt lat="8.501013535" lon="99.898843599"></trkpt>
    <trkpt lat="8.501013592" lon="99.898913787"></trkpt>
    <trkpt lat="8.504581598" lon="99.899931341"></trkpt>
    <trkpt lat="8.505068307" lon="99.904000813"></trkpt>
    <trkpt lat="8.505064788" lon="99.904690837"></trkpt>
    <trkpt lat="8.504778681" lon="99.926535266"></trkpt>
    <trkpt lat="8.506047096" lon="99.926672543"></trkpt>
    <trkpt lat="8.506060121" lon="99.9286981"></trkpt>
    <trkpt lat="8.508425305" lon="99.929076161"></trkpt>
    <trkpt lat="8.507803786" lon="99.946742475"></trkpt>
    <trkpt lat="8.510810225" lon="99.949328608"></trkpt>
    <trkpt lat="8.512205217" lon="99.949739912"></trkpt>
    <trkpt lat="8.512209825" lon="99.949816987"></trkpt>
    <trkpt lat="8.514823643" lon="99.950909786"></trkpt>
    <trkpt lat="8.517921029" lon="99.943535695"></trkpt>
    <trkpt lat="8.525486023" lon="99.937642808"></trkpt>
    <trkpt lat="8.539512878" lon="99.932774877"></trkpt>
    <trkpt lat="8.543422305" lon="99.926304765"></trkpt>
    <trkpt lat="8.549474511" lon="99.910424393"></trkpt>
    <trkpt lat="8.547410446" lon="99.902992612"></trkpt>
  </trkseg>
</trk>
<trk>
  <name>อ.พิปูน</name>
  <desc>อ.พิปูน</desc>
  <trkseg>
    <trkpt lat="8.717735621" lon="99.52597127"></trkpt>
    <trkpt lat="8.71928752" lon="99.521880975"></trkpt>
    <trkpt lat="8.714499961" lon="99.509523321"></trkpt>
    <trkpt lat="8.712221645" lon="99.507009567"></trkpt>
    <trkpt lat="8.706569631" lon="99.507179459"></trkpt>
    <trkpt lat="8.696907734" lon="99.492030352"></trkpt>
    <trkpt lat="8.694151008" lon="99.496004958"></trkpt>
    <trkpt lat="8.685219481" lon="99.498529008"></trkpt>
    <trkpt lat="8.68091776" lon="99.492992817"></trkpt>
    <trkpt lat="8.675317895" lon="99.496227406"></trkpt>
    <trkpt lat="8.67197178" lon="99.496334725"></trkpt>
    <trkpt lat="8.670490801" lon="99.495256772"></trkpt>
    <trkpt lat="8.672193041" lon="99.492263071"></trkpt>
    <trkpt lat="8.670625086" lon="99.488442912"></trkpt>
    <trkpt lat="8.661567123" lon="99.483960728"></trkpt>
    <trkpt lat="8.657964057" lon="99.479149218"></trkpt>
    <trkpt lat="8.655137471" lon="99.478647884"></trkpt>
    <trkpt lat="8.650607282" lon="99.481739028"></trkpt>
    <trkpt lat="8.646736486" lon="99.478460056"></trkpt>
    <trkpt lat="8.644583907" lon="99.477656639"></trkpt>
    <trkpt lat="8.641152375" lon="99.479928511"></trkpt>
    <trkpt lat="8.638437959" lon="99.474179951"></trkpt>
    <trkpt lat="8.626403563" lon="99.475781484"></trkpt>
    <trkpt lat="8.618836331" lon="99.483197881"></trkpt>
    <trkpt lat="8.613275235" lon="99.494304199"></trkpt>
    <trkpt lat="8.605148051" lon="99.49591169"></trkpt>
    <trkpt lat="8.599027216" lon="99.501824996"></trkpt>
    <trkpt lat="8.588776022" lon="99.506018711"></trkpt>
    <trkpt lat="8.584309573" lon="99.511250731"></trkpt>
    <trkpt lat="8.575571859" lon="99.505753294"></trkpt>
    <trkpt lat="8.571444137" lon="99.505975967"></trkpt>
    <trkpt lat="8.56311722" lon="99.510544732"></trkpt>
    <trkpt lat="8.564707447" lon="99.515984095"></trkpt>
    <trkpt lat="8.560055443" lon="99.518127851"></trkpt>
    <trkpt lat="8.552369587" lon="99.519516799"></trkpt>
    <trkpt lat="8.538648192" lon="99.517688079"></trkpt>
    <trkpt lat="8.526204985" lon="99.521306593"></trkpt>
    <trkpt lat="8.512554182" lon="99.522382503"></trkpt>
    <trkpt lat="8.508672055" lon="99.524920073"></trkpt>
    <trkpt lat="8.499901285" lon="99.525614817"></trkpt>
    <trkpt lat="8.496782158" lon="99.532887009"></trkpt>
    <trkpt lat="8.498219583" lon="99.535282901"></trkpt>
    <trkpt lat="8.498998095" lon="99.546726063"></trkpt>
    <trkpt lat="8.504704393" lon="99.552530853"></trkpt>
    <trkpt lat="8.504437427" lon="99.5562645"></trkpt>
    <trkpt lat="8.498002564" lon="99.562373532"></trkpt>
    <trkpt lat="8.496758865" lon="99.566936202"></trkpt>
    <trkpt lat="8.497797529" lon="99.573415308"></trkpt>
    <trkpt lat="8.490539917" lon="99.575765501"></trkpt>
    <trkpt lat="8.484857351" lon="99.574670416"></trkpt>
    <trkpt lat="8.482203859" lon="99.578772434"></trkpt>
    <trkpt lat="8.485013821" lon="99.58245441"></trkpt>
    <trkpt lat="8.484116394" lon="99.587125829"></trkpt>
    <trkpt lat="8.499114646" lon="99.596131874"></trkpt>
    <trkpt lat="8.497694295" lon="99.608289539"></trkpt>
    <trkpt lat="8.49468763" lon="99.609861774"></trkpt>
    <trkpt lat="8.494515381" lon="99.613145139"></trkpt>
    <trkpt lat="8.496930352" lon="99.614465748"></trkpt>
    <trkpt lat="8.496934978" lon="99.614517761"></trkpt>
    <trkpt lat="8.498349549" lon="99.615933716"></trkpt>
    <trkpt lat="8.498866453" lon="99.62240738"></trkpt>
    <trkpt lat="8.504786232" lon="99.625133117"></trkpt>
    <trkpt lat="8.510099414" lon="99.634341834"></trkpt>
    <trkpt lat="8.517664182" lon="99.640071605"></trkpt>
    <trkpt lat="8.518825176" lon="99.642946796"></trkpt>
    <trkpt lat="8.516348517" lon="99.652888522"></trkpt>
    <trkpt lat="8.513006304" lon="99.655041876"></trkpt>
    <trkpt lat="8.509444889" lon="99.670513024"></trkpt>
    <trkpt lat="8.500623896" lon="99.67988001"></trkpt>
    <trkpt lat="8.493185172" lon="99.681443986"></trkpt>
    <trkpt lat="8.490382377" lon="99.683899553"></trkpt>
    <trkpt lat="8.483444268" lon="99.694203703"></trkpt>
    <trkpt lat="8.483164777" lon="99.701894781"></trkpt>
    <trkpt lat="8.487962304" lon="99.706721286"></trkpt>
    <trkpt lat="8.491498146" lon="99.715591128"></trkpt>
    <trkpt lat="8.490589212" lon="99.721870322"></trkpt>
    <trkpt lat="8.494138574" lon="99.728086349"></trkpt>
    <trkpt lat="8.494215941" lon="99.733501409"></trkpt>
    <trkpt lat="8.498938511" lon="99.73632853"></trkpt>
    <trkpt lat="8.500395939" lon="99.740126401"></trkpt>
    <trkpt lat="8.505186983" lon="99.744911511"></trkpt>
    <trkpt lat="8.510782166" lon="99.740986538"></trkpt>
    <trkpt lat="8.51676438" lon="99.742037808"></trkpt>
    <trkpt lat="8.516765265" lon="99.742070562"></trkpt>
    <trkpt lat="8.523014424" lon="99.737512"></trkpt>
    <trkpt lat="8.531292307" lon="99.737942821"></trkpt>
    <trkpt lat="8.533412081" lon="99.739796865"></trkpt>
    <trkpt lat="8.546878155" lon="99.733832933"></trkpt>
    <trkpt lat="8.548100567" lon="99.732639194"></trkpt>
    <trkpt lat="8.546787056" lon="99.720111473"></trkpt>
    <trkpt lat="8.547896492" lon="99.717006255"></trkpt>
    <trkpt lat="8.55293622" lon="99.717414068"></trkpt>
    <trkpt lat="8.555838651" lon="99.720665231"></trkpt>
    <trkpt lat="8.561680091" lon="99.72017869"></trkpt>
    <trkpt lat="8.573930478" lon="99.71218583"></trkpt>
    <trkpt lat="8.576543811" lon="99.707933791"></trkpt>
    <trkpt lat="8.583341818" lon="99.708775647"></trkpt>
    <trkpt lat="8.588449035" lon="99.712847253"></trkpt>
    <trkpt lat="8.597355812" lon="99.709592695"></trkpt>
    <trkpt lat="8.593205205" lon="99.702488607"></trkpt>
    <trkpt lat="8.594393567" lon="99.697087399"></trkpt>
    <trkpt lat="8.608929276" lon="99.689026106"></trkpt>
    <trkpt lat="8.617660117" lon="99.688349207"></trkpt>
    <trkpt lat="8.61883752" lon="99.683540569"></trkpt>
    <trkpt lat="8.615146368" lon="99.681957579"></trkpt>
    <trkpt lat="8.613403992" lon="99.67758966"></trkpt>
    <trkpt lat="8.616411907" lon="99.673186208"></trkpt>
    <trkpt lat="8.637760503" lon="99.67696444"></trkpt>
    <trkpt lat="8.643471206" lon="99.671918586"></trkpt>
    <trkpt lat="8.646419578" lon="99.672399779"></trkpt>
    <trkpt lat="8.649793162" lon="99.669293954"></trkpt>
    <trkpt lat="8.652632602" lon="99.675818469"></trkpt>
    <trkpt lat="8.657561943" lon="99.679993477"></trkpt>
    <trkpt lat="8.663714581" lon="99.67499317"></trkpt>
    <trkpt lat="8.666388528" lon="99.674233653"></trkpt>
    <trkpt lat="8.670631461" lon="99.675749459"></trkpt>
    <trkpt lat="8.675494838" lon="99.673736374"></trkpt>
    <trkpt lat="8.678288435" lon="99.67046416"></trkpt>
    <trkpt lat="8.678840318" lon="99.659945147"></trkpt>
    <trkpt lat="8.684154993" lon="99.65156122"></trkpt>
    <trkpt lat="8.682867997" lon="99.648744003"></trkpt>
    <trkpt lat="8.685461799" lon="99.645004594"></trkpt>
    <trkpt lat="8.683717664" lon="99.640002917"></trkpt>
    <trkpt lat="8.688590294" lon="99.636905097"></trkpt>
    <trkpt lat="8.691527206" lon="99.632715854"></trkpt>
    <trkpt lat="8.689908759" lon="99.63058446"></trkpt>
    <trkpt lat="8.690144952" lon="99.622660839"></trkpt>
    <trkpt lat="8.692000153" lon="99.621342263"></trkpt>
    <trkpt lat="8.692214081" lon="99.618444018"></trkpt>
    <trkpt lat="8.696482409" lon="99.617309587"></trkpt>
    <trkpt lat="8.70242533" lon="99.610025065"></trkpt>
    <trkpt lat="8.706401065" lon="99.608454483"></trkpt>
    <trkpt lat="8.705844533" lon="99.606031734"></trkpt>
    <trkpt lat="8.707579206" lon="99.604119565"></trkpt>
    <trkpt lat="8.706910374" lon="99.601820545"></trkpt>
    <trkpt lat="8.709322926" lon="99.595294876"></trkpt>
    <trkpt lat="8.705941924" lon="99.592817456"></trkpt>
    <trkpt lat="8.701586997" lon="99.581328506"></trkpt>
    <trkpt lat="8.703660708" lon="99.577718463"></trkpt>
    <trkpt lat="8.704513882" lon="99.567717719"></trkpt>
    <trkpt lat="8.709449236" lon="99.561840961"></trkpt>
    <trkpt lat="8.708692753" lon="99.55954875"></trkpt>
    <trkpt lat="8.711293173" lon="99.557374198"></trkpt>
    <trkpt lat="8.716867686" lon="99.557282297"></trkpt>
    <trkpt lat="8.717994601" lon="99.553308905"></trkpt>
    <trkpt lat="8.720913143" lon="99.55078416"></trkpt>
    <trkpt lat="8.719522863" lon="99.543904379"></trkpt>
    <trkpt lat="8.722640879" lon="99.537356147"></trkpt>
    <trkpt lat="8.721158129" lon="99.530745886"></trkpt>
    <trkpt lat="8.717735621" lon="99.52597127"></trkpt>
  </trkseg>
</trk>
<trk>
  <name>อ.ท่าศาลา</name>
  <desc>อ.ท่าศาลา</desc>
  <trkseg>
    <trkpt lat="8.593408239" lon="99.973863537"></trkpt>
    <trkpt lat="8.60193548" lon="99.966698642"></trkpt>
    <trkpt lat="8.605561304" lon="99.96540677"></trkpt>
    <trkpt lat="8.608108308" lon="99.961614647"></trkpt>
    <trkpt lat="8.633121775" lon="99.952194456"></trkpt>
    <trkpt lat="8.653694022" lon="99.949736656"></trkpt>
    <trkpt lat="8.661645788" lon="99.951731844"></trkpt>
    <trkpt lat="8.661744402" lon="99.950143073"></trkpt>
    <trkpt lat="8.663508776" lon="99.951771102"></trkpt>
    <trkpt lat="8.685010514" lon="99.946245937"></trkpt>
    <trkpt lat="8.718912031" lon="99.941181019"></trkpt>
    <trkpt lat="8.761939449" lon="99.936459416"></trkpt>
    <trkpt lat="8.789873627" lon="99.935377534"></trkpt>
    <trkpt lat="8.828335074" lon="99.926842241"></trkpt>
    <trkpt lat="8.870250901" lon="99.920806282"></trkpt>
    <trkpt lat="8.867850978" lon="99.918865522"></trkpt>
    <trkpt lat="8.869022411" lon="99.914284779"></trkpt>
    <trkpt lat="8.865225788" lon="99.914980622"></trkpt>
    <trkpt lat="8.864052549" lon="99.910476367"></trkpt>
    <trkpt lat="8.861235712" lon="99.910881604"></trkpt>
    <trkpt lat="8.858313274" lon="99.908889726"></trkpt>
    <trkpt lat="8.85391318" lon="99.909526537"></trkpt>
    <trkpt lat="8.849488339" lon="99.904825863"></trkpt>
    <trkpt lat="8.842956471" lon="99.904416199"></trkpt>
    <trkpt lat="8.841624975" lon="99.902107545"></trkpt>
    <trkpt lat="8.840371842" lon="99.903446959"></trkpt>
    <trkpt lat="8.838134455" lon="99.902110143"></trkpt>
    <trkpt lat="8.837476608" lon="99.903726605"></trkpt>
    <trkpt lat="8.833321885" lon="99.902933683"></trkpt>
    <trkpt lat="8.827750923" lon="99.896285396"></trkpt>
    <trkpt lat="8.826048007" lon="99.888626173"></trkpt>
    <trkpt lat="8.821683412" lon="99.885553519"></trkpt>
    <trkpt lat="8.820888328" lon="99.883024235"></trkpt>
    <trkpt lat="8.81898581" lon="99.883034889"></trkpt>
    <trkpt lat="8.817820927" lon="99.873939753"></trkpt>
    <trkpt lat="8.818157888" lon="99.871008348"></trkpt>
    <trkpt lat="8.820747136" lon="99.870814802"></trkpt>
    <trkpt lat="8.819018276" lon="99.865145785"></trkpt>
    <trkpt lat="8.820377853" lon="99.864646879"></trkpt>
    <trkpt lat="8.81682559" lon="99.852168569"></trkpt>
    <trkpt lat="8.820135316" lon="99.846151837"></trkpt>
    <trkpt lat="8.820944262" lon="99.837395517"></trkpt>
    <trkpt lat="8.817933911" lon="99.834857139"></trkpt>
    <trkpt lat="8.818918988" lon="99.830818138"></trkpt>
    <trkpt lat="8.817179029" lon="99.829525253"></trkpt>
    <trkpt lat="8.816565328" lon="99.822891254"></trkpt>
    <trkpt lat="8.808849744" lon="99.821795813"></trkpt>
    <trkpt lat="8.808958781" lon="99.818141305"></trkpt>
    <trkpt lat="8.811436665" lon="99.814911883"></trkpt>
    <trkpt lat="8.806083743" lon="99.804070939"></trkpt>
    <trkpt lat="8.80790257" lon="99.800221002"></trkpt>
    <trkpt lat="8.807664446" lon="99.796429535"></trkpt>
    <trkpt lat="8.820928189" lon="99.787720231"></trkpt>
    <trkpt lat="8.818730191" lon="99.769248926"></trkpt>
    <trkpt lat="8.816020565" lon="99.768747842"></trkpt>
    <trkpt lat="8.815823089" lon="99.763784379"></trkpt>
    <trkpt lat="8.811566212" lon="99.758224803"></trkpt>
    <trkpt lat="8.802681635" lon="99.76432823"></trkpt>
    <trkpt lat="8.798436838" lon="99.769501488"></trkpt>
    <trkpt lat="8.790354992" lon="99.770158613"></trkpt>
    <trkpt lat="8.787263486" lon="99.768574553"></trkpt>
    <trkpt lat="8.778331196" lon="99.77349902"></trkpt>
    <trkpt lat="8.773318166" lon="99.777044297"></trkpt>
    <trkpt lat="8.771628954" lon="99.78066785"></trkpt>
    <trkpt lat="8.76471824" lon="99.781708985"></trkpt>
    <trkpt lat="8.763568337" lon="99.784151026"></trkpt>
    <trkpt lat="8.755071843" lon="99.788402967"></trkpt>
    <trkpt lat="8.755033052" lon="99.791855184"></trkpt>
    <trkpt lat="8.75005791" lon="99.792328777"></trkpt>
    <trkpt lat="8.738492287" lon="99.799150387"></trkpt>
    <trkpt lat="8.735954486" lon="99.802154612"></trkpt>
    <trkpt lat="8.735954018" lon="99.802216965"></trkpt>
    <trkpt lat="8.729467322" lon="99.807118762"></trkpt>
    <trkpt lat="8.728753876" lon="99.799743883"></trkpt>
    <trkpt lat="8.724261998" lon="99.794502693"></trkpt>
    <trkpt lat="8.718268592" lon="99.797259871"></trkpt>
    <trkpt lat="8.714451563" lon="99.795834862"></trkpt>
    <trkpt lat="8.709687815" lon="99.800735671"></trkpt>
    <trkpt lat="8.70594837" lon="99.819423274"></trkpt>
    <trkpt lat="8.722946218" lon="99.823336002"></trkpt>
    <trkpt lat="8.723170914" lon="99.828707914"></trkpt>
    <trkpt lat="8.717153016" lon="99.845706076"></trkpt>
    <trkpt lat="8.713955431" lon="99.844963056"></trkpt>
    <trkpt lat="8.702922478" lon="99.84967942"></trkpt>
    <trkpt lat="8.692678768" lon="99.850922958"></trkpt>
    <trkpt lat="8.692203131" lon="99.852223052"></trkpt>
    <trkpt lat="8.679455357" lon="99.850994625"></trkpt>
    <trkpt lat="8.67945399" lon="99.850953347"></trkpt>
    <trkpt lat="8.672593965" lon="99.848962803"></trkpt>
    <trkpt lat="8.671795986" lon="99.850274906"></trkpt>
    <trkpt lat="8.660736812" lon="99.851357619"></trkpt>
    <trkpt lat="8.655047508" lon="99.84859499"></trkpt>
    <trkpt lat="8.642825015" lon="99.848219963"></trkpt>
    <trkpt lat="8.641783408" lon="99.850924087"></trkpt>
    <trkpt lat="8.641784986" lon="99.850959468"></trkpt>
    <trkpt lat="8.639214999" lon="99.854272251"></trkpt>
    <trkpt lat="8.639214303" lon="99.854305338"></trkpt>
    <trkpt lat="8.635680988" lon="99.857732057"></trkpt>
    <trkpt lat="8.635683064" lon="99.857790891"></trkpt>
    <trkpt lat="8.633232638" lon="99.860975227"></trkpt>
    <trkpt lat="8.622244969" lon="99.863183334"></trkpt>
    <trkpt lat="8.622536502" lon="99.858127684"></trkpt>
    <trkpt lat="8.622536067" lon="99.858074389"></trkpt>
    <trkpt lat="8.622956619" lon="99.850180265"></trkpt>
    <trkpt lat="8.622955196" lon="99.85014011"></trkpt>
    <trkpt lat="8.620183086" lon="99.84009696"></trkpt>
    <trkpt lat="8.619902158" lon="99.836485914"></trkpt>
    <trkpt lat="8.621343889" lon="99.834665449"></trkpt>
    <trkpt lat="8.620142248" lon="99.831292662"></trkpt>
    <trkpt lat="8.612251035" lon="99.8319177"></trkpt>
    <trkpt lat="8.611684682" lon="99.830796822"></trkpt>
    <trkpt lat="8.608800016" lon="99.833074496"></trkpt>
    <trkpt lat="8.603069333" lon="99.833447387"></trkpt>
    <trkpt lat="8.602262224" lon="99.836246184"></trkpt>
    <trkpt lat="8.599150706" lon="99.836107276"></trkpt>
    <trkpt lat="8.599883148" lon="99.833455105"></trkpt>
    <trkpt lat="8.598023227" lon="99.8330946"></trkpt>
    <trkpt lat="8.598211416" lon="99.830810029"></trkpt>
    <trkpt lat="8.595930635" lon="99.83168553"></trkpt>
    <trkpt lat="8.593720679" lon="99.82610992"></trkpt>
    <trkpt lat="8.592388631" lon="99.829034849"></trkpt>
    <trkpt lat="8.584760138" lon="99.830316815"></trkpt>
    <trkpt lat="8.580445577" lon="99.833267567"></trkpt>
    <trkpt lat="8.568943762" lon="99.833412024"></trkpt>
    <trkpt lat="8.56868984" lon="99.839117725"></trkpt>
    <trkpt lat="8.566142142" lon="99.841795603"></trkpt>
    <trkpt lat="8.567042918" lon="99.843973946"></trkpt>
    <trkpt lat="8.567044442" lon="99.844016699"></trkpt>
    <trkpt lat="8.565838811" lon="99.846614694"></trkpt>
    <trkpt lat="8.567061273" lon="99.847720822"></trkpt>
    <trkpt lat="8.564146766" lon="99.847969052"></trkpt>
    <trkpt lat="8.564570399" lon="99.849996443"></trkpt>
    <trkpt lat="8.562058136" lon="99.849354131"></trkpt>
    <trkpt lat="8.56205862" lon="99.849413623"></trkpt>
    <trkpt lat="8.556891518" lon="99.849627739"></trkpt>
    <trkpt lat="8.553808" lon="99.852227043"></trkpt>
    <trkpt lat="8.554837304" lon="99.856068078"></trkpt>
    <trkpt lat="8.552409291" lon="99.858007056"></trkpt>
    <trkpt lat="8.551858157" lon="99.855347774"></trkpt>
    <trkpt lat="8.550366769" lon="99.85541174"></trkpt>
    <trkpt lat="8.550702129" lon="99.856920053"></trkpt>
    <trkpt lat="8.550703539" lon="99.856963752"></trkpt>
    <trkpt lat="8.545676191" lon="99.864752473"></trkpt>
    <trkpt lat="8.545678166" lon="99.864806444"></trkpt>
    <trkpt lat="8.545284149" lon="99.881449012"></trkpt>
    <trkpt lat="8.54690303" lon="99.888631007"></trkpt>
    <trkpt lat="8.546907114" lon="99.888674469"></trkpt>
    <trkpt lat="8.545267337" lon="99.893052466"></trkpt>
    <trkpt lat="8.54526859" lon="99.893114148"></trkpt>
    <trkpt lat="8.54437029" lon="99.898406325"></trkpt>
    <trkpt lat="8.542983583" lon="99.899028956"></trkpt>
    <trkpt lat="8.547410446" lon="99.902992612"></trkpt>
    <trkpt lat="8.549474511" lon="99.910424393"></trkpt>
    <trkpt lat="8.543422305" lon="99.926304765"></trkpt>
    <trkpt lat="8.546738613" lon="99.928101461"></trkpt>
    <trkpt lat="8.555322505" lon="99.928446854"></trkpt>
    <trkpt lat="8.561090315" lon="99.936258135"></trkpt>
    <trkpt lat="8.566841554" lon="99.932394766"></trkpt>
    <trkpt lat="8.569716728" lon="99.932978926"></trkpt>
    <trkpt lat="8.572207674" lon="99.935516422"></trkpt>
    <trkpt lat="8.573515019" lon="99.940852101"></trkpt>
    <trkpt lat="8.576234427" lon="99.942056014"></trkpt>
    <trkpt lat="8.576237655" lon="99.942199026"></trkpt>
    <trkpt lat="8.57637437" lon="99.943957992"></trkpt>
    <trkpt lat="8.581993476" lon="99.944498371"></trkpt>
    <trkpt lat="8.58545742" lon="99.943214675"></trkpt>
    <trkpt lat="8.58512481" lon="99.940379701"></trkpt>
    <trkpt lat="8.586756281" lon="99.93943273"></trkpt>
    <trkpt lat="8.591629795" lon="99.943272553"></trkpt>
    <trkpt lat="8.594674226" lon="99.937886579"></trkpt>
    <trkpt lat="8.603281284" lon="99.940159447"></trkpt>
    <trkpt lat="8.60166066" lon="99.941678829"></trkpt>
    <trkpt lat="8.599323131" lon="99.940464415"></trkpt>
    <trkpt lat="8.597049096" lon="99.941865902"></trkpt>
    <trkpt lat="8.597265122" lon="99.943845015"></trkpt>
    <trkpt lat="8.600069335" lon="99.944434382"></trkpt>
    <trkpt lat="8.600588055" lon="99.946282679"></trkpt>
    <trkpt lat="8.59902225" lon="99.948642044"></trkpt>
    <trkpt lat="8.59678762" lon="99.948530112"></trkpt>
    <trkpt lat="8.598409387" lon="99.952734487"></trkpt>
    <trkpt lat="8.594680291" lon="99.954176827"></trkpt>
    <trkpt lat="8.595174216" lon="99.960332867"></trkpt>
    <trkpt lat="8.591516664" lon="99.958922867"></trkpt>
    <trkpt lat="8.589266036" lon="99.961867303"></trkpt>
    <trkpt lat="8.587228402" lon="99.961184349"></trkpt>
    <trkpt lat="8.577492595" lon="99.965300033"></trkpt>
    <trkpt lat="8.580709791" lon="99.976169215"></trkpt>
    <trkpt lat="8.586916098" lon="99.978095681"></trkpt>
    <trkpt lat="8.589129278" lon="99.971265556"></trkpt>
    <trkpt lat="8.593408239" lon="99.973863537"></trkpt>
  </trkseg>
</trk>
<trk>
  <name>อ.นพพิตำ</name>
  <desc>อ.นพพิตำ</desc>
  <trkseg>
    <trkpt lat="8.679455357" lon="99.850994625"></trkpt>
    <trkpt lat="8.692203131" lon="99.852223052"></trkpt>
    <trkpt lat="8.692678768" lon="99.850922958"></trkpt>
    <trkpt lat="8.702922478" lon="99.84967942"></trkpt>
    <trkpt lat="8.713955431" lon="99.844963056"></trkpt>
    <trkpt lat="8.717153016" lon="99.845706076"></trkpt>
    <trkpt lat="8.723170914" lon="99.828707914"></trkpt>
    <trkpt lat="8.722946218" lon="99.823336002"></trkpt>
    <trkpt lat="8.70594837" lon="99.819423274"></trkpt>
    <trkpt lat="8.709687815" lon="99.800735671"></trkpt>
    <trkpt lat="8.714451563" lon="99.795834862"></trkpt>
    <trkpt lat="8.718268592" lon="99.797259871"></trkpt>
    <trkpt lat="8.724261998" lon="99.794502693"></trkpt>
    <trkpt lat="8.728753876" lon="99.799743883"></trkpt>
    <trkpt lat="8.729467322" lon="99.807118762"></trkpt>
    <trkpt lat="8.735954018" lon="99.802216965"></trkpt>
    <trkpt lat="8.735954486" lon="99.802154612"></trkpt>
    <trkpt lat="8.738492287" lon="99.799150387"></trkpt>
    <trkpt lat="8.75005791" lon="99.792328777"></trkpt>
    <trkpt lat="8.755033052" lon="99.791855184"></trkpt>
    <trkpt lat="8.755071843" lon="99.788402967"></trkpt>
    <trkpt lat="8.763568337" lon="99.784151026"></trkpt>
    <trkpt lat="8.76471824" lon="99.781708985"></trkpt>
    <trkpt lat="8.771628954" lon="99.78066785"></trkpt>
    <trkpt lat="8.773318166" lon="99.777044297"></trkpt>
    <trkpt lat="8.778331196" lon="99.77349902"></trkpt>
    <trkpt lat="8.787263486" lon="99.768574553"></trkpt>
    <trkpt lat="8.790354992" lon="99.770158613"></trkpt>
    <trkpt lat="8.798436838" lon="99.769501488"></trkpt>
    <trkpt lat="8.802681635" lon="99.76432823"></trkpt>
    <trkpt lat="8.811566212" lon="99.758224803"></trkpt>
    <trkpt lat="8.810849367" lon="99.754258873"></trkpt>
    <trkpt lat="8.816451497" lon="99.751728229"></trkpt>
    <trkpt lat="8.818624778" lon="99.74867607"></trkpt>
    <trkpt lat="8.818042902" lon="99.732471349"></trkpt>
    <trkpt lat="8.824890144" lon="99.724405675"></trkpt>
    <trkpt lat="8.825166397" lon="99.720860228"></trkpt>
    <trkpt lat="8.837525817" lon="99.712729521"></trkpt>
    <trkpt lat="8.840128345" lon="99.707799685"></trkpt>
    <trkpt lat="8.839420016" lon="99.703169569"></trkpt>
    <trkpt lat="8.841891041" lon="99.698132057"></trkpt>
    <trkpt lat="8.846973597" lon="99.6964147"></trkpt>
    <trkpt lat="8.844574697" lon="99.692319135"></trkpt>
    <trkpt lat="8.844975068" lon="99.689383187"></trkpt>
    <trkpt lat="8.852086127" lon="99.687310441"></trkpt>
    <trkpt lat="8.85510736" lon="99.681663765"></trkpt>
    <trkpt lat="8.857909376" lon="99.680990537"></trkpt>
    <trkpt lat="8.863561745" lon="99.683962707"></trkpt>
    <trkpt lat="8.873830663" lon="99.685040268"></trkpt>
    <trkpt lat="8.872511689" lon="99.677310575"></trkpt>
    <trkpt lat="8.875416246" lon="99.676398333"></trkpt>
    <trkpt lat="8.889554123" lon="99.675452354"></trkpt>
    <trkpt lat="8.89658845" lon="99.678840997"></trkpt>
    <trkpt lat="8.900504683" lon="99.66912765"></trkpt>
    <trkpt lat="8.903937639" lon="99.665958218"></trkpt>
    <trkpt lat="8.905907237" lon="99.660907162"></trkpt>
    <trkpt lat="8.911492595" lon="99.659708291"></trkpt>
    <trkpt lat="8.911712235" lon="99.654891079"></trkpt>
    <trkpt lat="8.915515786" lon="99.653469855"></trkpt>
    <trkpt lat="8.916183555" lon="99.648927432"></trkpt>
    <trkpt lat="8.919419161" lon="99.647510548"></trkpt>
    <trkpt lat="8.920017379" lon="99.642189023"></trkpt>
    <trkpt lat="8.927764226" lon="99.641892755"></trkpt>
    <trkpt lat="8.922066771" lon="99.632885109"></trkpt>
    <trkpt lat="8.921951213" lon="99.636798268"></trkpt>
    <trkpt lat="8.916710791" lon="99.638712013"></trkpt>
    <trkpt lat="8.91696361" lon="99.634615818"></trkpt>
    <trkpt lat="8.912715922" lon="99.63097336"></trkpt>
    <trkpt lat="8.914669599" lon="99.627472594"></trkpt>
    <trkpt lat="8.911845222" lon="99.625890751"></trkpt>
    <trkpt lat="8.91377838" lon="99.620708291"></trkpt>
    <trkpt lat="8.917251828" lon="99.619452153"></trkpt>
    <trkpt lat="8.918128322" lon="99.616975173"></trkpt>
    <trkpt lat="8.921567494" lon="99.61678511"></trkpt>
    <trkpt lat="8.923969036" lon="99.618586745"></trkpt>
    <trkpt lat="8.926220754" lon="99.616889672"></trkpt>
    <trkpt lat="8.927901406" lon="99.614015857"></trkpt>
    <trkpt lat="8.927835605" lon="99.606491337"></trkpt>
    <trkpt lat="8.927835654" lon="99.606439876"></trkpt>
    <trkpt lat="8.927692475" lon="99.603208401"></trkpt>
    <trkpt lat="8.924618597" lon="99.600960181"></trkpt>
    <trkpt lat="8.923969422" lon="99.598314407"></trkpt>
    <trkpt lat="8.923969206" lon="99.598273276"></trkpt>
    <trkpt lat="8.925417909" lon="99.595865045"></trkpt>
    <trkpt lat="8.9226883" lon="99.593309488"></trkpt>
    <trkpt lat="8.919969614" lon="99.593375944"></trkpt>
    <trkpt lat="8.919598829" lon="99.587590576"></trkpt>
    <trkpt lat="8.917928657" lon="99.584912918"></trkpt>
    <trkpt lat="8.917902538" lon="99.582300716"></trkpt>
    <trkpt lat="8.915746344" lon="99.58263902"></trkpt>
    <trkpt lat="8.915064847" lon="99.580448819"></trkpt>
    <trkpt lat="8.913327207" lon="99.581364431"></trkpt>
    <trkpt lat="8.911380771" lon="99.579983831"></trkpt>
    <trkpt lat="8.910746815" lon="99.575872341"></trkpt>
    <trkpt lat="8.904913649" lon="99.575207599"></trkpt>
    <trkpt lat="8.896945571" lon="99.575275334"></trkpt>
    <trkpt lat="8.891252216" lon="99.573836362"></trkpt>
    <trkpt lat="8.887921232" lon="99.56896648"></trkpt>
    <trkpt lat="8.885389695" lon="99.568105945"></trkpt>
    <trkpt lat="8.882235786" lon="99.5641452"></trkpt>
    <trkpt lat="8.88031693" lon="99.562040159"></trkpt>
    <trkpt lat="8.878931595" lon="99.559163801"></trkpt>
    <trkpt lat="8.877919234" lon="99.557949316"></trkpt>
    <trkpt lat="8.876407492" lon="99.55713756"></trkpt>
    <trkpt lat="8.874926004" lon="99.55598267"></trkpt>
    <trkpt lat="8.871409853" lon="99.555751396"></trkpt>
    <trkpt lat="8.867634195" lon="99.557143649"></trkpt>
    <trkpt lat="8.86472157" lon="99.556754101"></trkpt>
    <trkpt lat="8.860733495" lon="99.559477359"></trkpt>
    <trkpt lat="8.85065858" lon="99.559367932"></trkpt>
    <trkpt lat="8.847731863" lon="99.545321521"></trkpt>
    <trkpt lat="8.851682096" lon="99.540547024"></trkpt>
    <trkpt lat="8.850774209" lon="99.535238102"></trkpt>
    <trkpt lat="8.848868945" lon="99.529884845"></trkpt>
    <trkpt lat="8.844243222" lon="99.521188597"></trkpt>
    <trkpt lat="8.836760375" lon="99.519055076"></trkpt>
    <trkpt lat="8.83475207" lon="99.51542682"></trkpt>
    <trkpt lat="8.828786666" lon="99.519611946"></trkpt>
    <trkpt lat="8.825719518" lon="99.519803926"></trkpt>
    <trkpt lat="8.823238849" lon="99.521950565"></trkpt>
    <trkpt lat="8.818410754" lon="99.524830616"></trkpt>
    <trkpt lat="8.815766997" lon="99.524030757"></trkpt>
    <trkpt lat="8.809031516" lon="99.527068574"></trkpt>
    <trkpt lat="8.793266603" lon="99.522129793"></trkpt>
    <trkpt lat="8.776868624" lon="99.523632316"></trkpt>
    <trkpt lat="8.767723463" lon="99.52255174"></trkpt>
    <trkpt lat="8.762234729" lon="99.523400391"></trkpt>
    <trkpt lat="8.75930098" lon="99.530749193"></trkpt>
    <trkpt lat="8.747926907" lon="99.52972924"></trkpt>
    <trkpt lat="8.743830604" lon="99.526859931"></trkpt>
    <trkpt lat="8.730312337" lon="99.524529635"></trkpt>
    <trkpt lat="8.72720277" lon="99.525849176"></trkpt>
    <trkpt lat="8.719671608" lon="99.52135277"></trkpt>
    <trkpt lat="8.717735621" lon="99.52597127"></trkpt>
    <trkpt lat="8.721158129" lon="99.530745886"></trkpt>
    <trkpt lat="8.722640879" lon="99.537356147"></trkpt>
    <trkpt lat="8.719522863" lon="99.543904379"></trkpt>
    <trkpt lat="8.720913143" lon="99.55078416"></trkpt>
    <trkpt lat="8.717994601" lon="99.553308905"></trkpt>
    <trkpt lat="8.716867686" lon="99.557282297"></trkpt>
    <trkpt lat="8.711293173" lon="99.557374198"></trkpt>
    <trkpt lat="8.708692753" lon="99.55954875"></trkpt>
    <trkpt lat="8.709449236" lon="99.561840961"></trkpt>
    <trkpt lat="8.704513882" lon="99.567717719"></trkpt>
    <trkpt lat="8.703660708" lon="99.577718463"></trkpt>
    <trkpt lat="8.701586997" lon="99.581328506"></trkpt>
    <trkpt lat="8.705941924" lon="99.592817456"></trkpt>
    <trkpt lat="8.709322926" lon="99.595294876"></trkpt>
    <trkpt lat="8.706910374" lon="99.601820545"></trkpt>
    <trkpt lat="8.707579206" lon="99.604119565"></trkpt>
    <trkpt lat="8.705844533" lon="99.606031734"></trkpt>
    <trkpt lat="8.706401065" lon="99.608454483"></trkpt>
    <trkpt lat="8.70242533" lon="99.610025065"></trkpt>
    <trkpt lat="8.696482409" lon="99.617309587"></trkpt>
    <trkpt lat="8.692214081" lon="99.618444018"></trkpt>
    <trkpt lat="8.692000153" lon="99.621342263"></trkpt>
    <trkpt lat="8.690144952" lon="99.622660839"></trkpt>
    <trkpt lat="8.689908759" lon="99.63058446"></trkpt>
    <trkpt lat="8.691527206" lon="99.632715854"></trkpt>
    <trkpt lat="8.688590294" lon="99.636905097"></trkpt>
    <trkpt lat="8.683717664" lon="99.640002917"></trkpt>
    <trkpt lat="8.685461799" lon="99.645004594"></trkpt>
    <trkpt lat="8.682867997" lon="99.648744003"></trkpt>
    <trkpt lat="8.684154993" lon="99.65156122"></trkpt>
    <trkpt lat="8.678840318" lon="99.659945147"></trkpt>
    <trkpt lat="8.678288435" lon="99.67046416"></trkpt>
    <trkpt lat="8.675494838" lon="99.673736374"></trkpt>
    <trkpt lat="8.670631461" lon="99.675749459"></trkpt>
    <trkpt lat="8.666388528" lon="99.674233653"></trkpt>
    <trkpt lat="8.663714581" lon="99.67499317"></trkpt>
    <trkpt lat="8.657561943" lon="99.679993477"></trkpt>
    <trkpt lat="8.652632602" lon="99.675818469"></trkpt>
    <trkpt lat="8.649793162" lon="99.669293954"></trkpt>
    <trkpt lat="8.646419578" lon="99.672399779"></trkpt>
    <trkpt lat="8.643471206" lon="99.671918586"></trkpt>
    <trkpt lat="8.637760503" lon="99.67696444"></trkpt>
    <trkpt lat="8.616411907" lon="99.673186208"></trkpt>
    <trkpt lat="8.613403992" lon="99.67758966"></trkpt>
    <trkpt lat="8.615146368" lon="99.681957579"></trkpt>
    <trkpt lat="8.61883752" lon="99.683540569"></trkpt>
    <trkpt lat="8.617660117" lon="99.688349207"></trkpt>
    <trkpt lat="8.608929276" lon="99.689026106"></trkpt>
    <trkpt lat="8.594393567" lon="99.697087399"></trkpt>
    <trkpt lat="8.593205205" lon="99.702488607"></trkpt>
    <trkpt lat="8.597355812" lon="99.709592695"></trkpt>
    <trkpt lat="8.605739192" lon="99.708993063"></trkpt>
    <trkpt lat="8.615020724" lon="99.716205402"></trkpt>
    <trkpt lat="8.612301239" lon="99.724422448"></trkpt>
    <trkpt lat="8.613389505" lon="99.726738733"></trkpt>
    <trkpt lat="8.612228897" lon="99.729421944"></trkpt>
    <trkpt lat="8.612754774" lon="99.745906883"></trkpt>
    <trkpt lat="8.614042349" lon="99.748835536"></trkpt>
    <trkpt lat="8.612493192" lon="99.760695861"></trkpt>
    <trkpt lat="8.621057776" lon="99.773180521"></trkpt>
    <trkpt lat="8.621185239" lon="99.778705902"></trkpt>
    <trkpt lat="8.627877593" lon="99.779639545"></trkpt>
    <trkpt lat="8.625309794" lon="99.786627844"></trkpt>
    <trkpt lat="8.620553803" lon="99.789780332"></trkpt>
    <trkpt lat="8.623463562" lon="99.797106039"></trkpt>
    <trkpt lat="8.622558012" lon="99.799288789"></trkpt>
    <trkpt lat="8.617761148" lon="99.803377411"></trkpt>
    <trkpt lat="8.61933674" lon="99.809666209"></trkpt>
    <trkpt lat="8.62336584" lon="99.811649727"></trkpt>
    <trkpt lat="8.62301589" lon="99.816447535"></trkpt>
    <trkpt lat="8.62110541" lon="99.81758351"></trkpt>
    <trkpt lat="8.620150657" lon="99.821267939"></trkpt>
    <trkpt lat="8.620142248" lon="99.831292662"></trkpt>
    <trkpt lat="8.621343889" lon="99.834665449"></trkpt>
    <trkpt lat="8.619902158" lon="99.836485914"></trkpt>
    <trkpt lat="8.620183086" lon="99.84009696"></trkpt>
    <trkpt lat="8.622955196" lon="99.85014011"></trkpt>
    <trkpt lat="8.622956619" lon="99.850180265"></trkpt>
    <trkpt lat="8.622536067" lon="99.858074389"></trkpt>
    <trkpt lat="8.622536502" lon="99.858127684"></trkpt>
    <trkpt lat="8.622244969" lon="99.863183334"></trkpt>
    <trkpt lat="8.633232638" lon="99.860975227"></trkpt>
    <trkpt lat="8.635683064" lon="99.857790891"></trkpt>
    <trkpt lat="8.635680988" lon="99.857732057"></trkpt>
    <trkpt lat="8.639214303" lon="99.854305338"></trkpt>
    <trkpt lat="8.639214999" lon="99.854272251"></trkpt>
    <trkpt lat="8.641784986" lon="99.850959468"></trkpt>
    <trkpt lat="8.641783408" lon="99.850924087"></trkpt>
    <trkpt lat="8.642825015" lon="99.848219963"></trkpt>
    <trkpt lat="8.655047508" lon="99.84859499"></trkpt>
    <trkpt lat="8.660736812" lon="99.851357619"></trkpt>
    <trkpt lat="8.671795986" lon="99.850274906"></trkpt>
    <trkpt lat="8.672593965" lon="99.848962803"></trkpt>
    <trkpt lat="8.67945399" lon="99.850953347"></trkpt>
    <trkpt lat="8.679455357" lon="99.850994625"></trkpt>
  </trkseg>
</trk>
<trk>
  <name>อ.สิชล</name>
  <desc>อ.สิชล</desc>
  <trkseg>
    <trkpt lat="9.084147844" lon="99.913149844"></trkpt>
    <trkpt lat="9.0888586" lon="99.910421056"></trkpt>
    <trkpt lat="9.089935196" lon="99.909447728"></trkpt>
    <trkpt lat="9.09197296" lon="99.906725566"></trkpt>
    <trkpt lat="9.090434873" lon="99.904824084"></trkpt>
    <trkpt lat="9.09125143" lon="99.894764193"></trkpt>
    <trkpt lat="9.086866884" lon="99.88218154"></trkpt>
    <trkpt lat="9.093404632" lon="99.875537595"></trkpt>
    <trkpt lat="9.097631267" lon="99.874618111"></trkpt>
    <trkpt lat="9.094153177" lon="99.873049019"></trkpt>
    <trkpt lat="9.091981446" lon="99.868648359"></trkpt>
    <trkpt lat="9.089238434" lon="99.866849924"></trkpt>
    <trkpt lat="9.089346582" lon="99.861651489"></trkpt>
    <trkpt lat="9.093095698" lon="99.861673665"></trkpt>
    <trkpt lat="9.094930022" lon="99.858224688"></trkpt>
    <trkpt lat="9.100713388" lon="99.855500497"></trkpt>
    <trkpt lat="9.103174629" lon="99.851514537"></trkpt>
    <trkpt lat="9.117630662" lon="99.848165533"></trkpt>
    <trkpt lat="9.121009937" lon="99.843342101"></trkpt>
    <trkpt lat="9.124129388" lon="99.83273187"></trkpt>
    <trkpt lat="9.118499603" lon="99.823009612"></trkpt>
    <trkpt lat="9.118346926" lon="99.819012443"></trkpt>
    <trkpt lat="9.121209589" lon="99.81566124"></trkpt>
    <trkpt lat="9.114043355" lon="99.815981736"></trkpt>
    <trkpt lat="9.109483629" lon="99.812569128"></trkpt>
    <trkpt lat="9.105051111" lon="99.812057002"></trkpt>
    <trkpt lat="9.09958813" lon="99.808897661"></trkpt>
    <trkpt lat="9.095861858" lon="99.814432123"></trkpt>
    <trkpt lat="9.090796438" lon="99.817340262"></trkpt>
    <trkpt lat="9.087033641" lon="99.8074662"></trkpt>
    <trkpt lat="9.0848729" lon="99.809414524"></trkpt>
    <trkpt lat="9.081772368" lon="99.808294301"></trkpt>
    <trkpt lat="9.086817145" lon="99.800258141"></trkpt>
    <trkpt lat="9.093797426" lon="99.800345795"></trkpt>
    <trkpt lat="9.0885276" lon="99.785361258"></trkpt>
    <trkpt lat="9.09656098" lon="99.779148822"></trkpt>
    <trkpt lat="9.094976612" lon="99.773486311"></trkpt>
    <trkpt lat="9.093391136" lon="99.77307758"></trkpt>
    <trkpt lat="9.09016593" lon="99.775071689"></trkpt>
    <trkpt lat="9.087084548" lon="99.778291295"></trkpt>
    <trkpt lat="9.082054792" lon="99.779007946"></trkpt>
    <trkpt lat="9.076985634" lon="99.779408668"></trkpt>
    <trkpt lat="9.071455302" lon="99.777064432"></trkpt>
    <trkpt lat="9.066090517" lon="99.773746133"></trkpt>
    <trkpt lat="9.063424481" lon="99.771050538"></trkpt>
    <trkpt lat="9.060621183" lon="99.771775704"></trkpt>
    <trkpt lat="9.052221697" lon="99.766558256"></trkpt>
    <trkpt lat="9.054349364" lon="99.759031554"></trkpt>
    <trkpt lat="9.0599984" lon="99.759089062"></trkpt>
    <trkpt lat="9.062679191" lon="99.745288552"></trkpt>
    <trkpt lat="9.057266767" lon="99.740830722"></trkpt>
    <trkpt lat="9.046162804" lon="99.744986382"></trkpt>
    <trkpt lat="9.037200809" lon="99.741015888"></trkpt>
    <trkpt lat="9.029715931" lon="99.742093335"></trkpt>
    <trkpt lat="9.025582513" lon="99.744475872"></trkpt>
    <trkpt lat="9.023318048" lon="99.740824679"></trkpt>
    <trkpt lat="9.014315501" lon="99.736983184"></trkpt>
    <trkpt lat="9.012616028" lon="99.733193316"></trkpt>
    <trkpt lat="9.00749297" lon="99.734151596"></trkpt>
    <trkpt lat="9.005748843" lon="99.730787322"></trkpt>
    <trkpt lat="8.99500965" lon="99.731206031"></trkpt>
    <trkpt lat="8.988976014" lon="99.727818638"></trkpt>
    <trkpt lat="8.988289265" lon="99.725587775"></trkpt>
    <trkpt lat="8.981091857" lon="99.725086722"></trkpt>
    <trkpt lat="8.977347986" lon="99.72244166"></trkpt>
    <trkpt lat="8.977139692" lon="99.717451671"></trkpt>
    <trkpt lat="8.970972725" lon="99.713182568"></trkpt>
    <trkpt lat="8.975216279" lon="99.695399359"></trkpt>
    <trkpt lat="8.973631219" lon="99.693637652"></trkpt>
    <trkpt lat="8.963941278" lon="99.692732609"></trkpt>
    <trkpt lat="8.959709606" lon="99.688499891"></trkpt>
    <trkpt lat="8.951046916" lon="99.695622396"></trkpt>
    <trkpt lat="8.942842854" lon="99.69809567"></trkpt>
    <trkpt lat="8.935806062" lon="99.696410319"></trkpt>
    <trkpt lat="8.930972519" lon="99.687094337"></trkpt>
    <trkpt lat="8.931537553" lon="99.677800226"></trkpt>
    <trkpt lat="8.928443657" lon="99.675832766"></trkpt>
    <trkpt lat="8.92880087" lon="99.670651723"></trkpt>
    <trkpt lat="8.924298796" lon="99.664177346"></trkpt>
    <trkpt lat="8.92484468" lon="99.653191511"></trkpt>
    <trkpt lat="8.920640606" lon="99.650456513"></trkpt>
    <trkpt lat="8.924174211" lon="99.647126602"></trkpt>
    <trkpt lat="8.929819503" lon="99.648274638"></trkpt>
    <trkpt lat="8.926446706" lon="99.645212227"></trkpt>
    <trkpt lat="8.928564312" lon="99.644387975"></trkpt>
    <trkpt lat="8.927764226" lon="99.641892755"></trkpt>
    <trkpt lat="8.920017379" lon="99.642189023"></trkpt>
    <trkpt lat="8.919419161" lon="99.647510548"></trkpt>
    <trkpt lat="8.916183555" lon="99.648927432"></trkpt>
    <trkpt lat="8.915515786" lon="99.653469855"></trkpt>
    <trkpt lat="8.911712235" lon="99.654891079"></trkpt>
    <trkpt lat="8.911492595" lon="99.659708291"></trkpt>
    <trkpt lat="8.905907237" lon="99.660907162"></trkpt>
    <trkpt lat="8.903937639" lon="99.665958218"></trkpt>
    <trkpt lat="8.900504683" lon="99.66912765"></trkpt>
    <trkpt lat="8.89658845" lon="99.678840997"></trkpt>
    <trkpt lat="8.889554123" lon="99.675452354"></trkpt>
    <trkpt lat="8.875416246" lon="99.676398333"></trkpt>
    <trkpt lat="8.872511689" lon="99.677310575"></trkpt>
    <trkpt lat="8.873830663" lon="99.685040268"></trkpt>
    <trkpt lat="8.863561745" lon="99.683962707"></trkpt>
    <trkpt lat="8.857909376" lon="99.680990537"></trkpt>
    <trkpt lat="8.85510736" lon="99.681663765"></trkpt>
    <trkpt lat="8.852086127" lon="99.687310441"></trkpt>
    <trkpt lat="8.844975068" lon="99.689383187"></trkpt>
    <trkpt lat="8.844574697" lon="99.692319135"></trkpt>
    <trkpt lat="8.846973597" lon="99.6964147"></trkpt>
    <trkpt lat="8.841891041" lon="99.698132057"></trkpt>
    <trkpt lat="8.839420016" lon="99.703169569"></trkpt>
    <trkpt lat="8.840128345" lon="99.707799685"></trkpt>
    <trkpt lat="8.837525817" lon="99.712729521"></trkpt>
    <trkpt lat="8.825166397" lon="99.720860228"></trkpt>
    <trkpt lat="8.824890144" lon="99.724405675"></trkpt>
    <trkpt lat="8.818042902" lon="99.732471349"></trkpt>
    <trkpt lat="8.818624778" lon="99.74867607"></trkpt>
    <trkpt lat="8.816451497" lon="99.751728229"></trkpt>
    <trkpt lat="8.810849367" lon="99.754258873"></trkpt>
    <trkpt lat="8.811566212" lon="99.758224803"></trkpt>
    <trkpt lat="8.815823089" lon="99.763784379"></trkpt>
    <trkpt lat="8.816020565" lon="99.768747842"></trkpt>
    <trkpt lat="8.818730191" lon="99.769248926"></trkpt>
    <trkpt lat="8.820928189" lon="99.787720231"></trkpt>
    <trkpt lat="8.807664446" lon="99.796429535"></trkpt>
    <trkpt lat="8.80790257" lon="99.800221002"></trkpt>
    <trkpt lat="8.806083743" lon="99.804070939"></trkpt>
    <trkpt lat="8.811436665" lon="99.814911883"></trkpt>
    <trkpt lat="8.808958781" lon="99.818141305"></trkpt>
    <trkpt lat="8.808849744" lon="99.821795813"></trkpt>
    <trkpt lat="8.816565328" lon="99.822891254"></trkpt>
    <trkpt lat="8.817179029" lon="99.829525253"></trkpt>
    <trkpt lat="8.818918988" lon="99.830818138"></trkpt>
    <trkpt lat="8.817933911" lon="99.834857139"></trkpt>
    <trkpt lat="8.820944262" lon="99.837395517"></trkpt>
    <trkpt lat="8.820135316" lon="99.846151837"></trkpt>
    <trkpt lat="8.81682559" lon="99.852168569"></trkpt>
    <trkpt lat="8.820377853" lon="99.864646879"></trkpt>
    <trkpt lat="8.819018276" lon="99.865145785"></trkpt>
    <trkpt lat="8.820747136" lon="99.870814802"></trkpt>
    <trkpt lat="8.818157888" lon="99.871008348"></trkpt>
    <trkpt lat="8.817820927" lon="99.873939753"></trkpt>
    <trkpt lat="8.81898581" lon="99.883034889"></trkpt>
    <trkpt lat="8.820888328" lon="99.883024235"></trkpt>
    <trkpt lat="8.821683412" lon="99.885553519"></trkpt>
    <trkpt lat="8.826048007" lon="99.888626173"></trkpt>
    <trkpt lat="8.827750923" lon="99.896285396"></trkpt>
    <trkpt lat="8.833321885" lon="99.902933683"></trkpt>
    <trkpt lat="8.837476608" lon="99.903726605"></trkpt>
    <trkpt lat="8.838134455" lon="99.902110143"></trkpt>
    <trkpt lat="8.840371842" lon="99.903446959"></trkpt>
    <trkpt lat="8.841624975" lon="99.902107545"></trkpt>
    <trkpt lat="8.842956471" lon="99.904416199"></trkpt>
    <trkpt lat="8.849488339" lon="99.904825863"></trkpt>
    <trkpt lat="8.85391318" lon="99.909526537"></trkpt>
    <trkpt lat="8.858313274" lon="99.908889726"></trkpt>
    <trkpt lat="8.861235712" lon="99.910881604"></trkpt>
    <trkpt lat="8.864052549" lon="99.910476367"></trkpt>
    <trkpt lat="8.865225788" lon="99.914980622"></trkpt>
    <trkpt lat="8.869022411" lon="99.914284779"></trkpt>
    <trkpt lat="8.867850978" lon="99.918865522"></trkpt>
    <trkpt lat="8.870250901" lon="99.920806282"></trkpt>
    <trkpt lat="8.923189287" lon="99.914508459"></trkpt>
    <trkpt lat="8.950824861" lon="99.913239044"></trkpt>
    <trkpt lat="8.973549371" lon="99.914079313"></trkpt>
    <trkpt lat="8.997640947" lon="99.91705112"></trkpt>
    <trkpt lat="9.004820173" lon="99.921411287"></trkpt>
    <trkpt lat="9.003652795" lon="99.926734983"></trkpt>
    <trkpt lat="9.005506836" lon="99.929327061"></trkpt>
    <trkpt lat="9.008047297" lon="99.92797942"></trkpt>
    <trkpt lat="9.006713595" lon="99.925064081"></trkpt>
    <trkpt lat="9.007529862" lon="99.92300869"></trkpt>
    <trkpt lat="9.012117998" lon="99.92104057"></trkpt>
    <trkpt lat="9.016222661" lon="99.916662496"></trkpt>
    <trkpt lat="9.017923594" lon="99.917982278"></trkpt>
    <trkpt lat="9.021019868" lon="99.920384728"></trkpt>
    <trkpt lat="9.018272634" lon="99.91779841"></trkpt>
    <trkpt lat="9.022837738" lon="99.913791873"></trkpt>
    <trkpt lat="9.07472716" lon="99.909844437"></trkpt>
    <trkpt lat="9.078646428" lon="99.910128689"></trkpt>
    <trkpt lat="9.084147844" lon="99.913149844"></trkpt>
  </trkseg>
</trk>
<trk>
  <name>อ.ขนอม</name>
  <desc>อ.ขนอม</desc>
  <trkseg>
    <trkpt lat="9.310255365" lon="99.782726853"></trkpt>
    <trkpt lat="9.308848175" lon="99.780380949"></trkpt>
    <trkpt lat="9.310359125" lon="99.777596064"></trkpt>
    <trkpt lat="9.310360173" lon="99.777539997"></trkpt>
    <trkpt lat="9.31242207" lon="99.77508773"></trkpt>
    <trkpt lat="9.313841312" lon="99.775667868"></trkpt>
    <trkpt lat="9.314981589" lon="99.774039637"></trkpt>
    <trkpt lat="9.317392521" lon="99.775266452"></trkpt>
    <trkpt lat="9.320784427" lon="99.773212583"></trkpt>
    <trkpt lat="9.322795434" lon="99.769127578"></trkpt>
    <trkpt lat="9.317257241" lon="99.766139939"></trkpt>
    <trkpt lat="9.315192211" lon="99.763670959"></trkpt>
    <trkpt lat="9.307915423" lon="99.762439491"></trkpt>
    <trkpt lat="9.305470541" lon="99.764226194"></trkpt>
    <trkpt lat="9.301996651" lon="99.764560089"></trkpt>
    <trkpt lat="9.29867953" lon="99.765623174"></trkpt>
    <trkpt lat="9.294480015" lon="99.76508745"></trkpt>
    <trkpt lat="9.291475747" lon="99.76325881"></trkpt>
    <trkpt lat="9.287514023" lon="99.764000517"></trkpt>
    <trkpt lat="9.284726035" lon="99.767264337"></trkpt>
    <trkpt lat="9.282345833" lon="99.767113587"></trkpt>
    <trkpt lat="9.280278364" lon="99.771543498"></trkpt>
    <trkpt lat="9.269446604" lon="99.773257327"></trkpt>
    <trkpt lat="9.261784871" lon="99.773181313"></trkpt>
    <trkpt lat="9.260308624" lon="99.769270322"></trkpt>
    <trkpt lat="9.268242591" lon="99.761755682"></trkpt>
    <trkpt lat="9.2638066" lon="99.750023451"></trkpt>
    <trkpt lat="9.247967474" lon="99.753014401"></trkpt>
    <trkpt lat="9.229515711" lon="99.752157449"></trkpt>
    <trkpt lat="9.221322977" lon="99.753996592"></trkpt>
    <trkpt lat="9.213999764" lon="99.74728373"></trkpt>
    <trkpt lat="9.204123759" lon="99.747134241"></trkpt>
    <trkpt lat="9.199616619" lon="99.73904908"></trkpt>
    <trkpt lat="9.191052794" lon="99.741822663"></trkpt>
    <trkpt lat="9.181989542" lon="99.742221756"></trkpt>
    <trkpt lat="9.170353429" lon="99.738749625"></trkpt>
    <trkpt lat="9.163467514" lon="99.733317303"></trkpt>
    <trkpt lat="9.159839178" lon="99.732369117"></trkpt>
    <trkpt lat="9.161912933" lon="99.721457519"></trkpt>
    <trkpt lat="9.155436395" lon="99.720540025"></trkpt>
    <trkpt lat="9.150854343" lon="99.722157425"></trkpt>
    <trkpt lat="9.145007275" lon="99.719880927"></trkpt>
    <trkpt lat="9.142040985" lon="99.724067883"></trkpt>
    <trkpt lat="9.137295039" lon="99.724252409"></trkpt>
    <trkpt lat="9.134904526" lon="99.729889786"></trkpt>
    <trkpt lat="9.128466167" lon="99.733684859"></trkpt>
    <trkpt lat="9.119794646" lon="99.732604428"></trkpt>
    <trkpt lat="9.117199763" lon="99.727918829"></trkpt>
    <trkpt lat="9.113354101" lon="99.725113253"></trkpt>
    <trkpt lat="9.114048922" lon="99.722210412"></trkpt>
    <trkpt lat="9.112768088" lon="99.722409828"></trkpt>
    <trkpt lat="9.110424652" lon="99.72764581"></trkpt>
    <trkpt lat="9.112352957" lon="99.729249214"></trkpt>
    <trkpt lat="9.111364295" lon="99.732549938"></trkpt>
    <trkpt lat="9.114467884" lon="99.740515624"></trkpt>
    <trkpt lat="9.10969653" lon="99.744288895"></trkpt>
    <trkpt lat="9.109254139" lon="99.753622865"></trkpt>
    <trkpt lat="9.107135073" lon="99.755119635"></trkpt>
    <trkpt lat="9.107188243" lon="99.75825319"></trkpt>
    <trkpt lat="9.103507229" lon="99.761844987"></trkpt>
    <trkpt lat="9.100098929" lon="99.770004795"></trkpt>
    <trkpt lat="9.100099343" lon="99.770090671"></trkpt>
    <trkpt lat="9.098850295" lon="99.77193399"></trkpt>
    <trkpt lat="9.096430174" lon="99.771765018"></trkpt>
    <trkpt lat="9.09385647" lon="99.77308057"></trkpt>
    <trkpt lat="9.09543909" lon="99.773735353"></trkpt>
    <trkpt lat="9.09656098" lon="99.779148822"></trkpt>
    <trkpt lat="9.0885276" lon="99.785361258"></trkpt>
    <trkpt lat="9.093797426" lon="99.800345795"></trkpt>
    <trkpt lat="9.086817145" lon="99.800258141"></trkpt>
    <trkpt lat="9.081772368" lon="99.808294301"></trkpt>
    <trkpt lat="9.0848729" lon="99.809414524"></trkpt>
    <trkpt lat="9.087033641" lon="99.8074662"></trkpt>
    <trkpt lat="9.090796438" lon="99.817340262"></trkpt>
    <trkpt lat="9.095861858" lon="99.814432123"></trkpt>
    <trkpt lat="9.09958813" lon="99.808897661"></trkpt>
    <trkpt lat="9.105051111" lon="99.812057002"></trkpt>
    <trkpt lat="9.109483629" lon="99.812569128"></trkpt>
    <trkpt lat="9.114043355" lon="99.815981736"></trkpt>
    <trkpt lat="9.121209589" lon="99.81566124"></trkpt>
    <trkpt lat="9.118346926" lon="99.819012443"></trkpt>
    <trkpt lat="9.118499603" lon="99.823009612"></trkpt>
    <trkpt lat="9.124129388" lon="99.83273187"></trkpt>
    <trkpt lat="9.121009937" lon="99.843342101"></trkpt>
    <trkpt lat="9.117630662" lon="99.848165533"></trkpt>
    <trkpt lat="9.103174629" lon="99.851514537"></trkpt>
    <trkpt lat="9.100713388" lon="99.855500497"></trkpt>
    <trkpt lat="9.094930022" lon="99.858224688"></trkpt>
    <trkpt lat="9.093095698" lon="99.861673665"></trkpt>
    <trkpt lat="9.089346582" lon="99.861651489"></trkpt>
    <trkpt lat="9.089238434" lon="99.866849924"></trkpt>
    <trkpt lat="9.091981446" lon="99.868648359"></trkpt>
    <trkpt lat="9.094153177" lon="99.873049019"></trkpt>
    <trkpt lat="9.097631267" lon="99.874618111"></trkpt>
    <trkpt lat="9.093404632" lon="99.875537595"></trkpt>
    <trkpt lat="9.086866884" lon="99.88218154"></trkpt>
    <trkpt lat="9.09125143" lon="99.894764193"></trkpt>
    <trkpt lat="9.090434873" lon="99.904824084"></trkpt>
    <trkpt lat="9.09197296" lon="99.906725566"></trkpt>
    <trkpt lat="9.089935196" lon="99.909447728"></trkpt>
    <trkpt lat="9.098797548" lon="99.909298886"></trkpt>
    <trkpt lat="9.100308986" lon="99.906859585"></trkpt>
    <trkpt lat="9.108340768" lon="99.903811056"></trkpt>
    <trkpt lat="9.11066191" lon="99.899470525"></trkpt>
    <trkpt lat="9.118691282" lon="99.897389828"></trkpt>
    <trkpt lat="9.125562597" lon="99.889800543"></trkpt>
    <trkpt lat="9.12638766" lon="99.886964145"></trkpt>
    <trkpt lat="9.12499894" lon="99.882060963"></trkpt>
    <trkpt lat="9.140128669" lon="99.875726646"></trkpt>
    <trkpt lat="9.159017135" lon="99.873943813"></trkpt>
    <trkpt lat="9.189896085" lon="99.87504426"></trkpt>
    <trkpt lat="9.205768687" lon="99.876663066"></trkpt>
    <trkpt lat="9.20840606" lon="99.881246597"></trkpt>
    <trkpt lat="9.208413561" lon="99.881345801"></trkpt>
    <trkpt lat="9.211509776" lon="99.879398322"></trkpt>
    <trkpt lat="9.218491908" lon="99.878874902"></trkpt>
    <trkpt lat="9.221737904" lon="99.876044014"></trkpt>
    <trkpt lat="9.221820384" lon="99.873990429"></trkpt>
    <trkpt lat="9.225465941" lon="99.873917816"></trkpt>
    <trkpt lat="9.228983549" lon="99.870696678"></trkpt>
    <trkpt lat="9.237608916" lon="99.870142138"></trkpt>
    <trkpt lat="9.237608545" lon="99.870072396"></trkpt>
    <trkpt lat="9.237565986" lon="99.869847921"></trkpt>
    <trkpt lat="9.237565952" lon="99.869813768"></trkpt>
    <trkpt lat="9.23758361" lon="99.868815638"></trkpt>
    <trkpt lat="9.237579919" lon="99.868764435"></trkpt>
    <trkpt lat="9.235487854" lon="99.866039756"></trkpt>
    <trkpt lat="9.236230433" lon="99.865121826"></trkpt>
    <trkpt lat="9.24824098" lon="99.863854668"></trkpt>
    <trkpt lat="9.252435276" lon="99.859823719"></trkpt>
    <trkpt lat="9.252075988" lon="99.850088616"></trkpt>
    <trkpt lat="9.254388035" lon="99.847877454"></trkpt>
    <trkpt lat="9.257839091" lon="99.847858288"></trkpt>
    <trkpt lat="9.263048026" lon="99.844816698"></trkpt>
    <trkpt lat="9.282097991" lon="99.846277405"></trkpt>
    <trkpt lat="9.281343206" lon="99.844614989"></trkpt>
    <trkpt lat="9.282724253" lon="99.845622373"></trkpt>
    <trkpt lat="9.281641869" lon="99.844176913"></trkpt>
    <trkpt lat="9.28397033" lon="99.842114378"></trkpt>
    <trkpt lat="9.28997451" lon="99.841684331"></trkpt>
    <trkpt lat="9.293817073" lon="99.843471092"></trkpt>
    <trkpt lat="9.292991018" lon="99.840401546"></trkpt>
    <trkpt lat="9.294238111" lon="99.838485324"></trkpt>
    <trkpt lat="9.303247955" lon="99.837390329"></trkpt>
    <trkpt lat="9.305396959" lon="99.83557369"></trkpt>
    <trkpt lat="9.310172815" lon="99.829297982"></trkpt>
    <trkpt lat="9.298161135" lon="99.825000165"></trkpt>
    <trkpt lat="9.296682138" lon="99.818501765"></trkpt>
    <trkpt lat="9.300111891" lon="99.807291621"></trkpt>
    <trkpt lat="9.304919052" lon="99.799346188"></trkpt>
    <trkpt lat="9.310874655" lon="99.801424346"></trkpt>
    <trkpt lat="9.311974903" lon="99.804615666"></trkpt>
    <trkpt lat="9.314846244" lon="99.805727241"></trkpt>
    <trkpt lat="9.319283662" lon="99.801228201"></trkpt>
    <trkpt lat="9.313357378" lon="99.799056817"></trkpt>
    <trkpt lat="9.310712534" lon="99.798087749"></trkpt>
    <trkpt lat="9.308831549" lon="99.797398558"></trkpt>
    <trkpt lat="9.310613004" lon="99.796039343"></trkpt>
    <trkpt lat="9.315253402" lon="99.797248766"></trkpt>
    <trkpt lat="9.317430937" lon="99.796331526"></trkpt>
    <trkpt lat="9.31318121" lon="99.795265003"></trkpt>
    <trkpt lat="9.311278127" lon="99.793063859"></trkpt>
    <trkpt lat="9.31127739" lon="99.793002311"></trkpt>
    <trkpt lat="9.311186623" lon="99.791834938"></trkpt>
    <trkpt lat="9.308844177" lon="99.791795463"></trkpt>
    <trkpt lat="9.310957711" lon="99.785250856"></trkpt>
    <trkpt lat="9.317403185" lon="99.785622609"></trkpt>
    <trkpt lat="9.310255374" lon="99.782841124"></trkpt>
    <trkpt lat="9.310255365" lon="99.782726853"></trkpt>
  </trkseg>
</trk>
</gpx>
