<?xml version="1.0" encoding="UTF-8"?>
<kml xmlns="http://www.opengis.net/kml/2.2" xmlns:gx="http://www.google.com/kml/ext/2.2" xmlns:kml="http://www.opengis.net/kml/2.2" xmlns:atom="http://www.w3.org/2005/Atom">
<Document>
	<name>1-2 Topography 3D Thailand - mitrearth</name>
	<Style>
		<ListStyle>
			<listItemType>checkHideChildren</listItemType>
			<bgColor>00ffffff</bgColor>
			<maxSnippetLines>2</maxSnippetLines>
		</ListStyle>
	</Style>
	<atom:link rel="app" href="https://www.google.com/earth/about/versions/#earth-pro" title="Google Earth Pro 7.3.6.10201"></atom:link>
	<Folder>
		<name>kml_image_1-2 Topography 3D Thailand - mitrearth_L1_0_0</name>
		<Region>
			<LatLonAltBox>
				<north>20.46951179148392</north>
				<south>5.615727140694048</south>
				<east>105.6386245917588</east>
				<west>97.34508492319314</west>
				<minAltitude>0</minAltitude>
				<maxAltitude>0</maxAltitude>
			</LatLonAltBox>
			<Lod>
				<minLodPixels>26</minLodPixels>
				<maxLodPixels>2049</maxLodPixels>
				<minFadeExtent>0</minFadeExtent>
				<maxFadeExtent>0</maxFadeExtent>
			</Lod>
		</Region>
		<GroundOverlay>
			<drawOrder>1</drawOrder>
			<Icon>
				<href>C:/Users/pakorn/AppData/LocalLow/Google/GoogleEarth/kml_image_1-2 Topography 3D Thailand - mitrearth_L1_0_0.png</href>
			</Icon>
			<gx:altitudeMode>clampToSeaFloor</gx:altitudeMode>
			<LatLonBox>
				<north>20.46951179148392</north>
				<south>5.615727140694048</south>
				<east>105.6386245917588</east>
				<west>97.34508492319314</west>
			</LatLonBox>
		</GroundOverlay>
		<Folder>
			<name>kml_image_1-2 Topography 3D Thailand - mitrearth_L2_0_0</name>
			<Region>
				<LatLonAltBox>
					<north>20.46951179148392</north>
					<south>6.814997527973778</south>
					<east>105.6386245917588</east>
					<west>97.34508492319314</west>
					<minAltitude>0</minAltitude>
					<maxAltitude>0</maxAltitude>
				</LatLonAltBox>
				<Lod>
					<minLodPixels>399</minLodPixels>
					<maxLodPixels>2049</maxLodPixels>
					<minFadeExtent>0</minFadeExtent>
					<maxFadeExtent>0</maxFadeExtent>
				</Lod>
			</Region>
			<GroundOverlay>
				<drawOrder>2</drawOrder>
				<Icon>
					<href>C:/Users/pakorn/AppData/LocalLow/Google/GoogleEarth/kml_image_1-2 Topography 3D Thailand - mitrearth_L2_0_0.png</href>
				</Icon>
				<gx:altitudeMode>clampToSeaFloor</gx:altitudeMode>
				<LatLonBox>
					<north>20.46951179148392</north>
					<south>6.814997527973778</south>
					<east>105.6386245917588</east>
					<west>97.34508492319314</west>
				</LatLonBox>
			</GroundOverlay>
			<Folder>
				<name>kml_image_1-2 Topography 3D Thailand - mitrearth_L3_0_0</name>
				<Region>
					<LatLonAltBox>
						<north>20.46951179148392</north>
						<south>13.64225465972885</south>
						<east>104.1719214349385</east>
						<west>97.34508492319314</west>
						<minAltitude>0</minAltitude>
						<maxAltitude>0</maxAltitude>
					</LatLonAltBox>
					<Lod>
						<minLodPixels>512</minLodPixels>
						<maxLodPixels>2049</maxLodPixels>
						<minFadeExtent>0</minFadeExtent>
						<maxFadeExtent>0</maxFadeExtent>
					</Lod>
				</Region>
				<GroundOverlay>
					<drawOrder>3</drawOrder>
					<Icon>
						<href>C:/Users/pakorn/AppData/LocalLow/Google/GoogleEarth/kml_image_1-2 Topography 3D Thailand - mitrearth_L3_0_0.png</href>
					</Icon>
					<gx:altitudeMode>clampToSeaFloor</gx:altitudeMode>
					<LatLonBox>
						<north>20.46951179148392</north>
						<south>13.64225465972885</south>
						<east>104.1719214349385</east>
						<west>97.34508492319314</west>
					</LatLonBox>
				</GroundOverlay>
				<Folder>
					<name>kml_image_1-2 Topography 3D Thailand - mitrearth_L4_0_0</name>
					<Region>
						<LatLonAltBox>
							<north>20.46951179148392</north>
							<south>17.05588322560638</south>
							<east>100.7585031790658</east>
							<west>97.34508492319314</west>
							<minAltitude>0</minAltitude>
							<maxAltitude>0</maxAltitude>
						</LatLonAltBox>
						<Lod>
							<minLodPixels>512</minLodPixels>
							<maxLodPixels>2049</maxLodPixels>
							<minFadeExtent>0</minFadeExtent>
							<maxFadeExtent>0</maxFadeExtent>
						</Lod>
					</Region>
					<GroundOverlay>
						<drawOrder>4</drawOrder>
						<Icon>
							<href>C:/Users/pakorn/AppData/LocalLow/Google/GoogleEarth/kml_image_1-2 Topography 3D Thailand - mitrearth_L4_0_0.png</href>
						</Icon>
						<gx:altitudeMode>clampToSeaFloor</gx:altitudeMode>
						<LatLonBox>
							<north>20.46951179148392</north>
							<south>17.05588322560638</south>
							<east>100.7585031790658</east>
							<west>97.34508492319314</west>
						</LatLonBox>
					</GroundOverlay>
					<Folder>
						<name>kml_image_1-2 Topography 3D Thailand - mitrearth_L5_0_0</name>
						<Region>
							<LatLonAltBox>
								<north>20.46951179148392</north>
								<south>18.76269750854515</south>
								<east>99.05179405112948</east>
								<west>97.34508492319314</west>
								<minAltitude>0</minAltitude>
								<maxAltitude>0</maxAltitude>
							</LatLonAltBox>
							<Lod>
								<minLodPixels>512</minLodPixels>
								<maxLodPixels>2049</maxLodPixels>
								<minFadeExtent>0</minFadeExtent>
								<maxFadeExtent>0</maxFadeExtent>
							</Lod>
						</Region>
						<GroundOverlay>
							<drawOrder>5</drawOrder>
							<Icon>
								<href>C:/Users/pakorn/AppData/LocalLow/Google/GoogleEarth/kml_image_1-2 Topography 3D Thailand - mitrearth_L5_0_0.png</href>
							</Icon>
							<gx:altitudeMode>clampToSeaFloor</gx:altitudeMode>
							<LatLonBox>
								<north>20.46951179148392</north>
								<south>18.76269750854515</south>
								<east>99.05179405112948</east>
								<west>97.34508492319314</west>
							</LatLonBox>
						</GroundOverlay>
						<Folder>
							<name>kml_image_1-2 Topography 3D Thailand - mitrearth_L6_0_0</name>
							<Region>
								<LatLonAltBox>
									<north>20.46951179148392</north>
									<south>19.61610465001453</south>
									<east>98.19843948716131</east>
									<west>97.34508492319314</west>
									<minAltitude>0</minAltitude>
									<maxAltitude>0</maxAltitude>
								</LatLonAltBox>
								<Lod>
									<minLodPixels>512</minLodPixels>
									<maxLodPixels>-1</maxLodPixels>
									<minFadeExtent>0</minFadeExtent>
									<maxFadeExtent>0</maxFadeExtent>
								</Lod>
							</Region>
							<GroundOverlay>
								<drawOrder>6</drawOrder>
								<Icon>
									<href>C:/Users/pakorn/AppData/LocalLow/Google/GoogleEarth/kml_image_1-2 Topography 3D Thailand - mitrearth_L6_0_0.png</href>
								</Icon>
								<gx:altitudeMode>clampToSeaFloor</gx:altitudeMode>
								<LatLonBox>
									<north>20.46951179148392</north>
									<south>19.61610465001453</south>
									<east>98.19843948716131</east>
									<west>97.34508492319314</west>
								</LatLonBox>
							</GroundOverlay>
						</Folder>
						<Folder>
							<name>kml_image_1-2 Topography 3D Thailand - mitrearth_L6_0_1</name>
							<Region>
								<LatLonAltBox>
									<north>20.46951179148392</north>
									<south>19.61610465001453</south>
									<east>99.05179405112948</east>
									<west>98.19843948716131</west>
									<minAltitude>0</minAltitude>
									<maxAltitude>0</maxAltitude>
								</LatLonAltBox>
								<Lod>
									<minLodPixels>512</minLodPixels>
									<maxLodPixels>-1</maxLodPixels>
									<minFadeExtent>0</minFadeExtent>
									<maxFadeExtent>0</maxFadeExtent>
								</Lod>
							</Region>
							<GroundOverlay>
								<drawOrder>6</drawOrder>
								<Icon>
									<href>C:/Users/pakorn/AppData/LocalLow/Google/GoogleEarth/kml_image_1-2 Topography 3D Thailand - mitrearth_L6_0_1.png</href>
								</Icon>
								<gx:altitudeMode>clampToSeaFloor</gx:altitudeMode>
								<LatLonBox>
									<north>20.46951179148392</north>
									<south>19.61610465001453</south>
									<east>99.05179405112948</east>
									<west>98.19843948716131</west>
								</LatLonBox>
							</GroundOverlay>
						</Folder>
						<Folder>
							<name>kml_image_1-2 Topography 3D Thailand - mitrearth_L6_1_0</name>
							<Region>
								<LatLonAltBox>
									<north>19.61610465001453</north>
									<south>18.76269750854515</south>
									<east>98.19843948716131</east>
									<west>97.34508492319314</west>
									<minAltitude>0</minAltitude>
									<maxAltitude>0</maxAltitude>
								</LatLonAltBox>
								<Lod>
									<minLodPixels>512</minLodPixels>
									<maxLodPixels>-1</maxLodPixels>
									<minFadeExtent>0</minFadeExtent>
									<maxFadeExtent>0</maxFadeExtent>
								</Lod>
							</Region>
							<GroundOverlay>
								<drawOrder>6</drawOrder>
								<Icon>
									<href>C:/Users/pakorn/AppData/LocalLow/Google/GoogleEarth/kml_image_1-2 Topography 3D Thailand - mitrearth_L6_1_0.png</href>
								</Icon>
								<gx:altitudeMode>clampToSeaFloor</gx:altitudeMode>
								<LatLonBox>
									<north>19.61610465001453</north>
									<south>18.76269750854515</south>
									<east>98.19843948716131</east>
									<west>97.34508492319314</west>
								</LatLonBox>
							</GroundOverlay>
						</Folder>
						<Folder>
							<name>kml_image_1-2 Topography 3D Thailand - mitrearth_L6_1_1</name>
							<Region>
								<LatLonAltBox>
									<north>19.61610465001453</north>
									<south>18.76269750854515</south>
									<east>99.05179405112948</east>
									<west>98.19843948716131</west>
									<minAltitude>0</minAltitude>
									<maxAltitude>0</maxAltitude>
								</LatLonAltBox>
								<Lod>
									<minLodPixels>512</minLodPixels>
									<maxLodPixels>-1</maxLodPixels>
									<minFadeExtent>0</minFadeExtent>
									<maxFadeExtent>0</maxFadeExtent>
								</Lod>
							</Region>
							<GroundOverlay>
								<drawOrder>6</drawOrder>
								<Icon>
									<href>C:/Users/pakorn/AppData/LocalLow/Google/GoogleEarth/kml_image_1-2 Topography 3D Thailand - mitrearth_L6_1_1.png</href>
								</Icon>
								<gx:altitudeMode>clampToSeaFloor</gx:altitudeMode>
								<LatLonBox>
									<north>19.61610465001453</north>
									<south>18.76269750854515</south>
									<east>99.05179405112948</east>
									<west>98.19843948716131</west>
								</LatLonBox>
							</GroundOverlay>
						</Folder>
					</Folder>
					<Folder>
						<name>kml_image_1-2 Topography 3D Thailand - mitrearth_L5_0_1</name>
						<Region>
							<LatLonAltBox>
								<north>20.46951179148392</north>
								<south>18.76269750854515</south>
								<east>100.7585031790658</east>
								<west>99.05179405112948</west>
								<minAltitude>0</minAltitude>
								<maxAltitude>0</maxAltitude>
							</LatLonAltBox>
							<Lod>
								<minLodPixels>512</minLodPixels>
								<maxLodPixels>2049</maxLodPixels>
								<minFadeExtent>0</minFadeExtent>
								<maxFadeExtent>0</maxFadeExtent>
							</Lod>
						</Region>
						<GroundOverlay>
							<drawOrder>5</drawOrder>
							<Icon>
								<href>C:/Users/pakorn/AppData/LocalLow/Google/GoogleEarth/kml_image_1-2 Topography 3D Thailand - mitrearth_L5_0_1.png</href>
							</Icon>
							<gx:altitudeMode>clampToSeaFloor</gx:altitudeMode>
							<LatLonBox>
								<north>20.46951179148392</north>
								<south>18.76269750854515</south>
								<east>100.7585031790658</east>
								<west>99.05179405112948</west>
							</LatLonBox>
						</GroundOverlay>
						<Folder>
							<name>kml_image_1-2 Topography 3D Thailand - mitrearth_L6_0_2</name>
							<Region>
								<LatLonAltBox>
									<north>20.46951179148392</north>
									<south>19.61610465001453</south>
									<east>99.90514861509766</east>
									<west>99.05179405112948</west>
									<minAltitude>0</minAltitude>
									<maxAltitude>0</maxAltitude>
								</LatLonAltBox>
								<Lod>
									<minLodPixels>512</minLodPixels>
									<maxLodPixels>-1</maxLodPixels>
									<minFadeExtent>0</minFadeExtent>
									<maxFadeExtent>0</maxFadeExtent>
								</Lod>
							</Region>
							<GroundOverlay>
								<drawOrder>6</drawOrder>
								<Icon>
									<href>C:/Users/pakorn/AppData/LocalLow/Google/GoogleEarth/kml_image_1-2 Topography 3D Thailand - mitrearth_L6_0_2.png</href>
								</Icon>
								<gx:altitudeMode>clampToSeaFloor</gx:altitudeMode>
								<LatLonBox>
									<north>20.46951179148392</north>
									<south>19.61610465001453</south>
									<east>99.90514861509766</east>
									<west>99.05179405112948</west>
								</LatLonBox>
							</GroundOverlay>
						</Folder>
						<Folder>
							<name>kml_image_1-2 Topography 3D Thailand - mitrearth_L6_0_3</name>
							<Region>
								<LatLonAltBox>
									<north>20.46951179148392</north>
									<south>19.61610465001453</south>
									<east>100.7585031790658</east>
									<west>99.90514861509766</west>
									<minAltitude>0</minAltitude>
									<maxAltitude>0</maxAltitude>
								</LatLonAltBox>
								<Lod>
									<minLodPixels>512</minLodPixels>
									<maxLodPixels>-1</maxLodPixels>
									<minFadeExtent>0</minFadeExtent>
									<maxFadeExtent>0</maxFadeExtent>
								</Lod>
							</Region>
							<GroundOverlay>
								<drawOrder>6</drawOrder>
								<Icon>
									<href>C:/Users/pakorn/AppData/LocalLow/Google/GoogleEarth/kml_image_1-2 Topography 3D Thailand - mitrearth_L6_0_3.png</href>
								</Icon>
								<gx:altitudeMode>clampToSeaFloor</gx:altitudeMode>
								<LatLonBox>
									<north>20.46951179148392</north>
									<south>19.61610465001453</south>
									<east>100.7585031790658</east>
									<west>99.90514861509766</west>
								</LatLonBox>
							</GroundOverlay>
						</Folder>
						<Folder>
							<name>kml_image_1-2 Topography 3D Thailand - mitrearth_L6_1_2</name>
							<Region>
								<LatLonAltBox>
									<north>19.61610465001453</north>
									<south>18.76269750854515</south>
									<east>99.90514861509766</east>
									<west>99.05179405112948</west>
									<minAltitude>0</minAltitude>
									<maxAltitude>0</maxAltitude>
								</LatLonAltBox>
								<Lod>
									<minLodPixels>512</minLodPixels>
									<maxLodPixels>-1</maxLodPixels>
									<minFadeExtent>0</minFadeExtent>
									<maxFadeExtent>0</maxFadeExtent>
								</Lod>
							</Region>
							<GroundOverlay>
								<drawOrder>6</drawOrder>
								<Icon>
									<href>C:/Users/pakorn/AppData/LocalLow/Google/GoogleEarth/kml_image_1-2 Topography 3D Thailand - mitrearth_L6_1_2.png</href>
								</Icon>
								<gx:altitudeMode>clampToSeaFloor</gx:altitudeMode>
								<LatLonBox>
									<north>19.61610465001453</north>
									<south>18.76269750854515</south>
									<east>99.90514861509766</east>
									<west>99.05179405112948</west>
								</LatLonBox>
							</GroundOverlay>
						</Folder>
						<Folder>
							<name>kml_image_1-2 Topography 3D Thailand - mitrearth_L6_1_3</name>
							<Region>
								<LatLonAltBox>
									<north>19.61610465001453</north>
									<south>18.76269750854515</south>
									<east>100.7585031790658</east>
									<west>99.90514861509766</west>
									<minAltitude>0</minAltitude>
									<maxAltitude>0</maxAltitude>
								</LatLonAltBox>
								<Lod>
									<minLodPixels>512</minLodPixels>
									<maxLodPixels>-1</maxLodPixels>
									<minFadeExtent>0</minFadeExtent>
									<maxFadeExtent>0</maxFadeExtent>
								</Lod>
							</Region>
							<GroundOverlay>
								<drawOrder>6</drawOrder>
								<Icon>
									<href>C:/Users/pakorn/AppData/LocalLow/Google/GoogleEarth/kml_image_1-2 Topography 3D Thailand - mitrearth_L6_1_3.png</href>
								</Icon>
								<gx:altitudeMode>clampToSeaFloor</gx:altitudeMode>
								<LatLonBox>
									<north>19.61610465001453</north>
									<south>18.76269750854515</south>
									<east>100.7585031790658</east>
									<west>99.90514861509766</west>
								</LatLonBox>
							</GroundOverlay>
						</Folder>
					</Folder>
					<Folder>
						<name>kml_image_1-2 Topography 3D Thailand - mitrearth_L5_1_0</name>
						<Region>
							<LatLonAltBox>
								<north>18.76269750854515</north>
								<south>17.05588322560638</south>
								<east>99.05179405112948</east>
								<west>97.34508492319314</west>
								<minAltitude>0</minAltitude>
								<maxAltitude>0</maxAltitude>
							</LatLonAltBox>
							<Lod>
								<minLodPixels>512</minLodPixels>
								<maxLodPixels>2049</maxLodPixels>
								<minFadeExtent>0</minFadeExtent>
								<maxFadeExtent>0</maxFadeExtent>
							</Lod>
						</Region>
						<GroundOverlay>
							<drawOrder>5</drawOrder>
							<Icon>
								<href>C:/Users/pakorn/AppData/LocalLow/Google/GoogleEarth/kml_image_1-2 Topography 3D Thailand - mitrearth_L5_1_0.png</href>
							</Icon>
							<gx:altitudeMode>clampToSeaFloor</gx:altitudeMode>
							<LatLonBox>
								<north>18.76269750854515</north>
								<south>17.05588322560638</south>
								<east>99.05179405112948</east>
								<west>97.34508492319314</west>
							</LatLonBox>
						</GroundOverlay>
						<Folder>
							<name>kml_image_1-2 Topography 3D Thailand - mitrearth_L6_2_0</name>
							<Region>
								<LatLonAltBox>
									<north>18.76269750854515</north>
									<south>17.90929036707577</south>
									<east>98.19843948716131</east>
									<west>97.34508492319314</west>
									<minAltitude>0</minAltitude>
									<maxAltitude>0</maxAltitude>
								</LatLonAltBox>
								<Lod>
									<minLodPixels>512</minLodPixels>
									<maxLodPixels>-1</maxLodPixels>
									<minFadeExtent>0</minFadeExtent>
									<maxFadeExtent>0</maxFadeExtent>
								</Lod>
							</Region>
							<GroundOverlay>
								<drawOrder>6</drawOrder>
								<Icon>
									<href>C:/Users/pakorn/AppData/LocalLow/Google/GoogleEarth/kml_image_1-2 Topography 3D Thailand - mitrearth_L6_2_0.png</href>
								</Icon>
								<gx:altitudeMode>clampToSeaFloor</gx:altitudeMode>
								<LatLonBox>
									<north>18.76269750854515</north>
									<south>17.90929036707577</south>
									<east>98.19843948716131</east>
									<west>97.34508492319314</west>
								</LatLonBox>
							</GroundOverlay>
						</Folder>
						<Folder>
							<name>kml_image_1-2 Topography 3D Thailand - mitrearth_L6_2_1</name>
							<Region>
								<LatLonAltBox>
									<north>18.76269750854515</north>
									<south>17.90929036707577</south>
									<east>99.05179405112948</east>
									<west>98.19843948716131</west>
									<minAltitude>0</minAltitude>
									<maxAltitude>0</maxAltitude>
								</LatLonAltBox>
								<Lod>
									<minLodPixels>512</minLodPixels>
									<maxLodPixels>-1</maxLodPixels>
									<minFadeExtent>0</minFadeExtent>
									<maxFadeExtent>0</maxFadeExtent>
								</Lod>
							</Region>
							<GroundOverlay>
								<drawOrder>6</drawOrder>
								<Icon>
									<href>C:/Users/pakorn/AppData/LocalLow/Google/GoogleEarth/kml_image_1-2 Topography 3D Thailand - mitrearth_L6_2_1.png</href>
								</Icon>
								<gx:altitudeMode>clampToSeaFloor</gx:altitudeMode>
								<LatLonBox>
									<north>18.76269750854515</north>
									<south>17.90929036707577</south>
									<east>99.05179405112948</east>
									<west>98.19843948716131</west>
								</LatLonBox>
							</GroundOverlay>
						</Folder>
						<Folder>
							<name>kml_image_1-2 Topography 3D Thailand - mitrearth_L6_3_0</name>
							<Region>
								<LatLonAltBox>
									<north>17.90929036707577</north>
									<south>17.05588322560638</south>
									<east>98.19843948716131</east>
									<west>97.34508492319314</west>
									<minAltitude>0</minAltitude>
									<maxAltitude>0</maxAltitude>
								</LatLonAltBox>
								<Lod>
									<minLodPixels>512</minLodPixels>
									<maxLodPixels>-1</maxLodPixels>
									<minFadeExtent>0</minFadeExtent>
									<maxFadeExtent>0</maxFadeExtent>
								</Lod>
							</Region>
							<GroundOverlay>
								<drawOrder>6</drawOrder>
								<Icon>
									<href>C:/Users/pakorn/AppData/LocalLow/Google/GoogleEarth/kml_image_1-2 Topography 3D Thailand - mitrearth_L6_3_0.png</href>
								</Icon>
								<gx:altitudeMode>clampToSeaFloor</gx:altitudeMode>
								<LatLonBox>
									<north>17.90929036707577</north>
									<south>17.05588322560638</south>
									<east>98.19843948716131</east>
									<west>97.34508492319314</west>
								</LatLonBox>
							</GroundOverlay>
						</Folder>
						<Folder>
							<name>kml_image_1-2 Topography 3D Thailand - mitrearth_L6_3_1</name>
							<Region>
								<LatLonAltBox>
									<north>17.90929036707577</north>
									<south>17.05588322560638</south>
									<east>99.05179405112948</east>
									<west>98.19843948716131</west>
									<minAltitude>0</minAltitude>
									<maxAltitude>0</maxAltitude>
								</LatLonAltBox>
								<Lod>
									<minLodPixels>512</minLodPixels>
									<maxLodPixels>-1</maxLodPixels>
									<minFadeExtent>0</minFadeExtent>
									<maxFadeExtent>0</maxFadeExtent>
								</Lod>
							</Region>
							<GroundOverlay>
								<drawOrder>6</drawOrder>
								<Icon>
									<href>C:/Users/pakorn/AppData/LocalLow/Google/GoogleEarth/kml_image_1-2 Topography 3D Thailand - mitrearth_L6_3_1.png</href>
								</Icon>
								<gx:altitudeMode>clampToSeaFloor</gx:altitudeMode>
								<LatLonBox>
									<north>17.90929036707577</north>
									<south>17.05588322560638</south>
									<east>99.05179405112948</east>
									<west>98.19843948716131</west>
								</LatLonBox>
							</GroundOverlay>
						</Folder>
					</Folder>
					<Folder>
						<name>kml_image_1-2 Topography 3D Thailand - mitrearth_L5_1_1</name>
						<Region>
							<LatLonAltBox>
								<north>18.76269750854515</north>
								<south>17.05588322560638</south>
								<east>100.7585031790658</east>
								<west>99.05179405112948</west>
								<minAltitude>0</minAltitude>
								<maxAltitude>0</maxAltitude>
							</LatLonAltBox>
							<Lod>
								<minLodPixels>512</minLodPixels>
								<maxLodPixels>2049</maxLodPixels>
								<minFadeExtent>0</minFadeExtent>
								<maxFadeExtent>0</maxFadeExtent>
							</Lod>
						</Region>
						<GroundOverlay>
							<drawOrder>5</drawOrder>
							<Icon>
								<href>C:/Users/pakorn/AppData/LocalLow/Google/GoogleEarth/kml_image_1-2 Topography 3D Thailand - mitrearth_L5_1_1.png</href>
							</Icon>
							<gx:altitudeMode>clampToSeaFloor</gx:altitudeMode>
							<LatLonBox>
								<north>18.76269750854515</north>
								<south>17.05588322560638</south>
								<east>100.7585031790658</east>
								<west>99.05179405112948</west>
							</LatLonBox>
						</GroundOverlay>
						<Folder>
							<name>kml_image_1-2 Topography 3D Thailand - mitrearth_L6_2_2</name>
							<Region>
								<LatLonAltBox>
									<north>18.76269750854515</north>
									<south>17.90929036707577</south>
									<east>99.90514861509766</east>
									<west>99.05179405112948</west>
									<minAltitude>0</minAltitude>
									<maxAltitude>0</maxAltitude>
								</LatLonAltBox>
								<Lod>
									<minLodPixels>512</minLodPixels>
									<maxLodPixels>-1</maxLodPixels>
									<minFadeExtent>0</minFadeExtent>
									<maxFadeExtent>0</maxFadeExtent>
								</Lod>
							</Region>
							<GroundOverlay>
								<drawOrder>6</drawOrder>
								<Icon>
									<href>C:/Users/pakorn/AppData/LocalLow/Google/GoogleEarth/kml_image_1-2 Topography 3D Thailand - mitrearth_L6_2_2.png</href>
								</Icon>
								<gx:altitudeMode>clampToSeaFloor</gx:altitudeMode>
								<LatLonBox>
									<north>18.76269750854515</north>
									<south>17.90929036707577</south>
									<east>99.90514861509766</east>
									<west>99.05179405112948</west>
								</LatLonBox>
							</GroundOverlay>
						</Folder>
						<Folder>
							<name>kml_image_1-2 Topography 3D Thailand - mitrearth_L6_2_3</name>
							<Region>
								<LatLonAltBox>
									<north>18.76269750854515</north>
									<south>17.90929036707577</south>
									<east>100.7585031790658</east>
									<west>99.90514861509766</west>
									<minAltitude>0</minAltitude>
									<maxAltitude>0</maxAltitude>
								</LatLonAltBox>
								<Lod>
									<minLodPixels>512</minLodPixels>
									<maxLodPixels>-1</maxLodPixels>
									<minFadeExtent>0</minFadeExtent>
									<maxFadeExtent>0</maxFadeExtent>
								</Lod>
							</Region>
							<GroundOverlay>
								<drawOrder>6</drawOrder>
								<Icon>
									<href>C:/Users/pakorn/AppData/LocalLow/Google/GoogleEarth/kml_image_1-2 Topography 3D Thailand - mitrearth_L6_2_3.png</href>
								</Icon>
								<gx:altitudeMode>clampToSeaFloor</gx:altitudeMode>
								<LatLonBox>
									<north>18.76269750854515</north>
									<south>17.90929036707577</south>
									<east>100.7585031790658</east>
									<west>99.90514861509766</west>
								</LatLonBox>
							</GroundOverlay>
						</Folder>
						<Folder>
							<name>kml_image_1-2 Topography 3D Thailand - mitrearth_L6_3_2</name>
							<Region>
								<LatLonAltBox>
									<north>17.90929036707577</north>
									<south>17.05588322560638</south>
									<east>99.90514861509766</east>
									<west>99.05179405112948</west>
									<minAltitude>0</minAltitude>
									<maxAltitude>0</maxAltitude>
								</LatLonAltBox>
								<Lod>
									<minLodPixels>512</minLodPixels>
									<maxLodPixels>-1</maxLodPixels>
									<minFadeExtent>0</minFadeExtent>
									<maxFadeExtent>0</maxFadeExtent>
								</Lod>
							</Region>
							<GroundOverlay>
								<drawOrder>6</drawOrder>
								<Icon>
									<href>C:/Users/pakorn/AppData/LocalLow/Google/GoogleEarth/kml_image_1-2 Topography 3D Thailand - mitrearth_L6_3_2.png</href>
								</Icon>
								<gx:altitudeMode>clampToSeaFloor</gx:altitudeMode>
								<LatLonBox>
									<north>17.90929036707577</north>
									<south>17.05588322560638</south>
									<east>99.90514861509766</east>
									<west>99.05179405112948</west>
								</LatLonBox>
							</GroundOverlay>
						</Folder>
						<Folder>
							<name>kml_image_1-2 Topography 3D Thailand - mitrearth_L6_3_3</name>
							<Region>
								<LatLonAltBox>
									<north>17.90929036707577</north>
									<south>17.05588322560638</south>
									<east>100.7585031790658</east>
									<west>99.90514861509766</west>
									<minAltitude>0</minAltitude>
									<maxAltitude>0</maxAltitude>
								</LatLonAltBox>
								<Lod>
									<minLodPixels>512</minLodPixels>
									<maxLodPixels>-1</maxLodPixels>
									<minFadeExtent>0</minFadeExtent>
									<maxFadeExtent>0</maxFadeExtent>
								</Lod>
							</Region>
							<GroundOverlay>
								<drawOrder>6</drawOrder>
								<Icon>
									<href>C:/Users/pakorn/AppData/LocalLow/Google/GoogleEarth/kml_image_1-2 Topography 3D Thailand - mitrearth_L6_3_3.png</href>
								</Icon>
								<gx:altitudeMode>clampToSeaFloor</gx:altitudeMode>
								<LatLonBox>
									<north>17.90929036707577</north>
									<south>17.05588322560638</south>
									<east>100.7585031790658</east>
									<west>99.90514861509766</west>
								</LatLonBox>
							</GroundOverlay>
						</Folder>
					</Folder>
				</Folder>
				<Folder>
					<name>kml_image_1-2 Topography 3D Thailand - mitrearth_L4_0_1</name>
					<Region>
						<LatLonAltBox>
							<north>20.46951179148392</north>
							<south>17.05588322560638</south>
							<east>104.1719214349385</east>
							<west>100.7585031790658</west>
							<minAltitude>0</minAltitude>
							<maxAltitude>0</maxAltitude>
						</LatLonAltBox>
						<Lod>
							<minLodPixels>512</minLodPixels>
							<maxLodPixels>2049</maxLodPixels>
							<minFadeExtent>0</minFadeExtent>
							<maxFadeExtent>0</maxFadeExtent>
						</Lod>
					</Region>
					<GroundOverlay>
						<drawOrder>4</drawOrder>
						<Icon>
							<href>C:/Users/pakorn/AppData/LocalLow/Google/GoogleEarth/kml_image_1-2 Topography 3D Thailand - mitrearth_L4_0_1.png</href>
						</Icon>
						<gx:altitudeMode>clampToSeaFloor</gx:altitudeMode>
						<LatLonBox>
							<north>20.46951179148392</north>
							<south>17.05588322560638</south>
							<east>104.1719214349385</east>
							<west>100.7585031790658</west>
						</LatLonBox>
					</GroundOverlay>
					<Folder>
						<name>kml_image_1-2 Topography 3D Thailand - mitrearth_L5_0_2</name>
						<Region>
							<LatLonAltBox>
								<north>20.46951179148392</north>
								<south>18.76269750854515</south>
								<east>102.4652123070022</east>
								<west>100.7585031790658</west>
								<minAltitude>0</minAltitude>
								<maxAltitude>0</maxAltitude>
							</LatLonAltBox>
							<Lod>
								<minLodPixels>512</minLodPixels>
								<maxLodPixels>2049</maxLodPixels>
								<minFadeExtent>0</minFadeExtent>
								<maxFadeExtent>0</maxFadeExtent>
							</Lod>
						</Region>
						<GroundOverlay>
							<drawOrder>5</drawOrder>
							<Icon>
								<href>C:/Users/pakorn/AppData/LocalLow/Google/GoogleEarth/kml_image_1-2 Topography 3D Thailand - mitrearth_L5_0_2.png</href>
							</Icon>
							<gx:altitudeMode>clampToSeaFloor</gx:altitudeMode>
							<LatLonBox>
								<north>20.46951179148392</north>
								<south>18.76269750854515</south>
								<east>102.4652123070022</east>
								<west>100.7585031790658</west>
							</LatLonBox>
						</GroundOverlay>
						<Folder>
							<name>kml_image_1-2 Topography 3D Thailand - mitrearth_L6_0_4</name>
							<Region>
								<LatLonAltBox>
									<north>20.46951179148392</north>
									<south>19.61610465001453</south>
									<east>101.611857743034</east>
									<west>100.7585031790658</west>
									<minAltitude>0</minAltitude>
									<maxAltitude>0</maxAltitude>
								</LatLonAltBox>
								<Lod>
									<minLodPixels>512</minLodPixels>
									<maxLodPixels>-1</maxLodPixels>
									<minFadeExtent>0</minFadeExtent>
									<maxFadeExtent>0</maxFadeExtent>
								</Lod>
							</Region>
							<GroundOverlay>
								<drawOrder>6</drawOrder>
								<Icon>
									<href>C:/Users/pakorn/AppData/LocalLow/Google/GoogleEarth/kml_image_1-2 Topography 3D Thailand - mitrearth_L6_0_4.png</href>
								</Icon>
								<gx:altitudeMode>clampToSeaFloor</gx:altitudeMode>
								<LatLonBox>
									<north>20.46951179148392</north>
									<south>19.61610465001453</south>
									<east>101.611857743034</east>
									<west>100.7585031790658</west>
								</LatLonBox>
							</GroundOverlay>
						</Folder>
						<Folder>
							<name>kml_image_1-2 Topography 3D Thailand - mitrearth_L6_1_4</name>
							<Region>
								<LatLonAltBox>
									<north>19.61610465001453</north>
									<south>18.76269750854515</south>
									<east>101.611857743034</east>
									<west>100.7585031790658</west>
									<minAltitude>0</minAltitude>
									<maxAltitude>0</maxAltitude>
								</LatLonAltBox>
								<Lod>
									<minLodPixels>512</minLodPixels>
									<maxLodPixels>-1</maxLodPixels>
									<minFadeExtent>0</minFadeExtent>
									<maxFadeExtent>0</maxFadeExtent>
								</Lod>
							</Region>
							<GroundOverlay>
								<drawOrder>6</drawOrder>
								<Icon>
									<href>C:/Users/pakorn/AppData/LocalLow/Google/GoogleEarth/kml_image_1-2 Topography 3D Thailand - mitrearth_L6_1_4.png</href>
								</Icon>
								<gx:altitudeMode>clampToSeaFloor</gx:altitudeMode>
								<LatLonBox>
									<north>19.61610465001453</north>
									<south>18.76269750854515</south>
									<east>101.611857743034</east>
									<west>100.7585031790658</west>
								</LatLonBox>
							</GroundOverlay>
						</Folder>
					</Folder>
					<Folder>
						<name>kml_image_1-2 Topography 3D Thailand - mitrearth_L5_1_2</name>
						<Region>
							<LatLonAltBox>
								<north>18.76269750854515</north>
								<south>17.05588322560638</south>
								<east>102.4652123070022</east>
								<west>100.7585031790658</west>
								<minAltitude>0</minAltitude>
								<maxAltitude>0</maxAltitude>
							</LatLonAltBox>
							<Lod>
								<minLodPixels>512</minLodPixels>
								<maxLodPixels>2049</maxLodPixels>
								<minFadeExtent>0</minFadeExtent>
								<maxFadeExtent>0</maxFadeExtent>
							</Lod>
						</Region>
						<GroundOverlay>
							<drawOrder>5</drawOrder>
							<Icon>
								<href>C:/Users/pakorn/AppData/LocalLow/Google/GoogleEarth/kml_image_1-2 Topography 3D Thailand - mitrearth_L5_1_2.png</href>
							</Icon>
							<gx:altitudeMode>clampToSeaFloor</gx:altitudeMode>
							<LatLonBox>
								<north>18.76269750854515</north>
								<south>17.05588322560638</south>
								<east>102.4652123070022</east>
								<west>100.7585031790658</west>
							</LatLonBox>
						</GroundOverlay>
						<Folder>
							<name>kml_image_1-2 Topography 3D Thailand - mitrearth_L6_2_4</name>
							<Region>
								<LatLonAltBox>
									<north>18.76269750854515</north>
									<south>17.90929036707577</south>
									<east>101.611857743034</east>
									<west>100.7585031790658</west>
									<minAltitude>0</minAltitude>
									<maxAltitude>0</maxAltitude>
								</LatLonAltBox>
								<Lod>
									<minLodPixels>512</minLodPixels>
									<maxLodPixels>-1</maxLodPixels>
									<minFadeExtent>0</minFadeExtent>
									<maxFadeExtent>0</maxFadeExtent>
								</Lod>
							</Region>
							<GroundOverlay>
								<drawOrder>6</drawOrder>
								<Icon>
									<href>C:/Users/pakorn/AppData/LocalLow/Google/GoogleEarth/kml_image_1-2 Topography 3D Thailand - mitrearth_L6_2_4.png</href>
								</Icon>
								<gx:altitudeMode>clampToSeaFloor</gx:altitudeMode>
								<LatLonBox>
									<north>18.76269750854515</north>
									<south>17.90929036707577</south>
									<east>101.611857743034</east>
									<west>100.7585031790658</west>
								</LatLonBox>
							</GroundOverlay>
						</Folder>
						<Folder>
							<name>kml_image_1-2 Topography 3D Thailand - mitrearth_L6_2_5</name>
							<Region>
								<LatLonAltBox>
									<north>18.76269750854515</north>
									<south>17.90929036707577</south>
									<east>102.4652123070022</east>
									<west>101.611857743034</west>
									<minAltitude>0</minAltitude>
									<maxAltitude>0</maxAltitude>
								</LatLonAltBox>
								<Lod>
									<minLodPixels>512</minLodPixels>
									<maxLodPixels>-1</maxLodPixels>
									<minFadeExtent>0</minFadeExtent>
									<maxFadeExtent>0</maxFadeExtent>
								</Lod>
							</Region>
							<GroundOverlay>
								<drawOrder>6</drawOrder>
								<Icon>
									<href>C:/Users/pakorn/AppData/LocalLow/Google/GoogleEarth/kml_image_1-2 Topography 3D Thailand - mitrearth_L6_2_5.png</href>
								</Icon>
								<gx:altitudeMode>clampToSeaFloor</gx:altitudeMode>
								<LatLonBox>
									<north>18.76269750854515</north>
									<south>17.90929036707577</south>
									<east>102.4652123070022</east>
									<west>101.611857743034</west>
								</LatLonBox>
							</GroundOverlay>
						</Folder>
						<Folder>
							<name>kml_image_1-2 Topography 3D Thailand - mitrearth_L6_3_4</name>
							<Region>
								<LatLonAltBox>
									<north>17.90929036707577</north>
									<south>17.05588322560638</south>
									<east>101.611857743034</east>
									<west>100.7585031790658</west>
									<minAltitude>0</minAltitude>
									<maxAltitude>0</maxAltitude>
								</LatLonAltBox>
								<Lod>
									<minLodPixels>512</minLodPixels>
									<maxLodPixels>-1</maxLodPixels>
									<minFadeExtent>0</minFadeExtent>
									<maxFadeExtent>0</maxFadeExtent>
								</Lod>
							</Region>
							<GroundOverlay>
								<drawOrder>6</drawOrder>
								<Icon>
									<href>C:/Users/pakorn/AppData/LocalLow/Google/GoogleEarth/kml_image_1-2 Topography 3D Thailand - mitrearth_L6_3_4.png</href>
								</Icon>
								<gx:altitudeMode>clampToSeaFloor</gx:altitudeMode>
								<LatLonBox>
									<north>17.90929036707577</north>
									<south>17.05588322560638</south>
									<east>101.611857743034</east>
									<west>100.7585031790658</west>
								</LatLonBox>
							</GroundOverlay>
						</Folder>
						<Folder>
							<name>kml_image_1-2 Topography 3D Thailand - mitrearth_L6_3_5</name>
							<Region>
								<LatLonAltBox>
									<north>17.90929036707577</north>
									<south>17.05588322560638</south>
									<east>102.4652123070022</east>
									<west>101.611857743034</west>
									<minAltitude>0</minAltitude>
									<maxAltitude>0</maxAltitude>
								</LatLonAltBox>
								<Lod>
									<minLodPixels>512</minLodPixels>
									<maxLodPixels>-1</maxLodPixels>
									<minFadeExtent>0</minFadeExtent>
									<maxFadeExtent>0</maxFadeExtent>
								</Lod>
							</Region>
							<GroundOverlay>
								<drawOrder>6</drawOrder>
								<Icon>
									<href>C:/Users/pakorn/AppData/LocalLow/Google/GoogleEarth/kml_image_1-2 Topography 3D Thailand - mitrearth_L6_3_5.png</href>
								</Icon>
								<gx:altitudeMode>clampToSeaFloor</gx:altitudeMode>
								<LatLonBox>
									<north>17.90929036707577</north>
									<south>17.05588322560638</south>
									<east>102.4652123070022</east>
									<west>101.611857743034</west>
								</LatLonBox>
							</GroundOverlay>
						</Folder>
					</Folder>
					<Folder>
						<name>kml_image_1-2 Topography 3D Thailand - mitrearth_L5_1_3</name>
						<Region>
							<LatLonAltBox>
								<north>18.76269750854515</north>
								<south>17.05588322560638</south>
								<east>104.1719214349385</east>
								<west>102.4652123070022</west>
								<minAltitude>0</minAltitude>
								<maxAltitude>0</maxAltitude>
							</LatLonAltBox>
							<Lod>
								<minLodPixels>512</minLodPixels>
								<maxLodPixels>2049</maxLodPixels>
								<minFadeExtent>0</minFadeExtent>
								<maxFadeExtent>0</maxFadeExtent>
							</Lod>
						</Region>
						<GroundOverlay>
							<drawOrder>5</drawOrder>
							<Icon>
								<href>C:/Users/pakorn/AppData/LocalLow/Google/GoogleEarth/kml_image_1-2 Topography 3D Thailand - mitrearth_L5_1_3.png</href>
							</Icon>
							<gx:altitudeMode>clampToSeaFloor</gx:altitudeMode>
							<LatLonBox>
								<north>18.76269750854515</north>
								<south>17.05588322560638</south>
								<east>104.1719214349385</east>
								<west>102.4652123070022</west>
							</LatLonBox>
						</GroundOverlay>
						<Folder>
							<name>kml_image_1-2 Topography 3D Thailand - mitrearth_L6_2_6</name>
							<Region>
								<LatLonAltBox>
									<north>18.76269750854515</north>
									<south>17.90929036707577</south>
									<east>103.3185668709703</east>
									<west>102.4652123070022</west>
									<minAltitude>0</minAltitude>
									<maxAltitude>0</maxAltitude>
								</LatLonAltBox>
								<Lod>
									<minLodPixels>512</minLodPixels>
									<maxLodPixels>-1</maxLodPixels>
									<minFadeExtent>0</minFadeExtent>
									<maxFadeExtent>0</maxFadeExtent>
								</Lod>
							</Region>
							<GroundOverlay>
								<drawOrder>6</drawOrder>
								<Icon>
									<href>C:/Users/pakorn/AppData/LocalLow/Google/GoogleEarth/kml_image_1-2 Topography 3D Thailand - mitrearth_L6_2_6.png</href>
								</Icon>
								<gx:altitudeMode>clampToSeaFloor</gx:altitudeMode>
								<LatLonBox>
									<north>18.76269750854515</north>
									<south>17.90929036707577</south>
									<east>103.3185668709703</east>
									<west>102.4652123070022</west>
								</LatLonBox>
							</GroundOverlay>
						</Folder>
						<Folder>
							<name>kml_image_1-2 Topography 3D Thailand - mitrearth_L6_2_7</name>
							<Region>
								<LatLonAltBox>
									<north>18.76269750854515</north>
									<south>17.90929036707577</south>
									<east>104.1719214349385</east>
									<west>103.3185668709703</west>
									<minAltitude>0</minAltitude>
									<maxAltitude>0</maxAltitude>
								</LatLonAltBox>
								<Lod>
									<minLodPixels>512</minLodPixels>
									<maxLodPixels>-1</maxLodPixels>
									<minFadeExtent>0</minFadeExtent>
									<maxFadeExtent>0</maxFadeExtent>
								</Lod>
							</Region>
							<GroundOverlay>
								<drawOrder>6</drawOrder>
								<Icon>
									<href>C:/Users/pakorn/AppData/LocalLow/Google/GoogleEarth/kml_image_1-2 Topography 3D Thailand - mitrearth_L6_2_7.png</href>
								</Icon>
								<gx:altitudeMode>clampToSeaFloor</gx:altitudeMode>
								<LatLonBox>
									<north>18.76269750854515</north>
									<south>17.90929036707577</south>
									<east>104.1719214349385</east>
									<west>103.3185668709703</west>
								</LatLonBox>
							</GroundOverlay>
						</Folder>
						<Folder>
							<name>kml_image_1-2 Topography 3D Thailand - mitrearth_L6_3_6</name>
							<Region>
								<LatLonAltBox>
									<north>17.90929036707577</north>
									<south>17.05588322560638</south>
									<east>103.3185668709703</east>
									<west>102.4652123070022</west>
									<minAltitude>0</minAltitude>
									<maxAltitude>0</maxAltitude>
								</LatLonAltBox>
								<Lod>
									<minLodPixels>512</minLodPixels>
									<maxLodPixels>-1</maxLodPixels>
									<minFadeExtent>0</minFadeExtent>
									<maxFadeExtent>0</maxFadeExtent>
								</Lod>
							</Region>
							<GroundOverlay>
								<drawOrder>6</drawOrder>
								<Icon>
									<href>C:/Users/pakorn/AppData/LocalLow/Google/GoogleEarth/kml_image_1-2 Topography 3D Thailand - mitrearth_L6_3_6.png</href>
								</Icon>
								<gx:altitudeMode>clampToSeaFloor</gx:altitudeMode>
								<LatLonBox>
									<north>17.90929036707577</north>
									<south>17.05588322560638</south>
									<east>103.3185668709703</east>
									<west>102.4652123070022</west>
								</LatLonBox>
							</GroundOverlay>
						</Folder>
						<Folder>
							<name>kml_image_1-2 Topography 3D Thailand - mitrearth_L6_3_7</name>
							<Region>
								<LatLonAltBox>
									<north>17.90929036707577</north>
									<south>17.05588322560638</south>
									<east>104.1719214349385</east>
									<west>103.3185668709703</west>
									<minAltitude>0</minAltitude>
									<maxAltitude>0</maxAltitude>
								</LatLonAltBox>
								<Lod>
									<minLodPixels>512</minLodPixels>
									<maxLodPixels>-1</maxLodPixels>
									<minFadeExtent>0</minFadeExtent>
									<maxFadeExtent>0</maxFadeExtent>
								</Lod>
							</Region>
							<GroundOverlay>
								<drawOrder>6</drawOrder>
								<Icon>
									<href>C:/Users/pakorn/AppData/LocalLow/Google/GoogleEarth/kml_image_1-2 Topography 3D Thailand - mitrearth_L6_3_7.png</href>
								</Icon>
								<gx:altitudeMode>clampToSeaFloor</gx:altitudeMode>
								<LatLonBox>
									<north>17.90929036707577</north>
									<south>17.05588322560638</south>
									<east>104.1719214349385</east>
									<west>103.3185668709703</west>
								</LatLonBox>
							</GroundOverlay>
						</Folder>
					</Folder>
				</Folder>
				<Folder>
					<name>kml_image_1-2 Topography 3D Thailand - mitrearth_L4_1_0</name>
					<Region>
						<LatLonAltBox>
							<north>17.05588322560638</north>
							<south>13.64225465972885</south>
							<east>100.7585031790658</east>
							<west>97.34508492319314</west>
							<minAltitude>0</minAltitude>
							<maxAltitude>0</maxAltitude>
						</LatLonAltBox>
						<Lod>
							<minLodPixels>512</minLodPixels>
							<maxLodPixels>2049</maxLodPixels>
							<minFadeExtent>0</minFadeExtent>
							<maxFadeExtent>0</maxFadeExtent>
						</Lod>
					</Region>
					<GroundOverlay>
						<drawOrder>4</drawOrder>
						<Icon>
							<href>C:/Users/pakorn/AppData/LocalLow/Google/GoogleEarth/kml_image_1-2 Topography 3D Thailand - mitrearth_L4_1_0.png</href>
						</Icon>
						<gx:altitudeMode>clampToSeaFloor</gx:altitudeMode>
						<LatLonBox>
							<north>17.05588322560638</north>
							<south>13.64225465972885</south>
							<east>100.7585031790658</east>
							<west>97.34508492319314</west>
						</LatLonBox>
					</GroundOverlay>
					<Folder>
						<name>kml_image_1-2 Topography 3D Thailand - mitrearth_L5_2_0</name>
						<Region>
							<LatLonAltBox>
								<north>17.05588322560638</north>
								<south>15.34906894266761</south>
								<east>99.05179405112948</east>
								<west>97.34508492319314</west>
								<minAltitude>0</minAltitude>
								<maxAltitude>0</maxAltitude>
							</LatLonAltBox>
							<Lod>
								<minLodPixels>512</minLodPixels>
								<maxLodPixels>2049</maxLodPixels>
								<minFadeExtent>0</minFadeExtent>
								<maxFadeExtent>0</maxFadeExtent>
							</Lod>
						</Region>
						<GroundOverlay>
							<drawOrder>5</drawOrder>
							<Icon>
								<href>C:/Users/pakorn/AppData/LocalLow/Google/GoogleEarth/kml_image_1-2 Topography 3D Thailand - mitrearth_L5_2_0.png</href>
							</Icon>
							<gx:altitudeMode>clampToSeaFloor</gx:altitudeMode>
							<LatLonBox>
								<north>17.05588322560638</north>
								<south>15.34906894266761</south>
								<east>99.05179405112948</east>
								<west>97.34508492319314</west>
							</LatLonBox>
						</GroundOverlay>
						<Folder>
							<name>kml_image_1-2 Topography 3D Thailand - mitrearth_L6_4_1</name>
							<Region>
								<LatLonAltBox>
									<north>17.05588322560638</north>
									<south>16.202476084137</south>
									<east>99.05179405112948</east>
									<west>98.19843948716131</west>
									<minAltitude>0</minAltitude>
									<maxAltitude>0</maxAltitude>
								</LatLonAltBox>
								<Lod>
									<minLodPixels>512</minLodPixels>
									<maxLodPixels>-1</maxLodPixels>
									<minFadeExtent>0</minFadeExtent>
									<maxFadeExtent>0</maxFadeExtent>
								</Lod>
							</Region>
							<GroundOverlay>
								<drawOrder>6</drawOrder>
								<Icon>
									<href>C:/Users/pakorn/AppData/LocalLow/Google/GoogleEarth/kml_image_1-2 Topography 3D Thailand - mitrearth_L6_4_1.png</href>
								</Icon>
								<gx:altitudeMode>clampToSeaFloor</gx:altitudeMode>
								<LatLonBox>
									<north>17.05588322560638</north>
									<south>16.202476084137</south>
									<east>99.05179405112948</east>
									<west>98.19843948716131</west>
								</LatLonBox>
							</GroundOverlay>
						</Folder>
						<Folder>
							<name>kml_image_1-2 Topography 3D Thailand - mitrearth_L6_5_1</name>
							<Region>
								<LatLonAltBox>
									<north>16.202476084137</north>
									<south>15.34906894266761</south>
									<east>99.05179405112948</east>
									<west>98.19843948716131</west>
									<minAltitude>0</minAltitude>
									<maxAltitude>0</maxAltitude>
								</LatLonAltBox>
								<Lod>
									<minLodPixels>512</minLodPixels>
									<maxLodPixels>-1</maxLodPixels>
									<minFadeExtent>0</minFadeExtent>
									<maxFadeExtent>0</maxFadeExtent>
								</Lod>
							</Region>
							<GroundOverlay>
								<drawOrder>6</drawOrder>
								<Icon>
									<href>C:/Users/pakorn/AppData/LocalLow/Google/GoogleEarth/kml_image_1-2 Topography 3D Thailand - mitrearth_L6_5_1.png</href>
								</Icon>
								<gx:altitudeMode>clampToSeaFloor</gx:altitudeMode>
								<LatLonBox>
									<north>16.202476084137</north>
									<south>15.34906894266761</south>
									<east>99.05179405112948</east>
									<west>98.19843948716131</west>
								</LatLonBox>
							</GroundOverlay>
						</Folder>
					</Folder>
					<Folder>
						<name>kml_image_1-2 Topography 3D Thailand - mitrearth_L5_2_1</name>
						<Region>
							<LatLonAltBox>
								<north>17.05588322560638</north>
								<south>15.34906894266761</south>
								<east>100.7585031790658</east>
								<west>99.05179405112948</west>
								<minAltitude>0</minAltitude>
								<maxAltitude>0</maxAltitude>
							</LatLonAltBox>
							<Lod>
								<minLodPixels>512</minLodPixels>
								<maxLodPixels>2049</maxLodPixels>
								<minFadeExtent>0</minFadeExtent>
								<maxFadeExtent>0</maxFadeExtent>
							</Lod>
						</Region>
						<GroundOverlay>
							<drawOrder>5</drawOrder>
							<Icon>
								<href>C:/Users/pakorn/AppData/LocalLow/Google/GoogleEarth/kml_image_1-2 Topography 3D Thailand - mitrearth_L5_2_1.png</href>
							</Icon>
							<gx:altitudeMode>clampToSeaFloor</gx:altitudeMode>
							<LatLonBox>
								<north>17.05588322560638</north>
								<south>15.34906894266761</south>
								<east>100.7585031790658</east>
								<west>99.05179405112948</west>
							</LatLonBox>
						</GroundOverlay>
						<Folder>
							<name>kml_image_1-2 Topography 3D Thailand - mitrearth_L6_4_2</name>
							<Region>
								<LatLonAltBox>
									<north>17.05588322560638</north>
									<south>16.202476084137</south>
									<east>99.90514861509766</east>
									<west>99.05179405112948</west>
									<minAltitude>0</minAltitude>
									<maxAltitude>0</maxAltitude>
								</LatLonAltBox>
								<Lod>
									<minLodPixels>512</minLodPixels>
									<maxLodPixels>-1</maxLodPixels>
									<minFadeExtent>0</minFadeExtent>
									<maxFadeExtent>0</maxFadeExtent>
								</Lod>
							</Region>
							<GroundOverlay>
								<drawOrder>6</drawOrder>
								<Icon>
									<href>C:/Users/pakorn/AppData/LocalLow/Google/GoogleEarth/kml_image_1-2 Topography 3D Thailand - mitrearth_L6_4_2.png</href>
								</Icon>
								<gx:altitudeMode>clampToSeaFloor</gx:altitudeMode>
								<LatLonBox>
									<north>17.05588322560638</north>
									<south>16.202476084137</south>
									<east>99.90514861509766</east>
									<west>99.05179405112948</west>
								</LatLonBox>
							</GroundOverlay>
						</Folder>
						<Folder>
							<name>kml_image_1-2 Topography 3D Thailand - mitrearth_L6_4_3</name>
							<Region>
								<LatLonAltBox>
									<north>17.05588322560638</north>
									<south>16.202476084137</south>
									<east>100.7585031790658</east>
									<west>99.90514861509766</west>
									<minAltitude>0</minAltitude>
									<maxAltitude>0</maxAltitude>
								</LatLonAltBox>
								<Lod>
									<minLodPixels>512</minLodPixels>
									<maxLodPixels>-1</maxLodPixels>
									<minFadeExtent>0</minFadeExtent>
									<maxFadeExtent>0</maxFadeExtent>
								</Lod>
							</Region>
							<GroundOverlay>
								<drawOrder>6</drawOrder>
								<Icon>
									<href>C:/Users/pakorn/AppData/LocalLow/Google/GoogleEarth/kml_image_1-2 Topography 3D Thailand - mitrearth_L6_4_3.png</href>
								</Icon>
								<gx:altitudeMode>clampToSeaFloor</gx:altitudeMode>
								<LatLonBox>
									<north>17.05588322560638</north>
									<south>16.202476084137</south>
									<east>100.7585031790658</east>
									<west>99.90514861509766</west>
								</LatLonBox>
							</GroundOverlay>
						</Folder>
						<Folder>
							<name>kml_image_1-2 Topography 3D Thailand - mitrearth_L6_5_2</name>
							<Region>
								<LatLonAltBox>
									<north>16.202476084137</north>
									<south>15.34906894266761</south>
									<east>99.90514861509766</east>
									<west>99.05179405112948</west>
									<minAltitude>0</minAltitude>
									<maxAltitude>0</maxAltitude>
								</LatLonAltBox>
								<Lod>
									<minLodPixels>512</minLodPixels>
									<maxLodPixels>-1</maxLodPixels>
									<minFadeExtent>0</minFadeExtent>
									<maxFadeExtent>0</maxFadeExtent>
								</Lod>
							</Region>
							<GroundOverlay>
								<drawOrder>6</drawOrder>
								<Icon>
									<href>C:/Users/pakorn/AppData/LocalLow/Google/GoogleEarth/kml_image_1-2 Topography 3D Thailand - mitrearth_L6_5_2.png</href>
								</Icon>
								<gx:altitudeMode>clampToSeaFloor</gx:altitudeMode>
								<LatLonBox>
									<north>16.202476084137</north>
									<south>15.34906894266761</south>
									<east>99.90514861509766</east>
									<west>99.05179405112948</west>
								</LatLonBox>
							</GroundOverlay>
						</Folder>
						<Folder>
							<name>kml_image_1-2 Topography 3D Thailand - mitrearth_L6_5_3</name>
							<Region>
								<LatLonAltBox>
									<north>16.202476084137</north>
									<south>15.34906894266761</south>
									<east>100.7585031790658</east>
									<west>99.90514861509766</west>
									<minAltitude>0</minAltitude>
									<maxAltitude>0</maxAltitude>
								</LatLonAltBox>
								<Lod>
									<minLodPixels>512</minLodPixels>
									<maxLodPixels>-1</maxLodPixels>
									<minFadeExtent>0</minFadeExtent>
									<maxFadeExtent>0</maxFadeExtent>
								</Lod>
							</Region>
							<GroundOverlay>
								<drawOrder>6</drawOrder>
								<Icon>
									<href>C:/Users/pakorn/AppData/LocalLow/Google/GoogleEarth/kml_image_1-2 Topography 3D Thailand - mitrearth_L6_5_3.png</href>
								</Icon>
								<gx:altitudeMode>clampToSeaFloor</gx:altitudeMode>
								<LatLonBox>
									<north>16.202476084137</north>
									<south>15.34906894266761</south>
									<east>100.7585031790658</east>
									<west>99.90514861509766</west>
								</LatLonBox>
							</GroundOverlay>
						</Folder>
					</Folder>
					<Folder>
						<name>kml_image_1-2 Topography 3D Thailand - mitrearth_L5_3_0</name>
						<Region>
							<LatLonAltBox>
								<north>15.34906894266761</north>
								<south>13.64225465972885</south>
								<east>99.05179405112948</east>
								<west>97.34508492319314</west>
								<minAltitude>0</minAltitude>
								<maxAltitude>0</maxAltitude>
							</LatLonAltBox>
							<Lod>
								<minLodPixels>512</minLodPixels>
								<maxLodPixels>2049</maxLodPixels>
								<minFadeExtent>0</minFadeExtent>
								<maxFadeExtent>0</maxFadeExtent>
							</Lod>
						</Region>
						<GroundOverlay>
							<drawOrder>5</drawOrder>
							<Icon>
								<href>C:/Users/pakorn/AppData/LocalLow/Google/GoogleEarth/kml_image_1-2 Topography 3D Thailand - mitrearth_L5_3_0.png</href>
							</Icon>
							<gx:altitudeMode>clampToSeaFloor</gx:altitudeMode>
							<LatLonBox>
								<north>15.34906894266761</north>
								<south>13.64225465972885</south>
								<east>99.05179405112948</east>
								<west>97.34508492319314</west>
							</LatLonBox>
						</GroundOverlay>
						<Folder>
							<name>kml_image_1-2 Topography 3D Thailand - mitrearth_L6_6_0</name>
							<Region>
								<LatLonAltBox>
									<north>15.34906894266761</north>
									<south>14.49566180119823</south>
									<east>98.19843948716131</east>
									<west>97.34508492319314</west>
									<minAltitude>0</minAltitude>
									<maxAltitude>0</maxAltitude>
								</LatLonAltBox>
								<Lod>
									<minLodPixels>512</minLodPixels>
									<maxLodPixels>-1</maxLodPixels>
									<minFadeExtent>0</minFadeExtent>
									<maxFadeExtent>0</maxFadeExtent>
								</Lod>
							</Region>
							<GroundOverlay>
								<drawOrder>6</drawOrder>
								<Icon>
									<href>C:/Users/pakorn/AppData/LocalLow/Google/GoogleEarth/kml_image_1-2 Topography 3D Thailand - mitrearth_L6_6_0.png</href>
								</Icon>
								<gx:altitudeMode>clampToSeaFloor</gx:altitudeMode>
								<LatLonBox>
									<north>15.34906894266761</north>
									<south>14.49566180119823</south>
									<east>98.19843948716131</east>
									<west>97.34508492319314</west>
								</LatLonBox>
							</GroundOverlay>
						</Folder>
						<Folder>
							<name>kml_image_1-2 Topography 3D Thailand - mitrearth_L6_6_1</name>
							<Region>
								<LatLonAltBox>
									<north>15.34906894266761</north>
									<south>14.49566180119823</south>
									<east>99.05179405112948</east>
									<west>98.19843948716131</west>
									<minAltitude>0</minAltitude>
									<maxAltitude>0</maxAltitude>
								</LatLonAltBox>
								<Lod>
									<minLodPixels>512</minLodPixels>
									<maxLodPixels>-1</maxLodPixels>
									<minFadeExtent>0</minFadeExtent>
									<maxFadeExtent>0</maxFadeExtent>
								</Lod>
							</Region>
							<GroundOverlay>
								<drawOrder>6</drawOrder>
								<Icon>
									<href>C:/Users/pakorn/AppData/LocalLow/Google/GoogleEarth/kml_image_1-2 Topography 3D Thailand - mitrearth_L6_6_1.png</href>
								</Icon>
								<gx:altitudeMode>clampToSeaFloor</gx:altitudeMode>
								<LatLonBox>
									<north>15.34906894266761</north>
									<south>14.49566180119823</south>
									<east>99.05179405112948</east>
									<west>98.19843948716131</west>
								</LatLonBox>
							</GroundOverlay>
						</Folder>
						<Folder>
							<name>kml_image_1-2 Topography 3D Thailand - mitrearth_L6_7_1</name>
							<Region>
								<LatLonAltBox>
									<north>14.49566180119823</north>
									<south>13.64225465972885</south>
									<east>99.05179405112948</east>
									<west>98.19843948716131</west>
									<minAltitude>0</minAltitude>
									<maxAltitude>0</maxAltitude>
								</LatLonAltBox>
								<Lod>
									<minLodPixels>512</minLodPixels>
									<maxLodPixels>-1</maxLodPixels>
									<minFadeExtent>0</minFadeExtent>
									<maxFadeExtent>0</maxFadeExtent>
								</Lod>
							</Region>
							<GroundOverlay>
								<drawOrder>6</drawOrder>
								<Icon>
									<href>C:/Users/pakorn/AppData/LocalLow/Google/GoogleEarth/kml_image_1-2 Topography 3D Thailand - mitrearth_L6_7_1.png</href>
								</Icon>
								<gx:altitudeMode>clampToSeaFloor</gx:altitudeMode>
								<LatLonBox>
									<north>14.49566180119823</north>
									<south>13.64225465972885</south>
									<east>99.05179405112948</east>
									<west>98.19843948716131</west>
								</LatLonBox>
							</GroundOverlay>
						</Folder>
					</Folder>
					<Folder>
						<name>kml_image_1-2 Topography 3D Thailand - mitrearth_L5_3_1</name>
						<Region>
							<LatLonAltBox>
								<north>15.34906894266761</north>
								<south>13.64225465972885</south>
								<east>100.7585031790658</east>
								<west>99.05179405112948</west>
								<minAltitude>0</minAltitude>
								<maxAltitude>0</maxAltitude>
							</LatLonAltBox>
							<Lod>
								<minLodPixels>512</minLodPixels>
								<maxLodPixels>2049</maxLodPixels>
								<minFadeExtent>0</minFadeExtent>
								<maxFadeExtent>0</maxFadeExtent>
							</Lod>
						</Region>
						<GroundOverlay>
							<drawOrder>5</drawOrder>
							<Icon>
								<href>C:/Users/pakorn/AppData/LocalLow/Google/GoogleEarth/kml_image_1-2 Topography 3D Thailand - mitrearth_L5_3_1.png</href>
							</Icon>
							<gx:altitudeMode>clampToSeaFloor</gx:altitudeMode>
							<LatLonBox>
								<north>15.34906894266761</north>
								<south>13.64225465972885</south>
								<east>100.7585031790658</east>
								<west>99.05179405112948</west>
							</LatLonBox>
						</GroundOverlay>
						<Folder>
							<name>kml_image_1-2 Topography 3D Thailand - mitrearth_L6_6_2</name>
							<Region>
								<LatLonAltBox>
									<north>15.34906894266761</north>
									<south>14.49566180119823</south>
									<east>99.90514861509766</east>
									<west>99.05179405112948</west>
									<minAltitude>0</minAltitude>
									<maxAltitude>0</maxAltitude>
								</LatLonAltBox>
								<Lod>
									<minLodPixels>512</minLodPixels>
									<maxLodPixels>-1</maxLodPixels>
									<minFadeExtent>0</minFadeExtent>
									<maxFadeExtent>0</maxFadeExtent>
								</Lod>
							</Region>
							<GroundOverlay>
								<drawOrder>6</drawOrder>
								<Icon>
									<href>C:/Users/pakorn/AppData/LocalLow/Google/GoogleEarth/kml_image_1-2 Topography 3D Thailand - mitrearth_L6_6_2.png</href>
								</Icon>
								<gx:altitudeMode>clampToSeaFloor</gx:altitudeMode>
								<LatLonBox>
									<north>15.34906894266761</north>
									<south>14.49566180119823</south>
									<east>99.90514861509766</east>
									<west>99.05179405112948</west>
								</LatLonBox>
							</GroundOverlay>
						</Folder>
						<Folder>
							<name>kml_image_1-2 Topography 3D Thailand - mitrearth_L6_6_3</name>
							<Region>
								<LatLonAltBox>
									<north>15.34906894266761</north>
									<south>14.49566180119823</south>
									<east>100.7585031790658</east>
									<west>99.90514861509766</west>
									<minAltitude>0</minAltitude>
									<maxAltitude>0</maxAltitude>
								</LatLonAltBox>
								<Lod>
									<minLodPixels>512</minLodPixels>
									<maxLodPixels>-1</maxLodPixels>
									<minFadeExtent>0</minFadeExtent>
									<maxFadeExtent>0</maxFadeExtent>
								</Lod>
							</Region>
							<GroundOverlay>
								<drawOrder>6</drawOrder>
								<Icon>
									<href>C:/Users/pakorn/AppData/LocalLow/Google/GoogleEarth/kml_image_1-2 Topography 3D Thailand - mitrearth_L6_6_3.png</href>
								</Icon>
								<gx:altitudeMode>clampToSeaFloor</gx:altitudeMode>
								<LatLonBox>
									<north>15.34906894266761</north>
									<south>14.49566180119823</south>
									<east>100.7585031790658</east>
									<west>99.90514861509766</west>
								</LatLonBox>
							</GroundOverlay>
						</Folder>
						<Folder>
							<name>kml_image_1-2 Topography 3D Thailand - mitrearth_L6_7_2</name>
							<Region>
								<LatLonAltBox>
									<north>14.49566180119823</north>
									<south>13.64225465972885</south>
									<east>99.90514861509766</east>
									<west>99.05179405112948</west>
									<minAltitude>0</minAltitude>
									<maxAltitude>0</maxAltitude>
								</LatLonAltBox>
								<Lod>
									<minLodPixels>512</minLodPixels>
									<maxLodPixels>-1</maxLodPixels>
									<minFadeExtent>0</minFadeExtent>
									<maxFadeExtent>0</maxFadeExtent>
								</Lod>
							</Region>
							<GroundOverlay>
								<drawOrder>6</drawOrder>
								<Icon>
									<href>C:/Users/pakorn/AppData/LocalLow/Google/GoogleEarth/kml_image_1-2 Topography 3D Thailand - mitrearth_L6_7_2.png</href>
								</Icon>
								<gx:altitudeMode>clampToSeaFloor</gx:altitudeMode>
								<LatLonBox>
									<north>14.49566180119823</north>
									<south>13.64225465972885</south>
									<east>99.90514861509766</east>
									<west>99.05179405112948</west>
								</LatLonBox>
							</GroundOverlay>
						</Folder>
						<Folder>
							<name>kml_image_1-2 Topography 3D Thailand - mitrearth_L6_7_3</name>
							<Region>
								<LatLonAltBox>
									<north>14.49566180119823</north>
									<south>13.64225465972885</south>
									<east>100.7585031790658</east>
									<west>99.90514861509766</west>
									<minAltitude>0</minAltitude>
									<maxAltitude>0</maxAltitude>
								</LatLonAltBox>
								<Lod>
									<minLodPixels>512</minLodPixels>
									<maxLodPixels>-1</maxLodPixels>
									<minFadeExtent>0</minFadeExtent>
									<maxFadeExtent>0</maxFadeExtent>
								</Lod>
							</Region>
							<GroundOverlay>
								<drawOrder>6</drawOrder>
								<Icon>
									<href>C:/Users/pakorn/AppData/LocalLow/Google/GoogleEarth/kml_image_1-2 Topography 3D Thailand - mitrearth_L6_7_3.png</href>
								</Icon>
								<gx:altitudeMode>clampToSeaFloor</gx:altitudeMode>
								<LatLonBox>
									<north>14.49566180119823</north>
									<south>13.64225465972885</south>
									<east>100.7585031790658</east>
									<west>99.90514861509766</west>
								</LatLonBox>
							</GroundOverlay>
						</Folder>
					</Folder>
				</Folder>
				<Folder>
					<name>kml_image_1-2 Topography 3D Thailand - mitrearth_L4_1_1</name>
					<Region>
						<LatLonAltBox>
							<north>17.05588322560638</north>
							<south>13.64225465972885</south>
							<east>104.1719214349385</east>
							<west>100.7585031790658</west>
							<minAltitude>0</minAltitude>
							<maxAltitude>0</maxAltitude>
						</LatLonAltBox>
						<Lod>
							<minLodPixels>512</minLodPixels>
							<maxLodPixels>2049</maxLodPixels>
							<minFadeExtent>0</minFadeExtent>
							<maxFadeExtent>0</maxFadeExtent>
						</Lod>
					</Region>
					<GroundOverlay>
						<drawOrder>4</drawOrder>
						<Icon>
							<href>C:/Users/pakorn/AppData/LocalLow/Google/GoogleEarth/kml_image_1-2 Topography 3D Thailand - mitrearth_L4_1_1.png</href>
						</Icon>
						<gx:altitudeMode>clampToSeaFloor</gx:altitudeMode>
						<LatLonBox>
							<north>17.05588322560638</north>
							<south>13.64225465972885</south>
							<east>104.1719214349385</east>
							<west>100.7585031790658</west>
						</LatLonBox>
					</GroundOverlay>
					<Folder>
						<name>kml_image_1-2 Topography 3D Thailand - mitrearth_L5_2_2</name>
						<Region>
							<LatLonAltBox>
								<north>17.05588322560638</north>
								<south>15.34906894266761</south>
								<east>102.4652123070022</east>
								<west>100.7585031790658</west>
								<minAltitude>0</minAltitude>
								<maxAltitude>0</maxAltitude>
							</LatLonAltBox>
							<Lod>
								<minLodPixels>512</minLodPixels>
								<maxLodPixels>2049</maxLodPixels>
								<minFadeExtent>0</minFadeExtent>
								<maxFadeExtent>0</maxFadeExtent>
							</Lod>
						</Region>
						<GroundOverlay>
							<drawOrder>5</drawOrder>
							<Icon>
								<href>C:/Users/pakorn/AppData/LocalLow/Google/GoogleEarth/kml_image_1-2 Topography 3D Thailand - mitrearth_L5_2_2.png</href>
							</Icon>
							<gx:altitudeMode>clampToSeaFloor</gx:altitudeMode>
							<LatLonBox>
								<north>17.05588322560638</north>
								<south>15.34906894266761</south>
								<east>102.4652123070022</east>
								<west>100.7585031790658</west>
							</LatLonBox>
						</GroundOverlay>
						<Folder>
							<name>kml_image_1-2 Topography 3D Thailand - mitrearth_L6_4_4</name>
							<Region>
								<LatLonAltBox>
									<north>17.05588322560638</north>
									<south>16.202476084137</south>
									<east>101.611857743034</east>
									<west>100.7585031790658</west>
									<minAltitude>0</minAltitude>
									<maxAltitude>0</maxAltitude>
								</LatLonAltBox>
								<Lod>
									<minLodPixels>512</minLodPixels>
									<maxLodPixels>-1</maxLodPixels>
									<minFadeExtent>0</minFadeExtent>
									<maxFadeExtent>0</maxFadeExtent>
								</Lod>
							</Region>
							<GroundOverlay>
								<drawOrder>6</drawOrder>
								<Icon>
									<href>C:/Users/pakorn/AppData/LocalLow/Google/GoogleEarth/kml_image_1-2 Topography 3D Thailand - mitrearth_L6_4_4.png</href>
								</Icon>
								<gx:altitudeMode>clampToSeaFloor</gx:altitudeMode>
								<LatLonBox>
									<north>17.05588322560638</north>
									<south>16.202476084137</south>
									<east>101.611857743034</east>
									<west>100.7585031790658</west>
								</LatLonBox>
							</GroundOverlay>
						</Folder>
						<Folder>
							<name>kml_image_1-2 Topography 3D Thailand - mitrearth_L6_4_5</name>
							<Region>
								<LatLonAltBox>
									<north>17.05588322560638</north>
									<south>16.202476084137</south>
									<east>102.4652123070022</east>
									<west>101.611857743034</west>
									<minAltitude>0</minAltitude>
									<maxAltitude>0</maxAltitude>
								</LatLonAltBox>
								<Lod>
									<minLodPixels>512</minLodPixels>
									<maxLodPixels>-1</maxLodPixels>
									<minFadeExtent>0</minFadeExtent>
									<maxFadeExtent>0</maxFadeExtent>
								</Lod>
							</Region>
							<GroundOverlay>
								<drawOrder>6</drawOrder>
								<Icon>
									<href>C:/Users/pakorn/AppData/LocalLow/Google/GoogleEarth/kml_image_1-2 Topography 3D Thailand - mitrearth_L6_4_5.png</href>
								</Icon>
								<gx:altitudeMode>clampToSeaFloor</gx:altitudeMode>
								<LatLonBox>
									<north>17.05588322560638</north>
									<south>16.202476084137</south>
									<east>102.4652123070022</east>
									<west>101.611857743034</west>
								</LatLonBox>
							</GroundOverlay>
						</Folder>
						<Folder>
							<name>kml_image_1-2 Topography 3D Thailand - mitrearth_L6_5_4</name>
							<Region>
								<LatLonAltBox>
									<north>16.202476084137</north>
									<south>15.34906894266761</south>
									<east>101.611857743034</east>
									<west>100.7585031790658</west>
									<minAltitude>0</minAltitude>
									<maxAltitude>0</maxAltitude>
								</LatLonAltBox>
								<Lod>
									<minLodPixels>512</minLodPixels>
									<maxLodPixels>-1</maxLodPixels>
									<minFadeExtent>0</minFadeExtent>
									<maxFadeExtent>0</maxFadeExtent>
								</Lod>
							</Region>
							<GroundOverlay>
								<drawOrder>6</drawOrder>
								<Icon>
									<href>C:/Users/pakorn/AppData/LocalLow/Google/GoogleEarth/kml_image_1-2 Topography 3D Thailand - mitrearth_L6_5_4.png</href>
								</Icon>
								<gx:altitudeMode>clampToSeaFloor</gx:altitudeMode>
								<LatLonBox>
									<north>16.202476084137</north>
									<south>15.34906894266761</south>
									<east>101.611857743034</east>
									<west>100.7585031790658</west>
								</LatLonBox>
							</GroundOverlay>
						</Folder>
						<Folder>
							<name>kml_image_1-2 Topography 3D Thailand - mitrearth_L6_5_5</name>
							<Region>
								<LatLonAltBox>
									<north>16.202476084137</north>
									<south>15.34906894266761</south>
									<east>102.4652123070022</east>
									<west>101.611857743034</west>
									<minAltitude>0</minAltitude>
									<maxAltitude>0</maxAltitude>
								</LatLonAltBox>
								<Lod>
									<minLodPixels>512</minLodPixels>
									<maxLodPixels>-1</maxLodPixels>
									<minFadeExtent>0</minFadeExtent>
									<maxFadeExtent>0</maxFadeExtent>
								</Lod>
							</Region>
							<GroundOverlay>
								<drawOrder>6</drawOrder>
								<Icon>
									<href>C:/Users/pakorn/AppData/LocalLow/Google/GoogleEarth/kml_image_1-2 Topography 3D Thailand - mitrearth_L6_5_5.png</href>
								</Icon>
								<gx:altitudeMode>clampToSeaFloor</gx:altitudeMode>
								<LatLonBox>
									<north>16.202476084137</north>
									<south>15.34906894266761</south>
									<east>102.4652123070022</east>
									<west>101.611857743034</west>
								</LatLonBox>
							</GroundOverlay>
						</Folder>
					</Folder>
					<Folder>
						<name>kml_image_1-2 Topography 3D Thailand - mitrearth_L5_2_3</name>
						<Region>
							<LatLonAltBox>
								<north>17.05588322560638</north>
								<south>15.34906894266761</south>
								<east>104.1719214349385</east>
								<west>102.4652123070022</west>
								<minAltitude>0</minAltitude>
								<maxAltitude>0</maxAltitude>
							</LatLonAltBox>
							<Lod>
								<minLodPixels>512</minLodPixels>
								<maxLodPixels>2049</maxLodPixels>
								<minFadeExtent>0</minFadeExtent>
								<maxFadeExtent>0</maxFadeExtent>
							</Lod>
						</Region>
						<GroundOverlay>
							<drawOrder>5</drawOrder>
							<Icon>
								<href>C:/Users/pakorn/AppData/LocalLow/Google/GoogleEarth/kml_image_1-2 Topography 3D Thailand - mitrearth_L5_2_3.png</href>
							</Icon>
							<gx:altitudeMode>clampToSeaFloor</gx:altitudeMode>
							<LatLonBox>
								<north>17.05588322560638</north>
								<south>15.34906894266761</south>
								<east>104.1719214349385</east>
								<west>102.4652123070022</west>
							</LatLonBox>
						</GroundOverlay>
						<Folder>
							<name>kml_image_1-2 Topography 3D Thailand - mitrearth_L6_4_6</name>
							<Region>
								<LatLonAltBox>
									<north>17.05588322560638</north>
									<south>16.202476084137</south>
									<east>103.3185668709703</east>
									<west>102.4652123070022</west>
									<minAltitude>0</minAltitude>
									<maxAltitude>0</maxAltitude>
								</LatLonAltBox>
								<Lod>
									<minLodPixels>512</minLodPixels>
									<maxLodPixels>-1</maxLodPixels>
									<minFadeExtent>0</minFadeExtent>
									<maxFadeExtent>0</maxFadeExtent>
								</Lod>
							</Region>
							<GroundOverlay>
								<drawOrder>6</drawOrder>
								<Icon>
									<href>C:/Users/pakorn/AppData/LocalLow/Google/GoogleEarth/kml_image_1-2 Topography 3D Thailand - mitrearth_L6_4_6.png</href>
								</Icon>
								<gx:altitudeMode>clampToSeaFloor</gx:altitudeMode>
								<LatLonBox>
									<north>17.05588322560638</north>
									<south>16.202476084137</south>
									<east>103.3185668709703</east>
									<west>102.4652123070022</west>
								</LatLonBox>
							</GroundOverlay>
						</Folder>
						<Folder>
							<name>kml_image_1-2 Topography 3D Thailand - mitrearth_L6_4_7</name>
							<Region>
								<LatLonAltBox>
									<north>17.05588322560638</north>
									<south>16.202476084137</south>
									<east>104.1719214349385</east>
									<west>103.3185668709703</west>
									<minAltitude>0</minAltitude>
									<maxAltitude>0</maxAltitude>
								</LatLonAltBox>
								<Lod>
									<minLodPixels>512</minLodPixels>
									<maxLodPixels>-1</maxLodPixels>
									<minFadeExtent>0</minFadeExtent>
									<maxFadeExtent>0</maxFadeExtent>
								</Lod>
							</Region>
							<GroundOverlay>
								<drawOrder>6</drawOrder>
								<Icon>
									<href>C:/Users/pakorn/AppData/LocalLow/Google/GoogleEarth/kml_image_1-2 Topography 3D Thailand - mitrearth_L6_4_7.png</href>
								</Icon>
								<gx:altitudeMode>clampToSeaFloor</gx:altitudeMode>
								<LatLonBox>
									<north>17.05588322560638</north>
									<south>16.202476084137</south>
									<east>104.1719214349385</east>
									<west>103.3185668709703</west>
								</LatLonBox>
							</GroundOverlay>
						</Folder>
						<Folder>
							<name>kml_image_1-2 Topography 3D Thailand - mitrearth_L6_5_6</name>
							<Region>
								<LatLonAltBox>
									<north>16.202476084137</north>
									<south>15.34906894266761</south>
									<east>103.3185668709703</east>
									<west>102.4652123070022</west>
									<minAltitude>0</minAltitude>
									<maxAltitude>0</maxAltitude>
								</LatLonAltBox>
								<Lod>
									<minLodPixels>512</minLodPixels>
									<maxLodPixels>-1</maxLodPixels>
									<minFadeExtent>0</minFadeExtent>
									<maxFadeExtent>0</maxFadeExtent>
								</Lod>
							</Region>
							<GroundOverlay>
								<drawOrder>6</drawOrder>
								<Icon>
									<href>C:/Users/pakorn/AppData/LocalLow/Google/GoogleEarth/kml_image_1-2 Topography 3D Thailand - mitrearth_L6_5_6.png</href>
								</Icon>
								<gx:altitudeMode>clampToSeaFloor</gx:altitudeMode>
								<LatLonBox>
									<north>16.202476084137</north>
									<south>15.34906894266761</south>
									<east>103.3185668709703</east>
									<west>102.4652123070022</west>
								</LatLonBox>
							</GroundOverlay>
						</Folder>
						<Folder>
							<name>kml_image_1-2 Topography 3D Thailand - mitrearth_L6_5_7</name>
							<Region>
								<LatLonAltBox>
									<north>16.202476084137</north>
									<south>15.34906894266761</south>
									<east>104.1719214349385</east>
									<west>103.3185668709703</west>
									<minAltitude>0</minAltitude>
									<maxAltitude>0</maxAltitude>
								</LatLonAltBox>
								<Lod>
									<minLodPixels>512</minLodPixels>
									<maxLodPixels>-1</maxLodPixels>
									<minFadeExtent>0</minFadeExtent>
									<maxFadeExtent>0</maxFadeExtent>
								</Lod>
							</Region>
							<GroundOverlay>
								<drawOrder>6</drawOrder>
								<Icon>
									<href>C:/Users/pakorn/AppData/LocalLow/Google/GoogleEarth/kml_image_1-2 Topography 3D Thailand - mitrearth_L6_5_7.png</href>
								</Icon>
								<gx:altitudeMode>clampToSeaFloor</gx:altitudeMode>
								<LatLonBox>
									<north>16.202476084137</north>
									<south>15.34906894266761</south>
									<east>104.1719214349385</east>
									<west>103.3185668709703</west>
								</LatLonBox>
							</GroundOverlay>
						</Folder>
					</Folder>
					<Folder>
						<name>kml_image_1-2 Topography 3D Thailand - mitrearth_L5_3_2</name>
						<Region>
							<LatLonAltBox>
								<north>15.34906894266761</north>
								<south>13.64225465972885</south>
								<east>102.4652123070022</east>
								<west>100.7585031790658</west>
								<minAltitude>0</minAltitude>
								<maxAltitude>0</maxAltitude>
							</LatLonAltBox>
							<Lod>
								<minLodPixels>512</minLodPixels>
								<maxLodPixels>2049</maxLodPixels>
								<minFadeExtent>0</minFadeExtent>
								<maxFadeExtent>0</maxFadeExtent>
							</Lod>
						</Region>
						<GroundOverlay>
							<drawOrder>5</drawOrder>
							<Icon>
								<href>C:/Users/pakorn/AppData/LocalLow/Google/GoogleEarth/kml_image_1-2 Topography 3D Thailand - mitrearth_L5_3_2.png</href>
							</Icon>
							<gx:altitudeMode>clampToSeaFloor</gx:altitudeMode>
							<LatLonBox>
								<north>15.34906894266761</north>
								<south>13.64225465972885</south>
								<east>102.4652123070022</east>
								<west>100.7585031790658</west>
							</LatLonBox>
						</GroundOverlay>
						<Folder>
							<name>kml_image_1-2 Topography 3D Thailand - mitrearth_L6_6_4</name>
							<Region>
								<LatLonAltBox>
									<north>15.34906894266761</north>
									<south>14.49566180119823</south>
									<east>101.611857743034</east>
									<west>100.7585031790658</west>
									<minAltitude>0</minAltitude>
									<maxAltitude>0</maxAltitude>
								</LatLonAltBox>
								<Lod>
									<minLodPixels>512</minLodPixels>
									<maxLodPixels>-1</maxLodPixels>
									<minFadeExtent>0</minFadeExtent>
									<maxFadeExtent>0</maxFadeExtent>
								</Lod>
							</Region>
							<GroundOverlay>
								<drawOrder>6</drawOrder>
								<Icon>
									<href>C:/Users/pakorn/AppData/LocalLow/Google/GoogleEarth/kml_image_1-2 Topography 3D Thailand - mitrearth_L6_6_4.png</href>
								</Icon>
								<gx:altitudeMode>clampToSeaFloor</gx:altitudeMode>
								<LatLonBox>
									<north>15.34906894266761</north>
									<south>14.49566180119823</south>
									<east>101.611857743034</east>
									<west>100.7585031790658</west>
								</LatLonBox>
							</GroundOverlay>
						</Folder>
						<Folder>
							<name>kml_image_1-2 Topography 3D Thailand - mitrearth_L6_6_5</name>
							<Region>
								<LatLonAltBox>
									<north>15.34906894266761</north>
									<south>14.49566180119823</south>
									<east>102.4652123070022</east>
									<west>101.611857743034</west>
									<minAltitude>0</minAltitude>
									<maxAltitude>0</maxAltitude>
								</LatLonAltBox>
								<Lod>
									<minLodPixels>512</minLodPixels>
									<maxLodPixels>-1</maxLodPixels>
									<minFadeExtent>0</minFadeExtent>
									<maxFadeExtent>0</maxFadeExtent>
								</Lod>
							</Region>
							<GroundOverlay>
								<drawOrder>6</drawOrder>
								<Icon>
									<href>C:/Users/pakorn/AppData/LocalLow/Google/GoogleEarth/kml_image_1-2 Topography 3D Thailand - mitrearth_L6_6_5.png</href>
								</Icon>
								<gx:altitudeMode>clampToSeaFloor</gx:altitudeMode>
								<LatLonBox>
									<north>15.34906894266761</north>
									<south>14.49566180119823</south>
									<east>102.4652123070022</east>
									<west>101.611857743034</west>
								</LatLonBox>
							</GroundOverlay>
						</Folder>
						<Folder>
							<name>kml_image_1-2 Topography 3D Thailand - mitrearth_L6_7_4</name>
							<Region>
								<LatLonAltBox>
									<north>14.49566180119823</north>
									<south>13.64225465972885</south>
									<east>101.611857743034</east>
									<west>100.7585031790658</west>
									<minAltitude>0</minAltitude>
									<maxAltitude>0</maxAltitude>
								</LatLonAltBox>
								<Lod>
									<minLodPixels>512</minLodPixels>
									<maxLodPixels>-1</maxLodPixels>
									<minFadeExtent>0</minFadeExtent>
									<maxFadeExtent>0</maxFadeExtent>
								</Lod>
							</Region>
							<GroundOverlay>
								<drawOrder>6</drawOrder>
								<Icon>
									<href>C:/Users/pakorn/AppData/LocalLow/Google/GoogleEarth/kml_image_1-2 Topography 3D Thailand - mitrearth_L6_7_4.png</href>
								</Icon>
								<gx:altitudeMode>clampToSeaFloor</gx:altitudeMode>
								<LatLonBox>
									<north>14.49566180119823</north>
									<south>13.64225465972885</south>
									<east>101.611857743034</east>
									<west>100.7585031790658</west>
								</LatLonBox>
							</GroundOverlay>
						</Folder>
						<Folder>
							<name>kml_image_1-2 Topography 3D Thailand - mitrearth_L6_7_5</name>
							<Region>
								<LatLonAltBox>
									<north>14.49566180119823</north>
									<south>13.64225465972885</south>
									<east>102.4652123070022</east>
									<west>101.611857743034</west>
									<minAltitude>0</minAltitude>
									<maxAltitude>0</maxAltitude>
								</LatLonAltBox>
								<Lod>
									<minLodPixels>512</minLodPixels>
									<maxLodPixels>-1</maxLodPixels>
									<minFadeExtent>0</minFadeExtent>
									<maxFadeExtent>0</maxFadeExtent>
								</Lod>
							</Region>
							<GroundOverlay>
								<drawOrder>6</drawOrder>
								<Icon>
									<href>C:/Users/pakorn/AppData/LocalLow/Google/GoogleEarth/kml_image_1-2 Topography 3D Thailand - mitrearth_L6_7_5.png</href>
								</Icon>
								<gx:altitudeMode>clampToSeaFloor</gx:altitudeMode>
								<LatLonBox>
									<north>14.49566180119823</north>
									<south>13.64225465972885</south>
									<east>102.4652123070022</east>
									<west>101.611857743034</west>
								</LatLonBox>
							</GroundOverlay>
						</Folder>
					</Folder>
					<Folder>
						<name>kml_image_1-2 Topography 3D Thailand - mitrearth_L5_3_3</name>
						<Region>
							<LatLonAltBox>
								<north>15.34906894266761</north>
								<south>13.64225465972885</south>
								<east>104.1719214349385</east>
								<west>102.4652123070022</west>
								<minAltitude>0</minAltitude>
								<maxAltitude>0</maxAltitude>
							</LatLonAltBox>
							<Lod>
								<minLodPixels>512</minLodPixels>
								<maxLodPixels>2049</maxLodPixels>
								<minFadeExtent>0</minFadeExtent>
								<maxFadeExtent>0</maxFadeExtent>
							</Lod>
						</Region>
						<GroundOverlay>
							<drawOrder>5</drawOrder>
							<Icon>
								<href>C:/Users/pakorn/AppData/LocalLow/Google/GoogleEarth/kml_image_1-2 Topography 3D Thailand - mitrearth_L5_3_3.png</href>
							</Icon>
							<gx:altitudeMode>clampToSeaFloor</gx:altitudeMode>
							<LatLonBox>
								<north>15.34906894266761</north>
								<south>13.64225465972885</south>
								<east>104.1719214349385</east>
								<west>102.4652123070022</west>
							</LatLonBox>
						</GroundOverlay>
						<Folder>
							<name>kml_image_1-2 Topography 3D Thailand - mitrearth_L6_6_6</name>
							<Region>
								<LatLonAltBox>
									<north>15.34906894266761</north>
									<south>14.49566180119823</south>
									<east>103.3185668709703</east>
									<west>102.4652123070022</west>
									<minAltitude>0</minAltitude>
									<maxAltitude>0</maxAltitude>
								</LatLonAltBox>
								<Lod>
									<minLodPixels>512</minLodPixels>
									<maxLodPixels>-1</maxLodPixels>
									<minFadeExtent>0</minFadeExtent>
									<maxFadeExtent>0</maxFadeExtent>
								</Lod>
							</Region>
							<GroundOverlay>
								<drawOrder>6</drawOrder>
								<Icon>
									<href>C:/Users/pakorn/AppData/LocalLow/Google/GoogleEarth/kml_image_1-2 Topography 3D Thailand - mitrearth_L6_6_6.png</href>
								</Icon>
								<gx:altitudeMode>clampToSeaFloor</gx:altitudeMode>
								<LatLonBox>
									<north>15.34906894266761</north>
									<south>14.49566180119823</south>
									<east>103.3185668709703</east>
									<west>102.4652123070022</west>
								</LatLonBox>
							</GroundOverlay>
						</Folder>
						<Folder>
							<name>kml_image_1-2 Topography 3D Thailand - mitrearth_L6_6_7</name>
							<Region>
								<LatLonAltBox>
									<north>15.34906894266761</north>
									<south>14.49566180119823</south>
									<east>104.1719214349385</east>
									<west>103.3185668709703</west>
									<minAltitude>0</minAltitude>
									<maxAltitude>0</maxAltitude>
								</LatLonAltBox>
								<Lod>
									<minLodPixels>512</minLodPixels>
									<maxLodPixels>-1</maxLodPixels>
									<minFadeExtent>0</minFadeExtent>
									<maxFadeExtent>0</maxFadeExtent>
								</Lod>
							</Region>
							<GroundOverlay>
								<drawOrder>6</drawOrder>
								<Icon>
									<href>C:/Users/pakorn/AppData/LocalLow/Google/GoogleEarth/kml_image_1-2 Topography 3D Thailand - mitrearth_L6_6_7.png</href>
								</Icon>
								<gx:altitudeMode>clampToSeaFloor</gx:altitudeMode>
								<LatLonBox>
									<north>15.34906894266761</north>
									<south>14.49566180119823</south>
									<east>104.1719214349385</east>
									<west>103.3185668709703</west>
								</LatLonBox>
							</GroundOverlay>
						</Folder>
						<Folder>
							<name>kml_image_1-2 Topography 3D Thailand - mitrearth_L6_7_6</name>
							<Region>
								<LatLonAltBox>
									<north>14.49566180119823</north>
									<south>13.64225465972885</south>
									<east>103.3185668709703</east>
									<west>102.4652123070022</west>
									<minAltitude>0</minAltitude>
									<maxAltitude>0</maxAltitude>
								</LatLonAltBox>
								<Lod>
									<minLodPixels>512</minLodPixels>
									<maxLodPixels>-1</maxLodPixels>
									<minFadeExtent>0</minFadeExtent>
									<maxFadeExtent>0</maxFadeExtent>
								</Lod>
							</Region>
							<GroundOverlay>
								<drawOrder>6</drawOrder>
								<Icon>
									<href>C:/Users/pakorn/AppData/LocalLow/Google/GoogleEarth/kml_image_1-2 Topography 3D Thailand - mitrearth_L6_7_6.png</href>
								</Icon>
								<gx:altitudeMode>clampToSeaFloor</gx:altitudeMode>
								<LatLonBox>
									<north>14.49566180119823</north>
									<south>13.64225465972885</south>
									<east>103.3185668709703</east>
									<west>102.4652123070022</west>
								</LatLonBox>
							</GroundOverlay>
						</Folder>
						<Folder>
							<name>kml_image_1-2 Topography 3D Thailand - mitrearth_L6_7_7</name>
							<Region>
								<LatLonAltBox>
									<north>14.49566180119823</north>
									<south>13.64225465972885</south>
									<east>104.1719214349385</east>
									<west>103.3185668709703</west>
									<minAltitude>0</minAltitude>
									<maxAltitude>0</maxAltitude>
								</LatLonAltBox>
								<Lod>
									<minLodPixels>512</minLodPixels>
									<maxLodPixels>-1</maxLodPixels>
									<minFadeExtent>0</minFadeExtent>
									<maxFadeExtent>0</maxFadeExtent>
								</Lod>
							</Region>
							<GroundOverlay>
								<drawOrder>6</drawOrder>
								<Icon>
									<href>C:/Users/pakorn/AppData/LocalLow/Google/GoogleEarth/kml_image_1-2 Topography 3D Thailand - mitrearth_L6_7_7.png</href>
								</Icon>
								<gx:altitudeMode>clampToSeaFloor</gx:altitudeMode>
								<LatLonBox>
									<north>14.49566180119823</north>
									<south>13.64225465972885</south>
									<east>104.1719214349385</east>
									<west>103.3185668709703</west>
								</LatLonBox>
							</GroundOverlay>
						</Folder>
					</Folder>
				</Folder>
			</Folder>
			<Folder>
				<name>kml_image_1-2 Topography 3D Thailand - mitrearth_L3_0_1</name>
				<Region>
					<LatLonAltBox>
						<north>20.46951179148392</north>
						<south>13.64225465972885</south>
						<east>105.6386245917588</east>
						<west>104.1719214349385</west>
						<minAltitude>0</minAltitude>
						<maxAltitude>0</maxAltitude>
					</LatLonAltBox>
					<Lod>
						<minLodPixels>237</minLodPixels>
						<maxLodPixels>2049</maxLodPixels>
						<minFadeExtent>0</minFadeExtent>
						<maxFadeExtent>0</maxFadeExtent>
					</Lod>
				</Region>
				<GroundOverlay>
					<drawOrder>3</drawOrder>
					<Icon>
						<href>C:/Users/pakorn/AppData/LocalLow/Google/GoogleEarth/kml_image_1-2 Topography 3D Thailand - mitrearth_L3_0_1.png</href>
					</Icon>
					<gx:altitudeMode>clampToSeaFloor</gx:altitudeMode>
					<LatLonBox>
						<north>20.46951179148392</north>
						<south>13.64225465972885</south>
						<east>105.6386245917588</east>
						<west>104.1719214349385</west>
					</LatLonBox>
				</GroundOverlay>
				<Folder>
					<name>kml_image_1-2 Topography 3D Thailand - mitrearth_L4_0_2</name>
					<Region>
						<LatLonAltBox>
							<north>20.46951179148392</north>
							<south>17.05588322560638</south>
							<east>105.6386245917588</east>
							<west>104.1719214349385</west>
							<minAltitude>0</minAltitude>
							<maxAltitude>0</maxAltitude>
						</LatLonAltBox>
						<Lod>
							<minLodPixels>336</minLodPixels>
							<maxLodPixels>2049</maxLodPixels>
							<minFadeExtent>0</minFadeExtent>
							<maxFadeExtent>0</maxFadeExtent>
						</Lod>
					</Region>
					<GroundOverlay>
						<drawOrder>4</drawOrder>
						<Icon>
							<href>C:/Users/pakorn/AppData/LocalLow/Google/GoogleEarth/kml_image_1-2 Topography 3D Thailand - mitrearth_L4_0_2.png</href>
						</Icon>
						<gx:altitudeMode>clampToSeaFloor</gx:altitudeMode>
						<LatLonBox>
							<north>20.46951179148392</north>
							<south>17.05588322560638</south>
							<east>105.6386245917588</east>
							<west>104.1719214349385</west>
						</LatLonBox>
					</GroundOverlay>
					<Folder>
						<name>kml_image_1-2 Topography 3D Thailand - mitrearth_L5_1_4</name>
						<Region>
							<LatLonAltBox>
								<north>18.76269750854515</north>
								<south>17.05588322560638</south>
								<east>105.6386245917588</east>
								<west>104.1719214349385</west>
								<minAltitude>0</minAltitude>
								<maxAltitude>0</maxAltitude>
							</LatLonAltBox>
							<Lod>
								<minLodPixels>475</minLodPixels>
								<maxLodPixels>2049</maxLodPixels>
								<minFadeExtent>0</minFadeExtent>
								<maxFadeExtent>0</maxFadeExtent>
							</Lod>
						</Region>
						<GroundOverlay>
							<drawOrder>5</drawOrder>
							<Icon>
								<href>C:/Users/pakorn/AppData/LocalLow/Google/GoogleEarth/kml_image_1-2 Topography 3D Thailand - mitrearth_L5_1_4.png</href>
							</Icon>
							<gx:altitudeMode>clampToSeaFloor</gx:altitudeMode>
							<LatLonBox>
								<north>18.76269750854515</north>
								<south>17.05588322560638</south>
								<east>105.6386245917588</east>
								<west>104.1719214349385</west>
							</LatLonBox>
						</GroundOverlay>
						<Folder>
							<name>kml_image_1-2 Topography 3D Thailand - mitrearth_L6_2_8</name>
							<Region>
								<LatLonAltBox>
									<north>18.76269750854515</north>
									<south>17.90929036707577</south>
									<east>105.0252759989067</east>
									<west>104.1719214349385</west>
									<minAltitude>0</minAltitude>
									<maxAltitude>0</maxAltitude>
								</LatLonAltBox>
								<Lod>
									<minLodPixels>512</minLodPixels>
									<maxLodPixels>-1</maxLodPixels>
									<minFadeExtent>0</minFadeExtent>
									<maxFadeExtent>0</maxFadeExtent>
								</Lod>
							</Region>
							<GroundOverlay>
								<drawOrder>6</drawOrder>
								<Icon>
									<href>C:/Users/pakorn/AppData/LocalLow/Google/GoogleEarth/kml_image_1-2 Topography 3D Thailand - mitrearth_L6_2_8.png</href>
								</Icon>
								<gx:altitudeMode>clampToSeaFloor</gx:altitudeMode>
								<LatLonBox>
									<north>18.76269750854515</north>
									<south>17.90929036707577</south>
									<east>105.0252759989067</east>
									<west>104.1719214349385</west>
								</LatLonBox>
							</GroundOverlay>
						</Folder>
						<Folder>
							<name>kml_image_1-2 Topography 3D Thailand - mitrearth_L6_3_8</name>
							<Region>
								<LatLonAltBox>
									<north>17.90929036707577</north>
									<south>17.05588322560638</south>
									<east>105.0252759989067</east>
									<west>104.1719214349385</west>
									<minAltitude>0</minAltitude>
									<maxAltitude>0</maxAltitude>
								</LatLonAltBox>
								<Lod>
									<minLodPixels>512</minLodPixels>
									<maxLodPixels>-1</maxLodPixels>
									<minFadeExtent>0</minFadeExtent>
									<maxFadeExtent>0</maxFadeExtent>
								</Lod>
							</Region>
							<GroundOverlay>
								<drawOrder>6</drawOrder>
								<Icon>
									<href>C:/Users/pakorn/AppData/LocalLow/Google/GoogleEarth/kml_image_1-2 Topography 3D Thailand - mitrearth_L6_3_8.png</href>
								</Icon>
								<gx:altitudeMode>clampToSeaFloor</gx:altitudeMode>
								<LatLonBox>
									<north>17.90929036707577</north>
									<south>17.05588322560638</south>
									<east>105.0252759989067</east>
									<west>104.1719214349385</west>
								</LatLonBox>
							</GroundOverlay>
						</Folder>
					</Folder>
				</Folder>
				<Folder>
					<name>kml_image_1-2 Topography 3D Thailand - mitrearth_L4_1_2</name>
					<Region>
						<LatLonAltBox>
							<north>17.05588322560638</north>
							<south>13.64225465972885</south>
							<east>105.6386245917588</east>
							<west>104.1719214349385</west>
							<minAltitude>0</minAltitude>
							<maxAltitude>0</maxAltitude>
						</LatLonAltBox>
						<Lod>
							<minLodPixels>336</minLodPixels>
							<maxLodPixels>2049</maxLodPixels>
							<minFadeExtent>0</minFadeExtent>
							<maxFadeExtent>0</maxFadeExtent>
						</Lod>
					</Region>
					<GroundOverlay>
						<drawOrder>4</drawOrder>
						<Icon>
							<href>C:/Users/pakorn/AppData/LocalLow/Google/GoogleEarth/kml_image_1-2 Topography 3D Thailand - mitrearth_L4_1_2.png</href>
						</Icon>
						<gx:altitudeMode>clampToSeaFloor</gx:altitudeMode>
						<LatLonBox>
							<north>17.05588322560638</north>
							<south>13.64225465972885</south>
							<east>105.6386245917588</east>
							<west>104.1719214349385</west>
						</LatLonBox>
					</GroundOverlay>
					<Folder>
						<name>kml_image_1-2 Topography 3D Thailand - mitrearth_L5_2_4</name>
						<Region>
							<LatLonAltBox>
								<north>17.05588322560638</north>
								<south>15.34906894266761</south>
								<east>105.6386245917588</east>
								<west>104.1719214349385</west>
								<minAltitude>0</minAltitude>
								<maxAltitude>0</maxAltitude>
							</LatLonAltBox>
							<Lod>
								<minLodPixels>475</minLodPixels>
								<maxLodPixels>2049</maxLodPixels>
								<minFadeExtent>0</minFadeExtent>
								<maxFadeExtent>0</maxFadeExtent>
							</Lod>
						</Region>
						<GroundOverlay>
							<drawOrder>5</drawOrder>
							<Icon>
								<href>C:/Users/pakorn/AppData/LocalLow/Google/GoogleEarth/kml_image_1-2 Topography 3D Thailand - mitrearth_L5_2_4.png</href>
							</Icon>
							<gx:altitudeMode>clampToSeaFloor</gx:altitudeMode>
							<LatLonBox>
								<north>17.05588322560638</north>
								<south>15.34906894266761</south>
								<east>105.6386245917588</east>
								<west>104.1719214349385</west>
							</LatLonBox>
						</GroundOverlay>
						<Folder>
							<name>kml_image_1-2 Topography 3D Thailand - mitrearth_L6_4_8</name>
							<Region>
								<LatLonAltBox>
									<north>17.05588322560638</north>
									<south>16.202476084137</south>
									<east>105.0252759989067</east>
									<west>104.1719214349385</west>
									<minAltitude>0</minAltitude>
									<maxAltitude>0</maxAltitude>
								</LatLonAltBox>
								<Lod>
									<minLodPixels>512</minLodPixels>
									<maxLodPixels>-1</maxLodPixels>
									<minFadeExtent>0</minFadeExtent>
									<maxFadeExtent>0</maxFadeExtent>
								</Lod>
							</Region>
							<GroundOverlay>
								<drawOrder>6</drawOrder>
								<Icon>
									<href>C:/Users/pakorn/AppData/LocalLow/Google/GoogleEarth/kml_image_1-2 Topography 3D Thailand - mitrearth_L6_4_8.png</href>
								</Icon>
								<gx:altitudeMode>clampToSeaFloor</gx:altitudeMode>
								<LatLonBox>
									<north>17.05588322560638</north>
									<south>16.202476084137</south>
									<east>105.0252759989067</east>
									<west>104.1719214349385</west>
								</LatLonBox>
							</GroundOverlay>
						</Folder>
						<Folder>
							<name>kml_image_1-2 Topography 3D Thailand - mitrearth_L6_5_8</name>
							<Region>
								<LatLonAltBox>
									<north>16.202476084137</north>
									<south>15.34906894266761</south>
									<east>105.0252759989067</east>
									<west>104.1719214349385</west>
									<minAltitude>0</minAltitude>
									<maxAltitude>0</maxAltitude>
								</LatLonAltBox>
								<Lod>
									<minLodPixels>512</minLodPixels>
									<maxLodPixels>-1</maxLodPixels>
									<minFadeExtent>0</minFadeExtent>
									<maxFadeExtent>0</maxFadeExtent>
								</Lod>
							</Region>
							<GroundOverlay>
								<drawOrder>6</drawOrder>
								<Icon>
									<href>C:/Users/pakorn/AppData/LocalLow/Google/GoogleEarth/kml_image_1-2 Topography 3D Thailand - mitrearth_L6_5_8.png</href>
								</Icon>
								<gx:altitudeMode>clampToSeaFloor</gx:altitudeMode>
								<LatLonBox>
									<north>16.202476084137</north>
									<south>15.34906894266761</south>
									<east>105.0252759989067</east>
									<west>104.1719214349385</west>
								</LatLonBox>
							</GroundOverlay>
						</Folder>
						<Folder>
							<name>kml_image_1-2 Topography 3D Thailand - mitrearth_L6_5_9</name>
							<Region>
								<LatLonAltBox>
									<north>16.202476084137</north>
									<south>15.34906894266761</south>
									<east>105.6386245917588</east>
									<west>105.0252759989067</west>
									<minAltitude>0</minAltitude>
									<maxAltitude>0</maxAltitude>
								</LatLonAltBox>
								<Lod>
									<minLodPixels>434</minLodPixels>
									<maxLodPixels>-1</maxLodPixels>
									<minFadeExtent>0</minFadeExtent>
									<maxFadeExtent>0</maxFadeExtent>
								</Lod>
							</Region>
							<GroundOverlay>
								<drawOrder>6</drawOrder>
								<Icon>
									<href>C:/Users/pakorn/AppData/LocalLow/Google/GoogleEarth/kml_image_1-2 Topography 3D Thailand - mitrearth_L6_5_9.png</href>
								</Icon>
								<gx:altitudeMode>clampToSeaFloor</gx:altitudeMode>
								<LatLonBox>
									<north>16.202476084137</north>
									<south>15.34906894266761</south>
									<east>105.6386245917588</east>
									<west>105.0252759989067</west>
								</LatLonBox>
							</GroundOverlay>
						</Folder>
					</Folder>
					<Folder>
						<name>kml_image_1-2 Topography 3D Thailand - mitrearth_L5_3_4</name>
						<Region>
							<LatLonAltBox>
								<north>15.34906894266761</north>
								<south>13.64225465972885</south>
								<east>105.6386245917588</east>
								<west>104.1719214349385</west>
								<minAltitude>0</minAltitude>
								<maxAltitude>0</maxAltitude>
							</LatLonAltBox>
							<Lod>
								<minLodPixels>475</minLodPixels>
								<maxLodPixels>2049</maxLodPixels>
								<minFadeExtent>0</minFadeExtent>
								<maxFadeExtent>0</maxFadeExtent>
							</Lod>
						</Region>
						<GroundOverlay>
							<drawOrder>5</drawOrder>
							<Icon>
								<href>C:/Users/pakorn/AppData/LocalLow/Google/GoogleEarth/kml_image_1-2 Topography 3D Thailand - mitrearth_L5_3_4.png</href>
							</Icon>
							<gx:altitudeMode>clampToSeaFloor</gx:altitudeMode>
							<LatLonBox>
								<north>15.34906894266761</north>
								<south>13.64225465972885</south>
								<east>105.6386245917588</east>
								<west>104.1719214349385</west>
							</LatLonBox>
						</GroundOverlay>
						<Folder>
							<name>kml_image_1-2 Topography 3D Thailand - mitrearth_L6_6_8</name>
							<Region>
								<LatLonAltBox>
									<north>15.34906894266761</north>
									<south>14.49566180119823</south>
									<east>105.0252759989067</east>
									<west>104.1719214349385</west>
									<minAltitude>0</minAltitude>
									<maxAltitude>0</maxAltitude>
								</LatLonAltBox>
								<Lod>
									<minLodPixels>512</minLodPixels>
									<maxLodPixels>-1</maxLodPixels>
									<minFadeExtent>0</minFadeExtent>
									<maxFadeExtent>0</maxFadeExtent>
								</Lod>
							</Region>
							<GroundOverlay>
								<drawOrder>6</drawOrder>
								<Icon>
									<href>C:/Users/pakorn/AppData/LocalLow/Google/GoogleEarth/kml_image_1-2 Topography 3D Thailand - mitrearth_L6_6_8.png</href>
								</Icon>
								<gx:altitudeMode>clampToSeaFloor</gx:altitudeMode>
								<LatLonBox>
									<north>15.34906894266761</north>
									<south>14.49566180119823</south>
									<east>105.0252759989067</east>
									<west>104.1719214349385</west>
								</LatLonBox>
							</GroundOverlay>
						</Folder>
						<Folder>
							<name>kml_image_1-2 Topography 3D Thailand - mitrearth_L6_6_9</name>
							<Region>
								<LatLonAltBox>
									<north>15.34906894266761</north>
									<south>14.49566180119823</south>
									<east>105.6386245917588</east>
									<west>105.0252759989067</west>
									<minAltitude>0</minAltitude>
									<maxAltitude>0</maxAltitude>
								</LatLonAltBox>
								<Lod>
									<minLodPixels>434</minLodPixels>
									<maxLodPixels>-1</maxLodPixels>
									<minFadeExtent>0</minFadeExtent>
									<maxFadeExtent>0</maxFadeExtent>
								</Lod>
							</Region>
							<GroundOverlay>
								<drawOrder>6</drawOrder>
								<Icon>
									<href>C:/Users/pakorn/AppData/LocalLow/Google/GoogleEarth/kml_image_1-2 Topography 3D Thailand - mitrearth_L6_6_9.png</href>
								</Icon>
								<gx:altitudeMode>clampToSeaFloor</gx:altitudeMode>
								<LatLonBox>
									<north>15.34906894266761</north>
									<south>14.49566180119823</south>
									<east>105.6386245917588</east>
									<west>105.0252759989067</west>
								</LatLonBox>
							</GroundOverlay>
						</Folder>
						<Folder>
							<name>kml_image_1-2 Topography 3D Thailand - mitrearth_L6_7_8</name>
							<Region>
								<LatLonAltBox>
									<north>14.49566180119823</north>
									<south>13.64225465972885</south>
									<east>105.0252759989067</east>
									<west>104.1719214349385</west>
									<minAltitude>0</minAltitude>
									<maxAltitude>0</maxAltitude>
								</LatLonAltBox>
								<Lod>
									<minLodPixels>512</minLodPixels>
									<maxLodPixels>-1</maxLodPixels>
									<minFadeExtent>0</minFadeExtent>
									<maxFadeExtent>0</maxFadeExtent>
								</Lod>
							</Region>
							<GroundOverlay>
								<drawOrder>6</drawOrder>
								<Icon>
									<href>C:/Users/pakorn/AppData/LocalLow/Google/GoogleEarth/kml_image_1-2 Topography 3D Thailand - mitrearth_L6_7_8.png</href>
								</Icon>
								<gx:altitudeMode>clampToSeaFloor</gx:altitudeMode>
								<LatLonBox>
									<north>14.49566180119823</north>
									<south>13.64225465972885</south>
									<east>105.0252759989067</east>
									<west>104.1719214349385</west>
								</LatLonBox>
							</GroundOverlay>
						</Folder>
						<Folder>
							<name>kml_image_1-2 Topography 3D Thailand - mitrearth_L6_7_9</name>
							<Region>
								<LatLonAltBox>
									<north>14.49566180119823</north>
									<south>13.64225465972885</south>
									<east>105.6386245917588</east>
									<west>105.0252759989067</west>
									<minAltitude>0</minAltitude>
									<maxAltitude>0</maxAltitude>
								</LatLonAltBox>
								<Lod>
									<minLodPixels>434</minLodPixels>
									<maxLodPixels>-1</maxLodPixels>
									<minFadeExtent>0</minFadeExtent>
									<maxFadeExtent>0</maxFadeExtent>
								</Lod>
							</Region>
							<GroundOverlay>
								<drawOrder>6</drawOrder>
								<Icon>
									<href>C:/Users/pakorn/AppData/LocalLow/Google/GoogleEarth/kml_image_1-2 Topography 3D Thailand - mitrearth_L6_7_9.png</href>
								</Icon>
								<gx:altitudeMode>clampToSeaFloor</gx:altitudeMode>
								<LatLonBox>
									<north>14.49566180119823</north>
									<south>13.64225465972885</south>
									<east>105.6386245917588</east>
									<west>105.0252759989067</west>
								</LatLonBox>
							</GroundOverlay>
						</Folder>
					</Folder>
				</Folder>
			</Folder>
			<Folder>
				<name>kml_image_1-2 Topography 3D Thailand - mitrearth_L3_1_0</name>
				<Region>
					<LatLonAltBox>
						<north>13.64225465972885</north>
						<south>6.814997527973778</south>
						<east>104.1719214349385</east>
						<west>97.34508492319314</west>
						<minAltitude>0</minAltitude>
						<maxAltitude>0</maxAltitude>
					</LatLonAltBox>
					<Lod>
						<minLodPixels>512</minLodPixels>
						<maxLodPixels>2049</maxLodPixels>
						<minFadeExtent>0</minFadeExtent>
						<maxFadeExtent>0</maxFadeExtent>
					</Lod>
				</Region>
				<GroundOverlay>
					<drawOrder>3</drawOrder>
					<Icon>
						<href>C:/Users/pakorn/AppData/LocalLow/Google/GoogleEarth/kml_image_1-2 Topography 3D Thailand - mitrearth_L3_1_0.png</href>
					</Icon>
					<gx:altitudeMode>clampToSeaFloor</gx:altitudeMode>
					<LatLonBox>
						<north>13.64225465972885</north>
						<south>6.814997527973778</south>
						<east>104.1719214349385</east>
						<west>97.34508492319314</west>
					</LatLonBox>
				</GroundOverlay>
				<Folder>
					<name>kml_image_1-2 Topography 3D Thailand - mitrearth_L4_2_0</name>
					<Region>
						<LatLonAltBox>
							<north>13.64225465972885</north>
							<south>10.22862609385131</south>
							<east>100.7585031790658</east>
							<west>97.34508492319314</west>
							<minAltitude>0</minAltitude>
							<maxAltitude>0</maxAltitude>
						</LatLonAltBox>
						<Lod>
							<minLodPixels>512</minLodPixels>
							<maxLodPixels>2049</maxLodPixels>
							<minFadeExtent>0</minFadeExtent>
							<maxFadeExtent>0</maxFadeExtent>
						</Lod>
					</Region>
					<GroundOverlay>
						<drawOrder>4</drawOrder>
						<Icon>
							<href>C:/Users/pakorn/AppData/LocalLow/Google/GoogleEarth/kml_image_1-2 Topography 3D Thailand - mitrearth_L4_2_0.png</href>
						</Icon>
						<gx:altitudeMode>clampToSeaFloor</gx:altitudeMode>
						<LatLonBox>
							<north>13.64225465972885</north>
							<south>10.22862609385131</south>
							<east>100.7585031790658</east>
							<west>97.34508492319314</west>
						</LatLonBox>
					</GroundOverlay>
					<Folder>
						<name>kml_image_1-2 Topography 3D Thailand - mitrearth_L5_4_1</name>
						<Region>
							<LatLonAltBox>
								<north>13.64225465972885</north>
								<south>11.93544037679008</south>
								<east>100.7585031790658</east>
								<west>99.05179405112948</west>
								<minAltitude>0</minAltitude>
								<maxAltitude>0</maxAltitude>
							</LatLonAltBox>
							<Lod>
								<minLodPixels>512</minLodPixels>
								<maxLodPixels>2049</maxLodPixels>
								<minFadeExtent>0</minFadeExtent>
								<maxFadeExtent>0</maxFadeExtent>
							</Lod>
						</Region>
						<GroundOverlay>
							<drawOrder>5</drawOrder>
							<Icon>
								<href>C:/Users/pakorn/AppData/LocalLow/Google/GoogleEarth/kml_image_1-2 Topography 3D Thailand - mitrearth_L5_4_1.png</href>
							</Icon>
							<gx:altitudeMode>clampToSeaFloor</gx:altitudeMode>
							<LatLonBox>
								<north>13.64225465972885</north>
								<south>11.93544037679008</south>
								<east>100.7585031790658</east>
								<west>99.05179405112948</west>
							</LatLonBox>
						</GroundOverlay>
						<Folder>
							<name>kml_image_1-2 Topography 3D Thailand - mitrearth_L6_8_2</name>
							<Region>
								<LatLonAltBox>
									<north>13.64225465972885</north>
									<south>12.78884751825946</south>
									<east>99.90514861509766</east>
									<west>99.05179405112948</west>
									<minAltitude>0</minAltitude>
									<maxAltitude>0</maxAltitude>
								</LatLonAltBox>
								<Lod>
									<minLodPixels>512</minLodPixels>
									<maxLodPixels>-1</maxLodPixels>
									<minFadeExtent>0</minFadeExtent>
									<maxFadeExtent>0</maxFadeExtent>
								</Lod>
							</Region>
							<GroundOverlay>
								<drawOrder>6</drawOrder>
								<Icon>
									<href>C:/Users/pakorn/AppData/LocalLow/Google/GoogleEarth/kml_image_1-2 Topography 3D Thailand - mitrearth_L6_8_2.png</href>
								</Icon>
								<gx:altitudeMode>clampToSeaFloor</gx:altitudeMode>
								<LatLonBox>
									<north>13.64225465972885</north>
									<south>12.78884751825946</south>
									<east>99.90514861509766</east>
									<west>99.05179405112948</west>
								</LatLonBox>
							</GroundOverlay>
						</Folder>
						<Folder>
							<name>kml_image_1-2 Topography 3D Thailand - mitrearth_L6_8_3</name>
							<Region>
								<LatLonAltBox>
									<north>13.64225465972885</north>
									<south>12.78884751825946</south>
									<east>100.7585031790658</east>
									<west>99.90514861509766</west>
									<minAltitude>0</minAltitude>
									<maxAltitude>0</maxAltitude>
								</LatLonAltBox>
								<Lod>
									<minLodPixels>512</minLodPixels>
									<maxLodPixels>-1</maxLodPixels>
									<minFadeExtent>0</minFadeExtent>
									<maxFadeExtent>0</maxFadeExtent>
								</Lod>
							</Region>
							<GroundOverlay>
								<drawOrder>6</drawOrder>
								<Icon>
									<href>C:/Users/pakorn/AppData/LocalLow/Google/GoogleEarth/kml_image_1-2 Topography 3D Thailand - mitrearth_L6_8_3.png</href>
								</Icon>
								<gx:altitudeMode>clampToSeaFloor</gx:altitudeMode>
								<LatLonBox>
									<north>13.64225465972885</north>
									<south>12.78884751825946</south>
									<east>100.7585031790658</east>
									<west>99.90514861509766</west>
								</LatLonBox>
							</GroundOverlay>
						</Folder>
						<Folder>
							<name>kml_image_1-2 Topography 3D Thailand - mitrearth_L6_9_2</name>
							<Region>
								<LatLonAltBox>
									<north>12.78884751825946</north>
									<south>11.93544037679008</south>
									<east>99.90514861509766</east>
									<west>99.05179405112948</west>
									<minAltitude>0</minAltitude>
									<maxAltitude>0</maxAltitude>
								</LatLonAltBox>
								<Lod>
									<minLodPixels>512</minLodPixels>
									<maxLodPixels>-1</maxLodPixels>
									<minFadeExtent>0</minFadeExtent>
									<maxFadeExtent>0</maxFadeExtent>
								</Lod>
							</Region>
							<GroundOverlay>
								<drawOrder>6</drawOrder>
								<Icon>
									<href>C:/Users/pakorn/AppData/LocalLow/Google/GoogleEarth/kml_image_1-2 Topography 3D Thailand - mitrearth_L6_9_2.png</href>
								</Icon>
								<gx:altitudeMode>clampToSeaFloor</gx:altitudeMode>
								<LatLonBox>
									<north>12.78884751825946</north>
									<south>11.93544037679008</south>
									<east>99.90514861509766</east>
									<west>99.05179405112948</west>
								</LatLonBox>
							</GroundOverlay>
						</Folder>
						<Folder>
							<name>kml_image_1-2 Topography 3D Thailand - mitrearth_L6_9_3</name>
							<Region>
								<LatLonAltBox>
									<north>12.78884751825946</north>
									<south>11.93544037679008</south>
									<east>100.7585031790658</east>
									<west>99.90514861509766</west>
									<minAltitude>0</minAltitude>
									<maxAltitude>0</maxAltitude>
								</LatLonAltBox>
								<Lod>
									<minLodPixels>512</minLodPixels>
									<maxLodPixels>-1</maxLodPixels>
									<minFadeExtent>0</minFadeExtent>
									<maxFadeExtent>0</maxFadeExtent>
								</Lod>
							</Region>
							<GroundOverlay>
								<drawOrder>6</drawOrder>
								<Icon>
									<href>C:/Users/pakorn/AppData/LocalLow/Google/GoogleEarth/kml_image_1-2 Topography 3D Thailand - mitrearth_L6_9_3.png</href>
								</Icon>
								<gx:altitudeMode>clampToSeaFloor</gx:altitudeMode>
								<LatLonBox>
									<north>12.78884751825946</north>
									<south>11.93544037679008</south>
									<east>100.7585031790658</east>
									<west>99.90514861509766</west>
								</LatLonBox>
							</GroundOverlay>
						</Folder>
					</Folder>
					<Folder>
						<name>kml_image_1-2 Topography 3D Thailand - mitrearth_L5_5_0</name>
						<Region>
							<LatLonAltBox>
								<north>11.93544037679008</north>
								<south>10.22862609385131</south>
								<east>99.05179405112948</east>
								<west>97.34508492319314</west>
								<minAltitude>0</minAltitude>
								<maxAltitude>0</maxAltitude>
							</LatLonAltBox>
							<Lod>
								<minLodPixels>512</minLodPixels>
								<maxLodPixels>2049</maxLodPixels>
								<minFadeExtent>0</minFadeExtent>
								<maxFadeExtent>0</maxFadeExtent>
							</Lod>
						</Region>
						<GroundOverlay>
							<drawOrder>5</drawOrder>
							<Icon>
								<href>C:/Users/pakorn/AppData/LocalLow/Google/GoogleEarth/kml_image_1-2 Topography 3D Thailand - mitrearth_L5_5_0.png</href>
							</Icon>
							<gx:altitudeMode>clampToSeaFloor</gx:altitudeMode>
							<LatLonBox>
								<north>11.93544037679008</north>
								<south>10.22862609385131</south>
								<east>99.05179405112948</east>
								<west>97.34508492319314</west>
							</LatLonBox>
						</GroundOverlay>
						<Folder>
							<name>kml_image_1-2 Topography 3D Thailand - mitrearth_L6_11_1</name>
							<Region>
								<LatLonAltBox>
									<north>11.0820332353207</north>
									<south>10.22862609385131</south>
									<east>99.05179405112948</east>
									<west>98.19843948716131</west>
									<minAltitude>0</minAltitude>
									<maxAltitude>0</maxAltitude>
								</LatLonAltBox>
								<Lod>
									<minLodPixels>512</minLodPixels>
									<maxLodPixels>-1</maxLodPixels>
									<minFadeExtent>0</minFadeExtent>
									<maxFadeExtent>0</maxFadeExtent>
								</Lod>
							</Region>
							<GroundOverlay>
								<drawOrder>6</drawOrder>
								<Icon>
									<href>C:/Users/pakorn/AppData/LocalLow/Google/GoogleEarth/kml_image_1-2 Topography 3D Thailand - mitrearth_L6_11_1.png</href>
								</Icon>
								<gx:altitudeMode>clampToSeaFloor</gx:altitudeMode>
								<LatLonBox>
									<north>11.0820332353207</north>
									<south>10.22862609385131</south>
									<east>99.05179405112948</east>
									<west>98.19843948716131</west>
								</LatLonBox>
							</GroundOverlay>
						</Folder>
					</Folder>
					<Folder>
						<name>kml_image_1-2 Topography 3D Thailand - mitrearth_L5_5_1</name>
						<Region>
							<LatLonAltBox>
								<north>11.93544037679008</north>
								<south>10.22862609385131</south>
								<east>100.7585031790658</east>
								<west>99.05179405112948</west>
								<minAltitude>0</minAltitude>
								<maxAltitude>0</maxAltitude>
							</LatLonAltBox>
							<Lod>
								<minLodPixels>512</minLodPixels>
								<maxLodPixels>2049</maxLodPixels>
								<minFadeExtent>0</minFadeExtent>
								<maxFadeExtent>0</maxFadeExtent>
							</Lod>
						</Region>
						<GroundOverlay>
							<drawOrder>5</drawOrder>
							<Icon>
								<href>C:/Users/pakorn/AppData/LocalLow/Google/GoogleEarth/kml_image_1-2 Topography 3D Thailand - mitrearth_L5_5_1.png</href>
							</Icon>
							<gx:altitudeMode>clampToSeaFloor</gx:altitudeMode>
							<LatLonBox>
								<north>11.93544037679008</north>
								<south>10.22862609385131</south>
								<east>100.7585031790658</east>
								<west>99.05179405112948</west>
							</LatLonBox>
						</GroundOverlay>
						<Folder>
							<name>kml_image_1-2 Topography 3D Thailand - mitrearth_L6_10_2</name>
							<Region>
								<LatLonAltBox>
									<north>11.93544037679008</north>
									<south>11.0820332353207</south>
									<east>99.90514861509766</east>
									<west>99.05179405112948</west>
									<minAltitude>0</minAltitude>
									<maxAltitude>0</maxAltitude>
								</LatLonAltBox>
								<Lod>
									<minLodPixels>512</minLodPixels>
									<maxLodPixels>-1</maxLodPixels>
									<minFadeExtent>0</minFadeExtent>
									<maxFadeExtent>0</maxFadeExtent>
								</Lod>
							</Region>
							<GroundOverlay>
								<drawOrder>6</drawOrder>
								<Icon>
									<href>C:/Users/pakorn/AppData/LocalLow/Google/GoogleEarth/kml_image_1-2 Topography 3D Thailand - mitrearth_L6_10_2.png</href>
								</Icon>
								<gx:altitudeMode>clampToSeaFloor</gx:altitudeMode>
								<LatLonBox>
									<north>11.93544037679008</north>
									<south>11.0820332353207</south>
									<east>99.90514861509766</east>
									<west>99.05179405112948</west>
								</LatLonBox>
							</GroundOverlay>
						</Folder>
						<Folder>
							<name>kml_image_1-2 Topography 3D Thailand - mitrearth_L6_11_2</name>
							<Region>
								<LatLonAltBox>
									<north>11.0820332353207</north>
									<south>10.22862609385131</south>
									<east>99.90514861509766</east>
									<west>99.05179405112948</west>
									<minAltitude>0</minAltitude>
									<maxAltitude>0</maxAltitude>
								</LatLonAltBox>
								<Lod>
									<minLodPixels>512</minLodPixels>
									<maxLodPixels>-1</maxLodPixels>
									<minFadeExtent>0</minFadeExtent>
									<maxFadeExtent>0</maxFadeExtent>
								</Lod>
							</Region>
							<GroundOverlay>
								<drawOrder>6</drawOrder>
								<Icon>
									<href>C:/Users/pakorn/AppData/LocalLow/Google/GoogleEarth/kml_image_1-2 Topography 3D Thailand - mitrearth_L6_11_2.png</href>
								</Icon>
								<gx:altitudeMode>clampToSeaFloor</gx:altitudeMode>
								<LatLonBox>
									<north>11.0820332353207</north>
									<south>10.22862609385131</south>
									<east>99.90514861509766</east>
									<west>99.05179405112948</west>
								</LatLonBox>
							</GroundOverlay>
						</Folder>
					</Folder>
				</Folder>
				<Folder>
					<name>kml_image_1-2 Topography 3D Thailand - mitrearth_L4_2_1</name>
					<Region>
						<LatLonAltBox>
							<north>13.64225465972885</north>
							<south>10.22862609385131</south>
							<east>104.1719214349385</east>
							<west>100.7585031790658</west>
							<minAltitude>0</minAltitude>
							<maxAltitude>0</maxAltitude>
						</LatLonAltBox>
						<Lod>
							<minLodPixels>512</minLodPixels>
							<maxLodPixels>2049</maxLodPixels>
							<minFadeExtent>0</minFadeExtent>
							<maxFadeExtent>0</maxFadeExtent>
						</Lod>
					</Region>
					<GroundOverlay>
						<drawOrder>4</drawOrder>
						<Icon>
							<href>C:/Users/pakorn/AppData/LocalLow/Google/GoogleEarth/kml_image_1-2 Topography 3D Thailand - mitrearth_L4_2_1.png</href>
						</Icon>
						<gx:altitudeMode>clampToSeaFloor</gx:altitudeMode>
						<LatLonBox>
							<north>13.64225465972885</north>
							<south>10.22862609385131</south>
							<east>104.1719214349385</east>
							<west>100.7585031790658</west>
						</LatLonBox>
					</GroundOverlay>
					<Folder>
						<name>kml_image_1-2 Topography 3D Thailand - mitrearth_L5_4_2</name>
						<Region>
							<LatLonAltBox>
								<north>13.64225465972885</north>
								<south>11.93544037679008</south>
								<east>102.4652123070022</east>
								<west>100.7585031790658</west>
								<minAltitude>0</minAltitude>
								<maxAltitude>0</maxAltitude>
							</LatLonAltBox>
							<Lod>
								<minLodPixels>512</minLodPixels>
								<maxLodPixels>2049</maxLodPixels>
								<minFadeExtent>0</minFadeExtent>
								<maxFadeExtent>0</maxFadeExtent>
							</Lod>
						</Region>
						<GroundOverlay>
							<drawOrder>5</drawOrder>
							<Icon>
								<href>C:/Users/pakorn/AppData/LocalLow/Google/GoogleEarth/kml_image_1-2 Topography 3D Thailand - mitrearth_L5_4_2.png</href>
							</Icon>
							<gx:altitudeMode>clampToSeaFloor</gx:altitudeMode>
							<LatLonBox>
								<north>13.64225465972885</north>
								<south>11.93544037679008</south>
								<east>102.4652123070022</east>
								<west>100.7585031790658</west>
							</LatLonBox>
						</GroundOverlay>
						<Folder>
							<name>kml_image_1-2 Topography 3D Thailand - mitrearth_L6_8_4</name>
							<Region>
								<LatLonAltBox>
									<north>13.64225465972885</north>
									<south>12.78884751825946</south>
									<east>101.611857743034</east>
									<west>100.7585031790658</west>
									<minAltitude>0</minAltitude>
									<maxAltitude>0</maxAltitude>
								</LatLonAltBox>
								<Lod>
									<minLodPixels>512</minLodPixels>
									<maxLodPixels>-1</maxLodPixels>
									<minFadeExtent>0</minFadeExtent>
									<maxFadeExtent>0</maxFadeExtent>
								</Lod>
							</Region>
							<GroundOverlay>
								<drawOrder>6</drawOrder>
								<Icon>
									<href>C:/Users/pakorn/AppData/LocalLow/Google/GoogleEarth/kml_image_1-2 Topography 3D Thailand - mitrearth_L6_8_4.png</href>
								</Icon>
								<gx:altitudeMode>clampToSeaFloor</gx:altitudeMode>
								<LatLonBox>
									<north>13.64225465972885</north>
									<south>12.78884751825946</south>
									<east>101.611857743034</east>
									<west>100.7585031790658</west>
								</LatLonBox>
							</GroundOverlay>
						</Folder>
						<Folder>
							<name>kml_image_1-2 Topography 3D Thailand - mitrearth_L6_8_5</name>
							<Region>
								<LatLonAltBox>
									<north>13.64225465972885</north>
									<south>12.78884751825946</south>
									<east>102.4652123070022</east>
									<west>101.611857743034</west>
									<minAltitude>0</minAltitude>
									<maxAltitude>0</maxAltitude>
								</LatLonAltBox>
								<Lod>
									<minLodPixels>512</minLodPixels>
									<maxLodPixels>-1</maxLodPixels>
									<minFadeExtent>0</minFadeExtent>
									<maxFadeExtent>0</maxFadeExtent>
								</Lod>
							</Region>
							<GroundOverlay>
								<drawOrder>6</drawOrder>
								<Icon>
									<href>C:/Users/pakorn/AppData/LocalLow/Google/GoogleEarth/kml_image_1-2 Topography 3D Thailand - mitrearth_L6_8_5.png</href>
								</Icon>
								<gx:altitudeMode>clampToSeaFloor</gx:altitudeMode>
								<LatLonBox>
									<north>13.64225465972885</north>
									<south>12.78884751825946</south>
									<east>102.4652123070022</east>
									<west>101.611857743034</west>
								</LatLonBox>
							</GroundOverlay>
						</Folder>
						<Folder>
							<name>kml_image_1-2 Topography 3D Thailand - mitrearth_L6_9_4</name>
							<Region>
								<LatLonAltBox>
									<north>12.78884751825946</north>
									<south>11.93544037679008</south>
									<east>101.611857743034</east>
									<west>100.7585031790658</west>
									<minAltitude>0</minAltitude>
									<maxAltitude>0</maxAltitude>
								</LatLonAltBox>
								<Lod>
									<minLodPixels>512</minLodPixels>
									<maxLodPixels>-1</maxLodPixels>
									<minFadeExtent>0</minFadeExtent>
									<maxFadeExtent>0</maxFadeExtent>
								</Lod>
							</Region>
							<GroundOverlay>
								<drawOrder>6</drawOrder>
								<Icon>
									<href>C:/Users/pakorn/AppData/LocalLow/Google/GoogleEarth/kml_image_1-2 Topography 3D Thailand - mitrearth_L6_9_4.png</href>
								</Icon>
								<gx:altitudeMode>clampToSeaFloor</gx:altitudeMode>
								<LatLonBox>
									<north>12.78884751825946</north>
									<south>11.93544037679008</south>
									<east>101.611857743034</east>
									<west>100.7585031790658</west>
								</LatLonBox>
							</GroundOverlay>
						</Folder>
						<Folder>
							<name>kml_image_1-2 Topography 3D Thailand - mitrearth_L6_9_5</name>
							<Region>
								<LatLonAltBox>
									<north>12.78884751825946</north>
									<south>11.93544037679008</south>
									<east>102.4652123070022</east>
									<west>101.611857743034</west>
									<minAltitude>0</minAltitude>
									<maxAltitude>0</maxAltitude>
								</LatLonAltBox>
								<Lod>
									<minLodPixels>512</minLodPixels>
									<maxLodPixels>-1</maxLodPixels>
									<minFadeExtent>0</minFadeExtent>
									<maxFadeExtent>0</maxFadeExtent>
								</Lod>
							</Region>
							<GroundOverlay>
								<drawOrder>6</drawOrder>
								<Icon>
									<href>C:/Users/pakorn/AppData/LocalLow/Google/GoogleEarth/kml_image_1-2 Topography 3D Thailand - mitrearth_L6_9_5.png</href>
								</Icon>
								<gx:altitudeMode>clampToSeaFloor</gx:altitudeMode>
								<LatLonBox>
									<north>12.78884751825946</north>
									<south>11.93544037679008</south>
									<east>102.4652123070022</east>
									<west>101.611857743034</west>
								</LatLonBox>
							</GroundOverlay>
						</Folder>
					</Folder>
					<Folder>
						<name>kml_image_1-2 Topography 3D Thailand - mitrearth_L5_4_3</name>
						<Region>
							<LatLonAltBox>
								<north>13.64225465972885</north>
								<south>11.93544037679008</south>
								<east>104.1719214349385</east>
								<west>102.4652123070022</west>
								<minAltitude>0</minAltitude>
								<maxAltitude>0</maxAltitude>
							</LatLonAltBox>
							<Lod>
								<minLodPixels>512</minLodPixels>
								<maxLodPixels>2049</maxLodPixels>
								<minFadeExtent>0</minFadeExtent>
								<maxFadeExtent>0</maxFadeExtent>
							</Lod>
						</Region>
						<GroundOverlay>
							<drawOrder>5</drawOrder>
							<Icon>
								<href>C:/Users/pakorn/AppData/LocalLow/Google/GoogleEarth/kml_image_1-2 Topography 3D Thailand - mitrearth_L5_4_3.png</href>
							</Icon>
							<gx:altitudeMode>clampToSeaFloor</gx:altitudeMode>
							<LatLonBox>
								<north>13.64225465972885</north>
								<south>11.93544037679008</south>
								<east>104.1719214349385</east>
								<west>102.4652123070022</west>
							</LatLonBox>
						</GroundOverlay>
						<Folder>
							<name>kml_image_1-2 Topography 3D Thailand - mitrearth_L6_8_6</name>
							<Region>
								<LatLonAltBox>
									<north>13.64225465972885</north>
									<south>12.78884751825946</south>
									<east>103.3185668709703</east>
									<west>102.4652123070022</west>
									<minAltitude>0</minAltitude>
									<maxAltitude>0</maxAltitude>
								</LatLonAltBox>
								<Lod>
									<minLodPixels>512</minLodPixels>
									<maxLodPixels>-1</maxLodPixels>
									<minFadeExtent>0</minFadeExtent>
									<maxFadeExtent>0</maxFadeExtent>
								</Lod>
							</Region>
							<GroundOverlay>
								<drawOrder>6</drawOrder>
								<Icon>
									<href>C:/Users/pakorn/AppData/LocalLow/Google/GoogleEarth/kml_image_1-2 Topography 3D Thailand - mitrearth_L6_8_6.png</href>
								</Icon>
								<gx:altitudeMode>clampToSeaFloor</gx:altitudeMode>
								<LatLonBox>
									<north>13.64225465972885</north>
									<south>12.78884751825946</south>
									<east>103.3185668709703</east>
									<west>102.4652123070022</west>
								</LatLonBox>
							</GroundOverlay>
						</Folder>
						<Folder>
							<name>kml_image_1-2 Topography 3D Thailand - mitrearth_L6_9_6</name>
							<Region>
								<LatLonAltBox>
									<north>12.78884751825946</north>
									<south>11.93544037679008</south>
									<east>103.3185668709703</east>
									<west>102.4652123070022</west>
									<minAltitude>0</minAltitude>
									<maxAltitude>0</maxAltitude>
								</LatLonAltBox>
								<Lod>
									<minLodPixels>512</minLodPixels>
									<maxLodPixels>-1</maxLodPixels>
									<minFadeExtent>0</minFadeExtent>
									<maxFadeExtent>0</maxFadeExtent>
								</Lod>
							</Region>
							<GroundOverlay>
								<drawOrder>6</drawOrder>
								<Icon>
									<href>C:/Users/pakorn/AppData/LocalLow/Google/GoogleEarth/kml_image_1-2 Topography 3D Thailand - mitrearth_L6_9_6.png</href>
								</Icon>
								<gx:altitudeMode>clampToSeaFloor</gx:altitudeMode>
								<LatLonBox>
									<north>12.78884751825946</north>
									<south>11.93544037679008</south>
									<east>103.3185668709703</east>
									<west>102.4652123070022</west>
								</LatLonBox>
							</GroundOverlay>
						</Folder>
					</Folder>
					<Folder>
						<name>kml_image_1-2 Topography 3D Thailand - mitrearth_L5_5_2</name>
						<Region>
							<LatLonAltBox>
								<north>11.93544037679008</north>
								<south>10.22862609385131</south>
								<east>102.4652123070022</east>
								<west>100.7585031790658</west>
								<minAltitude>0</minAltitude>
								<maxAltitude>0</maxAltitude>
							</LatLonAltBox>
							<Lod>
								<minLodPixels>512</minLodPixels>
								<maxLodPixels>2049</maxLodPixels>
								<minFadeExtent>0</minFadeExtent>
								<maxFadeExtent>0</maxFadeExtent>
							</Lod>
						</Region>
						<GroundOverlay>
							<drawOrder>5</drawOrder>
							<Icon>
								<href>C:/Users/pakorn/AppData/LocalLow/Google/GoogleEarth/kml_image_1-2 Topography 3D Thailand - mitrearth_L5_5_2.png</href>
							</Icon>
							<gx:altitudeMode>clampToSeaFloor</gx:altitudeMode>
							<LatLonBox>
								<north>11.93544037679008</north>
								<south>10.22862609385131</south>
								<east>102.4652123070022</east>
								<west>100.7585031790658</west>
							</LatLonBox>
						</GroundOverlay>
						<Folder>
							<name>kml_image_1-2 Topography 3D Thailand - mitrearth_L6_10_5</name>
							<Region>
								<LatLonAltBox>
									<north>11.93544037679008</north>
									<south>11.0820332353207</south>
									<east>102.4652123070022</east>
									<west>101.611857743034</west>
									<minAltitude>0</minAltitude>
									<maxAltitude>0</maxAltitude>
								</LatLonAltBox>
								<Lod>
									<minLodPixels>512</minLodPixels>
									<maxLodPixels>-1</maxLodPixels>
									<minFadeExtent>0</minFadeExtent>
									<maxFadeExtent>0</maxFadeExtent>
								</Lod>
							</Region>
							<GroundOverlay>
								<drawOrder>6</drawOrder>
								<Icon>
									<href>C:/Users/pakorn/AppData/LocalLow/Google/GoogleEarth/kml_image_1-2 Topography 3D Thailand - mitrearth_L6_10_5.png</href>
								</Icon>
								<gx:altitudeMode>clampToSeaFloor</gx:altitudeMode>
								<LatLonBox>
									<north>11.93544037679008</north>
									<south>11.0820332353207</south>
									<east>102.4652123070022</east>
									<west>101.611857743034</west>
								</LatLonBox>
							</GroundOverlay>
						</Folder>
					</Folder>
					<Folder>
						<name>kml_image_1-2 Topography 3D Thailand - mitrearth_L5_5_3</name>
						<Region>
							<LatLonAltBox>
								<north>11.93544037679008</north>
								<south>10.22862609385131</south>
								<east>104.1719214349385</east>
								<west>102.4652123070022</west>
								<minAltitude>0</minAltitude>
								<maxAltitude>0</maxAltitude>
							</LatLonAltBox>
							<Lod>
								<minLodPixels>512</minLodPixels>
								<maxLodPixels>2049</maxLodPixels>
								<minFadeExtent>0</minFadeExtent>
								<maxFadeExtent>0</maxFadeExtent>
							</Lod>
						</Region>
						<GroundOverlay>
							<drawOrder>5</drawOrder>
							<Icon>
								<href>C:/Users/pakorn/AppData/LocalLow/Google/GoogleEarth/kml_image_1-2 Topography 3D Thailand - mitrearth_L5_5_3.png</href>
							</Icon>
							<gx:altitudeMode>clampToSeaFloor</gx:altitudeMode>
							<LatLonBox>
								<north>11.93544037679008</north>
								<south>10.22862609385131</south>
								<east>104.1719214349385</east>
								<west>102.4652123070022</west>
							</LatLonBox>
						</GroundOverlay>
						<Folder>
							<name>kml_image_1-2 Topography 3D Thailand - mitrearth_L6_10_6</name>
							<Region>
								<LatLonAltBox>
									<north>11.93544037679008</north>
									<south>11.0820332353207</south>
									<east>103.3185668709703</east>
									<west>102.4652123070022</west>
									<minAltitude>0</minAltitude>
									<maxAltitude>0</maxAltitude>
								</LatLonAltBox>
								<Lod>
									<minLodPixels>512</minLodPixels>
									<maxLodPixels>-1</maxLodPixels>
									<minFadeExtent>0</minFadeExtent>
									<maxFadeExtent>0</maxFadeExtent>
								</Lod>
							</Region>
							<GroundOverlay>
								<drawOrder>6</drawOrder>
								<Icon>
									<href>C:/Users/pakorn/AppData/LocalLow/Google/GoogleEarth/kml_image_1-2 Topography 3D Thailand - mitrearth_L6_10_6.png</href>
								</Icon>
								<gx:altitudeMode>clampToSeaFloor</gx:altitudeMode>
								<LatLonBox>
									<north>11.93544037679008</north>
									<south>11.0820332353207</south>
									<east>103.3185668709703</east>
									<west>102.4652123070022</west>
								</LatLonBox>
							</GroundOverlay>
						</Folder>
					</Folder>
				</Folder>
				<Folder>
					<name>kml_image_1-2 Topography 3D Thailand - mitrearth_L4_3_0</name>
					<Region>
						<LatLonAltBox>
							<north>10.22862609385131</north>
							<south>6.814997527973778</south>
							<east>100.7585031790658</east>
							<west>97.34508492319314</west>
							<minAltitude>0</minAltitude>
							<maxAltitude>0</maxAltitude>
						</LatLonAltBox>
						<Lod>
							<minLodPixels>512</minLodPixels>
							<maxLodPixels>2049</maxLodPixels>
							<minFadeExtent>0</minFadeExtent>
							<maxFadeExtent>0</maxFadeExtent>
						</Lod>
					</Region>
					<GroundOverlay>
						<drawOrder>4</drawOrder>
						<Icon>
							<href>C:/Users/pakorn/AppData/LocalLow/Google/GoogleEarth/kml_image_1-2 Topography 3D Thailand - mitrearth_L4_3_0.png</href>
						</Icon>
						<gx:altitudeMode>clampToSeaFloor</gx:altitudeMode>
						<LatLonBox>
							<north>10.22862609385131</north>
							<south>6.814997527973778</south>
							<east>100.7585031790658</east>
							<west>97.34508492319314</west>
						</LatLonBox>
					</GroundOverlay>
					<Folder>
						<name>kml_image_1-2 Topography 3D Thailand - mitrearth_L5_6_0</name>
						<Region>
							<LatLonAltBox>
								<north>10.22862609385131</north>
								<south>8.521811810912546</south>
								<east>99.05179405112948</east>
								<west>97.34508492319314</west>
								<minAltitude>0</minAltitude>
								<maxAltitude>0</maxAltitude>
							</LatLonAltBox>
							<Lod>
								<minLodPixels>512</minLodPixels>
								<maxLodPixels>2049</maxLodPixels>
								<minFadeExtent>0</minFadeExtent>
								<maxFadeExtent>0</maxFadeExtent>
							</Lod>
						</Region>
						<GroundOverlay>
							<drawOrder>5</drawOrder>
							<Icon>
								<href>C:/Users/pakorn/AppData/LocalLow/Google/GoogleEarth/kml_image_1-2 Topography 3D Thailand - mitrearth_L5_6_0.png</href>
							</Icon>
							<gx:altitudeMode>clampToSeaFloor</gx:altitudeMode>
							<LatLonBox>
								<north>10.22862609385131</north>
								<south>8.521811810912546</south>
								<east>99.05179405112948</east>
								<west>97.34508492319314</west>
							</LatLonBox>
						</GroundOverlay>
						<Folder>
							<name>kml_image_1-2 Topography 3D Thailand - mitrearth_L6_12_0</name>
							<Region>
								<LatLonAltBox>
									<north>10.22862609385131</north>
									<south>9.37521895238193</south>
									<east>98.19843948716131</east>
									<west>97.34508492319314</west>
									<minAltitude>0</minAltitude>
									<maxAltitude>0</maxAltitude>
								</LatLonAltBox>
								<Lod>
									<minLodPixels>512</minLodPixels>
									<maxLodPixels>-1</maxLodPixels>
									<minFadeExtent>0</minFadeExtent>
									<maxFadeExtent>0</maxFadeExtent>
								</Lod>
							</Region>
							<GroundOverlay>
								<drawOrder>6</drawOrder>
								<Icon>
									<href>C:/Users/pakorn/AppData/LocalLow/Google/GoogleEarth/kml_image_1-2 Topography 3D Thailand - mitrearth_L6_12_0.png</href>
								</Icon>
								<gx:altitudeMode>clampToSeaFloor</gx:altitudeMode>
								<LatLonBox>
									<north>10.22862609385131</north>
									<south>9.37521895238193</south>
									<east>98.19843948716131</east>
									<west>97.34508492319314</west>
								</LatLonBox>
							</GroundOverlay>
						</Folder>
						<Folder>
							<name>kml_image_1-2 Topography 3D Thailand - mitrearth_L6_12_1</name>
							<Region>
								<LatLonAltBox>
									<north>10.22862609385131</north>
									<south>9.37521895238193</south>
									<east>99.05179405112948</east>
									<west>98.19843948716131</west>
									<minAltitude>0</minAltitude>
									<maxAltitude>0</maxAltitude>
								</LatLonAltBox>
								<Lod>
									<minLodPixels>512</minLodPixels>
									<maxLodPixels>-1</maxLodPixels>
									<minFadeExtent>0</minFadeExtent>
									<maxFadeExtent>0</maxFadeExtent>
								</Lod>
							</Region>
							<GroundOverlay>
								<drawOrder>6</drawOrder>
								<Icon>
									<href>C:/Users/pakorn/AppData/LocalLow/Google/GoogleEarth/kml_image_1-2 Topography 3D Thailand - mitrearth_L6_12_1.png</href>
								</Icon>
								<gx:altitudeMode>clampToSeaFloor</gx:altitudeMode>
								<LatLonBox>
									<north>10.22862609385131</north>
									<south>9.37521895238193</south>
									<east>99.05179405112948</east>
									<west>98.19843948716131</west>
								</LatLonBox>
							</GroundOverlay>
						</Folder>
						<Folder>
							<name>kml_image_1-2 Topography 3D Thailand - mitrearth_L6_13_0</name>
							<Region>
								<LatLonAltBox>
									<north>9.37521895238193</north>
									<south>8.521811810912546</south>
									<east>98.19843948716131</east>
									<west>97.34508492319314</west>
									<minAltitude>0</minAltitude>
									<maxAltitude>0</maxAltitude>
								</LatLonAltBox>
								<Lod>
									<minLodPixels>512</minLodPixels>
									<maxLodPixels>-1</maxLodPixels>
									<minFadeExtent>0</minFadeExtent>
									<maxFadeExtent>0</maxFadeExtent>
								</Lod>
							</Region>
							<GroundOverlay>
								<drawOrder>6</drawOrder>
								<Icon>
									<href>C:/Users/pakorn/AppData/LocalLow/Google/GoogleEarth/kml_image_1-2 Topography 3D Thailand - mitrearth_L6_13_0.png</href>
								</Icon>
								<gx:altitudeMode>clampToSeaFloor</gx:altitudeMode>
								<LatLonBox>
									<north>9.37521895238193</north>
									<south>8.521811810912546</south>
									<east>98.19843948716131</east>
									<west>97.34508492319314</west>
								</LatLonBox>
							</GroundOverlay>
						</Folder>
						<Folder>
							<name>kml_image_1-2 Topography 3D Thailand - mitrearth_L6_13_1</name>
							<Region>
								<LatLonAltBox>
									<north>9.37521895238193</north>
									<south>8.521811810912546</south>
									<east>99.05179405112948</east>
									<west>98.19843948716131</west>
									<minAltitude>0</minAltitude>
									<maxAltitude>0</maxAltitude>
								</LatLonAltBox>
								<Lod>
									<minLodPixels>512</minLodPixels>
									<maxLodPixels>-1</maxLodPixels>
									<minFadeExtent>0</minFadeExtent>
									<maxFadeExtent>0</maxFadeExtent>
								</Lod>
							</Region>
							<GroundOverlay>
								<drawOrder>6</drawOrder>
								<Icon>
									<href>C:/Users/pakorn/AppData/LocalLow/Google/GoogleEarth/kml_image_1-2 Topography 3D Thailand - mitrearth_L6_13_1.png</href>
								</Icon>
								<gx:altitudeMode>clampToSeaFloor</gx:altitudeMode>
								<LatLonBox>
									<north>9.37521895238193</north>
									<south>8.521811810912546</south>
									<east>99.05179405112948</east>
									<west>98.19843948716131</west>
								</LatLonBox>
							</GroundOverlay>
						</Folder>
					</Folder>
					<Folder>
						<name>kml_image_1-2 Topography 3D Thailand - mitrearth_L5_6_1</name>
						<Region>
							<LatLonAltBox>
								<north>10.22862609385131</north>
								<south>8.521811810912546</south>
								<east>100.7585031790658</east>
								<west>99.05179405112948</west>
								<minAltitude>0</minAltitude>
								<maxAltitude>0</maxAltitude>
							</LatLonAltBox>
							<Lod>
								<minLodPixels>512</minLodPixels>
								<maxLodPixels>2049</maxLodPixels>
								<minFadeExtent>0</minFadeExtent>
								<maxFadeExtent>0</maxFadeExtent>
							</Lod>
						</Region>
						<GroundOverlay>
							<drawOrder>5</drawOrder>
							<Icon>
								<href>C:/Users/pakorn/AppData/LocalLow/Google/GoogleEarth/kml_image_1-2 Topography 3D Thailand - mitrearth_L5_6_1.png</href>
							</Icon>
							<gx:altitudeMode>clampToSeaFloor</gx:altitudeMode>
							<LatLonBox>
								<north>10.22862609385131</north>
								<south>8.521811810912546</south>
								<east>100.7585031790658</east>
								<west>99.05179405112948</west>
							</LatLonBox>
						</GroundOverlay>
						<Folder>
							<name>kml_image_1-2 Topography 3D Thailand - mitrearth_L6_12_2</name>
							<Region>
								<LatLonAltBox>
									<north>10.22862609385131</north>
									<south>9.37521895238193</south>
									<east>99.90514861509766</east>
									<west>99.05179405112948</west>
									<minAltitude>0</minAltitude>
									<maxAltitude>0</maxAltitude>
								</LatLonAltBox>
								<Lod>
									<minLodPixels>512</minLodPixels>
									<maxLodPixels>-1</maxLodPixels>
									<minFadeExtent>0</minFadeExtent>
									<maxFadeExtent>0</maxFadeExtent>
								</Lod>
							</Region>
							<GroundOverlay>
								<drawOrder>6</drawOrder>
								<Icon>
									<href>C:/Users/pakorn/AppData/LocalLow/Google/GoogleEarth/kml_image_1-2 Topography 3D Thailand - mitrearth_L6_12_2.png</href>
								</Icon>
								<gx:altitudeMode>clampToSeaFloor</gx:altitudeMode>
								<LatLonBox>
									<north>10.22862609385131</north>
									<south>9.37521895238193</south>
									<east>99.90514861509766</east>
									<west>99.05179405112948</west>
								</LatLonBox>
							</GroundOverlay>
						</Folder>
						<Folder>
							<name>kml_image_1-2 Topography 3D Thailand - mitrearth_L6_12_3</name>
							<Region>
								<LatLonAltBox>
									<north>10.22862609385131</north>
									<south>9.37521895238193</south>
									<east>100.7585031790658</east>
									<west>99.90514861509766</west>
									<minAltitude>0</minAltitude>
									<maxAltitude>0</maxAltitude>
								</LatLonAltBox>
								<Lod>
									<minLodPixels>512</minLodPixels>
									<maxLodPixels>-1</maxLodPixels>
									<minFadeExtent>0</minFadeExtent>
									<maxFadeExtent>0</maxFadeExtent>
								</Lod>
							</Region>
							<GroundOverlay>
								<drawOrder>6</drawOrder>
								<Icon>
									<href>C:/Users/pakorn/AppData/LocalLow/Google/GoogleEarth/kml_image_1-2 Topography 3D Thailand - mitrearth_L6_12_3.png</href>
								</Icon>
								<gx:altitudeMode>clampToSeaFloor</gx:altitudeMode>
								<LatLonBox>
									<north>10.22862609385131</north>
									<south>9.37521895238193</south>
									<east>100.7585031790658</east>
									<west>99.90514861509766</west>
								</LatLonBox>
							</GroundOverlay>
						</Folder>
						<Folder>
							<name>kml_image_1-2 Topography 3D Thailand - mitrearth_L6_13_2</name>
							<Region>
								<LatLonAltBox>
									<north>9.37521895238193</north>
									<south>8.521811810912546</south>
									<east>99.90514861509766</east>
									<west>99.05179405112948</west>
									<minAltitude>0</minAltitude>
									<maxAltitude>0</maxAltitude>
								</LatLonAltBox>
								<Lod>
									<minLodPixels>512</minLodPixels>
									<maxLodPixels>-1</maxLodPixels>
									<minFadeExtent>0</minFadeExtent>
									<maxFadeExtent>0</maxFadeExtent>
								</Lod>
							</Region>
							<GroundOverlay>
								<drawOrder>6</drawOrder>
								<Icon>
									<href>C:/Users/pakorn/AppData/LocalLow/Google/GoogleEarth/kml_image_1-2 Topography 3D Thailand - mitrearth_L6_13_2.png</href>
								</Icon>
								<gx:altitudeMode>clampToSeaFloor</gx:altitudeMode>
								<LatLonBox>
									<north>9.37521895238193</north>
									<south>8.521811810912546</south>
									<east>99.90514861509766</east>
									<west>99.05179405112948</west>
								</LatLonBox>
							</GroundOverlay>
						</Folder>
						<Folder>
							<name>kml_image_1-2 Topography 3D Thailand - mitrearth_L6_13_3</name>
							<Region>
								<LatLonAltBox>
									<north>9.37521895238193</north>
									<south>8.521811810912546</south>
									<east>100.7585031790658</east>
									<west>99.90514861509766</west>
									<minAltitude>0</minAltitude>
									<maxAltitude>0</maxAltitude>
								</LatLonAltBox>
								<Lod>
									<minLodPixels>512</minLodPixels>
									<maxLodPixels>-1</maxLodPixels>
									<minFadeExtent>0</minFadeExtent>
									<maxFadeExtent>0</maxFadeExtent>
								</Lod>
							</Region>
							<GroundOverlay>
								<drawOrder>6</drawOrder>
								<Icon>
									<href>C:/Users/pakorn/AppData/LocalLow/Google/GoogleEarth/kml_image_1-2 Topography 3D Thailand - mitrearth_L6_13_3.png</href>
								</Icon>
								<gx:altitudeMode>clampToSeaFloor</gx:altitudeMode>
								<LatLonBox>
									<north>9.37521895238193</north>
									<south>8.521811810912546</south>
									<east>100.7585031790658</east>
									<west>99.90514861509766</west>
								</LatLonBox>
							</GroundOverlay>
						</Folder>
					</Folder>
					<Folder>
						<name>kml_image_1-2 Topography 3D Thailand - mitrearth_L5_7_0</name>
						<Region>
							<LatLonAltBox>
								<north>8.521811810912546</north>
								<south>6.814997527973778</south>
								<east>99.05179405112948</east>
								<west>97.34508492319314</west>
								<minAltitude>0</minAltitude>
								<maxAltitude>0</maxAltitude>
							</LatLonAltBox>
							<Lod>
								<minLodPixels>512</minLodPixels>
								<maxLodPixels>2049</maxLodPixels>
								<minFadeExtent>0</minFadeExtent>
								<maxFadeExtent>0</maxFadeExtent>
							</Lod>
						</Region>
						<GroundOverlay>
							<drawOrder>5</drawOrder>
							<Icon>
								<href>C:/Users/pakorn/AppData/LocalLow/Google/GoogleEarth/kml_image_1-2 Topography 3D Thailand - mitrearth_L5_7_0.png</href>
							</Icon>
							<gx:altitudeMode>clampToSeaFloor</gx:altitudeMode>
							<LatLonBox>
								<north>8.521811810912546</north>
								<south>6.814997527973778</south>
								<east>99.05179405112948</east>
								<west>97.34508492319314</west>
							</LatLonBox>
						</GroundOverlay>
						<Folder>
							<name>kml_image_1-2 Topography 3D Thailand - mitrearth_L6_14_0</name>
							<Region>
								<LatLonAltBox>
									<north>8.521811810912546</north>
									<south>7.668404669443163</south>
									<east>98.19843948716131</east>
									<west>97.34508492319314</west>
									<minAltitude>0</minAltitude>
									<maxAltitude>0</maxAltitude>
								</LatLonAltBox>
								<Lod>
									<minLodPixels>512</minLodPixels>
									<maxLodPixels>-1</maxLodPixels>
									<minFadeExtent>0</minFadeExtent>
									<maxFadeExtent>0</maxFadeExtent>
								</Lod>
							</Region>
							<GroundOverlay>
								<drawOrder>6</drawOrder>
								<Icon>
									<href>C:/Users/pakorn/AppData/LocalLow/Google/GoogleEarth/kml_image_1-2 Topography 3D Thailand - mitrearth_L6_14_0.png</href>
								</Icon>
								<gx:altitudeMode>clampToSeaFloor</gx:altitudeMode>
								<LatLonBox>
									<north>8.521811810912546</north>
									<south>7.668404669443163</south>
									<east>98.19843948716131</east>
									<west>97.34508492319314</west>
								</LatLonBox>
							</GroundOverlay>
						</Folder>
						<Folder>
							<name>kml_image_1-2 Topography 3D Thailand - mitrearth_L6_14_1</name>
							<Region>
								<LatLonAltBox>
									<north>8.521811810912546</north>
									<south>7.668404669443163</south>
									<east>99.05179405112948</east>
									<west>98.19843948716131</west>
									<minAltitude>0</minAltitude>
									<maxAltitude>0</maxAltitude>
								</LatLonAltBox>
								<Lod>
									<minLodPixels>512</minLodPixels>
									<maxLodPixels>-1</maxLodPixels>
									<minFadeExtent>0</minFadeExtent>
									<maxFadeExtent>0</maxFadeExtent>
								</Lod>
							</Region>
							<GroundOverlay>
								<drawOrder>6</drawOrder>
								<Icon>
									<href>C:/Users/pakorn/AppData/LocalLow/Google/GoogleEarth/kml_image_1-2 Topography 3D Thailand - mitrearth_L6_14_1.png</href>
								</Icon>
								<gx:altitudeMode>clampToSeaFloor</gx:altitudeMode>
								<LatLonBox>
									<north>8.521811810912546</north>
									<south>7.668404669443163</south>
									<east>99.05179405112948</east>
									<west>98.19843948716131</west>
								</LatLonBox>
							</GroundOverlay>
						</Folder>
						<Folder>
							<name>kml_image_1-2 Topography 3D Thailand - mitrearth_L6_15_1</name>
							<Region>
								<LatLonAltBox>
									<north>7.668404669443163</north>
									<south>6.814997527973778</south>
									<east>99.05179405112948</east>
									<west>98.19843948716131</west>
									<minAltitude>0</minAltitude>
									<maxAltitude>0</maxAltitude>
								</LatLonAltBox>
								<Lod>
									<minLodPixels>512</minLodPixels>
									<maxLodPixels>-1</maxLodPixels>
									<minFadeExtent>0</minFadeExtent>
									<maxFadeExtent>0</maxFadeExtent>
								</Lod>
							</Region>
							<GroundOverlay>
								<drawOrder>6</drawOrder>
								<Icon>
									<href>C:/Users/pakorn/AppData/LocalLow/Google/GoogleEarth/kml_image_1-2 Topography 3D Thailand - mitrearth_L6_15_1.png</href>
								</Icon>
								<gx:altitudeMode>clampToSeaFloor</gx:altitudeMode>
								<LatLonBox>
									<north>7.668404669443163</north>
									<south>6.814997527973778</south>
									<east>99.05179405112948</east>
									<west>98.19843948716131</west>
								</LatLonBox>
							</GroundOverlay>
						</Folder>
					</Folder>
					<Folder>
						<name>kml_image_1-2 Topography 3D Thailand - mitrearth_L5_7_1</name>
						<Region>
							<LatLonAltBox>
								<north>8.521811810912546</north>
								<south>6.814997527973778</south>
								<east>100.7585031790658</east>
								<west>99.05179405112948</west>
								<minAltitude>0</minAltitude>
								<maxAltitude>0</maxAltitude>
							</LatLonAltBox>
							<Lod>
								<minLodPixels>512</minLodPixels>
								<maxLodPixels>2049</maxLodPixels>
								<minFadeExtent>0</minFadeExtent>
								<maxFadeExtent>0</maxFadeExtent>
							</Lod>
						</Region>
						<GroundOverlay>
							<drawOrder>5</drawOrder>
							<Icon>
								<href>C:/Users/pakorn/AppData/LocalLow/Google/GoogleEarth/kml_image_1-2 Topography 3D Thailand - mitrearth_L5_7_1.png</href>
							</Icon>
							<gx:altitudeMode>clampToSeaFloor</gx:altitudeMode>
							<LatLonBox>
								<north>8.521811810912546</north>
								<south>6.814997527973778</south>
								<east>100.7585031790658</east>
								<west>99.05179405112948</west>
							</LatLonBox>
						</GroundOverlay>
						<Folder>
							<name>kml_image_1-2 Topography 3D Thailand - mitrearth_L6_14_2</name>
							<Region>
								<LatLonAltBox>
									<north>8.521811810912546</north>
									<south>7.668404669443163</south>
									<east>99.90514861509766</east>
									<west>99.05179405112948</west>
									<minAltitude>0</minAltitude>
									<maxAltitude>0</maxAltitude>
								</LatLonAltBox>
								<Lod>
									<minLodPixels>512</minLodPixels>
									<maxLodPixels>-1</maxLodPixels>
									<minFadeExtent>0</minFadeExtent>
									<maxFadeExtent>0</maxFadeExtent>
								</Lod>
							</Region>
							<GroundOverlay>
								<drawOrder>6</drawOrder>
								<Icon>
									<href>C:/Users/pakorn/AppData/LocalLow/Google/GoogleEarth/kml_image_1-2 Topography 3D Thailand - mitrearth_L6_14_2.png</href>
								</Icon>
								<gx:altitudeMode>clampToSeaFloor</gx:altitudeMode>
								<LatLonBox>
									<north>8.521811810912546</north>
									<south>7.668404669443163</south>
									<east>99.90514861509766</east>
									<west>99.05179405112948</west>
								</LatLonBox>
							</GroundOverlay>
						</Folder>
						<Folder>
							<name>kml_image_1-2 Topography 3D Thailand - mitrearth_L6_14_3</name>
							<Region>
								<LatLonAltBox>
									<north>8.521811810912546</north>
									<south>7.668404669443163</south>
									<east>100.7585031790658</east>
									<west>99.90514861509766</west>
									<minAltitude>0</minAltitude>
									<maxAltitude>0</maxAltitude>
								</LatLonAltBox>
								<Lod>
									<minLodPixels>512</minLodPixels>
									<maxLodPixels>-1</maxLodPixels>
									<minFadeExtent>0</minFadeExtent>
									<maxFadeExtent>0</maxFadeExtent>
								</Lod>
							</Region>
							<GroundOverlay>
								<drawOrder>6</drawOrder>
								<Icon>
									<href>C:/Users/pakorn/AppData/LocalLow/Google/GoogleEarth/kml_image_1-2 Topography 3D Thailand - mitrearth_L6_14_3.png</href>
								</Icon>
								<gx:altitudeMode>clampToSeaFloor</gx:altitudeMode>
								<LatLonBox>
									<north>8.521811810912546</north>
									<south>7.668404669443163</south>
									<east>100.7585031790658</east>
									<west>99.90514861509766</west>
								</LatLonBox>
							</GroundOverlay>
						</Folder>
						<Folder>
							<name>kml_image_1-2 Topography 3D Thailand - mitrearth_L6_15_2</name>
							<Region>
								<LatLonAltBox>
									<north>7.668404669443163</north>
									<south>6.814997527973778</south>
									<east>99.90514861509766</east>
									<west>99.05179405112948</west>
									<minAltitude>0</minAltitude>
									<maxAltitude>0</maxAltitude>
								</LatLonAltBox>
								<Lod>
									<minLodPixels>512</minLodPixels>
									<maxLodPixels>-1</maxLodPixels>
									<minFadeExtent>0</minFadeExtent>
									<maxFadeExtent>0</maxFadeExtent>
								</Lod>
							</Region>
							<GroundOverlay>
								<drawOrder>6</drawOrder>
								<Icon>
									<href>C:/Users/pakorn/AppData/LocalLow/Google/GoogleEarth/kml_image_1-2 Topography 3D Thailand - mitrearth_L6_15_2.png</href>
								</Icon>
								<gx:altitudeMode>clampToSeaFloor</gx:altitudeMode>
								<LatLonBox>
									<north>7.668404669443163</north>
									<south>6.814997527973778</south>
									<east>99.90514861509766</east>
									<west>99.05179405112948</west>
								</LatLonBox>
							</GroundOverlay>
						</Folder>
						<Folder>
							<name>kml_image_1-2 Topography 3D Thailand - mitrearth_L6_15_3</name>
							<Region>
								<LatLonAltBox>
									<north>7.668404669443163</north>
									<south>6.814997527973778</south>
									<east>100.7585031790658</east>
									<west>99.90514861509766</west>
									<minAltitude>0</minAltitude>
									<maxAltitude>0</maxAltitude>
								</LatLonAltBox>
								<Lod>
									<minLodPixels>512</minLodPixels>
									<maxLodPixels>-1</maxLodPixels>
									<minFadeExtent>0</minFadeExtent>
									<maxFadeExtent>0</maxFadeExtent>
								</Lod>
							</Region>
							<GroundOverlay>
								<drawOrder>6</drawOrder>
								<Icon>
									<href>C:/Users/pakorn/AppData/LocalLow/Google/GoogleEarth/kml_image_1-2 Topography 3D Thailand - mitrearth_L6_15_3.png</href>
								</Icon>
								<gx:altitudeMode>clampToSeaFloor</gx:altitudeMode>
								<LatLonBox>
									<north>7.668404669443163</north>
									<south>6.814997527973778</south>
									<east>100.7585031790658</east>
									<west>99.90514861509766</west>
								</LatLonBox>
							</GroundOverlay>
						</Folder>
					</Folder>
				</Folder>
				<Folder>
					<name>kml_image_1-2 Topography 3D Thailand - mitrearth_L4_3_1</name>
					<Region>
						<LatLonAltBox>
							<north>10.22862609385131</north>
							<south>6.814997527973778</south>
							<east>104.1719214349385</east>
							<west>100.7585031790658</west>
							<minAltitude>0</minAltitude>
							<maxAltitude>0</maxAltitude>
						</LatLonAltBox>
						<Lod>
							<minLodPixels>512</minLodPixels>
							<maxLodPixels>2049</maxLodPixels>
							<minFadeExtent>0</minFadeExtent>
							<maxFadeExtent>0</maxFadeExtent>
						</Lod>
					</Region>
					<GroundOverlay>
						<drawOrder>4</drawOrder>
						<Icon>
							<href>C:/Users/pakorn/AppData/LocalLow/Google/GoogleEarth/kml_image_1-2 Topography 3D Thailand - mitrearth_L4_3_1.png</href>
						</Icon>
						<gx:altitudeMode>clampToSeaFloor</gx:altitudeMode>
						<LatLonBox>
							<north>10.22862609385131</north>
							<south>6.814997527973778</south>
							<east>104.1719214349385</east>
							<west>100.7585031790658</west>
						</LatLonBox>
					</GroundOverlay>
					<Folder>
						<name>kml_image_1-2 Topography 3D Thailand - mitrearth_L5_7_2</name>
						<Region>
							<LatLonAltBox>
								<north>8.521811810912546</north>
								<south>6.814997527973778</south>
								<east>102.4652123070022</east>
								<west>100.7585031790658</west>
								<minAltitude>0</minAltitude>
								<maxAltitude>0</maxAltitude>
							</LatLonAltBox>
							<Lod>
								<minLodPixels>512</minLodPixels>
								<maxLodPixels>2049</maxLodPixels>
								<minFadeExtent>0</minFadeExtent>
								<maxFadeExtent>0</maxFadeExtent>
							</Lod>
						</Region>
						<GroundOverlay>
							<drawOrder>5</drawOrder>
							<Icon>
								<href>C:/Users/pakorn/AppData/LocalLow/Google/GoogleEarth/kml_image_1-2 Topography 3D Thailand - mitrearth_L5_7_2.png</href>
							</Icon>
							<gx:altitudeMode>clampToSeaFloor</gx:altitudeMode>
							<LatLonBox>
								<north>8.521811810912546</north>
								<south>6.814997527973778</south>
								<east>102.4652123070022</east>
								<west>100.7585031790658</west>
							</LatLonBox>
						</GroundOverlay>
						<Folder>
							<name>kml_image_1-2 Topography 3D Thailand - mitrearth_L6_15_4</name>
							<Region>
								<LatLonAltBox>
									<north>7.668404669443163</north>
									<south>6.814997527973778</south>
									<east>101.611857743034</east>
									<west>100.7585031790658</west>
									<minAltitude>0</minAltitude>
									<maxAltitude>0</maxAltitude>
								</LatLonAltBox>
								<Lod>
									<minLodPixels>512</minLodPixels>
									<maxLodPixels>-1</maxLodPixels>
									<minFadeExtent>0</minFadeExtent>
									<maxFadeExtent>0</maxFadeExtent>
								</Lod>
							</Region>
							<GroundOverlay>
								<drawOrder>6</drawOrder>
								<Icon>
									<href>C:/Users/pakorn/AppData/LocalLow/Google/GoogleEarth/kml_image_1-2 Topography 3D Thailand - mitrearth_L6_15_4.png</href>
								</Icon>
								<gx:altitudeMode>clampToSeaFloor</gx:altitudeMode>
								<LatLonBox>
									<north>7.668404669443163</north>
									<south>6.814997527973778</south>
									<east>101.611857743034</east>
									<west>100.7585031790658</west>
								</LatLonBox>
							</GroundOverlay>
						</Folder>
					</Folder>
				</Folder>
			</Folder>
		</Folder>
		<Folder>
			<name>kml_image_1-2 Topography 3D Thailand - mitrearth_L2_1_0</name>
			<Region>
				<LatLonAltBox>
					<north>6.814997527973778</north>
					<south>5.615727140694048</south>
					<east>105.6386245917588</east>
					<west>97.34508492319314</west>
					<minAltitude>0</minAltitude>
					<maxAltitude>0</maxAltitude>
				</LatLonAltBox>
				<Lod>
					<minLodPixels>118</minLodPixels>
					<maxLodPixels>2049</maxLodPixels>
					<minFadeExtent>0</minFadeExtent>
					<maxFadeExtent>0</maxFadeExtent>
				</Lod>
			</Region>
			<GroundOverlay>
				<drawOrder>2</drawOrder>
				<Icon>
					<href>C:/Users/pakorn/AppData/LocalLow/Google/GoogleEarth/kml_image_1-2 Topography 3D Thailand - mitrearth_L2_1_0.png</href>
				</Icon>
				<gx:altitudeMode>clampToSeaFloor</gx:altitudeMode>
				<LatLonBox>
					<north>6.814997527973778</north>
					<south>5.615727140694048</south>
					<east>105.6386245917588</east>
					<west>97.34508492319314</west>
				</LatLonBox>
			</GroundOverlay>
			<Folder>
				<name>kml_image_1-2 Topography 3D Thailand - mitrearth_L3_2_0</name>
				<Region>
					<LatLonAltBox>
						<north>6.814997527973778</north>
						<south>5.615727140694048</south>
						<east>104.1719214349385</east>
						<west>97.34508492319314</west>
						<minAltitude>0</minAltitude>
						<maxAltitude>0</maxAltitude>
					</LatLonAltBox>
					<Lod>
						<minLodPixels>215</minLodPixels>
						<maxLodPixels>2049</maxLodPixels>
						<minFadeExtent>0</minFadeExtent>
						<maxFadeExtent>0</maxFadeExtent>
					</Lod>
				</Region>
				<GroundOverlay>
					<drawOrder>3</drawOrder>
					<Icon>
						<href>C:/Users/pakorn/AppData/LocalLow/Google/GoogleEarth/kml_image_1-2 Topography 3D Thailand - mitrearth_L3_2_0.png</href>
					</Icon>
					<gx:altitudeMode>clampToSeaFloor</gx:altitudeMode>
					<LatLonBox>
						<north>6.814997527973778</north>
						<south>5.615727140694048</south>
						<east>104.1719214349385</east>
						<west>97.34508492319314</west>
					</LatLonBox>
				</GroundOverlay>
				<Folder>
					<name>kml_image_1-2 Topography 3D Thailand - mitrearth_L4_4_0</name>
					<Region>
						<LatLonAltBox>
							<north>6.814997527973778</north>
							<south>5.615727140694048</south>
							<east>100.7585031790658</east>
							<west>97.34508492319314</west>
							<minAltitude>0</minAltitude>
							<maxAltitude>0</maxAltitude>
						</LatLonAltBox>
						<Lod>
							<minLodPixels>304</minLodPixels>
							<maxLodPixels>2049</maxLodPixels>
							<minFadeExtent>0</minFadeExtent>
							<maxFadeExtent>0</maxFadeExtent>
						</Lod>
					</Region>
					<GroundOverlay>
						<drawOrder>4</drawOrder>
						<Icon>
							<href>C:/Users/pakorn/AppData/LocalLow/Google/GoogleEarth/kml_image_1-2 Topography 3D Thailand - mitrearth_L4_4_0.png</href>
						</Icon>
						<gx:altitudeMode>clampToSeaFloor</gx:altitudeMode>
						<LatLonBox>
							<north>6.814997527973778</north>
							<south>5.615727140694048</south>
							<east>100.7585031790658</east>
							<west>97.34508492319314</west>
						</LatLonBox>
					</GroundOverlay>
					<Folder>
						<name>kml_image_1-2 Topography 3D Thailand - mitrearth_L5_8_1</name>
						<Region>
							<LatLonAltBox>
								<north>6.814997527973778</north>
								<south>5.615727140694048</south>
								<east>100.7585031790658</east>
								<west>99.05179405112948</west>
								<minAltitude>0</minAltitude>
								<maxAltitude>0</maxAltitude>
							</LatLonAltBox>
							<Lod>
								<minLodPixels>429</minLodPixels>
								<maxLodPixels>2049</maxLodPixels>
								<minFadeExtent>0</minFadeExtent>
								<maxFadeExtent>0</maxFadeExtent>
							</Lod>
						</Region>
						<GroundOverlay>
							<drawOrder>5</drawOrder>
							<Icon>
								<href>C:/Users/pakorn/AppData/LocalLow/Google/GoogleEarth/kml_image_1-2 Topography 3D Thailand - mitrearth_L5_8_1.png</href>
							</Icon>
							<gx:altitudeMode>clampToSeaFloor</gx:altitudeMode>
							<LatLonBox>
								<north>6.814997527973778</north>
								<south>5.615727140694048</south>
								<east>100.7585031790658</east>
								<west>99.05179405112948</west>
							</LatLonBox>
						</GroundOverlay>
						<Folder>
							<name>kml_image_1-2 Topography 3D Thailand - mitrearth_L6_16_2</name>
							<Region>
								<LatLonAltBox>
									<north>6.814997527973778</north>
									<south>5.961590386504394</south>
									<east>99.90514861509766</east>
									<west>99.05179405112948</west>
									<minAltitude>0</minAltitude>
									<maxAltitude>0</maxAltitude>
								</LatLonAltBox>
								<Lod>
									<minLodPixels>512</minLodPixels>
									<maxLodPixels>-1</maxLodPixels>
									<minFadeExtent>0</minFadeExtent>
									<maxFadeExtent>0</maxFadeExtent>
								</Lod>
							</Region>
							<GroundOverlay>
								<drawOrder>6</drawOrder>
								<Icon>
									<href>C:/Users/pakorn/AppData/LocalLow/Google/GoogleEarth/kml_image_1-2 Topography 3D Thailand - mitrearth_L6_16_2.png</href>
								</Icon>
								<gx:altitudeMode>clampToSeaFloor</gx:altitudeMode>
								<LatLonBox>
									<north>6.814997527973778</north>
									<south>5.961590386504394</south>
									<east>99.90514861509766</east>
									<west>99.05179405112948</west>
								</LatLonBox>
							</GroundOverlay>
						</Folder>
						<Folder>
							<name>kml_image_1-2 Topography 3D Thailand - mitrearth_L6_16_3</name>
							<Region>
								<LatLonAltBox>
									<north>6.814997527973778</north>
									<south>5.961590386504394</south>
									<east>100.7585031790658</east>
									<west>99.90514861509766</west>
									<minAltitude>0</minAltitude>
									<maxAltitude>0</maxAltitude>
								</LatLonAltBox>
								<Lod>
									<minLodPixels>512</minLodPixels>
									<maxLodPixels>-1</maxLodPixels>
									<minFadeExtent>0</minFadeExtent>
									<maxFadeExtent>0</maxFadeExtent>
								</Lod>
							</Region>
							<GroundOverlay>
								<drawOrder>6</drawOrder>
								<Icon>
									<href>C:/Users/pakorn/AppData/LocalLow/Google/GoogleEarth/kml_image_1-2 Topography 3D Thailand - mitrearth_L6_16_3.png</href>
								</Icon>
								<gx:altitudeMode>clampToSeaFloor</gx:altitudeMode>
								<LatLonBox>
									<north>6.814997527973778</north>
									<south>5.961590386504394</south>
									<east>100.7585031790658</east>
									<west>99.90514861509766</west>
								</LatLonBox>
							</GroundOverlay>
						</Folder>
					</Folder>
				</Folder>
				<Folder>
					<name>kml_image_1-2 Topography 3D Thailand - mitrearth_L4_4_1</name>
					<Region>
						<LatLonAltBox>
							<north>6.814997527973778</north>
							<south>5.615727140694048</south>
							<east>104.1719214349385</east>
							<west>100.7585031790658</west>
							<minAltitude>0</minAltitude>
							<maxAltitude>0</maxAltitude>
						</LatLonAltBox>
						<Lod>
							<minLodPixels>304</minLodPixels>
							<maxLodPixels>2049</maxLodPixels>
							<minFadeExtent>0</minFadeExtent>
							<maxFadeExtent>0</maxFadeExtent>
						</Lod>
					</Region>
					<GroundOverlay>
						<drawOrder>4</drawOrder>
						<Icon>
							<href>C:/Users/pakorn/AppData/LocalLow/Google/GoogleEarth/kml_image_1-2 Topography 3D Thailand - mitrearth_L4_4_1.png</href>
						</Icon>
						<gx:altitudeMode>clampToSeaFloor</gx:altitudeMode>
						<LatLonBox>
							<north>6.814997527973778</north>
							<south>5.615727140694048</south>
							<east>104.1719214349385</east>
							<west>100.7585031790658</west>
						</LatLonBox>
					</GroundOverlay>
					<Folder>
						<name>kml_image_1-2 Topography 3D Thailand - mitrearth_L5_8_2</name>
						<Region>
							<LatLonAltBox>
								<north>6.814997527973778</north>
								<south>5.615727140694048</south>
								<east>102.4652123070022</east>
								<west>100.7585031790658</west>
								<minAltitude>0</minAltitude>
								<maxAltitude>0</maxAltitude>
							</LatLonAltBox>
							<Lod>
								<minLodPixels>429</minLodPixels>
								<maxLodPixels>2049</maxLodPixels>
								<minFadeExtent>0</minFadeExtent>
								<maxFadeExtent>0</maxFadeExtent>
							</Lod>
						</Region>
						<GroundOverlay>
							<drawOrder>5</drawOrder>
							<Icon>
								<href>C:/Users/pakorn/AppData/LocalLow/Google/GoogleEarth/kml_image_1-2 Topography 3D Thailand - mitrearth_L5_8_2.png</href>
							</Icon>
							<gx:altitudeMode>clampToSeaFloor</gx:altitudeMode>
							<LatLonBox>
								<north>6.814997527973778</north>
								<south>5.615727140694048</south>
								<east>102.4652123070022</east>
								<west>100.7585031790658</west>
							</LatLonBox>
						</GroundOverlay>
						<Folder>
							<name>kml_image_1-2 Topography 3D Thailand - mitrearth_L6_16_4</name>
							<Region>
								<LatLonAltBox>
									<north>6.814997527973778</north>
									<south>5.961590386504394</south>
									<east>101.611857743034</east>
									<west>100.7585031790658</west>
									<minAltitude>0</minAltitude>
									<maxAltitude>0</maxAltitude>
								</LatLonAltBox>
								<Lod>
									<minLodPixels>512</minLodPixels>
									<maxLodPixels>-1</maxLodPixels>
									<minFadeExtent>0</minFadeExtent>
									<maxFadeExtent>0</maxFadeExtent>
								</Lod>
							</Region>
							<GroundOverlay>
								<drawOrder>6</drawOrder>
								<Icon>
									<href>C:/Users/pakorn/AppData/LocalLow/Google/GoogleEarth/kml_image_1-2 Topography 3D Thailand - mitrearth_L6_16_4.png</href>
								</Icon>
								<gx:altitudeMode>clampToSeaFloor</gx:altitudeMode>
								<LatLonBox>
									<north>6.814997527973778</north>
									<south>5.961590386504394</south>
									<east>101.611857743034</east>
									<west>100.7585031790658</west>
								</LatLonBox>
							</GroundOverlay>
						</Folder>
						<Folder>
							<name>kml_image_1-2 Topography 3D Thailand - mitrearth_L6_16_5</name>
							<Region>
								<LatLonAltBox>
									<north>6.814997527973778</north>
									<south>5.961590386504394</south>
									<east>102.4652123070022</east>
									<west>101.611857743034</west>
									<minAltitude>0</minAltitude>
									<maxAltitude>0</maxAltitude>
								</LatLonAltBox>
								<Lod>
									<minLodPixels>512</minLodPixels>
									<maxLodPixels>-1</maxLodPixels>
									<minFadeExtent>0</minFadeExtent>
									<maxFadeExtent>0</maxFadeExtent>
								</Lod>
							</Region>
							<GroundOverlay>
								<drawOrder>6</drawOrder>
								<Icon>
									<href>C:/Users/pakorn/AppData/LocalLow/Google/GoogleEarth/kml_image_1-2 Topography 3D Thailand - mitrearth_L6_16_5.png</href>
								</Icon>
								<gx:altitudeMode>clampToSeaFloor</gx:altitudeMode>
								<LatLonBox>
									<north>6.814997527973778</north>
									<south>5.961590386504394</south>
									<east>102.4652123070022</east>
									<west>101.611857743034</west>
								</LatLonBox>
							</GroundOverlay>
						</Folder>
						<Folder>
							<name>kml_image_1-2 Topography 3D Thailand - mitrearth_L6_17_4</name>
							<Region>
								<LatLonAltBox>
									<north>5.961590386504394</north>
									<south>5.615727140694048</south>
									<east>101.611857743034</east>
									<west>100.7585031790658</west>
									<minAltitude>0</minAltitude>
									<maxAltitude>0</maxAltitude>
								</LatLonAltBox>
								<Lod>
									<minLodPixels>326</minLodPixels>
									<maxLodPixels>-1</maxLodPixels>
									<minFadeExtent>0</minFadeExtent>
									<maxFadeExtent>0</maxFadeExtent>
								</Lod>
							</Region>
							<GroundOverlay>
								<drawOrder>6</drawOrder>
								<Icon>
									<href>C:/Users/pakorn/AppData/LocalLow/Google/GoogleEarth/kml_image_1-2 Topography 3D Thailand - mitrearth_L6_17_4.png</href>
								</Icon>
								<gx:altitudeMode>clampToSeaFloor</gx:altitudeMode>
								<LatLonBox>
									<north>5.961590386504394</north>
									<south>5.615727140694048</south>
									<east>101.611857743034</east>
									<west>100.7585031790658</west>
								</LatLonBox>
							</GroundOverlay>
						</Folder>
						<Folder>
							<name>kml_image_1-2 Topography 3D Thailand - mitrearth_L6_17_5</name>
							<Region>
								<LatLonAltBox>
									<north>5.961590386504394</north>
									<south>5.615727140694048</south>
									<east>102.4652123070022</east>
									<west>101.611857743034</west>
									<minAltitude>0</minAltitude>
									<maxAltitude>0</maxAltitude>
								</LatLonAltBox>
								<Lod>
									<minLodPixels>326</minLodPixels>
									<maxLodPixels>-1</maxLodPixels>
									<minFadeExtent>0</minFadeExtent>
									<maxFadeExtent>0</maxFadeExtent>
								</Lod>
							</Region>
							<GroundOverlay>
								<drawOrder>6</drawOrder>
								<Icon>
									<href>C:/Users/pakorn/AppData/LocalLow/Google/GoogleEarth/kml_image_1-2 Topography 3D Thailand - mitrearth_L6_17_5.png</href>
								</Icon>
								<gx:altitudeMode>clampToSeaFloor</gx:altitudeMode>
								<LatLonBox>
									<north>5.961590386504394</north>
									<south>5.615727140694048</south>
									<east>102.4652123070022</east>
									<west>101.611857743034</west>
								</LatLonBox>
							</GroundOverlay>
						</Folder>
					</Folder>
				</Folder>
			</Folder>
		</Folder>
	</Folder>
</Document>
</kml>
