<?xml version="1.0" encoding="UTF-8"?>
<gpx version="1.1" creator="GPS Visualizer Sandbox https://www.gpsvisualizer.com/draw/" xmlns="http://www.topografix.com/GPX/1/1" xmlns:xsi="http://www.w3.org/2001/XMLSchema-instance" xsi:schemaLocation="http://www.topografix.com/GPX/1/1 http://www.topografix.com/GPX/1/1/gpx.xsd">
	<trk>
		<name>เพชรบุรี</name>
		<desc>Length: 431.9 km (268.4 mi)</desc>
		<trkseg>
			<trkpt lat="13.3017381" lon="99.8528854"></trkpt>
			<trkpt lat="13.3091933" lon="99.8522121"></trkpt>
			<trkpt lat="13.3288515" lon="99.8560716"></trkpt>
			<trkpt lat="13.332992" lon="99.8464577"></trkpt>
			<trkpt lat="13.3364985" lon="99.8326205"></trkpt>
			<trkpt lat="13.3392655" lon="99.8301271"></trkpt>
			<trkpt lat="13.3400974" lon="99.817607"></trkpt>
			<trkpt lat="13.3376432" lon="99.8145986"></trkpt>
			<trkpt lat="13.340226" lon="99.8116934"></trkpt>
			<trkpt lat="13.3388553" lon="99.8080849"></trkpt>
			<trkpt lat="13.3362743" lon="99.8061817"></trkpt>
			<trkpt lat="13.334891" lon="99.8075575"></trkpt>
			<trkpt lat="13.333935" lon="99.8057245"></trkpt>
			<trkpt lat="13.3308122" lon="99.8050441"></trkpt>
			<trkpt lat="13.3300742" lon="99.8028575"></trkpt>
			<trkpt lat="13.3316545" lon="99.7956157"></trkpt>
			<trkpt lat="13.33676" lon="99.7904877"></trkpt>
			<trkpt lat="13.333418" lon="99.7838825"></trkpt>
			<trkpt lat="13.3380057" lon="99.7720651"></trkpt>
			<trkpt lat="13.3385354" lon="99.7665982"></trkpt>
			<trkpt lat="13.3443205" lon="99.7615044"></trkpt>
			<trkpt lat="13.3378663" lon="99.7484355"></trkpt>
			<trkpt lat="13.3393632" lon="99.7455517"></trkpt>
			<trkpt lat="13.3332192" lon="99.7366862"></trkpt>
			<trkpt lat="13.3316731" lon="99.7315945"></trkpt>
			<trkpt lat="13.3273645" lon="99.7269215"></trkpt>
			<trkpt lat="13.324379" lon="99.7147804"></trkpt>
			<trkpt lat="13.3227008" lon="99.7134899"></trkpt>
			<trkpt lat="13.3227933" lon="99.7083276"></trkpt>
			<trkpt lat="13.3175178" lon="99.699159"></trkpt>
			<trkpt lat="13.3082357" lon="99.6952387"></trkpt>
			<trkpt lat="13.3035484" lon="99.6911947"></trkpt>
			<trkpt lat="13.3000012" lon="99.6846679"></trkpt>
			<trkpt lat="13.2946821" lon="99.6855911"></trkpt>
			<trkpt lat="13.2909279" lon="99.6824758"></trkpt>
			<trkpt lat="13.2864601" lon="99.6653771"></trkpt>
			<trkpt lat="13.278407" lon="99.661898"></trkpt>
			<trkpt lat="13.2707378" lon="99.6642548"></trkpt>
			<trkpt lat="13.2681585" lon="99.6672928"></trkpt>
			<trkpt lat="13.2603345" lon="99.668287"></trkpt>
			<trkpt lat="13.24264" lon="99.664989"></trkpt>
			<trkpt lat="13.2378491" lon="99.6678922"></trkpt>
			<trkpt lat="13.2289627" lon="99.6633051"></trkpt>
			<trkpt lat="13.2226346" lon="99.6645264"></trkpt>
			<trkpt lat="13.218471" lon="99.6617914"></trkpt>
			<trkpt lat="13.215642" lon="99.663967"></trkpt>
			<trkpt lat="13.2115227" lon="99.6611578"></trkpt>
			<trkpt lat="13.2135127" lon="99.6564904"></trkpt>
			<trkpt lat="13.2106537" lon="99.6383594"></trkpt>
			<trkpt lat="13.2081837" lon="99.6363076"></trkpt>
			<trkpt lat="13.2019409" lon="99.6363908"></trkpt>
			<trkpt lat="13.2053626" lon="99.6261355"></trkpt>
			<trkpt lat="13.2037916" lon="99.6224002"></trkpt>
			<trkpt lat="13.2049449" lon="99.6184735"></trkpt>
			<trkpt lat="13.2039306" lon="99.6154507"></trkpt>
			<trkpt lat="13.2055765" lon="99.6044081"></trkpt>
			<trkpt lat="13.2029255" lon="99.5964302"></trkpt>
			<trkpt lat="13.1998196" lon="99.5959439"></trkpt>
			<trkpt lat="13.19808" lon="99.5930194"></trkpt>
			<trkpt lat="13.2000188" lon="99.5854843"></trkpt>
			<trkpt lat="13.1977401" lon="99.576026"></trkpt>
			<trkpt lat="13.2051087" lon="99.5647603"></trkpt>
			<trkpt lat="13.2037094" lon="99.5564818"></trkpt>
			<trkpt lat="13.2074114" lon="99.552163"></trkpt>
			<trkpt lat="13.2069514" lon="99.5500531"></trkpt>
			<trkpt lat="13.2029561" lon="99.5467789"></trkpt>
			<trkpt lat="13.203633" lon="99.5399551"></trkpt>
			<trkpt lat="13.2070032" lon="99.5379506"></trkpt>
			<trkpt lat="13.2085477" lon="99.5322251"></trkpt>
			<trkpt lat="13.2080551" lon="99.5283542"></trkpt>
			<trkpt lat="13.2099159" lon="99.5215466"></trkpt>
			<trkpt lat="13.2008173" lon="99.5142083"></trkpt>
			<trkpt lat="13.1933885" lon="99.5139257"></trkpt>
			<trkpt lat="13.1900643" lon="99.5094396"></trkpt>
			<trkpt lat="13.1813292" lon="99.5078158"></trkpt>
			<trkpt lat="13.1797863" lon="99.5009245"></trkpt>
			<trkpt lat="13.1848587" lon="99.4993666"></trkpt>
			<trkpt lat="13.1919464" lon="99.489007"></trkpt>
			<trkpt lat="13.1909672" lon="99.4856355"></trkpt>
			<trkpt lat="13.1922494" lon="99.4836084"></trkpt>
			<trkpt lat="13.1957022" lon="99.4825025"></trkpt>
			<trkpt lat="13.2006825" lon="99.4781725"></trkpt>
			<trkpt lat="13.1864461" lon="99.4617491"></trkpt>
			<trkpt lat="13.183113" lon="99.4610248"></trkpt>
			<trkpt lat="13.1828173" lon="99.4595332"></trkpt>
			<trkpt lat="13.1862288" lon="99.4568542"></trkpt>
			<trkpt lat="13.1845143" lon="99.4529526"></trkpt>
			<trkpt lat="13.1848747" lon="99.4387281"></trkpt>
			<trkpt lat="13.1867792" lon="99.43608"></trkpt>
			<trkpt lat="13.1903339" lon="99.4355257"></trkpt>
			<trkpt lat="13.1901546" lon="99.4338815"></trkpt>
			<trkpt lat="13.1953933" lon="99.4313592"></trkpt>
			<trkpt lat="13.1978304" lon="99.4272451"></trkpt>
			<trkpt lat="13.1982908" lon="99.4229148"></trkpt>
			<trkpt lat="13.1963669" lon="99.4196117"></trkpt>
			<trkpt lat="13.1976905" lon="99.4146501"></trkpt>
			<trkpt lat="13.2007483" lon="99.4109481"></trkpt>
			<trkpt lat="13.2106922" lon="99.4077552"></trkpt>
			<trkpt lat="13.2128042" lon="99.4044972"></trkpt>
			<trkpt lat="13.212098" lon="99.4022182"></trkpt>
			<trkpt lat="13.2170976" lon="99.398403"></trkpt>
			<trkpt lat="13.2171604" lon="99.396548"></trkpt>
			<trkpt lat="13.2125886" lon="99.3941779"></trkpt>
			<trkpt lat="13.218966" lon="99.3729803"></trkpt>
			<trkpt lat="13.2207425" lon="99.3708475"></trkpt>
			<trkpt lat="13.2284016" lon="99.3707472"></trkpt>
			<trkpt lat="13.2333314" lon="99.3671773"></trkpt>
			<trkpt lat="13.2323693" lon="99.3610004"></trkpt>
			<trkpt lat="13.2334124" lon="99.3571167"></trkpt>
			<trkpt lat="13.242688" lon="99.3494705"></trkpt>
			<trkpt lat="13.2382627" lon="99.3438372"></trkpt>
			<trkpt lat="13.2311909" lon="99.3383164"></trkpt>
			<trkpt lat="13.2292107" lon="99.3390987"></trkpt>
			<trkpt lat="13.2227215" lon="99.3357861"></trkpt>
			<trkpt lat="13.2204574" lon="99.3297947"></trkpt>
			<trkpt lat="13.2217344" lon="99.3246317"></trkpt>
			<trkpt lat="13.2207367" lon="99.3234675"></trkpt>
			<trkpt lat="13.2143872" lon="99.3238773"></trkpt>
			<trkpt lat="13.2144261" lon="99.3217172"></trkpt>
			<trkpt lat="13.2080963" lon="99.3190865"></trkpt>
			<trkpt lat="13.1893742" lon="99.3188142"></trkpt>
			<trkpt lat="13.1866494" lon="99.3238321"></trkpt>
			<trkpt lat="13.1833216" lon="99.3257622"></trkpt>
			<trkpt lat="13.1763461" lon="99.32333"></trkpt>
			<trkpt lat="13.1709693" lon="99.3104905"></trkpt>
			<trkpt lat="13.163587" lon="99.3050301"></trkpt>
			<trkpt lat="13.1622733" lon="99.2955562"></trkpt>
			<trkpt lat="13.1515064" lon="99.2799853"></trkpt>
			<trkpt lat="13.1485583" lon="99.2706378"></trkpt>
			<trkpt lat="13.1561492" lon="99.2644317"></trkpt>
			<trkpt lat="13.1581832" lon="99.2649984"></trkpt>
			<trkpt lat="13.1700705" lon="99.2553605"></trkpt>
			<trkpt lat="13.1716755" lon="99.2519709"></trkpt>
			<trkpt lat="13.1767979" lon="99.2498439"></trkpt>
			<trkpt lat="13.1798082" lon="99.2460328"></trkpt>
			<trkpt lat="13.1861017" lon="99.244998"></trkpt>
			<trkpt lat="13.1859084" lon="99.2426042"></trkpt>
			<trkpt lat="13.1882312" lon="99.2390725"></trkpt>
			<trkpt lat="13.1914136" lon="99.2372166"></trkpt>
			<trkpt lat="13.1935191" lon="99.2338501"></trkpt>
			<trkpt lat="13.2024808" lon="99.2294587"></trkpt>
			<trkpt lat="13.2048437" lon="99.2211362"></trkpt>
			<trkpt lat="13.2010677" lon="99.2153747"></trkpt>
			<trkpt lat="13.2085188" lon="99.2100611"></trkpt>
			<trkpt lat="13.2035345" lon="99.2037638"></trkpt>
			<trkpt lat="13.1992714" lon="99.2032192"></trkpt>
			<trkpt lat="13.1938355" lon="99.1991926"></trkpt>
			<trkpt lat="13.1935929" lon="99.1971722"></trkpt>
			<trkpt lat="13.1971303" lon="99.1948202"></trkpt>
			<trkpt lat="13.1956815" lon="99.1915905"></trkpt>
			<trkpt lat="13.1928915" lon="99.190335"></trkpt>
			<trkpt lat="13.1937129" lon="99.1864614"></trkpt>
			<trkpt lat="13.1922641" lon="99.18289"></trkpt>
			<trkpt lat="13.2019079" lon="99.1749588"></trkpt>
			<trkpt lat="13.205076" lon="99.1667715"></trkpt>
			<trkpt lat="13.2077397" lon="99.1638905"></trkpt>
			<trkpt lat="13.2085105" lon="99.1567531"></trkpt>
			<trkpt lat="13.2060549" lon="99.1501583"></trkpt>
			<trkpt lat="13.2055585" lon="99.1385162"></trkpt>
			<trkpt lat="13.2040703" lon="99.1374898"></trkpt>
			<trkpt lat="13.201024" lon="99.1291318"></trkpt>
			<trkpt lat="13.1941603" lon="99.1229941"></trkpt>
			<trkpt lat="13.1870507" lon="99.1251174"></trkpt>
			<trkpt lat="13.1817494" lon="99.1230446"></trkpt>
			<trkpt lat="13.1767278" lon="99.1172314"></trkpt>
			<trkpt lat="13.174439" lon="99.1170216"></trkpt>
			<trkpt lat="13.1733028" lon="99.1196223"></trkpt>
			<trkpt lat="13.1697106" lon="99.1221843"></trkpt>
			<trkpt lat="13.170193" lon="99.1249949"></trkpt>
			<trkpt lat="13.1646803" lon="99.1340307"></trkpt>
			<trkpt lat="13.1495133" lon="99.1367756"></trkpt>
			<trkpt lat="13.1423155" lon="99.1301454"></trkpt>
			<trkpt lat="13.1374205" lon="99.1312629"></trkpt>
			<trkpt lat="13.1351858" lon="99.1358184"></trkpt>
			<trkpt lat="13.1308323" lon="99.1348287"></trkpt>
			<trkpt lat="13.1293428" lon="99.1361569"></trkpt>
			<trkpt lat="13.1219941" lon="99.1328304"></trkpt>
			<trkpt lat="13.1183461" lon="99.1334359"></trkpt>
			<trkpt lat="13.1186841" lon="99.1292595"></trkpt>
			<trkpt lat="13.1159391" lon="99.128017"></trkpt>
			<trkpt lat="13.102589" lon="99.1274095"></trkpt>
			<trkpt lat="13.0971717" lon="99.1312607"></trkpt>
			<trkpt lat="13.0952772" lon="99.1245394"></trkpt>
			<trkpt lat="13.0967302" lon="99.1210092"></trkpt>
			<trkpt lat="13.0874853" lon="99.1132027"></trkpt>
			<trkpt lat="13.08771" lon="99.1112288"></trkpt>
			<trkpt lat="13.082799" lon="99.1078474"></trkpt>
			<trkpt lat="13.0845488" lon="99.105001"></trkpt>
			<trkpt lat="13.0822803" lon="99.1020389"></trkpt>
			<trkpt lat="13.0803078" lon="99.1022276"></trkpt>
			<trkpt lat="13.0786922" lon="99.1000504"></trkpt>
			<trkpt lat="13.0723477" lon="99.0997621"></trkpt>
			<trkpt lat="13.0691614" lon="99.1027356"></trkpt>
			<trkpt lat="13.0634299" lon="99.1043656"></trkpt>
			<trkpt lat="13.0636128" lon="99.1103258"></trkpt>
			<trkpt lat="13.0583075" lon="99.1141763"></trkpt>
			<trkpt lat="13.0542419" lon="99.1136906"></trkpt>
			<trkpt lat="13.0447108" lon="99.119072"></trkpt>
			<trkpt lat="13.0396768" lon="99.1248911"></trkpt>
			<trkpt lat="13.0384109" lon="99.1247765"></trkpt>
			<trkpt lat="13.0387457" lon="99.1267505"></trkpt>
			<trkpt lat="13.0332145" lon="99.1343202"></trkpt>
			<trkpt lat="13.0330262" lon="99.1398618"></trkpt>
			<trkpt lat="13.0347746" lon="99.1403943"></trkpt>
			<trkpt lat="13.0327807" lon="99.1463335"></trkpt>
			<trkpt lat="13.0266015" lon="99.1476963"></trkpt>
			<trkpt lat="13.0264855" lon="99.15487"></trkpt>
			<trkpt lat="13.0206811" lon="99.1567975"></trkpt>
			<trkpt lat="13.0193733" lon="99.1586478"></trkpt>
			<trkpt lat="13.0201904" lon="99.1625987"></trkpt>
			<trkpt lat="13.0144983" lon="99.1709669"></trkpt>
			<trkpt lat="13.0088865" lon="99.1687417"></trkpt>
			<trkpt lat="13.0034173" lon="99.1730864"></trkpt>
			<trkpt lat="13.001592" lon="99.1726531"></trkpt>
			<trkpt lat="12.9960313" lon="99.1802097"></trkpt>
			<trkpt lat="12.9934016" lon="99.1809504"></trkpt>
			<trkpt lat="12.9908505" lon="99.1887584"></trkpt>
			<trkpt lat="12.9919978" lon="99.1933529"></trkpt>
			<trkpt lat="12.9907251" lon="99.1948777"></trkpt>
			<trkpt lat="12.9839827" lon="99.1901205"></trkpt>
			<trkpt lat="12.9820597" lon="99.1905509"></trkpt>
			<trkpt lat="12.9789331" lon="99.1875909"></trkpt>
			<trkpt lat="12.9749906" lon="99.1874552"></trkpt>
			<trkpt lat="12.9673292" lon="99.1903811"></trkpt>
			<trkpt lat="12.9658961" lon="99.1931451"></trkpt>
			<trkpt lat="12.9565387" lon="99.1952427"></trkpt>
			<trkpt lat="12.9536079" lon="99.1935528"></trkpt>
			<trkpt lat="12.9531174" lon="99.190455"></trkpt>
			<trkpt lat="12.9490656" lon="99.1882832"></trkpt>
			<trkpt lat="12.9484147" lon="99.1862558"></trkpt>
			<trkpt lat="12.944766" lon="99.1846581"></trkpt>
			<trkpt lat="12.9426146" lon="99.1719455"></trkpt>
			<trkpt lat="12.9364242" lon="99.171285"></trkpt>
			<trkpt lat="12.9328938" lon="99.1682613"></trkpt>
			<trkpt lat="12.9300309" lon="99.167886"></trkpt>
			<trkpt lat="12.9278886" lon="99.1629674"></trkpt>
			<trkpt lat="12.9243969" lon="99.1666596"></trkpt>
			<trkpt lat="12.9206484" lon="99.1756064"></trkpt>
			<trkpt lat="12.9103222" lon="99.1829801"></trkpt>
			<trkpt lat="12.9071672" lon="99.1816159"></trkpt>
			<trkpt lat="12.901234" lon="99.1833149"></trkpt>
			<trkpt lat="12.8930773" lon="99.1832905"></trkpt>
			<trkpt lat="12.8889939" lon="99.1808963"></trkpt>
			<trkpt lat="12.8847719" lon="99.1827752"></trkpt>
			<trkpt lat="12.8799931" lon="99.1887462"></trkpt>
			<trkpt lat="12.8624085" lon="99.1851956"></trkpt>
			<trkpt lat="12.8563133" lon="99.1873725"></trkpt>
			<trkpt lat="12.8508275" lon="99.1859014"></trkpt>
			<trkpt lat="12.846013" lon="99.1896181"></trkpt>
			<trkpt lat="12.844966" lon="99.1976246"></trkpt>
			<trkpt lat="12.8403442" lon="99.1988482"></trkpt>
			<trkpt lat="12.8389625" lon="99.2037823"></trkpt>
			<trkpt lat="12.8365881" lon="99.2061802"></trkpt>
			<trkpt lat="12.8318747" lon="99.207345"></trkpt>
			<trkpt lat="12.8266471" lon="99.2112047"></trkpt>
			<trkpt lat="12.8284187" lon="99.2177482"></trkpt>
			<trkpt lat="12.8235084" lon="99.2192388"></trkpt>
			<trkpt lat="12.8237521" lon="99.2223681"></trkpt>
			<trkpt lat="12.8142472" lon="99.2234476"></trkpt>
			<trkpt lat="12.8129129" lon="99.2253085"></trkpt>
			<trkpt lat="12.7965714" lon="99.229252"></trkpt>
			<trkpt lat="12.7917842" lon="99.2281397"></trkpt>
			<trkpt lat="12.7837244" lon="99.2311096"></trkpt>
			<trkpt lat="12.7824958" lon="99.2335611"></trkpt>
			<trkpt lat="12.7776684" lon="99.2345149"></trkpt>
			<trkpt lat="12.7698164" lon="99.2324588"></trkpt>
			<trkpt lat="12.755449" lon="99.2344207"></trkpt>
			<trkpt lat="12.7478857" lon="99.2318994"></trkpt>
			<trkpt lat="12.7464598" lon="99.2287204"></trkpt>
			<trkpt lat="12.7436019" lon="99.2277073"></trkpt>
			<trkpt lat="12.7383212" lon="99.233946"></trkpt>
			<trkpt lat="12.734976" lon="99.2343909"></trkpt>
			<trkpt lat="12.7220293" lon="99.2414217"></trkpt>
			<trkpt lat="12.7195241" lon="99.2454862"></trkpt>
			<trkpt lat="12.7199249" lon="99.2484186"></trkpt>
			<trkpt lat="12.7241016" lon="99.2530675"></trkpt>
			<trkpt lat="12.7265279" lon="99.2607771"></trkpt>
			<trkpt lat="12.7258346" lon="99.2646084"></trkpt>
			<trkpt lat="12.7292515" lon="99.2704217"></trkpt>
			<trkpt lat="12.7242339" lon="99.2724585"></trkpt>
			<trkpt lat="12.7228746" lon="99.2753331"></trkpt>
			<trkpt lat="12.7175292" lon="99.2784103"></trkpt>
			<trkpt lat="12.7154284" lon="99.2843394"></trkpt>
			<trkpt lat="12.7157802" lon="99.2894088"></trkpt>
			<trkpt lat="12.7143287" lon="99.2904475"></trkpt>
			<trkpt lat="12.7100988" lon="99.2884128"></trkpt>
			<trkpt lat="12.7072656" lon="99.2900492"></trkpt>
			<trkpt lat="12.6991299" lon="99.2894068"></trkpt>
			<trkpt lat="12.6973799" lon="99.2937936"></trkpt>
			<trkpt lat="12.689867" lon="99.3003258"></trkpt>
			<trkpt lat="12.6850267" lon="99.2993513"></trkpt>
			<trkpt lat="12.6817501" lon="99.2961361"></trkpt>
			<trkpt lat="12.6777145" lon="99.2952865"></trkpt>
			<trkpt lat="12.6710281" lon="99.307501"></trkpt>
			<trkpt lat="12.6680372" lon="99.3085041"></trkpt>
			<trkpt lat="12.6670534" lon="99.3136999"></trkpt>
			<trkpt lat="12.669437" lon="99.3177348"></trkpt>
			<trkpt lat="12.6687458" lon="99.322904"></trkpt>
			<trkpt lat="12.6621224" lon="99.3380136"></trkpt>
			<trkpt lat="12.6471529" lon="99.345183"></trkpt>
			<trkpt lat="12.6424186" lon="99.3437286"></trkpt>
			<trkpt lat="12.6393188" lon="99.3474596"></trkpt>
			<trkpt lat="12.6399944" lon="99.354643"></trkpt>
			<trkpt lat="12.637288" lon="99.3548505"></trkpt>
			<trkpt lat="12.6355519" lon="99.3572889"></trkpt>
			<trkpt lat="12.6354055" lon="99.3644089"></trkpt>
			<trkpt lat="12.6334035" lon="99.3669861"></trkpt>
			<trkpt lat="12.6260176" lon="99.3654931"></trkpt>
			<trkpt lat="12.6224161" lon="99.3705441"></trkpt>
			<trkpt lat="12.6219125" lon="99.378195"></trkpt>
			<trkpt lat="12.6163267" lon="99.3786967"></trkpt>
			<trkpt lat="12.6158152" lon="99.3806681"></trkpt>
			<trkpt lat="12.6177368" lon="99.3846773"></trkpt>
			<trkpt lat="12.6144702" lon="99.3930909"></trkpt>
			<trkpt lat="12.6136243" lon="99.4032517"></trkpt>
			<trkpt lat="12.6160579" lon="99.4114041"></trkpt>
			<trkpt lat="12.6070759" lon="99.4209911"></trkpt>
			<trkpt lat="12.595491" lon="99.4252389"></trkpt>
			<trkpt lat="12.5948042" lon="99.4278064"></trkpt>
			<trkpt lat="12.5911895" lon="99.4311816"></trkpt>
			<trkpt lat="12.5906687" lon="99.4338489"></trkpt>
			<trkpt lat="12.5810342" lon="99.4410877"></trkpt>
			<trkpt lat="12.5792202" lon="99.4537816"></trkpt>
			<trkpt lat="12.5822249" lon="99.4615741"></trkpt>
			<trkpt lat="12.5858795" lon="99.4647453"></trkpt>
			<trkpt lat="12.586583" lon="99.4697031"></trkpt>
			<trkpt lat="12.5886462" lon="99.4720803"></trkpt>
			<trkpt lat="12.5900508" lon="99.4786575"></trkpt>
			<trkpt lat="12.5886527" lon="99.4817292"></trkpt>
			<trkpt lat="12.590575" lon="99.4882159"></trkpt>
			<trkpt lat="12.5906384" lon="99.4943406"></trkpt>
			<trkpt lat="12.5934826" lon="99.4966293"></trkpt>
			<trkpt lat="12.5948813" lon="99.5042142"></trkpt>
			<trkpt lat="12.5892979" lon="99.5175848"></trkpt>
			<trkpt lat="12.587145" lon="99.5197399"></trkpt>
			<trkpt lat="12.5879053" lon="99.5268562"></trkpt>
			<trkpt lat="12.5831053" lon="99.5283084"></trkpt>
			<trkpt lat="12.5798129" lon="99.5372666"></trkpt>
			<trkpt lat="12.5769594" lon="99.5386928"></trkpt>
			<trkpt lat="12.5795886" lon="99.5453375"></trkpt>
			<trkpt lat="12.5768797" lon="99.5759051"></trkpt>
			<trkpt lat="12.5791854" lon="99.5780915"></trkpt>
			<trkpt lat="12.5729127" lon="99.583537"></trkpt>
			<trkpt lat="12.5625203" lon="99.5856526"></trkpt>
			<trkpt lat="12.5486421" lon="99.5934131"></trkpt>
			<trkpt lat="12.5421529" lon="99.6030556"></trkpt>
			<trkpt lat="12.5414486" lon="99.6189945"></trkpt>
			<trkpt lat="12.5483824" lon="99.6173318"></trkpt>
			<trkpt lat="12.5531959" lon="99.6224548"></trkpt>
			<trkpt lat="12.5664771" lon="99.6210335"></trkpt>
			<trkpt lat="12.5783386" lon="99.6244716"></trkpt>
			<trkpt lat="12.586928" lon="99.6234837"></trkpt>
			<trkpt lat="12.595291" lon="99.6284259"></trkpt>
			<trkpt lat="12.6018547" lon="99.6269953"></trkpt>
			<trkpt lat="12.611983" lon="99.6140276"></trkpt>
			<trkpt lat="12.6318754" lon="99.6145688"></trkpt>
			<trkpt lat="12.6357592" lon="99.61359"></trkpt>
			<trkpt lat="12.644962" lon="99.6205296"></trkpt>
			<trkpt lat="12.6517586" lon="99.6190635"></trkpt>
			<trkpt lat="12.6522227" lon="99.6279588"></trkpt>
			<trkpt lat="12.6425073" lon="99.6328758"></trkpt>
			<trkpt lat="12.6420106" lon="99.6378153"></trkpt>
			<trkpt lat="12.6366962" lon="99.646621"></trkpt>
			<trkpt lat="12.6390253" lon="99.6551355"></trkpt>
			<trkpt lat="12.6455797" lon="99.6661733"></trkpt>
			<trkpt lat="12.6484702" lon="99.6745804"></trkpt>
			<trkpt lat="12.6489236" lon="99.6869345"></trkpt>
			<trkpt lat="12.6513401" lon="99.6908936"></trkpt>
			<trkpt lat="12.6527494" lon="99.7081913"></trkpt>
			<trkpt lat="12.6488415" lon="99.7180621"></trkpt>
			<trkpt lat="12.6439877" lon="99.7190372"></trkpt>
			<trkpt lat="12.6410654" lon="99.7229815"></trkpt>
			<trkpt lat="12.640077" lon="99.7294018"></trkpt>
			<trkpt lat="12.6366653" lon="99.7353207"></trkpt>
			<trkpt lat="12.6318075" lon="99.737283"></trkpt>
			<trkpt lat="12.6241642" lon="99.737817"></trkpt>
			<trkpt lat="12.628869" lon="99.7469706"></trkpt>
			<trkpt lat="12.6288618" lon="99.7495314"></trkpt>
			<trkpt lat="12.6217101" lon="99.7480616"></trkpt>
			<trkpt lat="12.6158837" lon="99.7491564"></trkpt>
			<trkpt lat="12.6078821" lon="99.7476509"></trkpt>
			<trkpt lat="12.6073939" lon="99.7524496"></trkpt>
			<trkpt lat="12.5850324" lon="99.7568095"></trkpt>
			<trkpt lat="12.5833803" lon="99.7594502"></trkpt>
			<trkpt lat="12.5861203" lon="99.765335"></trkpt>
			<trkpt lat="12.5892667" lon="99.7650745"></trkpt>
			<trkpt lat="12.6053203" lon="99.7860681"></trkpt>
			<trkpt lat="12.6073296" lon="99.7907874"></trkpt>
			<trkpt lat="12.6281203" lon="99.8198904"></trkpt>
			<trkpt lat="12.6310952" lon="99.8286537"></trkpt>
			<trkpt lat="12.6280979" lon="99.8325997"></trkpt>
			<trkpt lat="12.6224477" lon="99.8458925"></trkpt>
			<trkpt lat="12.6269223" lon="99.8715772"></trkpt>
			<trkpt lat="12.6258058" lon="99.8767098"></trkpt>
			<trkpt lat="12.6195758" lon="99.8835546"></trkpt>
			<trkpt lat="12.6227615" lon="99.8860882"></trkpt>
			<trkpt lat="12.6249645" lon="99.8908098"></trkpt>
			<trkpt lat="12.6287121" lon="99.8936177"></trkpt>
			<trkpt lat="12.6286093" lon="99.8969497"></trkpt>
			<trkpt lat="12.6361289" lon="99.9043268"></trkpt>
			<trkpt lat="12.630324" lon="99.9126055"></trkpt>
			<trkpt lat="12.6257723" lon="99.9146385"></trkpt>
			<trkpt lat="12.6256792" lon="99.9183929"></trkpt>
			<trkpt lat="12.6238613" lon="99.9214661"></trkpt>
			<trkpt lat="12.6246203" lon="99.9232607"></trkpt>
			<trkpt lat="12.6381817" lon="99.9236989"></trkpt>
			<trkpt lat="12.6391833" lon="99.9249398"></trkpt>
			<trkpt lat="12.6364857" lon="99.9284214"></trkpt>
			<trkpt lat="12.6311715" lon="99.9300123"></trkpt>
			<trkpt lat="12.6304195" lon="99.9314125"></trkpt>
			<trkpt lat="12.6329491" lon="99.9342759"></trkpt>
			<trkpt lat="12.6341853" lon="99.9340381"></trkpt>
			<trkpt lat="12.6328048" lon="99.9460565"></trkpt>
			<trkpt lat="12.6341182" lon="99.9492171"></trkpt>
			<trkpt lat="12.6325796" lon="99.9559487"></trkpt>
			<trkpt lat="12.6667352" lon="99.9594241"></trkpt>
			<trkpt lat="12.6909222" lon="99.9640732"></trkpt>
			<trkpt lat="12.7282041" lon="99.9646087"></trkpt>
			<trkpt lat="12.7675669" lon="99.974296"></trkpt>
			<trkpt lat="12.8082407" lon="99.9898677"></trkpt>
			<trkpt lat="12.8150618" lon="99.9963767"></trkpt>
			<trkpt lat="12.8124566" lon="100.0020506"></trkpt>
			<trkpt lat="12.8168199" lon="99.992917"></trkpt>
			<trkpt lat="12.8182796" lon="99.9924528"></trkpt>
			<trkpt lat="12.8143525" lon="100.0025055"></trkpt>
			<trkpt lat="12.8178395" lon="99.9949791"></trkpt>
			<trkpt lat="12.8236218" lon="99.9943378"></trkpt>
			<trkpt lat="12.8431252" lon="100.0033888"></trkpt>
			<trkpt lat="12.8580171" lon="100.0130029"></trkpt>
			<trkpt lat="12.8610266" lon="100.0121631"></trkpt>
			<trkpt lat="12.8753401" lon="100.0192919"></trkpt>
			<trkpt lat="12.8946608" lon="100.025348"></trkpt>
			<trkpt lat="12.9344817" lon="100.0291151"></trkpt>
			<trkpt lat="12.9547799" lon="100.0379319"></trkpt>
			<trkpt lat="12.9604669" lon="100.03796"></trkpt>
			<trkpt lat="12.9743723" lon="100.044829"></trkpt>
			<trkpt lat="13.0065762" lon="100.0663452"></trkpt>
			<trkpt lat="13.023787" lon="100.0820156"></trkpt>
			<trkpt lat="13.0398515" lon="100.093485"></trkpt>
			<trkpt lat="13.0544305" lon="100.1014714"></trkpt>
			<trkpt lat="13.0550674" lon="100.098401"></trkpt>
			<trkpt lat="13.0563023" lon="100.0982208"></trkpt>
			<trkpt lat="13.0563175" lon="100.0903475"></trkpt>
			<trkpt lat="13.0607144" lon="100.0840206"></trkpt>
			<trkpt lat="13.0604659" lon="100.0823653"></trkpt>
			<trkpt lat="13.0624596" lon="100.0823613"></trkpt>
			<trkpt lat="13.0735147" lon="100.0709806"></trkpt>
			<trkpt lat="13.0843203" lon="100.065209"></trkpt>
			<trkpt lat="13.095603" lon="100.0640509"></trkpt>
			<trkpt lat="13.1309391" lon="100.0647361"></trkpt>
			<trkpt lat="13.1490766" lon="100.0702615"></trkpt>
			<trkpt lat="13.1520448" lon="100.0696309"></trkpt>
			<trkpt lat="13.1644576" lon="100.0583554"></trkpt>
			<trkpt lat="13.1713805" lon="100.0474563"></trkpt>
			<trkpt lat="13.1771743" lon="100.0336441"></trkpt>
			<trkpt lat="13.1794645" lon="100.0310062"></trkpt>
			<trkpt lat="13.1836674" lon="100.0203076"></trkpt>
			<trkpt lat="13.1990942" lon="100.0051683"></trkpt>
			<trkpt lat="13.2221778" lon="99.9965164"></trkpt>
			<trkpt lat="13.2413701" lon="99.9793717"></trkpt>
			<trkpt lat="13.243685" lon="99.9739841"></trkpt>
			<trkpt lat="13.2425776" lon="99.9691804"></trkpt>
			<trkpt lat="13.2452983" lon="99.9651855"></trkpt>
			<trkpt lat="13.2475541" lon="99.9649071"></trkpt>
			<trkpt lat="13.2551922" lon="99.9575993"></trkpt>
			<trkpt lat="13.259852" lon="99.9551722"></trkpt>
			<trkpt lat="13.2642443" lon="99.9487148"></trkpt>
			<trkpt lat="13.2646533" lon="99.9440166"></trkpt>
			<trkpt lat="13.2665247" lon="99.9421049"></trkpt>
			<trkpt lat="13.2717242" lon="99.9458662"></trkpt>
			<trkpt lat="13.2827002" lon="99.9505126"></trkpt>
			<trkpt lat="13.2974852" lon="99.9529271"></trkpt>
			<trkpt lat="13.296527" lon="99.9450224"></trkpt>
			<trkpt lat="13.2922012" lon="99.934761"></trkpt>
			<trkpt lat="13.2850002" lon="99.9330799"></trkpt>
			<trkpt lat="13.2807186" lon="99.9242532"></trkpt>
			<trkpt lat="13.2811808" lon="99.9217498"></trkpt>
			<trkpt lat="13.2856661" lon="99.9174921"></trkpt>
			<trkpt lat="13.2821418" lon="99.9144044"></trkpt>
			<trkpt lat="13.2823768" lon="99.906894"></trkpt>
			<trkpt lat="13.283898" lon="99.9062713"></trkpt>
			<trkpt lat="13.285169" lon="99.9003358"></trkpt>
			<trkpt lat="13.2840426" lon="99.8944357"></trkpt>
			<trkpt lat="13.2758717" lon="99.8962699"></trkpt>
			<trkpt lat="13.2721501" lon="99.8930266"></trkpt>
			<trkpt lat="13.2692226" lon="99.894696"></trkpt>
			<trkpt lat="13.264395" lon="99.8925812"></trkpt>
			<trkpt lat="13.2637068" lon="99.8870577"></trkpt>
			<trkpt lat="13.2591454" lon="99.8814644"></trkpt>
			<trkpt lat="13.2511866" lon="99.8847228"></trkpt>
			<trkpt lat="13.248077" lon="99.8841918"></trkpt>
			<trkpt lat="13.2513233" lon="99.8768996"></trkpt>
			<trkpt lat="13.2501368" lon="99.8758334"></trkpt>
			<trkpt lat="13.250363" lon="99.8708379"></trkpt>
			<trkpt lat="13.2468648" lon="99.8672541"></trkpt>
			<trkpt lat="13.2460155" lon="99.8603841"></trkpt>
			<trkpt lat="13.2469807" lon="99.8590313"></trkpt>
			<trkpt lat="13.2630148" lon="99.8584177"></trkpt>
			<trkpt lat="13.286733" lon="99.8538051"></trkpt>
			<trkpt lat="13.3017381" lon="99.8528854"></trkpt>
		</trkseg>
	</trk>
	<trk>
		<name>ประจวบคีรีขันธ์</name>
		<desc>Length: 637.9 km (396.4 mi)</desc>
		<trkseg>
			<trkpt lat="12.635685" lon="99.6566216"></trkpt>
			<trkpt lat="12.6389276" lon="99.654889"></trkpt>
			<trkpt lat="12.645" lon="99.6216801"></trkpt>
			<trkpt lat="12.6415043" lon="99.6195809"></trkpt>
			<trkpt lat="12.608814" lon="99.6182777"></trkpt>
			<trkpt lat="12.5994272" lon="99.6282328"></trkpt>
			<trkpt lat="12.58699" lon="99.6216156"></trkpt>
			<trkpt lat="12.5809604" lon="99.6144446"></trkpt>
			<trkpt lat="12.5684794" lon="99.5851719"></trkpt>
			<trkpt lat="12.5792241" lon="99.5790219"></trkpt>
			<trkpt lat="12.5767767" lon="99.5733405"></trkpt>
			<trkpt lat="12.5786608" lon="99.5402372"></trkpt>
			<trkpt lat="12.5811491" lon="99.5366509"></trkpt>
			<trkpt lat="12.5749363" lon="99.5397001"></trkpt>
			<trkpt lat="12.5615817" lon="99.520093"></trkpt>
			<trkpt lat="12.5741717" lon="99.4985513"></trkpt>
			<trkpt lat="12.5936493" lon="99.4969219"></trkpt>
			<trkpt lat="12.5899014" lon="99.4918966"></trkpt>
			<trkpt lat="12.5902793" lon="99.4792419"></trkpt>
			<trkpt lat="12.5851267" lon="99.4634586"></trkpt>
			<trkpt lat="12.5791275" lon="99.4544828"></trkpt>
			<trkpt lat="12.580981" lon="99.4411181"></trkpt>
			<trkpt lat="12.5833764" lon="99.4389553"></trkpt>
			<trkpt lat="12.5816383" lon="99.4303359"></trkpt>
			<trkpt lat="12.5776914" lon="99.428014"></trkpt>
			<trkpt lat="12.5652695" lon="99.4353603"></trkpt>
			<trkpt lat="12.5561175" lon="99.4322329"></trkpt>
			<trkpt lat="12.5572458" lon="99.4243118"></trkpt>
			<trkpt lat="12.5518025" lon="99.4218572"></trkpt>
			<trkpt lat="12.5422346" lon="99.4236855"></trkpt>
			<trkpt lat="12.5299573" lon="99.421828"></trkpt>
			<trkpt lat="12.5252214" lon="99.4179885"></trkpt>
			<trkpt lat="12.5060323" lon="99.4202873"></trkpt>
			<trkpt lat="12.4962618" lon="99.4258147"></trkpt>
			<trkpt lat="12.4912052" lon="99.4254245"></trkpt>
			<trkpt lat="12.4889866" lon="99.4165326"></trkpt>
			<trkpt lat="12.4802922" lon="99.4059287"></trkpt>
			<trkpt lat="12.4727678" lon="99.4063673"></trkpt>
			<trkpt lat="12.4700492" lon="99.4034195"></trkpt>
			<trkpt lat="12.4596159" lon="99.4019167"></trkpt>
			<trkpt lat="12.4501613" lon="99.4140408"></trkpt>
			<trkpt lat="12.448985" lon="99.4247006"></trkpt>
			<trkpt lat="12.4257667" lon="99.4258216"></trkpt>
			<trkpt lat="12.4144325" lon="99.435096"></trkpt>
			<trkpt lat="12.4107307" lon="99.4433827"></trkpt>
			<trkpt lat="12.4063284" lon="99.4465239"></trkpt>
			<trkpt lat="12.4005736" lon="99.4417981"></trkpt>
			<trkpt lat="12.3828955" lon="99.4426687"></trkpt>
			<trkpt lat="12.3751303" lon="99.4368137"></trkpt>
			<trkpt lat="12.3705236" lon="99.4377984"></trkpt>
			<trkpt lat="12.3685595" lon="99.4339443"></trkpt>
			<trkpt lat="12.3635432" lon="99.4323746"></trkpt>
			<trkpt lat="12.3555007" lon="99.4442357"></trkpt>
			<trkpt lat="12.35143" lon="99.4437051"></trkpt>
			<trkpt lat="12.3492714" lon="99.4371767"></trkpt>
			<trkpt lat="12.3431172" lon="99.4339012"></trkpt>
			<trkpt lat="12.3324045" lon="99.4452597"></trkpt>
			<trkpt lat="12.328104" lon="99.4428059"></trkpt>
			<trkpt lat="12.3172702" lon="99.4444012"></trkpt>
			<trkpt lat="12.3121474" lon="99.4485191"></trkpt>
			<trkpt lat="12.3121432" lon="99.4524638"></trkpt>
			<trkpt lat="12.299359" lon="99.4583396"></trkpt>
			<trkpt lat="12.2972148" lon="99.4623386"></trkpt>
			<trkpt lat="12.2877706" lon="99.4609237"></trkpt>
			<trkpt lat="12.2823183" lon="99.4659276"></trkpt>
			<trkpt lat="12.2830432" lon="99.4742894"></trkpt>
			<trkpt lat="12.2799032" lon="99.4761442"></trkpt>
			<trkpt lat="12.278592" lon="99.4826132"></trkpt>
			<trkpt lat="12.2730461" lon="99.4840565"></trkpt>
			<trkpt lat="12.2666456" lon="99.4804064"></trkpt>
			<trkpt lat="12.2544215" lon="99.4818204"></trkpt>
			<trkpt lat="12.2424934" lon="99.4761989"></trkpt>
			<trkpt lat="12.2428603" lon="99.4732068"></trkpt>
			<trkpt lat="12.2361798" lon="99.4712602"></trkpt>
			<trkpt lat="12.2240112" lon="99.4817825"></trkpt>
			<trkpt lat="12.2220325" lon="99.4807596"></trkpt>
			<trkpt lat="12.2208839" lon="99.4847222"></trkpt>
			<trkpt lat="12.2119962" lon="99.4863913"></trkpt>
			<trkpt lat="12.2100155" lon="99.490374"></trkpt>
			<trkpt lat="12.2000292" lon="99.491946"></trkpt>
			<trkpt lat="12.1972941" lon="99.4961397"></trkpt>
			<trkpt lat="12.1900848" lon="99.4947923"></trkpt>
			<trkpt lat="12.1811452" lon="99.4881264"></trkpt>
			<trkpt lat="12.1720828" lon="99.4894765"></trkpt>
			<trkpt lat="12.1661043" lon="99.4862203"></trkpt>
			<trkpt lat="12.1640153" lon="99.4784991"></trkpt>
			<trkpt lat="12.1579207" lon="99.473024"></trkpt>
			<trkpt lat="12.1320075" lon="99.4732086"></trkpt>
			<trkpt lat="12.1341893" lon="99.4783574"></trkpt>
			<trkpt lat="12.1286458" lon="99.4894362"></trkpt>
			<trkpt lat="12.130744" lon="99.4944109"></trkpt>
			<trkpt lat="12.14361" lon="99.4994493"></trkpt>
			<trkpt lat="12.1452863" lon="99.5124282"></trkpt>
			<trkpt lat="12.147983" lon="99.5144709"></trkpt>
			<trkpt lat="12.1471694" lon="99.5233736"></trkpt>
			<trkpt lat="12.1451888" lon="99.5234685"></trkpt>
			<trkpt lat="12.1482883" lon="99.5288409"></trkpt>
			<trkpt lat="12.1444464" lon="99.5392523"></trkpt>
			<trkpt lat="12.1511324" lon="99.5485262"></trkpt>
			<trkpt lat="12.1483584" lon="99.5615527"></trkpt>
			<trkpt lat="12.1454114" lon="99.5643462"></trkpt>
			<trkpt lat="12.145241" lon="99.57083"></trkpt>
			<trkpt lat="12.1372712" lon="99.5695367"></trkpt>
			<trkpt lat="12.1287131" lon="99.5601588"></trkpt>
			<trkpt lat="12.1196496" lon="99.5602445"></trkpt>
			<trkpt lat="12.1144776" lon="99.5554573"></trkpt>
			<trkpt lat="12.0938633" lon="99.5558794"></trkpt>
			<trkpt lat="12.0911914" lon="99.5512162"></trkpt>
			<trkpt lat="12.0831187" lon="99.5504255"></trkpt>
			<trkpt lat="12.0751854" lon="99.5401901"></trkpt>
			<trkpt lat="12.0660916" lon="99.5336971"></trkpt>
			<trkpt lat="12.0541608" lon="99.5323373"></trkpt>
			<trkpt lat="12.049908" lon="99.5354257"></trkpt>
			<trkpt lat="12.0434293" lon="99.5351338"></trkpt>
			<trkpt lat="12.0399083" lon="99.5402975"></trkpt>
			<trkpt lat="12.0299359" lon="99.5409919"></trkpt>
			<trkpt lat="12.0271139" lon="99.5383893"></trkpt>
			<trkpt lat="12.0147222" lon="99.53745"></trkpt>
			<trkpt lat="12.0116338" lon="99.5628019"></trkpt>
			<trkpt lat="12.0078009" lon="99.5666297"></trkpt>
			<trkpt lat="12.0069403" lon="99.5767693"></trkpt>
			<trkpt lat="11.9995709" lon="99.5819006"></trkpt>
			<trkpt lat="11.9974567" lon="99.5896666"></trkpt>
			<trkpt lat="11.992985" lon="99.5923281"></trkpt>
			<trkpt lat="11.9811591" lon="99.5901433"></trkpt>
			<trkpt lat="11.978336" lon="99.5936372"></trkpt>
			<trkpt lat="11.9650725" lon="99.591296"></trkpt>
			<trkpt lat="11.9551469" lon="99.5933651"></trkpt>
			<trkpt lat="11.9437098" lon="99.5797463"></trkpt>
			<trkpt lat="11.9308523" lon="99.5860217"></trkpt>
			<trkpt lat="11.9131379" lon="99.5855704"></trkpt>
			<trkpt lat="11.9050987" lon="99.5795277"></trkpt>
			<trkpt lat="11.8894437" lon="99.5846256"></trkpt>
			<trkpt lat="11.8870949" lon="99.5889103"></trkpt>
			<trkpt lat="11.8728398" lon="99.5882577"></trkpt>
			<trkpt lat="11.8725694" lon="99.594877"></trkpt>
			<trkpt lat="11.8790559" lon="99.599533"></trkpt>
			<trkpt lat="11.8709634" lon="99.6032905"></trkpt>
			<trkpt lat="11.8686348" lon="99.609632"></trkpt>
			<trkpt lat="11.8590764" lon="99.6132247"></trkpt>
			<trkpt lat="11.8496227" lon="99.6252704"></trkpt>
			<trkpt lat="11.8331468" lon="99.6214273"></trkpt>
			<trkpt lat="11.8317911" lon="99.634869"></trkpt>
			<trkpt lat="11.8285175" lon="99.6353749"></trkpt>
			<trkpt lat="11.8290194" lon="99.6586828"></trkpt>
			<trkpt lat="11.8231145" lon="99.6648851"></trkpt>
			<trkpt lat="11.8198286" lon="99.6595547"></trkpt>
			<trkpt lat="11.8109048" lon="99.658814"></trkpt>
			<trkpt lat="11.8131662" lon="99.6526525"></trkpt>
			<trkpt lat="11.8114556" lon="99.6503376"></trkpt>
			<trkpt lat="11.8071595" lon="99.6511283"></trkpt>
			<trkpt lat="11.7904428" lon="99.6449507"></trkpt>
			<trkpt lat="11.7919113" lon="99.6413922"></trkpt>
			<trkpt lat="11.7781295" lon="99.6414962"></trkpt>
			<trkpt lat="11.7680804" lon="99.6434794"></trkpt>
			<trkpt lat="11.7654567" lon="99.6400391"></trkpt>
			<trkpt lat="11.7459009" lon="99.6370434"></trkpt>
			<trkpt lat="11.7439032" lon="99.6397232"></trkpt>
			<trkpt lat="11.7275618" lon="99.6364289"></trkpt>
			<trkpt lat="11.7240596" lon="99.6304333"></trkpt>
			<trkpt lat="11.7226684" lon="99.6183717"></trkpt>
			<trkpt lat="11.7180509" lon="99.6203739"></trkpt>
			<trkpt lat="11.7109263" lon="99.6155618"></trkpt>
			<trkpt lat="11.7072531" lon="99.6014083"></trkpt>
			<trkpt lat="11.6990168" lon="99.5961219"></trkpt>
			<trkpt lat="11.6941201" lon="99.5971316"></trkpt>
			<trkpt lat="11.6920527" lon="99.5899841"></trkpt>
			<trkpt lat="11.6832095" lon="99.5883568"></trkpt>
			<trkpt lat="11.6787012" lon="99.5829799"></trkpt>
			<trkpt lat="11.6599191" lon="99.5870612"></trkpt>
			<trkpt lat="11.6425133" lon="99.5695438"></trkpt>
			<trkpt lat="11.636768" lon="99.5715761"></trkpt>
			<trkpt lat="11.6264081" lon="99.5656674"></trkpt>
			<trkpt lat="11.6242669" lon="99.5547468"></trkpt>
			<trkpt lat="11.6276511" lon="99.5507287"></trkpt>
			<trkpt lat="11.6275279" lon="99.5447915"></trkpt>
			<trkpt lat="11.6237034" lon="99.5419289"></trkpt>
			<trkpt lat="11.6213958" lon="99.530006"></trkpt>
			<trkpt lat="11.6246344" lon="99.5225932"></trkpt>
			<trkpt lat="11.6351636" lon="99.5185271"></trkpt>
			<trkpt lat="11.6361176" lon="99.5058346"></trkpt>
			<trkpt lat="11.6282427" lon="99.4924064"></trkpt>
			<trkpt lat="11.6252576" lon="99.4915348"></trkpt>
			<trkpt lat="11.626374" lon="99.4830737"></trkpt>
			<trkpt lat="11.6232988" lon="99.474536"></trkpt>
			<trkpt lat="11.6131636" lon="99.4667842"></trkpt>
			<trkpt lat="11.6067369" lon="99.4676232"></trkpt>
			<trkpt lat="11.5993966" lon="99.462273"></trkpt>
			<trkpt lat="11.5887143" lon="99.4628299"></trkpt>
			<trkpt lat="11.5831854" lon="99.4578203"></trkpt>
			<trkpt lat="11.5755342" lon="99.4637976"></trkpt>
			<trkpt lat="11.5636915" lon="99.4675224"></trkpt>
			<trkpt lat="11.5570515" lon="99.4631831"></trkpt>
			<trkpt lat="11.5491325" lon="99.4627001"></trkpt>
			<trkpt lat="11.5492793" lon="99.4684259"></trkpt>
			<trkpt lat="11.5432995" lon="99.4690052"></trkpt>
			<trkpt lat="11.5388244" lon="99.4730638"></trkpt>
			<trkpt lat="11.5325354" lon="99.4739485"></trkpt>
			<trkpt lat="11.5098676" lon="99.4536357"></trkpt>
			<trkpt lat="11.5085825" lon="99.4483829"></trkpt>
			<trkpt lat="11.4950936" lon="99.4581543"></trkpt>
			<trkpt lat="11.4899772" lon="99.4560446"></trkpt>
			<trkpt lat="11.4930132" lon="99.4526363"></trkpt>
			<trkpt lat="11.4909124" lon="99.4441377"></trkpt>
			<trkpt lat="11.4867181" lon="99.4413609"></trkpt>
			<trkpt lat="11.48056" lon="99.4440132"></trkpt>
			<trkpt lat="11.4789653" lon="99.440777"></trkpt>
			<trkpt lat="11.481193" lon="99.4312019"></trkpt>
			<trkpt lat="11.4789923" lon="99.4302628"></trkpt>
			<trkpt lat="11.4821161" lon="99.4261753"></trkpt>
			<trkpt lat="11.480795" lon="99.4196319"></trkpt>
			<trkpt lat="11.4749063" lon="99.4189952"></trkpt>
			<trkpt lat="11.4727291" lon="99.4110056"></trkpt>
			<trkpt lat="11.4626571" lon="99.4092393"></trkpt>
			<trkpt lat="11.466573" lon="99.4043164"></trkpt>
			<trkpt lat="11.4612802" lon="99.3944409"></trkpt>
			<trkpt lat="11.4516576" lon="99.3937412"></trkpt>
			<trkpt lat="11.4434195" lon="99.4016856"></trkpt>
			<trkpt lat="11.4396114" lon="99.3963768"></trkpt>
			<trkpt lat="11.4247045" lon="99.4027673"></trkpt>
			<trkpt lat="11.4107665" lon="99.4016717"></trkpt>
			<trkpt lat="11.4073817" lon="99.4050706"></trkpt>
			<trkpt lat="11.4003435" lon="99.39768"></trkpt>
			<trkpt lat="11.3899183" lon="99.4019678"></trkpt>
			<trkpt lat="11.3824201" lon="99.3960488"></trkpt>
			<trkpt lat="11.3814837" lon="99.384398"></trkpt>
			<trkpt lat="11.3755144" lon="99.3786392"></trkpt>
			<trkpt lat="11.3718303" lon="99.3652019"></trkpt>
			<trkpt lat="11.3545423" lon="99.3530033"></trkpt>
			<trkpt lat="11.3520551" lon="99.3464835"></trkpt>
			<trkpt lat="11.3440287" lon="99.3427782"></trkpt>
			<trkpt lat="11.3329724" lon="99.3430892"></trkpt>
			<trkpt lat="11.3376641" lon="99.3319429"></trkpt>
			<trkpt lat="11.3369597" lon="99.3269585"></trkpt>
			<trkpt lat="11.3296244" lon="99.3267239"></trkpt>
			<trkpt lat="11.3175206" lon="99.3119732"></trkpt>
			<trkpt lat="11.3028487" lon="99.3231749"></trkpt>
			<trkpt lat="11.2880214" lon="99.3262937"></trkpt>
			<trkpt lat="11.2826619" lon="99.3242398"></trkpt>
			<trkpt lat="11.2764951" lon="99.3169699"></trkpt>
			<trkpt lat="11.274116" lon="99.3174976"></trkpt>
			<trkpt lat="11.2721359" lon="99.3138208"></trkpt>
			<trkpt lat="11.2563811" lon="99.3068333"></trkpt>
			<trkpt lat="11.2523189" lon="99.2971961"></trkpt>
			<trkpt lat="11.2483874" lon="99.2957789"></trkpt>
			<trkpt lat="11.240053" lon="99.3019073"></trkpt>
			<trkpt lat="11.2395923" lon="99.3058376"></trkpt>
			<trkpt lat="11.2346064" lon="99.3095838"></trkpt>
			<trkpt lat="11.2177059" lon="99.3073701"></trkpt>
			<trkpt lat="11.2154303" lon="99.3028682"></trkpt>
			<trkpt lat="11.2053449" lon="99.2976152"></trkpt>
			<trkpt lat="11.2032256" lon="99.2915405"></trkpt>
			<trkpt lat="11.1946745" lon="99.2939994"></trkpt>
			<trkpt lat="11.195211" lon="99.2910882"></trkpt>
			<trkpt lat="11.1907748" lon="99.2866241"></trkpt>
			<trkpt lat="11.191444" lon="99.2807093"></trkpt>
			<trkpt lat="11.1987794" lon="99.2785151"></trkpt>
			<trkpt lat="11.2045212" lon="99.2698849"></trkpt>
			<trkpt lat="11.2007876" lon="99.2631099"></trkpt>
			<trkpt lat="11.192792" lon="99.2575266"></trkpt>
			<trkpt lat="11.1880778" lon="99.2589239"></trkpt>
			<trkpt lat="11.1757354" lon="99.2521402"></trkpt>
			<trkpt lat="11.169213" lon="99.2528129"></trkpt>
			<trkpt lat="11.1549405" lon="99.242077"></trkpt>
			<trkpt lat="11.1554703" lon="99.2396446"></trkpt>
			<trkpt lat="11.1437176" lon="99.2312518"></trkpt>
			<trkpt lat="11.1427601" lon="99.2252936"></trkpt>
			<trkpt lat="11.1355882" lon="99.2238623"></trkpt>
			<trkpt lat="11.1308161" lon="99.2288308"></trkpt>
			<trkpt lat="11.1120791" lon="99.2276051"></trkpt>
			<trkpt lat="11.1059041" lon="99.217286"></trkpt>
			<trkpt lat="11.1009749" lon="99.216039"></trkpt>
			<trkpt lat="11.0978684" lon="99.2111097"></trkpt>
			<trkpt lat="11.1013592" lon="99.2031162"></trkpt>
			<trkpt lat="11.0901731" lon="99.1995537"></trkpt>
			<trkpt lat="11.0834445" lon="99.1889246"></trkpt>
			<trkpt lat="11.0819899" lon="99.1789483"></trkpt>
			<trkpt lat="11.0744164" lon="99.1776533"></trkpt>
			<trkpt lat="11.0715403" lon="99.1797663"></trkpt>
			<trkpt lat="11.0626065" lon="99.1768825"></trkpt>
			<trkpt lat="11.0604568" lon="99.1798914"></trkpt>
			<trkpt lat="11.0588094" lon="99.1745146"></trkpt>
			<trkpt lat="11.0517552" lon="99.1703233"></trkpt>
			<trkpt lat="11.0458018" lon="99.172784"></trkpt>
			<trkpt lat="11.0429641" lon="99.1709182"></trkpt>
			<trkpt lat="11.0419863" lon="99.1646555"></trkpt>
			<trkpt lat="11.0391905" lon="99.1648364"></trkpt>
			<trkpt lat="11.0323937" lon="99.1567106"></trkpt>
			<trkpt lat="11.0334504" lon="99.150745"></trkpt>
			<trkpt lat="11.0203377" lon="99.1507498"></trkpt>
			<trkpt lat="11.0163884" lon="99.1469862"></trkpt>
			<trkpt lat="11.013822" lon="99.1497632"></trkpt>
			<trkpt lat="11.015254" lon="99.1526925"></trkpt>
			<trkpt lat="11.0123082" lon="99.1542984"></trkpt>
			<trkpt lat="11.0104903" lon="99.1652178"></trkpt>
			<trkpt lat="11.0033014" lon="99.167343"></trkpt>
			<trkpt lat="10.9998234" lon="99.1743308"></trkpt>
			<trkpt lat="11.0018153" lon="99.1802998"></trkpt>
			<trkpt lat="10.9982927" lon="99.1801168"></trkpt>
			<trkpt lat="10.9992919" lon="99.1823335"></trkpt>
			<trkpt lat="10.9971035" lon="99.1819474"></trkpt>
			<trkpt lat="10.9959221" lon="99.1857315"></trkpt>
			<trkpt lat="10.9976587" lon="99.185387"></trkpt>
			<trkpt lat="10.9960013" lon="99.1910687"></trkpt>
			<trkpt lat="10.9980463" lon="99.1930255"></trkpt>
			<trkpt lat="10.9968054" lon="99.19938"></trkpt>
			<trkpt lat="10.9914487" lon="99.1981973"></trkpt>
			<trkpt lat="10.990714" lon="99.2014632"></trkpt>
			<trkpt lat="10.9859303" lon="99.2022503"></trkpt>
			<trkpt lat="10.9896033" lon="99.2056539"></trkpt>
			<trkpt lat="10.9823805" lon="99.2155556"></trkpt>
			<trkpt lat="10.9833578" lon="99.2210632"></trkpt>
			<trkpt lat="10.9776791" lon="99.240749"></trkpt>
			<trkpt lat="10.9719948" lon="99.2408411"></trkpt>
			<trkpt lat="10.9723339" lon="99.2451885"></trkpt>
			<trkpt lat="10.9688036" lon="99.2491116"></trkpt>
			<trkpt lat="10.9684726" lon="99.2556012"></trkpt>
			<trkpt lat="10.9659573" lon="99.2569462"></trkpt>
			<trkpt lat="10.9680365" lon="99.2619987"></trkpt>
			<trkpt lat="10.9653036" lon="99.2728314"></trkpt>
			<trkpt lat="10.9616836" lon="99.2742639"></trkpt>
			<trkpt lat="10.958061" lon="99.2809865"></trkpt>
			<trkpt lat="10.9693948" lon="99.2899898"></trkpt>
			<trkpt lat="10.9661984" lon="99.3032799"></trkpt>
			<trkpt lat="10.9692568" lon="99.3280002"></trkpt>
			<trkpt lat="10.9656579" lon="99.3357995"></trkpt>
			<trkpt lat="10.9755962" lon="99.3447972"></trkpt>
			<trkpt lat="10.9687981" lon="99.3693182"></trkpt>
			<trkpt lat="10.9726414" lon="99.3751504"></trkpt>
			<trkpt lat="10.9651074" lon="99.3782088"></trkpt>
			<trkpt lat="10.9592271" lon="99.389512"></trkpt>
			<trkpt lat="10.9556263" lon="99.4070054"></trkpt>
			<trkpt lat="10.970394" lon="99.4266628"></trkpt>
			<trkpt lat="10.9711969" lon="99.4399927"></trkpt>
			<trkpt lat="10.9891055" lon="99.4616507"></trkpt>
			<trkpt lat="10.9931314" lon="99.4725146"></trkpt>
			<trkpt lat="10.989611" lon="99.4769374"></trkpt>
			<trkpt lat="10.9908007" lon="99.4852305"></trkpt>
			<trkpt lat="10.9880771" lon="99.4993798"></trkpt>
			<trkpt lat="10.9913077" lon="99.5023194"></trkpt>
			<trkpt lat="10.9928053" lon="99.4997035"></trkpt>
			<trkpt lat="11.0013157" lon="99.4982064"></trkpt>
			<trkpt lat="11.0392806" lon="99.5013749"></trkpt>
			<trkpt lat="11.1177834" lon="99.4860849"></trkpt>
			<trkpt lat="11.1368286" lon="99.4872606"></trkpt>
			<trkpt lat="11.1599826" lon="99.4942098"></trkpt>
			<trkpt lat="11.1802982" lon="99.5069285"></trkpt>
			<trkpt lat="11.196458" lon="99.5214335"></trkpt>
			<trkpt lat="11.2079525" lon="99.5429016"></trkpt>
			<trkpt lat="11.2019162" lon="99.562324"></trkpt>
			<trkpt lat="11.1877109" lon="99.5600073"></trkpt>
			<trkpt lat="11.1837808" lon="99.5663488"></trkpt>
			<trkpt lat="11.1960031" lon="99.5782096"></trkpt>
			<trkpt lat="11.1974879" lon="99.5761648"></trkpt>
			<trkpt lat="11.2108207" lon="99.578326"></trkpt>
			<trkpt lat="11.2116899" lon="99.5812406"></trkpt>
			<trkpt lat="11.2148064" lon="99.5743332"></trkpt>
			<trkpt lat="11.2290969" lon="99.5615423"></trkpt>
			<trkpt lat="11.2518824" lon="99.5528803"></trkpt>
			<trkpt lat="11.2849036" lon="99.5492251"></trkpt>
			<trkpt lat="11.3122537" lon="99.5521064"></trkpt>
			<trkpt lat="11.3324346" lon="99.5579148"></trkpt>
			<trkpt lat="11.3556517" lon="99.5696019"></trkpt>
			<trkpt lat="11.3605659" lon="99.5764537"></trkpt>
			<trkpt lat="11.357593" lon="99.5804195"></trkpt>
			<trkpt lat="11.3796448" lon="99.5852627"></trkpt>
			<trkpt lat="11.4048548" lon="99.5990716"></trkpt>
			<trkpt lat="11.4152511" lon="99.599134"></trkpt>
			<trkpt lat="11.4193699" lon="99.6054195"></trkpt>
			<trkpt lat="11.4374957" lon="99.6078002"></trkpt>
			<trkpt lat="11.4658553" lon="99.618706"></trkpt>
			<trkpt lat="11.4694678" lon="99.6262295"></trkpt>
			<trkpt lat="11.5091827" lon="99.6344585"></trkpt>
			<trkpt lat="11.558153" lon="99.6562534"></trkpt>
			<trkpt lat="11.6327903" lon="99.7001138"></trkpt>
			<trkpt lat="11.6456347" lon="99.7102967"></trkpt>
			<trkpt lat="11.6793853" lon="99.7243994"></trkpt>
			<trkpt lat="11.6923362" lon="99.7332247"></trkpt>
			<trkpt lat="11.7247322" lon="99.76529"></trkpt>
			<trkpt lat="11.7460125" lon="99.7921483"></trkpt>
			<trkpt lat="11.7440616" lon="99.793346"></trkpt>
			<trkpt lat="11.7460779" lon="99.7966968"></trkpt>
			<trkpt lat="11.7400926" lon="99.7983463"></trkpt>
			<trkpt lat="11.7400741" lon="99.8073664"></trkpt>
			<trkpt lat="11.7369888" lon="99.8063503"></trkpt>
			<trkpt lat="11.7383425" lon="99.8109064"></trkpt>
			<trkpt lat="11.7535565" lon="99.802271"></trkpt>
			<trkpt lat="11.7611288" lon="99.8042231"></trkpt>
			<trkpt lat="11.7656554" lon="99.8003679"></trkpt>
			<trkpt lat="11.7646532" lon="99.7974046"></trkpt>
			<trkpt lat="11.7725113" lon="99.7954007"></trkpt>
			<trkpt lat="11.7832088" lon="99.80351"></trkpt>
			<trkpt lat="11.784701" lon="99.8130045"></trkpt>
			<trkpt lat="11.776913" lon="99.8129684"></trkpt>
			<trkpt lat="11.7790251" lon="99.8167233"></trkpt>
			<trkpt lat="11.7850293" lon="99.81835"></trkpt>
			<trkpt lat="11.7890102" lon="99.8164356"></trkpt>
			<trkpt lat="11.7868988" lon="99.8112872"></trkpt>
			<trkpt lat="11.7959943" lon="99.8026413"></trkpt>
			<trkpt lat="11.8036721" lon="99.7996536"></trkpt>
			<trkpt lat="11.8177133" lon="99.7992095"></trkpt>
			<trkpt lat="11.8293292" lon="99.8050379"></trkpt>
			<trkpt lat="11.8400715" lon="99.8193729"></trkpt>
			<trkpt lat="11.8375905" lon="99.8302236"></trkpt>
			<trkpt lat="11.8286366" lon="99.8292477"></trkpt>
			<trkpt lat="11.8315573" lon="99.8331544"></trkpt>
			<trkpt lat="11.8437678" lon="99.8348403"></trkpt>
			<trkpt lat="11.8502933" lon="99.829053"></trkpt>
			<trkpt lat="11.8491606" lon="99.826"></trkpt>
			<trkpt lat="11.8543519" lon="99.8225833"></trkpt>
			<trkpt lat="11.8667383" lon="99.8244738"></trkpt>
			<trkpt lat="11.8624073" lon="99.8215809"></trkpt>
			<trkpt lat="11.8673728" lon="99.8145901"></trkpt>
			<trkpt lat="11.8781453" lon="99.8117014"></trkpt>
			<trkpt lat="11.8936037" lon="99.8136673"></trkpt>
			<trkpt lat="11.9306459" lon="99.8271894"></trkpt>
			<trkpt lat="11.9930112" lon="99.8603292"></trkpt>
			<trkpt lat="12.0758059" lon="99.9374816"></trkpt>
			<trkpt lat="12.0750359" lon="99.9358768"></trkpt>
			<trkpt lat="12.0833307" lon="99.9446635"></trkpt>
			<trkpt lat="12.0809381" lon="99.9492691"></trkpt>
			<trkpt lat="12.0898315" lon="99.9570696"></trkpt>
			<trkpt lat="12.0855787" lon="99.9592211"></trkpt>
			<trkpt lat="12.0914401" lon="99.9641858"></trkpt>
			<trkpt lat="12.0943621" lon="99.9634652"></trkpt>
			<trkpt lat="12.0986621" lon="99.9672576"></trkpt>
			<trkpt lat="12.1057464" lon="99.9669925"></trkpt>
			<trkpt lat="12.1118593" lon="99.9613668"></trkpt>
			<trkpt lat="12.1322616" lon="99.9692343"></trkpt>
			<trkpt lat="12.1401384" lon="99.9660033"></trkpt>
			<trkpt lat="12.1435305" lon="99.9698483"></trkpt>
			<trkpt lat="12.1417865" lon="99.9714358"></trkpt>
			<trkpt lat="12.1692675" lon="100.0047291"></trkpt>
			<trkpt lat="12.1726983" lon="100.004889"></trkpt>
			<trkpt lat="12.19055" lon="100.0198664"></trkpt>
			<trkpt lat="12.1899687" lon="100.0175135"></trkpt>
			<trkpt lat="12.2008568" lon="100.0164733"></trkpt>
			<trkpt lat="12.208379" lon="100.0124052"></trkpt>
			<trkpt lat="12.2078242" lon="100.0043256"></trkpt>
			<trkpt lat="12.2128534" lon="100.001037"></trkpt>
			<trkpt lat="12.219333" lon="100.0060379"></trkpt>
			<trkpt lat="12.2286335" lon="100.0008619"></trkpt>
			<trkpt lat="12.244985" lon="99.9832792"></trkpt>
			<trkpt lat="12.2584264" lon="99.9759032"></trkpt>
			<trkpt lat="12.2735964" lon="99.9737431"></trkpt>
			<trkpt lat="12.2790645" lon="99.9772669"></trkpt>
			<trkpt lat="12.3011196" lon="99.9818966"></trkpt>
			<trkpt lat="12.328212" lon="99.9924305"></trkpt>
			<trkpt lat="12.3317562" lon="99.9971529"></trkpt>
			<trkpt lat="12.3303043" lon="99.9982648"></trkpt>
			<trkpt lat="12.3355801" lon="100.00233"></trkpt>
			<trkpt lat="12.3398573" lon="99.9988315"></trkpt>
			<trkpt lat="12.3809783" lon="100.000864"></trkpt>
			<trkpt lat="12.406548" lon="99.9940203"></trkpt>
			<trkpt lat="12.4095863" lon="99.988061"></trkpt>
			<trkpt lat="12.4359919" lon="99.979427"></trkpt>
			<trkpt lat="12.438139" lon="99.9832519"></trkpt>
			<trkpt lat="12.444557" lon="99.9815608"></trkpt>
			<trkpt lat="12.4502586" lon="99.98388"></trkpt>
			<trkpt lat="12.4626791" lon="99.9772458"></trkpt>
			<trkpt lat="12.5036158" lon="99.9749072"></trkpt>
			<trkpt lat="12.5143157" lon="99.9802154"></trkpt>
			<trkpt lat="12.5128046" lon="99.9848611"></trkpt>
			<trkpt lat="12.5181407" lon="99.9820003"></trkpt>
			<trkpt lat="12.5200089" lon="99.9773587"></trkpt>
			<trkpt lat="12.5455082" lon="99.9660959"></trkpt>
			<trkpt lat="12.5687412" lon="99.9636496"></trkpt>
			<trkpt lat="12.5733881" lon="99.9600292"></trkpt>
			<trkpt lat="12.5922874" lon="99.9557705"></trkpt>
			<trkpt lat="12.6329471" lon="99.9555961"></trkpt>
			<trkpt lat="12.6353854" lon="99.9520012"></trkpt>
			<trkpt lat="12.6357509" lon="99.9400993"></trkpt>
			<trkpt lat="12.6306184" lon="99.9407452"></trkpt>
			<trkpt lat="12.6318308" lon="99.9263077"></trkpt>
			<trkpt lat="12.6240108" lon="99.921363"></trkpt>
			<trkpt lat="12.6364288" lon="99.9048803"></trkpt>
			<trkpt lat="12.6286766" lon="99.8967934"></trkpt>
			<trkpt lat="12.6287233" lon="99.8929749"></trkpt>
			<trkpt lat="12.6198969" lon="99.8835154"></trkpt>
			<trkpt lat="12.6266259" lon="99.8737433"></trkpt>
			<trkpt lat="12.6234417" lon="99.8602386"></trkpt>
			<trkpt lat="12.6309299" lon="99.8438965"></trkpt>
			<trkpt lat="12.6291521" lon="99.8308808"></trkpt>
			<trkpt lat="12.6323471" lon="99.8244258"></trkpt>
			<trkpt lat="12.6305744" lon="99.8157474"></trkpt>
			<trkpt lat="12.6237791" lon="99.8113318"></trkpt>
			<trkpt lat="12.6220692" lon="99.8007631"></trkpt>
			<trkpt lat="12.6152796" lon="99.7924454"></trkpt>
			<trkpt lat="12.6171223" lon="99.7850522"></trkpt>
			<trkpt lat="12.612575" lon="99.7715274"></trkpt>
			<trkpt lat="12.6142989" lon="99.7604314"></trkpt>
			<trkpt lat="12.6184787" lon="99.7548482"></trkpt>
			<trkpt lat="12.6129481" lon="99.7267499"></trkpt>
			<trkpt lat="12.6088934" lon="99.7218641"></trkpt>
			<trkpt lat="12.6025517" lon="99.7204728"></trkpt>
			<trkpt lat="12.6003333" lon="99.7169365"></trkpt>
			<trkpt lat="12.6106332" lon="99.6966336"></trkpt>
			<trkpt lat="12.6354444" lon="99.6804547"></trkpt>
			<trkpt lat="12.6374635" lon="99.6691166"></trkpt>
			<trkpt lat="12.635685" lon="99.6566216"></trkpt>
		</trkseg>
	</trk>
	<trk>
		<name>พังงา</name>
		<desc>Length: 412.5 km (256.3 mi)</desc>
		<trkseg>
			<trkpt lat="9.3327712" lon="98.3897718"></trkpt>
			<trkpt lat="9.3340435" lon="98.3841261"></trkpt>
			<trkpt lat="9.2763032" lon="98.365644"></trkpt>
			<trkpt lat="9.2645379" lon="98.3543258"></trkpt>
			<trkpt lat="9.2724768" lon="98.3260441"></trkpt>
			<trkpt lat="9.2843903" lon="98.3091458"></trkpt>
			<trkpt lat="9.274758" lon="98.297346"></trkpt>
			<trkpt lat="9.2439755" lon="98.2976119"></trkpt>
			<trkpt lat="9.2418263" lon="98.2967536"></trkpt>
			<trkpt lat="9.2382298" lon="98.2923043"></trkpt>
			<trkpt lat="9.2289095" lon="98.2871329"></trkpt>
			<trkpt lat="9.2292313" lon="98.2840648"></trkpt>
			<trkpt lat="9.2284155" lon="98.2826284"></trkpt>
			<trkpt lat="9.2227387" lon="98.2818715"></trkpt>
			<trkpt lat="9.2087985" lon="98.27679"></trkpt>
			<trkpt lat="9.2056266" lon="98.273615"></trkpt>
			<trkpt lat="9.2057418" lon="98.2679536"></trkpt>
			<trkpt lat="9.207477" lon="98.265917"></trkpt>
			<trkpt lat="9.2072467" lon="98.2644463"></trkpt>
			<trkpt lat="9.1993059" lon="98.2633755"></trkpt>
			<trkpt lat="9.1975933" lon="98.2623556"></trkpt>
			<trkpt lat="9.1900088" lon="98.2633461"></trkpt>
			<trkpt lat="9.1769888" lon="98.2630129"></trkpt>
			<trkpt lat="9.1689096" lon="98.2592794"></trkpt>
			<trkpt lat="9.1660598" lon="98.2602498"></trkpt>
			<trkpt lat="9.154395" lon="98.2592113"></trkpt>
			<trkpt lat="9.1489943" lon="98.260539"></trkpt>
			<trkpt lat="9.1472701" lon="98.2599243"></trkpt>
			<trkpt lat="9.1434551" lon="98.2607783"></trkpt>
			<trkpt lat="9.1338362" lon="98.257924"></trkpt>
			<trkpt lat="9.1321811" lon="98.2565336"></trkpt>
			<trkpt lat="9.1283655" lon="98.2556744"></trkpt>
			<trkpt lat="9.1267913" lon="98.2540643"></trkpt>
			<trkpt lat="9.1268256" lon="98.2517956"></trkpt>
			<trkpt lat="9.1286873" lon="98.2510674"></trkpt>
			<trkpt lat="9.1283655" lon="98.2499327"></trkpt>
			<trkpt lat="9.1246421" lon="98.2493979"></trkpt>
			<trkpt lat="9.1131155" lon="98.250698"></trkpt>
			<trkpt lat="9.081639" lon="98.2510703"></trkpt>
			<trkpt lat="9.0587816" lon="98.2491102"></trkpt>
			<trkpt lat="9.0394287" lon="98.2460069"></trkpt>
			<trkpt lat="9.0301875" lon="98.2470727"></trkpt>
			<trkpt lat="9.0034755" lon="98.2470805"></trkpt>
			<trkpt lat="9.0011436" lon="98.2528579"></trkpt>
			<trkpt lat="8.9979456" lon="98.2533185"></trkpt>
			<trkpt lat="8.9870061" lon="98.2584713"></trkpt>
			<trkpt lat="8.9581411" lon="98.263173"></trkpt>
			<trkpt lat="8.9437713" lon="98.2626934"></trkpt>
			<trkpt lat="8.9309646" lon="98.2577097"></trkpt>
			<trkpt lat="8.9198826" lon="98.25054"></trkpt>
			<trkpt lat="8.9162531" lon="98.2470045"></trkpt>
			<trkpt lat="8.913438" lon="98.2461297"></trkpt>
			<trkpt lat="8.9111027" lon="98.2472086"></trkpt>
			<trkpt lat="8.9046501" lon="98.2534044"></trkpt>
			<trkpt lat="8.8907774" lon="98.2615432"></trkpt>
			<trkpt lat="8.8843583" lon="98.2642216"></trkpt>
			<trkpt lat="8.8696557" lon="98.2681662"></trkpt>
			<trkpt lat="8.8608652" lon="98.2653559"></trkpt>
			<trkpt lat="8.8577582" lon="98.262684"></trkpt>
			<trkpt lat="8.8397075" lon="98.2663544"></trkpt>
			<trkpt lat="8.8296865" lon="98.2659756"></trkpt>
			<trkpt lat="8.8235883" lon="98.2642417"></trkpt>
			<trkpt lat="8.8162124" lon="98.2607357"></trkpt>
			<trkpt lat="8.8116549" lon="98.2566644"></trkpt>
			<trkpt lat="8.8098824" lon="98.2530522"></trkpt>
			<trkpt lat="8.8103767" lon="98.2512136"></trkpt>
			<trkpt lat="8.8026009" lon="98.2570093"></trkpt>
			<trkpt lat="8.7958825" lon="98.2598731"></trkpt>
			<trkpt lat="8.7760826" lon="98.2620146"></trkpt>
			<trkpt lat="8.7619194" lon="98.2599986"></trkpt>
			<trkpt lat="8.7596406" lon="98.2570612"></trkpt>
			<trkpt lat="8.7543377" lon="98.2553441"></trkpt>
			<trkpt lat="8.7510357" lon="98.2558024"></trkpt>
			<trkpt lat="8.7475788" lon="98.2539995"></trkpt>
			<trkpt lat="8.7428616" lon="98.2494657"></trkpt>
			<trkpt lat="8.742861" lon="98.2463174"></trkpt>
			<trkpt lat="8.7382374" lon="98.2417298"></trkpt>
			<trkpt lat="8.7336003" lon="98.2329521"></trkpt>
			<trkpt lat="8.7340314" lon="98.2261459"></trkpt>
			<trkpt lat="8.738278" lon="98.2213088"></trkpt>
			<trkpt lat="8.7293098" lon="98.2223867"></trkpt>
			<trkpt lat="8.7273758" lon="98.2248173"></trkpt>
			<trkpt lat="8.7270284" lon="98.2279662"></trkpt>
			<trkpt lat="8.7213903" lon="98.2338156"></trkpt>
			<trkpt lat="8.7226881" lon="98.235214"></trkpt>
			<trkpt lat="8.7224115" lon="98.2359404"></trkpt>
			<trkpt lat="8.7200317" lon="98.2356702"></trkpt>
			<trkpt lat="8.7194693" lon="98.2348615"></trkpt>
			<trkpt lat="8.7058537" lon="98.2384562"></trkpt>
			<trkpt lat="8.7058532" lon="98.2392984"></trkpt>
			<trkpt lat="8.7057623" lon="98.2376715"></trkpt>
			<trkpt lat="8.6938045" lon="98.2386277"></trkpt>
			<trkpt lat="8.6931715" lon="98.2398146"></trkpt>
			<trkpt lat="8.6746143" lon="98.2412068"></trkpt>
			<trkpt lat="8.6665877" lon="98.2431282"></trkpt>
			<trkpt lat="8.6607448" lon="98.2456652"></trkpt>
			<trkpt lat="8.6604351" lon="98.2451342"></trkpt>
			<trkpt lat="8.6536501" lon="98.2466079"></trkpt>
			<trkpt lat="8.6469833" lon="98.2455444"></trkpt>
			<trkpt lat="8.6389918" lon="98.246416"></trkpt>
			<trkpt lat="8.6372349" lon="98.2443939"></trkpt>
			<trkpt lat="8.6300506" lon="98.2426487"></trkpt>
			<trkpt lat="8.6292602" lon="98.2394407"></trkpt>
			<trkpt lat="8.6285474" lon="98.2394277"></trkpt>
			<trkpt lat="8.6258757" lon="98.2314062"></trkpt>
			<trkpt lat="8.6233806" lon="98.2317009"></trkpt>
			<trkpt lat="8.6229688" lon="98.2293124"></trkpt>
			<trkpt lat="8.620842" lon="98.228939"></trkpt>
			<trkpt lat="8.6169994" lon="98.2321605"></trkpt>
			<trkpt lat="8.6160405" lon="98.2371873"></trkpt>
			<trkpt lat="8.6128669" lon="98.2377113"></trkpt>
			<trkpt lat="8.6060042" lon="98.2367976"></trkpt>
			<trkpt lat="8.6006223" lon="98.2382859"></trkpt>
			<trkpt lat="8.5991593" lon="98.2411659"></trkpt>
			<trkpt lat="8.5968142" lon="98.2413111"></trkpt>
			<trkpt lat="8.5945271" lon="98.2401647"></trkpt>
			<trkpt lat="8.5895609" lon="98.2395314"></trkpt>
			<trkpt lat="8.5857687" lon="98.2374017"></trkpt>
			<trkpt lat="8.5818088" lon="98.2305085"></trkpt>
			<trkpt lat="8.5877358" lon="98.2237164"></trkpt>
			<trkpt lat="8.5906023" lon="98.218959"></trkpt>
			<trkpt lat="8.5890315" lon="98.2139969"></trkpt>
			<trkpt lat="8.5843436" lon="98.2109544"></trkpt>
			<trkpt lat="8.5780893" lon="98.2106652"></trkpt>
			<trkpt lat="8.5709743" lon="98.2085635"></trkpt>
			<trkpt lat="8.5669296" lon="98.2060645"></trkpt>
			<trkpt lat="8.5578601" lon="98.2040629"></trkpt>
			<trkpt lat="8.5525943" lon="98.2040063"></trkpt>
			<trkpt lat="8.5470401" lon="98.2057595"></trkpt>
			<trkpt lat="8.5461194" lon="98.2069455"></trkpt>
			<trkpt lat="8.543406" lon="98.2071939"></trkpt>
			<trkpt lat="8.5371259" lon="98.2106289"></trkpt>
			<trkpt lat="8.5046843" lon="98.2193919"></trkpt>
			<trkpt lat="8.5017496" lon="98.2209159"></trkpt>
			<trkpt lat="8.4826152" lon="98.224053"></trkpt>
			<trkpt lat="8.4696914" lon="98.2273794"></trkpt>
			<trkpt lat="8.4625804" lon="98.2301223"></trkpt>
			<trkpt lat="8.43332" lon="98.2362504"></trkpt>
			<trkpt lat="8.3990169" lon="98.2476408"></trkpt>
			<trkpt lat="8.3908139" lon="98.24881"></trkpt>
			<trkpt lat="8.3807157" lon="98.2522186"></trkpt>
			<trkpt lat="8.3661597" lon="98.2548015"></trkpt>
			<trkpt lat="8.3442512" lon="98.2602759"></trkpt>
			<trkpt lat="8.3412523" lon="98.2602954"></trkpt>
			<trkpt lat="8.3264786" lon="98.2641137"></trkpt>
			<trkpt lat="8.3197232" lon="98.2649607"></trkpt>
			<trkpt lat="8.3072236" lon="98.2691276"></trkpt>
			<trkpt lat="8.283637" lon="98.2736852"></trkpt>
			<trkpt lat="8.2780995" lon="98.2756768"></trkpt>
			<trkpt lat="8.2486585" lon="98.2821978"></trkpt>
			<trkpt lat="8.2402595" lon="98.2826392"></trkpt>
			<trkpt lat="8.2375529" lon="98.280471"></trkpt>
			<trkpt lat="8.2168104" lon="98.2830967"></trkpt>
			<trkpt lat="8.201657" lon="98.2815621"></trkpt>
			<trkpt lat="8.2045777" lon="98.2906909"></trkpt>
			<trkpt lat="8.2024256" lon="98.299078"></trkpt>
			<trkpt lat="8.1984549" lon="98.3072811"></trkpt>
			<trkpt lat="8.1783265" lon="98.3324324"></trkpt>
			<trkpt lat="8.1765967" lon="98.3390193"></trkpt>
			<trkpt lat="8.1774564" lon="98.3458942"></trkpt>
			<trkpt lat="8.1766433" lon="98.3492396"></trkpt>
			<trkpt lat="8.1731055" lon="98.3545113"></trkpt>
			<trkpt lat="8.1666171" lon="98.3557004"></trkpt>
			<trkpt lat="8.1310887" lon="98.3450139"></trkpt>
			<trkpt lat="8.1489765" lon="98.3711712"></trkpt>
			<trkpt lat="8.1306574" lon="98.3854185"></trkpt>
			<trkpt lat="8.1999038" lon="98.4614268"></trkpt>
			<trkpt lat="8.2240004" lon="98.469088"></trkpt>
			<trkpt lat="8.229354" lon="98.4801898"></trkpt>
			<trkpt lat="8.2551989" lon="98.4663631"></trkpt>
			<trkpt lat="8.2729631" lon="98.4693855"></trkpt>
			<trkpt lat="8.2878829" lon="98.4678527"></trkpt>
			<trkpt lat="8.3047774" lon="98.4772889"></trkpt>
			<trkpt lat="8.3074874" lon="98.4654999"></trkpt>
			<trkpt lat="8.3407919" lon="98.5471788"></trkpt>
			<trkpt lat="8.3406487" lon="98.5383686"></trkpt>
			<trkpt lat="8.3765816" lon="98.6430751"></trkpt>
			<trkpt lat="8.3777046" lon="98.6509251"></trkpt>
			<trkpt lat="8.3801606" lon="98.6589929"></trkpt>
			<trkpt lat="8.3863125" lon="98.6629078"></trkpt>
			<trkpt lat="8.3932043" lon="98.6600428"></trkpt>
			<trkpt lat="8.4038117" lon="98.6498887"></trkpt>
			<trkpt lat="8.4074601" lon="98.644559"></trkpt>
			<trkpt lat="8.4108252" lon="98.6429995"></trkpt>
			<trkpt lat="8.4145028" lon="98.643158"></trkpt>
			<trkpt lat="8.4191952" lon="98.6470393"></trkpt>
			<trkpt lat="8.4237312" lon="98.6551063"></trkpt>
			<trkpt lat="8.4240118" lon="98.6598448"></trkpt>
			<trkpt lat="8.4258657" lon="98.6633715"></trkpt>
			<trkpt lat="8.4341293" lon="98.6649328"></trkpt>
			<trkpt lat="8.440884" lon="98.6624714"></trkpt>
			<trkpt lat="8.4456305" lon="98.6630441"></trkpt>
			<trkpt lat="8.4483895" lon="98.6645756"></trkpt>
			<trkpt lat="8.454813" lon="98.6642589"></trkpt>
			<trkpt lat="8.4543559" lon="98.6665424"></trkpt>
			<trkpt lat="8.4578291" lon="98.6696067"></trkpt>
			<trkpt lat="8.4600576" lon="98.6689362"></trkpt>
			<trkpt lat="8.4579742" lon="98.6654557"></trkpt>
			<trkpt lat="8.4592833" lon="98.6645321"></trkpt>
			<trkpt lat="8.4609044" lon="98.665557"></trkpt>
			<trkpt lat="8.4604785" lon="98.6646117"></trkpt>
			<trkpt lat="8.4641668" lon="98.6640438"></trkpt>
			<trkpt lat="8.4639146" lon="98.664632"></trkpt>
			<trkpt lat="8.4660745" lon="98.6644113"></trkpt>
			<trkpt lat="8.4648664" lon="98.6630975"></trkpt>
			<trkpt lat="8.4666932" lon="98.6626695"></trkpt>
			<trkpt lat="8.4660476" lon="98.6606751"></trkpt>
			<trkpt lat="8.4717003" lon="98.6594135"></trkpt>
			<trkpt lat="8.4706284" lon="98.6568315"></trkpt>
			<trkpt lat="8.4745571" lon="98.6551563"></trkpt>
			<trkpt lat="8.4747511" lon="98.6538993"></trkpt>
			<trkpt lat="8.4765663" lon="98.65384"></trkpt>
			<trkpt lat="8.4775745" lon="98.6508986"></trkpt>
			<trkpt lat="8.4808013" lon="98.6489125"></trkpt>
			<trkpt lat="8.4826526" lon="98.6500871"></trkpt>
			<trkpt lat="8.4831106" lon="98.6481955"></trkpt>
			<trkpt lat="8.4844897" lon="98.6485057"></trkpt>
			<trkpt lat="8.4830552" lon="98.6500984"></trkpt>
			<trkpt lat="8.482782" lon="98.6524855"></trkpt>
			<trkpt lat="8.4835073" lon="98.6537881"></trkpt>
			<trkpt lat="8.5013966" lon="98.6642196"></trkpt>
			<trkpt lat="8.5092172" lon="98.6719476"></trkpt>
			<trkpt lat="8.5162978" lon="98.675176"></trkpt>
			<trkpt lat="8.5258665" lon="98.6778615"></trkpt>
			<trkpt lat="8.538092" lon="98.6782076"></trkpt>
			<trkpt lat="8.5567014" lon="98.6836252"></trkpt>
			<trkpt lat="8.5658021" lon="98.6877948"></trkpt>
			<trkpt lat="8.5724257" lon="98.69238"></trkpt>
			<trkpt lat="8.5757492" lon="98.690864"></trkpt>
			<trkpt lat="8.5773246" lon="98.6934394"></trkpt>
			<trkpt lat="8.5892306" lon="98.7031658"></trkpt>
			<trkpt lat="8.5934061" lon="98.7038882"></trkpt>
			<trkpt lat="8.5950039" lon="98.7063016"></trkpt>
			<trkpt lat="8.5971502" lon="98.7074746"></trkpt>
			<trkpt lat="8.6025631" lon="98.7074096"></trkpt>
			<trkpt lat="8.6042787" lon="98.704176"></trkpt>
			<trkpt lat="8.60758" lon="98.70317"></trkpt>
			<trkpt lat="8.6093015" lon="98.7040295"></trkpt>
			<trkpt lat="8.6128781" lon="98.7030122"></trkpt>
			<trkpt lat="8.6225" lon="98.7030902"></trkpt>
			<trkpt lat="8.6230149" lon="98.7021398"></trkpt>
			<trkpt lat="8.6277053" lon="98.7020046"></trkpt>
			<trkpt lat="8.6322588" lon="98.7039662"></trkpt>
			<trkpt lat="8.6337926" lon="98.7004095"></trkpt>
			<trkpt lat="8.6359912" lon="98.6983241"></trkpt>
			<trkpt lat="8.6404752" lon="98.6981192"></trkpt>
			<trkpt lat="8.6473951" lon="98.6934747"></trkpt>
			<trkpt lat="8.6527177" lon="98.6866601"></trkpt>
			<trkpt lat="8.6559606" lon="98.6847492"></trkpt>
			<trkpt lat="8.6561506" lon="98.6814791"></trkpt>
			<trkpt lat="8.6584607" lon="98.6769812"></trkpt>
			<trkpt lat="8.6608433" lon="98.6752899"></trkpt>
			<trkpt lat="8.6610321" lon="98.6712892"></trkpt>
			<trkpt lat="8.6594443" lon="98.6676232"></trkpt>
			<trkpt lat="8.6565189" lon="98.6671341"></trkpt>
			<trkpt lat="8.6556869" lon="98.6628772"></trkpt>
			<trkpt lat="8.6565401" lon="98.6584828"></trkpt>
			<trkpt lat="8.6586599" lon="98.6570822"></trkpt>
			<trkpt lat="8.6576915" lon="98.6539259"></trkpt>
			<trkpt lat="8.6593871" lon="98.6529299"></trkpt>
			<trkpt lat="8.6595522" lon="98.6485926"></trkpt>
			<trkpt lat="8.6565163" lon="98.6478106"></trkpt>
			<trkpt lat="8.6537892" lon="98.64475"></trkpt>
			<trkpt lat="8.6503819" lon="98.6440865"></trkpt>
			<trkpt lat="8.6439044" lon="98.6380403"></trkpt>
			<trkpt lat="8.6425427" lon="98.634636"></trkpt>
			<trkpt lat="8.6442974" lon="98.6327526"></trkpt>
			<trkpt lat="8.6444756" lon="98.6293897"></trkpt>
			<trkpt lat="8.6397961" lon="98.6220693"></trkpt>
			<trkpt lat="8.6370654" lon="98.6207808"></trkpt>
			<trkpt lat="8.6375732" lon="98.6163278"></trkpt>
			<trkpt lat="8.6383929" lon="98.6157584"></trkpt>
			<trkpt lat="8.637696" lon="98.614229"></trkpt>
			<trkpt lat="8.6381404" lon="98.6125243"></trkpt>
			<trkpt lat="8.6362894" lon="98.6096589"></trkpt>
			<trkpt lat="8.6346596" lon="98.6091363"></trkpt>
			<trkpt lat="8.6322413" lon="98.609819"></trkpt>
			<trkpt lat="8.6277739" lon="98.60621"></trkpt>
			<trkpt lat="8.6267381" lon="98.6038784"></trkpt>
			<trkpt lat="8.6304499" lon="98.601631"></trkpt>
			<trkpt lat="8.6310437" lon="98.6002051"></trkpt>
			<trkpt lat="8.630546" lon="98.5973406"></trkpt>
			<trkpt lat="8.6312489" lon="98.5926677"></trkpt>
			<trkpt lat="8.6279846" lon="98.5882827"></trkpt>
			<trkpt lat="8.6320402" lon="98.5794138"></trkpt>
			<trkpt lat="8.6339066" lon="98.5776639"></trkpt>
			<trkpt lat="8.6335808" lon="98.5749154"></trkpt>
			<trkpt lat="8.6364645" lon="98.5714149"></trkpt>
			<trkpt lat="8.6377609" lon="98.5654783"></trkpt>
			<trkpt lat="8.6425612" lon="98.5626163"></trkpt>
			<trkpt lat="8.6460651" lon="98.5597304"></trkpt>
			<trkpt lat="8.6482369" lon="98.555696"></trkpt>
			<trkpt lat="8.6516966" lon="98.5537031"></trkpt>
			<trkpt lat="8.6563403" lon="98.5471879"></trkpt>
			<trkpt lat="8.657341" lon="98.5424798"></trkpt>
			<trkpt lat="8.6598832" lon="98.540579"></trkpt>
			<trkpt lat="8.660015" lon="98.5373902"></trkpt>
			<trkpt lat="8.6619284" lon="98.5363124"></trkpt>
			<trkpt lat="8.6636868" lon="98.5383543"></trkpt>
			<trkpt lat="8.6667273" lon="98.539063"></trkpt>
			<trkpt lat="8.670757" lon="98.5415001"></trkpt>
			<trkpt lat="8.6710469" lon="98.5432629"></trkpt>
			<trkpt lat="8.6742506" lon="98.5456766"></trkpt>
			<trkpt lat="8.6740302" lon="98.550524"></trkpt>
			<trkpt lat="8.675239" lon="98.5594082"></trkpt>
			<trkpt lat="8.6769749" lon="98.5616704"></trkpt>
			<trkpt lat="8.6811635" lon="98.5633427"></trkpt>
			<trkpt lat="8.6824486" lon="98.5699539"></trkpt>
			<trkpt lat="8.684792" lon="98.5720772"></trkpt>
			<trkpt lat="8.6917887" lon="98.5729158"></trkpt>
			<trkpt lat="8.6942975" lon="98.5778695"></trkpt>
			<trkpt lat="8.6969053" lon="98.5804224"></trkpt>
			<trkpt lat="8.7036737" lon="98.5818642"></trkpt>
			<trkpt lat="8.7057838" lon="98.5884068"></trkpt>
			<trkpt lat="8.7112729" lon="98.5924926"></trkpt>
			<trkpt lat="8.7123083" lon="98.5943605"></trkpt>
			<trkpt lat="8.7168982" lon="98.5959868"></trkpt>
			<trkpt lat="8.7231821" lon="98.5958743"></trkpt>
			<trkpt lat="8.7294414" lon="98.5944047"></trkpt>
			<trkpt lat="8.741679" lon="98.5950961"></trkpt>
			<trkpt lat="8.7441427" lon="98.594042"></trkpt>
			<trkpt lat="8.7461205" lon="98.5970472"></trkpt>
			<trkpt lat="8.7599166" lon="98.5961382"></trkpt>
			<trkpt lat="8.7626661" lon="98.5974931"></trkpt>
			<trkpt lat="8.7753783" lon="98.5974603"></trkpt>
			<trkpt lat="8.7803471" lon="98.5997673"></trkpt>
			<trkpt lat="8.7821795" lon="98.6015995"></trkpt>
			<trkpt lat="8.7852274" lon="98.5997041"></trkpt>
			<trkpt lat="8.7974075" lon="98.5984587"></trkpt>
			<trkpt lat="8.8011009" lon="98.5939008"></trkpt>
			<trkpt lat="8.8022044" lon="98.5877099"></trkpt>
			<trkpt lat="8.8059764" lon="98.5858348"></trkpt>
			<trkpt lat="8.806647" lon="98.5839356"></trkpt>
			<trkpt lat="8.804117" lon="98.5796772"></trkpt>
			<trkpt lat="8.804089" lon="98.5748431"></trkpt>
			<trkpt lat="8.8080343" lon="98.5669419"></trkpt>
			<trkpt lat="8.8072109" lon="98.5646551"></trkpt>
			<trkpt lat="8.81287" lon="98.5576725"></trkpt>
			<trkpt lat="8.8142372" lon="98.5546028"></trkpt>
			<trkpt lat="8.8176555" lon="98.5535382"></trkpt>
			<trkpt lat="8.8220619" lon="98.5557542"></trkpt>
			<trkpt lat="8.8288727" lon="98.5528151"></trkpt>
			<trkpt lat="8.8319333" lon="98.5480969"></trkpt>
			<trkpt lat="8.8374013" lon="98.5455324"></trkpt>
			<trkpt lat="8.837822" lon="98.5442587"></trkpt>
			<trkpt lat="8.8411568" lon="98.5424077"></trkpt>
			<trkpt lat="8.8436643" lon="98.5339552"></trkpt>
			<trkpt lat="8.8458982" lon="98.5324434"></trkpt>
			<trkpt lat="8.8476139" lon="98.5338482"></trkpt>
			<trkpt lat="8.8578426" lon="98.5361007"></trkpt>
			<trkpt lat="8.8597634" lon="98.533734"></trkpt>
			<trkpt lat="8.8597152" lon="98.5299636"></trkpt>
			<trkpt lat="8.8610857" lon="98.5247767"></trkpt>
			<trkpt lat="8.8597791" lon="98.5223874"></trkpt>
			<trkpt lat="8.8609095" lon="98.5174213"></trkpt>
			<trkpt lat="8.8601763" lon="98.5147753"></trkpt>
			<trkpt lat="8.8648478" lon="98.511172"></trkpt>
			<trkpt lat="8.8718418" lon="98.5081272"></trkpt>
			<trkpt lat="8.8782683" lon="98.5069232"></trkpt>
			<trkpt lat="8.8811102" lon="98.5053162"></trkpt>
			<trkpt lat="8.8811805" lon="98.4995207"></trkpt>
			<trkpt lat="8.8856374" lon="98.483793"></trkpt>
			<trkpt lat="8.8900412" lon="98.4737604"></trkpt>
			<trkpt lat="8.8893373" lon="98.4712498"></trkpt>
			<trkpt lat="8.8904781" lon="98.4556065"></trkpt>
			<trkpt lat="8.892999" lon="98.4545875"></trkpt>
			<trkpt lat="8.895402" lon="98.4499239"></trkpt>
			<trkpt lat="8.8955141" lon="98.4454344"></trkpt>
			<trkpt lat="8.9036326" lon="98.4467507"></trkpt>
			<trkpt lat="8.9154516" lon="98.4542098"></trkpt>
			<trkpt lat="8.9244327" lon="98.453952"></trkpt>
			<trkpt lat="8.9321723" lon="98.4562753"></trkpt>
			<trkpt lat="8.936604" lon="98.4549893"></trkpt>
			<trkpt lat="8.936753" lon="98.4536585"></trkpt>
			<trkpt lat="8.9394217" lon="98.4505331"></trkpt>
			<trkpt lat="8.9392011" lon="98.4478023"></trkpt>
			<trkpt lat="8.9451501" lon="98.4423844"></trkpt>
			<trkpt lat="8.9509581" lon="98.4488858"></trkpt>
			<trkpt lat="8.9537907" lon="98.4491971"></trkpt>
			<trkpt lat="8.9564848" lon="98.44834"></trkpt>
			<trkpt lat="8.9664004" lon="98.4508013"></trkpt>
			<trkpt lat="8.9665992" lon="98.4548631"></trkpt>
			<trkpt lat="8.9680859" lon="98.4567374"></trkpt>
			<trkpt lat="8.96984" lon="98.4629397"></trkpt>
			<trkpt lat="8.9777381" lon="98.4781559"></trkpt>
			<trkpt lat="8.979055" lon="98.4848331"></trkpt>
			<trkpt lat="8.9854628" lon="98.4943101"></trkpt>
			<trkpt lat="8.9833732" lon="98.4982697"></trkpt>
			<trkpt lat="8.983294" lon="98.5053535"></trkpt>
			<trkpt lat="8.9891429" lon="98.5063677"></trkpt>
			<trkpt lat="8.9951056" lon="98.5105158"></trkpt>
			<trkpt lat="8.9983768" lon="98.5103584"></trkpt>
			<trkpt lat="8.9999298" lon="98.5053568"></trkpt>
			<trkpt lat="9.0065028" lon="98.5013988"></trkpt>
			<trkpt lat="9.0072741" lon="98.499017"></trkpt>
			<trkpt lat="9.0117251" lon="98.4972185"></trkpt>
			<trkpt lat="9.0122275" lon="98.4958778"></trkpt>
			<trkpt lat="9.015021" lon="98.4940996"></trkpt>
			<trkpt lat="9.016117" lon="98.4878519"></trkpt>
			<trkpt lat="9.0190463" lon="98.4894411"></trkpt>
			<trkpt lat="9.0218505" lon="98.4892597"></trkpt>
			<trkpt lat="9.0243347" lon="98.4866245"></trkpt>
			<trkpt lat="9.028427" lon="98.4850677"></trkpt>
			<trkpt lat="9.0310582" lon="98.4860782"></trkpt>
			<trkpt lat="9.0352764" lon="98.4847993"></trkpt>
			<trkpt lat="9.0373598" lon="98.4798023"></trkpt>
			<trkpt lat="9.0390488" lon="98.4797237"></trkpt>
			<trkpt lat="9.0439818" lon="98.4754942"></trkpt>
			<trkpt lat="9.0466018" lon="98.475382"></trkpt>
			<trkpt lat="9.0498212" lon="98.4734418"></trkpt>
			<trkpt lat="9.0514751" lon="98.4745549"></trkpt>
			<trkpt lat="9.0531883" lon="98.4735734"></trkpt>
			<trkpt lat="9.0554512" lon="98.4748034"></trkpt>
			<trkpt lat="9.0648536" lon="98.4730333"></trkpt>
			<trkpt lat="9.0701126" lon="98.48098"></trkpt>
			<trkpt lat="9.0709487" lon="98.4858308"></trkpt>
			<trkpt lat="9.0736591" lon="98.4889131"></trkpt>
			<trkpt lat="9.0775077" lon="98.4909784"></trkpt>
			<trkpt lat="9.0812065" lon="98.4946296"></trkpt>
			<trkpt lat="9.0822979" lon="98.4945152"></trkpt>
			<trkpt lat="9.0828275" lon="98.4932314"></trkpt>
			<trkpt lat="9.085713" lon="98.4913832"></trkpt>
			<trkpt lat="9.0970217" lon="98.4913291"></trkpt>
			<trkpt lat="9.1002175" lon="98.490199"></trkpt>
			<trkpt lat="9.107642" lon="98.4897113"></trkpt>
			<trkpt lat="9.112414" lon="98.4847054"></trkpt>
			<trkpt lat="9.1160675" lon="98.4863307"></trkpt>
			<trkpt lat="9.1233113" lon="98.4804136"></trkpt>
			<trkpt lat="9.1315482" lon="98.4855642"></trkpt>
			<trkpt lat="9.1395828" lon="98.4831901"></trkpt>
			<trkpt lat="9.1410538" lon="98.4840602"></trkpt>
			<trkpt lat="9.1450546" lon="98.4814609"></trkpt>
			<trkpt lat="9.1483983" lon="98.4822294"></trkpt>
			<trkpt lat="9.1493856" lon="98.4836199"></trkpt>
			<trkpt lat="9.1489593" lon="98.4859693"></trkpt>
			<trkpt lat="9.1504151" lon="98.4928596"></trkpt>
			<trkpt lat="9.1528382" lon="98.4958844"></trkpt>
			<trkpt lat="9.1534717" lon="98.5019097"></trkpt>
			<trkpt lat="9.1573586" lon="98.5026233"></trkpt>
			<trkpt lat="9.160659" lon="98.5015419"></trkpt>
			<trkpt lat="9.165847" lon="98.4960641"></trkpt>
			<trkpt lat="9.1679616" lon="98.4963216"></trkpt>
			<trkpt lat="9.1707209" lon="98.4947277"></trkpt>
			<trkpt lat="9.1733181" lon="98.494511"></trkpt>
			<trkpt lat="9.177121" lon="98.4962877"></trkpt>
			<trkpt lat="9.1825576" lon="98.4955194"></trkpt>
			<trkpt lat="9.1868803" lon="98.4926653"></trkpt>
			<trkpt lat="9.1911546" lon="98.4939678"></trkpt>
			<trkpt lat="9.1928776" lon="98.4955446"></trkpt>
			<trkpt lat="9.1935033" lon="98.4975085"></trkpt>
			<trkpt lat="9.1949522" lon="98.4983564"></trkpt>
			<trkpt lat="9.1996924" lon="98.4964569"></trkpt>
			<trkpt lat="9.2015882" lon="98.4967259"></trkpt>
			<trkpt lat="9.203301" lon="98.4987082"></trkpt>
			<trkpt lat="9.2134092" lon="98.5004992"></trkpt>
			<trkpt lat="9.2169623" lon="98.5022659"></trkpt>
			<trkpt lat="9.2172947" lon="98.5059364"></trkpt>
			<trkpt lat="9.223469" lon="98.5118643"></trkpt>
			<trkpt lat="9.2260565" lon="98.5115917"></trkpt>
			<trkpt lat="9.2289639" lon="98.5183351"></trkpt>
			<trkpt lat="9.2329432" lon="98.5189107"></trkpt>
			<trkpt lat="9.2341039" lon="98.520661"></trkpt>
			<trkpt lat="9.2341954" lon="98.5227684"></trkpt>
			<trkpt lat="9.2357127" lon="98.5249131"></trkpt>
			<trkpt lat="9.2415314" lon="98.5258163"></trkpt>
			<trkpt lat="9.2431873" lon="98.5276721"></trkpt>
			<trkpt lat="9.2523535" lon="98.5289003"></trkpt>
			<trkpt lat="9.2572324" lon="98.5309321"></trkpt>
			<trkpt lat="9.2624646" lon="98.5273235"></trkpt>
			<trkpt lat="9.2717237" lon="98.5274482"></trkpt>
			<trkpt lat="9.2755398" lon="98.5264558"></trkpt>
			<trkpt lat="9.2800251" lon="98.5266339"></trkpt>
			<trkpt lat="9.2830676" lon="98.5245749"></trkpt>
			<trkpt lat="9.2898481" lon="98.5256701"></trkpt>
			<trkpt lat="9.2938046" lon="98.5274116"></trkpt>
			<trkpt lat="9.2980241" lon="98.526674"></trkpt>
			<trkpt lat="9.299886" lon="98.5189149"></trkpt>
			<trkpt lat="9.3034359" lon="98.5166712"></trkpt>
			<trkpt lat="9.3093763" lon="98.5057505"></trkpt>
			<trkpt lat="9.3060091" lon="98.497838"></trkpt>
			<trkpt lat="9.3074891" lon="98.4939262"></trkpt>
			<trkpt lat="9.3082639" lon="98.4850892"></trkpt>
			<trkpt lat="9.304612" lon="98.4807251"></trkpt>
			<trkpt lat="9.3049196" lon="98.4796089"></trkpt>
			<trkpt lat="9.3114472" lon="98.4808647"></trkpt>
			<trkpt lat="9.3154138" lon="98.4773707"></trkpt>
			<trkpt lat="9.3168122" lon="98.4734483"></trkpt>
			<trkpt lat="9.3210039" lon="98.4719552"></trkpt>
			<trkpt lat="9.3218228" lon="98.4702993"></trkpt>
			<trkpt lat="9.3154303" lon="98.4663661"></trkpt>
			<trkpt lat="9.3144775" lon="98.464294"></trkpt>
			<trkpt lat="9.3162655" lon="98.4601923"></trkpt>
			<trkpt lat="9.3158871" lon="98.4562939"></trkpt>
			<trkpt lat="9.3167305" lon="98.4555411"></trkpt>
			<trkpt lat="9.3187377" lon="98.4595448"></trkpt>
			<trkpt lat="9.3230812" lon="98.4646642"></trkpt>
			<trkpt lat="9.3295195" lon="98.4693498"></trkpt>
			<trkpt lat="9.3300764" lon="98.4671526"></trkpt>
			<trkpt lat="9.3293584" lon="98.4637105"></trkpt>
			<trkpt lat="9.3327712" lon="98.3897718"></trkpt>
		</trkseg>
	</trk>
	<trk>
		<name>สุราษฎร์ธานี</name>
		<desc>Length: 712.9 km (442.9 mi)</desc>
		<trkseg>
			<trkpt lat="9.7260427" lon="98.8823826"></trkpt>
			<trkpt lat="9.7303638" lon="98.878816"></trkpt>
			<trkpt lat="9.7273341" lon="98.8645251"></trkpt>
			<trkpt lat="9.7188446" lon="98.8621328"></trkpt>
			<trkpt lat="9.7093657" lon="98.8538663"></trkpt>
			<trkpt lat="9.703455" lon="98.8437676"></trkpt>
			<trkpt lat="9.7056426" lon="98.8386566"></trkpt>
			<trkpt lat="9.6996637" lon="98.8333629"></trkpt>
			<trkpt lat="9.7041134" lon="98.8282299"></trkpt>
			<trkpt lat="9.7016567" lon="98.8173745"></trkpt>
			<trkpt lat="9.6884649" lon="98.8049558"></trkpt>
			<trkpt lat="9.6882086" lon="98.7958081"></trkpt>
			<trkpt lat="9.6836679" lon="98.791721"></trkpt>
			<trkpt lat="9.6857378" lon="98.7876501"></trkpt>
			<trkpt lat="9.6907469" lon="98.7885369"></trkpt>
			<trkpt lat="9.6925969" lon="98.781928"></trkpt>
			<trkpt lat="9.6887189" lon="98.7782779"></trkpt>
			<trkpt lat="9.6865947" lon="98.7683074"></trkpt>
			<trkpt lat="9.6517923" lon="98.767512"></trkpt>
			<trkpt lat="9.6463024" lon="98.764629"></trkpt>
			<trkpt lat="9.6350169" lon="98.7680832"></trkpt>
			<trkpt lat="9.6267116" lon="98.7647473"></trkpt>
			<trkpt lat="9.5983434" lon="98.7375031"></trkpt>
			<trkpt lat="9.5810579" lon="98.7391516"></trkpt>
			<trkpt lat="9.5746758" lon="98.7581106"></trkpt>
			<trkpt lat="9.5573475" lon="98.758699"></trkpt>
			<trkpt lat="9.5450526" lon="98.7675449"></trkpt>
			<trkpt lat="9.5370053" lon="98.7629412"></trkpt>
			<trkpt lat="9.536219" lon="98.7476546"></trkpt>
			<trkpt lat="9.5148172" lon="98.7315901"></trkpt>
			<trkpt lat="9.5109179" lon="98.7245124"></trkpt>
			<trkpt lat="9.5035152" lon="98.7236722"></trkpt>
			<trkpt lat="9.4978653" lon="98.7162397"></trkpt>
			<trkpt lat="9.4871275" lon="98.7156757"></trkpt>
			<trkpt lat="9.4862263" lon="98.7045942"></trkpt>
			<trkpt lat="9.4696782" lon="98.694677"></trkpt>
			<trkpt lat="9.4687722" lon="98.6808118"></trkpt>
			<trkpt lat="9.4649991" lon="98.6774287"></trkpt>
			<trkpt lat="9.4667341" lon="98.6690892"></trkpt>
			<trkpt lat="9.4603789" lon="98.6653432"></trkpt>
			<trkpt lat="9.447389" lon="98.6678927"></trkpt>
			<trkpt lat="9.4466093" lon="98.671874"></trkpt>
			<trkpt lat="9.4359696" lon="98.680881"></trkpt>
			<trkpt lat="9.4249264" lon="98.6710172"></trkpt>
			<trkpt lat="9.4199922" lon="98.6605719"></trkpt>
			<trkpt lat="9.4291822" lon="98.6501369"></trkpt>
			<trkpt lat="9.426753" lon="98.6471645"></trkpt>
			<trkpt lat="9.4134157" lon="98.6469626"></trkpt>
			<trkpt lat="9.400236" lon="98.6540137"></trkpt>
			<trkpt lat="9.3873156" lon="98.6483808"></trkpt>
			<trkpt lat="9.3880048" lon="98.6720986"></trkpt>
			<trkpt lat="9.3683659" lon="98.6717206"></trkpt>
			<trkpt lat="9.3585333" lon="98.6683337"></trkpt>
			<trkpt lat="9.3471019" lon="98.6589162"></trkpt>
			<trkpt lat="9.3567658" lon="98.635728"></trkpt>
			<trkpt lat="9.3539864" lon="98.6276949"></trkpt>
			<trkpt lat="9.3424491" lon="98.6149001"></trkpt>
			<trkpt lat="9.3421564" lon="98.6102905"></trkpt>
			<trkpt lat="9.3557771" lon="98.5895644"></trkpt>
			<trkpt lat="9.3628839" lon="98.5904492"></trkpt>
			<trkpt lat="9.367683" lon="98.5868553"></trkpt>
			<trkpt lat="9.3658519" lon="98.5734187"></trkpt>
			<trkpt lat="9.3586205" lon="98.5658027"></trkpt>
			<trkpt lat="9.3613103" lon="98.5464782"></trkpt>
			<trkpt lat="9.34975" lon="98.5385407"></trkpt>
			<trkpt lat="9.3476404" lon="98.5330015"></trkpt>
			<trkpt lat="9.3261274" lon="98.5117697"></trkpt>
			<trkpt lat="9.3093763" lon="98.5057505"></trkpt>
			<trkpt lat="9.299886" lon="98.5189149"></trkpt>
			<trkpt lat="9.2980241" lon="98.526674"></trkpt>
			<trkpt lat="9.2830676" lon="98.5245749"></trkpt>
			<trkpt lat="9.2624646" lon="98.5273235"></trkpt>
			<trkpt lat="9.2572324" lon="98.5309321"></trkpt>
			<trkpt lat="9.2357127" lon="98.5249131"></trkpt>
			<trkpt lat="9.2329432" lon="98.5189107"></trkpt>
			<trkpt lat="9.2289639" lon="98.5183351"></trkpt>
			<trkpt lat="9.2260565" lon="98.5115917"></trkpt>
			<trkpt lat="9.2172947" lon="98.5059364"></trkpt>
			<trkpt lat="9.2169623" lon="98.5022659"></trkpt>
			<trkpt lat="9.2015882" lon="98.4967259"></trkpt>
			<trkpt lat="9.1949522" lon="98.4983564"></trkpt>
			<trkpt lat="9.1868803" lon="98.4926653"></trkpt>
			<trkpt lat="9.177121" lon="98.4962877"></trkpt>
			<trkpt lat="9.165847" lon="98.4960641"></trkpt>
			<trkpt lat="9.160659" lon="98.5015419"></trkpt>
			<trkpt lat="9.1534717" lon="98.5019097"></trkpt>
			<trkpt lat="9.1483983" lon="98.4822294"></trkpt>
			<trkpt lat="9.1315482" lon="98.4855642"></trkpt>
			<trkpt lat="9.1233113" lon="98.4804136"></trkpt>
			<trkpt lat="9.1160675" lon="98.4863307"></trkpt>
			<trkpt lat="9.112414" lon="98.4847054"></trkpt>
			<trkpt lat="9.107642" lon="98.4897113"></trkpt>
			<trkpt lat="9.085713" lon="98.4913832"></trkpt>
			<trkpt lat="9.0812065" lon="98.4946296"></trkpt>
			<trkpt lat="9.0709487" lon="98.4858308"></trkpt>
			<trkpt lat="9.0648536" lon="98.4730333"></trkpt>
			<trkpt lat="9.0498212" lon="98.4734418"></trkpt>
			<trkpt lat="9.0373598" lon="98.4798023"></trkpt>
			<trkpt lat="9.0352764" lon="98.4847993"></trkpt>
			<trkpt lat="9.0218505" lon="98.4892597"></trkpt>
			<trkpt lat="9.016117" lon="98.4878519"></trkpt>
			<trkpt lat="9.015021" lon="98.4940996"></trkpt>
			<trkpt lat="8.9999298" lon="98.5053568"></trkpt>
			<trkpt lat="8.9983768" lon="98.5103584"></trkpt>
			<trkpt lat="8.983294" lon="98.5053535"></trkpt>
			<trkpt lat="8.9854628" lon="98.4943101"></trkpt>
			<trkpt lat="8.979055" lon="98.4848331"></trkpt>
			<trkpt lat="8.9664004" lon="98.4508013"></trkpt>
			<trkpt lat="8.9509581" lon="98.4488858"></trkpt>
			<trkpt lat="8.9451501" lon="98.4423844"></trkpt>
			<trkpt lat="8.936604" lon="98.4549893"></trkpt>
			<trkpt lat="8.9154516" lon="98.4542098"></trkpt>
			<trkpt lat="8.9036326" lon="98.4467507"></trkpt>
			<trkpt lat="8.8955141" lon="98.4454344"></trkpt>
			<trkpt lat="8.8904781" lon="98.4556065"></trkpt>
			<trkpt lat="8.8900412" lon="98.4737604"></trkpt>
			<trkpt lat="8.8811102" lon="98.5053162"></trkpt>
			<trkpt lat="8.8601763" lon="98.5147753"></trkpt>
			<trkpt lat="8.8578426" lon="98.5361007"></trkpt>
			<trkpt lat="8.8458982" lon="98.5324434"></trkpt>
			<trkpt lat="8.8411568" lon="98.5424077"></trkpt>
			<trkpt lat="8.8220619" lon="98.5557542"></trkpt>
			<trkpt lat="8.8142372" lon="98.5546028"></trkpt>
			<trkpt lat="8.804089" lon="98.5748431"></trkpt>
			<trkpt lat="8.806647" lon="98.5839356"></trkpt>
			<trkpt lat="8.7974075" lon="98.5984587"></trkpt>
			<trkpt lat="8.7821795" lon="98.6015995"></trkpt>
			<trkpt lat="8.7753783" lon="98.5974603"></trkpt>
			<trkpt lat="8.7461205" lon="98.5970472"></trkpt>
			<trkpt lat="8.7441427" lon="98.594042"></trkpt>
			<trkpt lat="8.7168982" lon="98.5959868"></trkpt>
			<trkpt lat="8.7057838" lon="98.5884068"></trkpt>
			<trkpt lat="8.7036737" lon="98.5818642"></trkpt>
			<trkpt lat="8.6969053" lon="98.5804224"></trkpt>
			<trkpt lat="8.6917887" lon="98.5729158"></trkpt>
			<trkpt lat="8.6824486" lon="98.5699539"></trkpt>
			<trkpt lat="8.6811635" lon="98.5633427"></trkpt>
			<trkpt lat="8.675239" lon="98.5594082"></trkpt>
			<trkpt lat="8.6742506" lon="98.5456766"></trkpt>
			<trkpt lat="8.6619284" lon="98.5363124"></trkpt>
			<trkpt lat="8.6460651" lon="98.5597304"></trkpt>
			<trkpt lat="8.6377609" lon="98.5654783"></trkpt>
			<trkpt lat="8.6279846" lon="98.5882827"></trkpt>
			<trkpt lat="8.6312489" lon="98.5926677"></trkpt>
			<trkpt lat="8.6304499" lon="98.601631"></trkpt>
			<trkpt lat="8.6267381" lon="98.6038784"></trkpt>
			<trkpt lat="8.6322413" lon="98.609819"></trkpt>
			<trkpt lat="8.6362894" lon="98.6096589"></trkpt>
			<trkpt lat="8.6370654" lon="98.6207808"></trkpt>
			<trkpt lat="8.6444756" lon="98.6293897"></trkpt>
			<trkpt lat="8.6425427" lon="98.634636"></trkpt>
			<trkpt lat="8.6503819" lon="98.6440865"></trkpt>
			<trkpt lat="8.6595522" lon="98.6485926"></trkpt>
			<trkpt lat="8.6565189" lon="98.6671341"></trkpt>
			<trkpt lat="8.6594443" lon="98.6676232"></trkpt>
			<trkpt lat="8.6608433" lon="98.6752899"></trkpt>
			<trkpt lat="8.6559606" lon="98.6847492"></trkpt>
			<trkpt lat="8.6404752" lon="98.6981192"></trkpt>
			<trkpt lat="8.6359912" lon="98.6983241"></trkpt>
			<trkpt lat="8.6298886" lon="98.7057197"></trkpt>
			<trkpt lat="8.6325073" lon="98.7156403"></trkpt>
			<trkpt lat="8.6294725" lon="98.7216693"></trkpt>
			<trkpt lat="8.6726932" lon="98.7456113"></trkpt>
			<trkpt lat="8.6723443" lon="98.7603969"></trkpt>
			<trkpt lat="8.6649649" lon="98.7646945"></trkpt>
			<trkpt lat="8.6405672" lon="98.7954816"></trkpt>
			<trkpt lat="8.646738" lon="98.8001933"></trkpt>
			<trkpt lat="8.6555162" lon="98.7997178"></trkpt>
			<trkpt lat="8.6556764" lon="98.8600094"></trkpt>
			<trkpt lat="8.6603093" lon="98.878265"></trkpt>
			<trkpt lat="8.6675522" lon="98.890738"></trkpt>
			<trkpt lat="8.6150642" lon="98.9114074"></trkpt>
			<trkpt lat="8.6084451" lon="98.9184006"></trkpt>
			<trkpt lat="8.6025015" lon="98.9149048"></trkpt>
			<trkpt lat="8.590039" lon="98.9216203"></trkpt>
			<trkpt lat="8.5852539" lon="98.9357588"></trkpt>
			<trkpt lat="8.5740408" lon="98.9379698"></trkpt>
			<trkpt lat="8.550817" lon="98.932502"></trkpt>
			<trkpt lat="8.5382364" lon="98.9344948"></trkpt>
			<trkpt lat="8.5326084" lon="98.9411694"></trkpt>
			<trkpt lat="8.4962472" lon="98.9459833"></trkpt>
			<trkpt lat="8.492252" lon="98.9501628"></trkpt>
			<trkpt lat="8.4841486" lon="98.9472136"></trkpt>
			<trkpt lat="8.4723027" lon="98.9485254"></trkpt>
			<trkpt lat="8.4561815" lon="98.9405317"></trkpt>
			<trkpt lat="8.452173" lon="98.9421412"></trkpt>
			<trkpt lat="8.4431389" lon="98.9387389"></trkpt>
			<trkpt lat="8.4263014" lon="98.946374"></trkpt>
			<trkpt lat="8.4172483" lon="98.9700394"></trkpt>
			<trkpt lat="8.3920816" lon="98.9972621"></trkpt>
			<trkpt lat="8.3653118" lon="99.0342563"></trkpt>
			<trkpt lat="8.3603789" lon="99.0486452"></trkpt>
			<trkpt lat="8.3600813" lon="99.0621448"></trkpt>
			<trkpt lat="8.3638368" lon="99.0755136"></trkpt>
			<trkpt lat="8.3626484" lon="99.0917113"></trkpt>
			<trkpt lat="8.3669034" lon="99.1222806"></trkpt>
			<trkpt lat="8.3604153" lon="99.143318"></trkpt>
			<trkpt lat="8.361162" lon="99.152613"></trkpt>
			<trkpt lat="8.3692325" lon="99.1632559"></trkpt>
			<trkpt lat="8.3687574" lon="99.1690133"></trkpt>
			<trkpt lat="8.3732759" lon="99.1762237"></trkpt>
			<trkpt lat="8.3670877" lon="99.2032026"></trkpt>
			<trkpt lat="8.3583953" lon="99.2017888"></trkpt>
			<trkpt lat="8.3523805" lon="99.2064587"></trkpt>
			<trkpt lat="8.3373982" lon="99.2090588"></trkpt>
			<trkpt lat="8.3177256" lon="99.2314991"></trkpt>
			<trkpt lat="8.3018306" lon="99.2640722"></trkpt>
			<trkpt lat="8.3006568" lon="99.2752657"></trkpt>
			<trkpt lat="8.3126304" lon="99.2922423"></trkpt>
			<trkpt lat="8.3172593" lon="99.2883491"></trkpt>
			<trkpt lat="8.3166216" lon="99.2837511"></trkpt>
			<trkpt lat="8.3422841" lon="99.2793914"></trkpt>
			<trkpt lat="8.3440786" lon="99.2743453"></trkpt>
			<trkpt lat="8.3476783" lon="99.2772654"></trkpt>
			<trkpt lat="8.3519886" lon="99.275418"></trkpt>
			<trkpt lat="8.3499481" lon="99.2716797"></trkpt>
			<trkpt lat="8.3537734" lon="99.2695837"></trkpt>
			<trkpt lat="8.3496827" lon="99.2661739"></trkpt>
			<trkpt lat="8.352357" lon="99.2597805"></trkpt>
			<trkpt lat="8.3579773" lon="99.257634"></trkpt>
			<trkpt lat="8.3593707" lon="99.25256"></trkpt>
			<trkpt lat="8.3679387" lon="99.2457773"></trkpt>
			<trkpt lat="8.3661002" lon="99.2403492"></trkpt>
			<trkpt lat="8.3687414" lon="99.2422792"></trkpt>
			<trkpt lat="8.3695055" lon="99.2397802"></trkpt>
			<trkpt lat="8.3748947" lon="99.2400997"></trkpt>
			<trkpt lat="8.3759871" lon="99.2370649"></trkpt>
			<trkpt lat="8.3818193" lon="99.238549"></trkpt>
			<trkpt lat="8.3856339" lon="99.234356"></trkpt>
			<trkpt lat="8.3883896" lon="99.2366813"></trkpt>
			<trkpt lat="8.4000482" lon="99.2354609"></trkpt>
			<trkpt lat="8.3998616" lon="99.239189"></trkpt>
			<trkpt lat="8.4116799" lon="99.2492759"></trkpt>
			<trkpt lat="8.4198066" lon="99.2492175"></trkpt>
			<trkpt lat="8.4235575" lon="99.2538011"></trkpt>
			<trkpt lat="8.4342187" lon="99.2571176"></trkpt>
			<trkpt lat="8.4369992" lon="99.2619433"></trkpt>
			<trkpt lat="8.4486609" lon="99.2594046"></trkpt>
			<trkpt lat="8.4504513" lon="99.2652387"></trkpt>
			<trkpt lat="8.4548225" lon="99.2668724"></trkpt>
			<trkpt lat="8.454649" lon="99.2725321"></trkpt>
			<trkpt lat="8.4584632" lon="99.2710284"></trkpt>
			<trkpt lat="8.4554742" lon="99.2744434"></trkpt>
			<trkpt lat="8.4566875" lon="99.2783615"></trkpt>
			<trkpt lat="8.462143" lon="99.2782223"></trkpt>
			<trkpt lat="8.4655663" lon="99.2826458"></trkpt>
			<trkpt lat="8.4640586" lon="99.2880156"></trkpt>
			<trkpt lat="8.4671645" lon="99.288889"></trkpt>
			<trkpt lat="8.4669939" lon="99.2863933"></trkpt>
			<trkpt lat="8.4706245" lon="99.2879041"></trkpt>
			<trkpt lat="8.4705073" lon="99.2934289"></trkpt>
			<trkpt lat="8.4756996" lon="99.2959739"></trkpt>
			<trkpt lat="8.476659" lon="99.3147056"></trkpt>
			<trkpt lat="8.490356" lon="99.3262237"></trkpt>
			<trkpt lat="8.4945096" lon="99.3494916"></trkpt>
			<trkpt lat="8.4999161" lon="99.3529724"></trkpt>
			<trkpt lat="8.5014334" lon="99.361678"></trkpt>
			<trkpt lat="8.515378" lon="99.3768962"></trkpt>
			<trkpt lat="8.5162121" lon="99.3886482"></trkpt>
			<trkpt lat="8.5126768" lon="99.3912575"></trkpt>
			<trkpt lat="8.5185629" lon="99.3951836"></trkpt>
			<trkpt lat="8.5259451" lon="99.3933398"></trkpt>
			<trkpt lat="8.533479" lon="99.3957112"></trkpt>
			<trkpt lat="8.5367498" lon="99.4013283"></trkpt>
			<trkpt lat="8.5495" lon="99.4052559"></trkpt>
			<trkpt lat="8.5532489" lon="99.416234"></trkpt>
			<trkpt lat="8.5699817" lon="99.4179192"></trkpt>
			<trkpt lat="8.5835409" lon="99.4317399"></trkpt>
			<trkpt lat="8.6004399" lon="99.4413668"></trkpt>
			<trkpt lat="8.6020923" lon="99.4544886"></trkpt>
			<trkpt lat="8.6086977" lon="99.4562016"></trkpt>
			<trkpt lat="8.6208246" lon="99.4482086"></trkpt>
			<trkpt lat="8.6319844" lon="99.4478724"></trkpt>
			<trkpt lat="8.6384608" lon="99.4539691"></trkpt>
			<trkpt lat="8.6422155" lon="99.4536452"></trkpt>
			<trkpt lat="8.6500501" lon="99.4636141"></trkpt>
			<trkpt lat="8.6461969" lon="99.4697173"></trkpt>
			<trkpt lat="8.6476816" lon="99.4795798"></trkpt>
			<trkpt lat="8.6564743" lon="99.4774805"></trkpt>
			<trkpt lat="8.671787" lon="99.4885762"></trkpt>
			<trkpt lat="8.6721894" lon="99.4948009"></trkpt>
			<trkpt lat="8.6801926" lon="99.4912669"></trkpt>
			<trkpt lat="8.685114" lon="99.4970943"></trkpt>
			<trkpt lat="8.6966911" lon="99.4922536"></trkpt>
			<trkpt lat="8.7068991" lon="99.5067266"></trkpt>
			<trkpt lat="8.7128214" lon="99.5070425"></trkpt>
			<trkpt lat="8.7192619" lon="99.5225375"></trkpt>
			<trkpt lat="8.7615012" lon="99.529818"></trkpt>
			<trkpt lat="8.7658043" lon="99.5225347"></trkpt>
			<trkpt lat="8.7902123" lon="99.5218965"></trkpt>
			<trkpt lat="8.810598" lon="99.5266103"></trkpt>
			<trkpt lat="8.8180489" lon="99.522447"></trkpt>
			<trkpt lat="8.830843" lon="99.5210953"></trkpt>
			<trkpt lat="8.835369" lon="99.5168759"></trkpt>
			<trkpt lat="8.8368686" lon="99.5206906"></trkpt>
			<trkpt lat="8.844404" lon="99.5232332"></trkpt>
			<trkpt lat="8.850038" lon="99.5302981"></trkpt>
			<trkpt lat="8.8518225" lon="99.5402956"></trkpt>
			<trkpt lat="8.8484426" lon="99.5442102"></trkpt>
			<trkpt lat="8.8510188" lon="99.5598067"></trkpt>
			<trkpt lat="8.8648098" lon="99.5564763"></trkpt>
			<trkpt lat="8.8786979" lon="99.558535"></trkpt>
			<trkpt lat="8.8913345" lon="99.5738763"></trkpt>
			<trkpt lat="8.9103454" lon="99.5757483"></trkpt>
			<trkpt lat="8.9122723" lon="99.5802149"></trkpt>
			<trkpt lat="8.9182958" lon="99.5829435"></trkpt>
			<trkpt lat="8.9204552" lon="99.5929436"></trkpt>
			<trkpt lat="8.9251898" lon="99.5959665"></trkpt>
			<trkpt lat="8.928602" lon="99.6067517"></trkpt>
			<trkpt lat="8.9273154" lon="99.6157072"></trkpt>
			<trkpt lat="8.9218916" lon="99.618943"></trkpt>
			<trkpt lat="8.9179234" lon="99.6168102"></trkpt>
			<trkpt lat="8.9123584" lon="99.6227271"></trkpt>
			<trkpt lat="8.9133562" lon="99.631457"></trkpt>
			<trkpt lat="8.9170988" lon="99.6348702"></trkpt>
			<trkpt lat="8.9165001" lon="99.6382038"></trkpt>
			<trkpt lat="8.9216272" lon="99.6363118"></trkpt>
			<trkpt lat="8.9211768" lon="99.6332008"></trkpt>
			<trkpt lat="8.9283095" lon="99.643641"></trkpt>
			<trkpt lat="8.9264094" lon="99.6454782"></trkpt>
			<trkpt lat="8.9292289" lon="99.648024"></trkpt>
			<trkpt lat="8.9224826" lon="99.6484908"></trkpt>
			<trkpt lat="8.9281481" lon="99.6753663"></trkpt>
			<trkpt lat="8.9308117" lon="99.6769962"></trkpt>
			<trkpt lat="8.9310804" lon="99.6859379"></trkpt>
			<trkpt lat="8.9354274" lon="99.6903298"></trkpt>
			<trkpt lat="8.9351224" lon="99.6963949"></trkpt>
			<trkpt lat="8.9521171" lon="99.6957431"></trkpt>
			<trkpt lat="8.9598134" lon="99.6889111"></trkpt>
			<trkpt lat="8.9752948" lon="99.6955438"></trkpt>
			<trkpt lat="8.9704397" lon="99.7129452"></trkpt>
			<trkpt lat="8.977244" lon="99.7175209"></trkpt>
			<trkpt lat="8.9772327" lon="99.7225788"></trkpt>
			<trkpt lat="8.9857033" lon="99.724345"></trkpt>
			<trkpt lat="8.9948435" lon="99.7312362"></trkpt>
			<trkpt lat="9.0053393" lon="99.7308353"></trkpt>
			<trkpt lat="9.0077684" lon="99.7337222"></trkpt>
			<trkpt lat="9.0124508" lon="99.7327131"></trkpt>
			<trkpt lat="9.0267626" lon="99.7446689"></trkpt>
			<trkpt lat="9.0376982" lon="99.7397809"></trkpt>
			<trkpt lat="9.0492435" lon="99.7447868"></trkpt>
			<trkpt lat="9.05769" lon="99.7403319"></trkpt>
			<trkpt lat="9.0708066" lon="99.7453261"></trkpt>
			<trkpt lat="9.0681526" lon="99.7499305"></trkpt>
			<trkpt lat="9.0690773" lon="99.7593103"></trkpt>
			<trkpt lat="9.0782338" lon="99.766573"></trkpt>
			<trkpt lat="9.0888744" lon="99.7652995"></trkpt>
			<trkpt lat="9.0992251" lon="99.7717842"></trkpt>
			<trkpt lat="9.1096647" lon="99.7530445"></trkpt>
			<trkpt lat="9.1108936" lon="99.742603"></trkpt>
			<trkpt lat="9.1146915" lon="99.7407071"></trkpt>
			<trkpt lat="9.110706" lon="99.7282562"></trkpt>
			<trkpt lat="9.1134793" lon="99.7239932"></trkpt>
			<trkpt lat="9.121128" lon="99.734432"></trkpt>
			<trkpt lat="9.1312833" lon="99.7338095"></trkpt>
			<trkpt lat="9.142409" lon="99.7228588"></trkpt>
			<trkpt lat="9.1546744" lon="99.7202618"></trkpt>
			<trkpt lat="9.1619959" lon="99.7275645"></trkpt>
			<trkpt lat="9.160183" lon="99.7309835"></trkpt>
			<trkpt lat="9.1687317" lon="99.7373221"></trkpt>
			<trkpt lat="9.1890214" lon="99.7421091"></trkpt>
			<trkpt lat="9.2009517" lon="99.738679"></trkpt>
			<trkpt lat="9.2047784" lon="99.7472814"></trkpt>
			<trkpt lat="9.2160329" lon="99.7478137"></trkpt>
			<trkpt lat="9.2202996" lon="99.7537703"></trkpt>
			<trkpt lat="9.2261162" lon="99.7510608"></trkpt>
			<trkpt lat="9.2642774" lon="99.7484042"></trkpt>
			<trkpt lat="9.2685555" lon="99.7625178"></trkpt>
			<trkpt lat="9.2622416" lon="99.766997"></trkpt>
			<trkpt lat="9.2634426" lon="99.7726026"></trkpt>
			<trkpt lat="9.2778229" lon="99.7717993"></trkpt>
			<trkpt lat="9.2916011" lon="99.763172"></trkpt>
			<trkpt lat="9.2981839" lon="99.7659422"></trkpt>
			<trkpt lat="9.3147347" lon="99.7649476"></trkpt>
			<trkpt lat="9.3231386" lon="99.7691066"></trkpt>
			<trkpt lat="9.3158271" lon="99.760869"></trkpt>
			<trkpt lat="9.3181849" lon="99.7501445"></trkpt>
			<trkpt lat="9.3239274" lon="99.7420813"></trkpt>
			<trkpt lat="9.3292578" lon="99.7442955"></trkpt>
			<trkpt lat="9.3206313" lon="99.7344706"></trkpt>
			<trkpt lat="9.3122088" lon="99.7311728"></trkpt>
			<trkpt lat="9.314716" lon="99.7202282"></trkpt>
			<trkpt lat="9.3255133" lon="99.7043347"></trkpt>
			<trkpt lat="9.322384" lon="99.7023349"></trkpt>
			<trkpt lat="9.3296804" lon="99.6879406"></trkpt>
			<trkpt lat="9.3347289" lon="99.6884986"></trkpt>
			<trkpt lat="9.3379617" lon="99.680573"></trkpt>
			<trkpt lat="9.3330636" lon="99.6849469"></trkpt>
			<trkpt lat="9.3224015" lon="99.6805206"></trkpt>
			<trkpt lat="9.3158671" lon="99.6827821"></trkpt>
			<trkpt lat="9.3100954" lon="99.6760824"></trkpt>
			<trkpt lat="9.3118484" lon="99.6742607"></trkpt>
			<trkpt lat="9.3038744" lon="99.6680801"></trkpt>
			<trkpt lat="9.3033798" lon="99.6440863"></trkpt>
			<trkpt lat="9.2853104" lon="99.6228641"></trkpt>
			<trkpt lat="9.271669" lon="99.614349"></trkpt>
			<trkpt lat="9.2677445" lon="99.6018663"></trkpt>
			<trkpt lat="9.2686366" lon="99.5878806"></trkpt>
			<trkpt lat="9.2872263" lon="99.5392939"></trkpt>
			<trkpt lat="9.2822008" lon="99.5256926"></trkpt>
			<trkpt lat="9.2641592" lon="99.5102406"></trkpt>
			<trkpt lat="9.2278388" lon="99.4963384"></trkpt>
			<trkpt lat="9.2214257" lon="99.4978583"></trkpt>
			<trkpt lat="9.2119299" lon="99.4858123"></trkpt>
			<trkpt lat="9.2103676" lon="99.4742822"></trkpt>
			<trkpt lat="9.19825" lon="99.4663859"></trkpt>
			<trkpt lat="9.2059437" lon="99.4130164"></trkpt>
			<trkpt lat="9.193231" lon="99.3818992"></trkpt>
			<trkpt lat="9.1997876" lon="99.3875688"></trkpt>
			<trkpt lat="9.1949728" lon="99.3753317"></trkpt>
			<trkpt lat="9.2014322" lon="99.3756246"></trkpt>
			<trkpt lat="9.19107" lon="99.3714424"></trkpt>
			<trkpt lat="9.18982" lon="99.3671691"></trkpt>
			<trkpt lat="9.1935718" lon="99.3684172"></trkpt>
			<trkpt lat="9.1940591" lon="99.3644978"></trkpt>
			<trkpt lat="9.1980623" lon="99.3658838"></trkpt>
			<trkpt lat="9.1983683" lon="99.3607006"></trkpt>
			<trkpt lat="9.206798" lon="99.3584772"></trkpt>
			<trkpt lat="9.215163" lon="99.3617804"></trkpt>
			<trkpt lat="9.20735" lon="99.3448935"></trkpt>
			<trkpt lat="9.209723" lon="99.3427298"></trkpt>
			<trkpt lat="9.2070054" lon="99.3387064"></trkpt>
			<trkpt lat="9.2088009" lon="99.334994"></trkpt>
			<trkpt lat="9.2174565" lon="99.3377651"></trkpt>
			<trkpt lat="9.2216745" lon="99.3441695"></trkpt>
			<trkpt lat="9.2236707" lon="99.3368709"></trkpt>
			<trkpt lat="9.2212761" lon="99.334958"></trkpt>
			<trkpt lat="9.2271938" lon="99.3373567"></trkpt>
			<trkpt lat="9.2156669" lon="99.3215423"></trkpt>
			<trkpt lat="9.2216055" lon="99.3112959"></trkpt>
			<trkpt lat="9.2275774" lon="99.3125097"></trkpt>
			<trkpt lat="9.2309788" lon="99.3209854"></trkpt>
			<trkpt lat="9.2353195" lon="99.3225063"></trkpt>
			<trkpt lat="9.2354288" lon="99.315254"></trkpt>
			<trkpt lat="9.243832" lon="99.3236225"></trkpt>
			<trkpt lat="9.2462951" lon="99.3172512"></trkpt>
			<trkpt lat="9.2392272" lon="99.3106826"></trkpt>
			<trkpt lat="9.2446933" lon="99.3131193"></trkpt>
			<trkpt lat="9.2451655" lon="99.3102315"></trkpt>
			<trkpt lat="9.2378061" lon="99.3072628"></trkpt>
			<trkpt lat="9.2289406" lon="99.2892911"></trkpt>
			<trkpt lat="9.2329634" lon="99.2856256"></trkpt>
			<trkpt lat="9.2286663" lon="99.285201"></trkpt>
			<trkpt lat="9.2151033" lon="99.2736516"></trkpt>
			<trkpt lat="9.2176807" lon="99.2726863"></trkpt>
			<trkpt lat="9.2145689" lon="99.2678733"></trkpt>
			<trkpt lat="9.2164785" lon="99.2632741"></trkpt>
			<trkpt lat="9.2271807" lon="99.2589913"></trkpt>
			<trkpt lat="9.222931" lon="99.2514168"></trkpt>
			<trkpt lat="9.2574269" lon="99.2229407"></trkpt>
			<trkpt lat="9.2811823" lon="99.2266216"></trkpt>
			<trkpt lat="9.282575" lon="99.2216408"></trkpt>
			<trkpt lat="9.3064015" lon="99.2125369"></trkpt>
			<trkpt lat="9.3301028" lon="99.2149545"></trkpt>
			<trkpt lat="9.3390352" lon="99.2187629"></trkpt>
			<trkpt lat="9.3460671" lon="99.2338578"></trkpt>
			<trkpt lat="9.3505962" lon="99.2340863"></trkpt>
			<trkpt lat="9.3473955" lon="99.237292"></trkpt>
			<trkpt lat="9.3532439" lon="99.2377741"></trkpt>
			<trkpt lat="9.3621408" lon="99.2625029"></trkpt>
			<trkpt lat="9.3678" lon="99.2618332"></trkpt>
			<trkpt lat="9.3757169" lon="99.2680738"></trkpt>
			<trkpt lat="9.3708222" lon="99.2691447"></trkpt>
			<trkpt lat="9.3916703" lon="99.2790845"></trkpt>
			<trkpt lat="9.4033225" lon="99.2908202"></trkpt>
			<trkpt lat="9.4046881" lon="99.296448"></trkpt>
			<trkpt lat="9.3889802" lon="99.312616"></trkpt>
			<trkpt lat="9.3959509" lon="99.3113978"></trkpt>
			<trkpt lat="9.4094348" lon="99.3019502"></trkpt>
			<trkpt lat="9.4352157" lon="99.2739039"></trkpt>
			<trkpt lat="9.4563278" lon="99.2576928"></trkpt>
			<trkpt lat="9.4981243" lon="99.236469"></trkpt>
			<trkpt lat="9.5103446" lon="99.2337105"></trkpt>
			<trkpt lat="9.5546502" lon="99.2132442"></trkpt>
			<trkpt lat="9.5777008" lon="99.2076558"></trkpt>
			<trkpt lat="9.6005865" lon="99.2093748"></trkpt>
			<trkpt lat="9.6459613" lon="99.1761161"></trkpt>
			<trkpt lat="9.6799104" lon="99.160949"></trkpt>
			<trkpt lat="9.7041874" lon="99.159198"></trkpt>
			<trkpt lat="9.6985673" lon="99.1540538"></trkpt>
			<trkpt lat="9.6967765" lon="99.1563633"></trkpt>
			<trkpt lat="9.6959183" lon="99.1515191"></trkpt>
			<trkpt lat="9.7085099" lon="99.1347322"></trkpt>
			<trkpt lat="9.7036553" lon="99.1285403"></trkpt>
			<trkpt lat="9.7070138" lon="99.0460364"></trkpt>
			<trkpt lat="9.702255" lon="99.037865"></trkpt>
			<trkpt lat="9.6934107" lon="99.0342682"></trkpt>
			<trkpt lat="9.6980052" lon="99.0244955"></trkpt>
			<trkpt lat="9.695214" lon="99.019494"></trkpt>
			<trkpt lat="9.6993377" lon="99.0112939"></trkpt>
			<trkpt lat="9.6710577" lon="98.9821028"></trkpt>
			<trkpt lat="9.6801272" lon="98.9784389"></trkpt>
			<trkpt lat="9.6761771" lon="98.9667888"></trkpt>
			<trkpt lat="9.681236" lon="98.9616365"></trkpt>
			<trkpt lat="9.6796384" lon="98.9522275"></trkpt>
			<trkpt lat="9.6891736" lon="98.9367566"></trkpt>
			<trkpt lat="9.705789" lon="98.9207653"></trkpt>
			<trkpt lat="9.7232472" lon="98.9099212"></trkpt>
			<trkpt lat="9.7173666" lon="98.900408"></trkpt>
			<trkpt lat="9.7260427" lon="98.8823826"></trkpt>
		</trkseg>
	</trk>
	<trk>
		<name>เกาะสมุย</name>
		<desc>Length: 89.98 km (55.91 mi)</desc>
		<trkseg>
			<trkpt lat="9.5899626" lon="100.0691299"></trkpt>
			<trkpt lat="9.5905703" lon="100.0685327"></trkpt>
			<trkpt lat="9.5914481" lon="100.0683515"></trkpt>
			<trkpt lat="9.5936481" lon="100.0693857"></trkpt>
			<trkpt lat="9.5937788" lon="100.0684231"></trkpt>
			<trkpt lat="9.5934713" lon="100.0676887"></trkpt>
			<trkpt lat="9.5930854" lon="100.0674773"></trkpt>
			<trkpt lat="9.5926682" lon="100.0667539"></trkpt>
			<trkpt lat="9.5901604" lon="100.0650814"></trkpt>
			<trkpt lat="9.5894924" lon="100.0650856"></trkpt>
			<trkpt lat="9.5892961" lon="100.0652991"></trkpt>
			<trkpt lat="9.5890105" lon="100.0666638"></trkpt>
			<trkpt lat="9.5883738" lon="100.0671135"></trkpt>
			<trkpt lat="9.5881686" lon="100.0680416"></trkpt>
			<trkpt lat="9.5875018" lon="100.0683528"></trkpt>
			<trkpt lat="9.5857687" lon="100.0680393"></trkpt>
			<trkpt lat="9.5849262" lon="100.0688726"></trkpt>
			<trkpt lat="9.5792574" lon="100.0673293"></trkpt>
			<trkpt lat="9.5750557" lon="100.0654688"></trkpt>
			<trkpt lat="9.5700093" lon="100.0618365"></trkpt>
			<trkpt lat="9.568329" lon="100.0612652"></trkpt>
			<trkpt lat="9.5656131" lon="100.0618354"></trkpt>
			<trkpt lat="9.5645715" lon="100.0616323"></trkpt>
			<trkpt lat="9.5634583" lon="100.0611488"></trkpt>
			<trkpt lat="9.561012" lon="100.0589614"></trkpt>
			<trkpt lat="9.5591343" lon="100.0563817"></trkpt>
			<trkpt lat="9.5574564" lon="100.0527572"></trkpt>
			<trkpt lat="9.5572903" lon="100.0516172"></trkpt>
			<trkpt lat="9.5580727" lon="100.0497148"></trkpt>
			<trkpt lat="9.5586371" lon="100.0477304"></trkpt>
			<trkpt lat="9.559454" lon="100.0459796"></trkpt>
			<trkpt lat="9.5597718" lon="100.0448189"></trkpt>
			<trkpt lat="9.5602843" lon="100.0439036"></trkpt>
			<trkpt lat="9.5619539" lon="100.0424247"></trkpt>
			<trkpt lat="9.563166" lon="100.042339"></trkpt>
			<trkpt lat="9.5642073" lon="100.0419026"></trkpt>
			<trkpt lat="9.56503" lon="100.0412331"></trkpt>
			<trkpt lat="9.5649456" lon="100.0407352"></trkpt>
			<trkpt lat="9.5627948" lon="100.0405811"></trkpt>
			<trkpt lat="9.5620925" lon="100.0403102"></trkpt>
			<trkpt lat="9.5615655" lon="100.0384927"></trkpt>
			<trkpt lat="9.5609643" lon="100.0376794"></trkpt>
			<trkpt lat="9.5601445" lon="100.0354749"></trkpt>
			<trkpt lat="9.5598452" lon="100.0331136"></trkpt>
			<trkpt lat="9.559933" lon="100.0317073"></trkpt>
			<trkpt lat="9.5612963" lon="100.0271234"></trkpt>
			<trkpt lat="9.5624619" lon="100.0247819"></trkpt>
			<trkpt lat="9.5672721" lon="100.018194"></trkpt>
			<trkpt lat="9.5696772" lon="100.0175679"></trkpt>
			<trkpt lat="9.5702992" lon="100.0178733"></trkpt>
			<trkpt lat="9.570605" lon="100.01884"></trkpt>
			<trkpt lat="9.571112" lon="100.0190403"></trkpt>
			<trkpt lat="9.5713672" lon="100.0187512"></trkpt>
			<trkpt lat="9.572716" lon="100.0183042"></trkpt>
			<trkpt lat="9.5734174" lon="100.0173325"></trkpt>
			<trkpt lat="9.5741582" lon="100.0168483"></trkpt>
			<trkpt lat="9.5743439" lon="100.0163489"></trkpt>
			<trkpt lat="9.5725527" lon="100.0145885"></trkpt>
			<trkpt lat="9.5710667" lon="100.0121"></trkpt>
			<trkpt lat="9.5701773" lon="100.0100724"></trkpt>
			<trkpt lat="9.5698188" lon="100.0081898"></trkpt>
			<trkpt lat="9.5696692" lon="100.0028597"></trkpt>
			<trkpt lat="9.5702087" lon="99.9995983"></trkpt>
			<trkpt lat="9.572319" lon="99.995355"></trkpt>
			<trkpt lat="9.5790629" lon="99.9875796"></trkpt>
			<trkpt lat="9.5811067" lon="99.9856071"></trkpt>
			<trkpt lat="9.5827841" lon="99.984875"></trkpt>
			<trkpt lat="9.5838034" lon="99.9841945"></trkpt>
			<trkpt lat="9.5857374" lon="99.9822781"></trkpt>
			<trkpt lat="9.5866152" lon="99.982075"></trkpt>
			<trkpt lat="9.5874439" lon="99.9824402"></trkpt>
			<trkpt lat="9.5876142" lon="99.982177"></trkpt>
			<trkpt lat="9.5868447" lon="99.9804873"></trkpt>
			<trkpt lat="9.5858454" lon="99.9752753"></trkpt>
			<trkpt lat="9.5846997" lon="99.9726523"></trkpt>
			<trkpt lat="9.5844105" lon="99.9709493"></trkpt>
			<trkpt lat="9.5840604" lon="99.9704449"></trkpt>
			<trkpt lat="9.5839473" lon="99.9688312"></trkpt>
			<trkpt lat="9.5834033" lon="99.9668865"></trkpt>
			<trkpt lat="9.5824063" lon="99.9656604"></trkpt>
			<trkpt lat="9.5813004" lon="99.9629226"></trkpt>
			<trkpt lat="9.5797689" lon="99.9554625"></trkpt>
			<trkpt lat="9.5787536" lon="99.948517"></trkpt>
			<trkpt lat="9.5788839" lon="99.9455298"></trkpt>
			<trkpt lat="9.5786827" lon="99.9396931"></trkpt>
			<trkpt lat="9.5780407" lon="99.934214"></trkpt>
			<trkpt lat="9.5784832" lon="99.9340022"></trkpt>
			<trkpt lat="9.5785614" lon="99.9335394"></trkpt>
			<trkpt lat="9.5778198" lon="99.9322828"></trkpt>
			<trkpt lat="9.5772062" lon="99.9326052"></trkpt>
			<trkpt lat="9.5769848" lon="99.9325226"></trkpt>
			<trkpt lat="9.5764715" lon="99.9317062"></trkpt>
			<trkpt lat="9.5761015" lon="99.9297393"></trkpt>
			<trkpt lat="9.5759061" lon="99.9271579"></trkpt>
			<trkpt lat="9.5747511" lon="99.9227805"></trkpt>
			<trkpt lat="9.5750329" lon="99.9217938"></trkpt>
			<trkpt lat="9.5761024" lon="99.9200671"></trkpt>
			<trkpt lat="9.5771118" lon="99.9192737"></trkpt>
			<trkpt lat="9.577229" lon="99.9181305"></trkpt>
			<trkpt lat="9.5759209" lon="99.9168786"></trkpt>
			<trkpt lat="9.5740587" lon="99.9161606"></trkpt>
			<trkpt lat="9.573598" lon="99.9155205"></trkpt>
			<trkpt lat="9.5727784" lon="99.9155046"></trkpt>
			<trkpt lat="9.572466" lon="99.9152549"></trkpt>
			<trkpt lat="9.5712185" lon="99.9150539"></trkpt>
			<trkpt lat="9.5708383" lon="99.9143149"></trkpt>
			<trkpt lat="9.5708709" lon="99.9135359"></trkpt>
			<trkpt lat="9.5715211" lon="99.9130217"></trkpt>
			<trkpt lat="9.5710425" lon="99.9118917"></trkpt>
			<trkpt lat="9.5707424" lon="99.9116756"></trkpt>
			<trkpt lat="9.5699692" lon="99.9116525"></trkpt>
			<trkpt lat="9.5695531" lon="99.912128"></trkpt>
			<trkpt lat="9.5695018" lon="99.9131273"></trkpt>
			<trkpt lat="9.5702896" lon="99.9149057"></trkpt>
			<trkpt lat="9.5702316" lon="99.9154756"></trkpt>
			<trkpt lat="9.5697395" lon="99.9164651"></trkpt>
			<trkpt lat="9.5679195" lon="99.9181294"></trkpt>
			<trkpt lat="9.5641264" lon="99.9225491"></trkpt>
			<trkpt lat="9.5620605" lon="99.9244348"></trkpt>
			<trkpt lat="9.5579378" lon="99.9274008"></trkpt>
			<trkpt lat="9.5530125" lon="99.9294557"></trkpt>
			<trkpt lat="9.5508747" lon="99.929898"></trkpt>
			<trkpt lat="9.5474634" lon="99.9301695"></trkpt>
			<trkpt lat="9.5447319" lon="99.9306678"></trkpt>
			<trkpt lat="9.5436101" lon="99.9312547"></trkpt>
			<trkpt lat="9.5412294" lon="99.9329269"></trkpt>
			<trkpt lat="9.5384727" lon="99.9339945"></trkpt>
			<trkpt lat="9.5349294" lon="99.93415"></trkpt>
			<trkpt lat="9.532058" lon="99.9337396"></trkpt>
			<trkpt lat="9.527327" lon="99.9337267"></trkpt>
			<trkpt lat="9.5239448" lon="99.9340694"></trkpt>
			<trkpt lat="9.5226372" lon="99.9339412"></trkpt>
			<trkpt lat="9.5211721" lon="99.9335289"></trkpt>
			<trkpt lat="9.5183065" lon="99.9322326"></trkpt>
			<trkpt lat="9.5165464" lon="99.9317888"></trkpt>
			<trkpt lat="9.5149575" lon="99.9319907"></trkpt>
			<trkpt lat="9.5141543" lon="99.9326347"></trkpt>
			<trkpt lat="9.5131038" lon="99.9327572"></trkpt>
			<trkpt lat="9.5122539" lon="99.9334973"></trkpt>
			<trkpt lat="9.5112302" lon="99.9337468"></trkpt>
			<trkpt lat="9.5106165" lon="99.9341038"></trkpt>
			<trkpt lat="9.5092665" lon="99.9342066"></trkpt>
			<trkpt lat="9.5086065" lon="99.9345584"></trkpt>
			<trkpt lat="9.5073938" lon="99.9348541"></trkpt>
			<trkpt lat="9.501363" lon="99.933921"></trkpt>
			<trkpt lat="9.4967973" lon="99.932114"></trkpt>
			<trkpt lat="9.4944658" lon="99.930189"></trkpt>
			<trkpt lat="9.4920996" lon="99.9268349"></trkpt>
			<trkpt lat="9.4917733" lon="99.9257983"></trkpt>
			<trkpt lat="9.4916533" lon="99.9219988"></trkpt>
			<trkpt lat="9.4920307" lon="99.9208024"></trkpt>
			<trkpt lat="9.4923533" lon="99.9206336"></trkpt>
			<trkpt lat="9.4944115" lon="99.9208019"></trkpt>
			<trkpt lat="9.4946356" lon="99.9206807"></trkpt>
			<trkpt lat="9.49443" lon="99.9197566"></trkpt>
			<trkpt lat="9.492061" lon="99.9183196"></trkpt>
			<trkpt lat="9.489921" lon="99.9187409"></trkpt>
			<trkpt lat="9.4897774" lon="99.9191601"></trkpt>
			<trkpt lat="9.4908208" lon="99.9200493"></trkpt>
			<trkpt lat="9.4909355" lon="99.9207243"></trkpt>
			<trkpt lat="9.4902505" lon="99.9219751"></trkpt>
			<trkpt lat="9.4855422" lon="99.9255596"></trkpt>
			<trkpt lat="9.4826478" lon="99.9265806"></trkpt>
			<trkpt lat="9.4792616" lon="99.926748"></trkpt>
			<trkpt lat="9.4783119" lon="99.9261409"></trkpt>
			<trkpt lat="9.4775005" lon="99.9264655"></trkpt>
			<trkpt lat="9.4772133" lon="99.9273483"></trkpt>
			<trkpt lat="9.4778166" lon="99.9281316"></trkpt>
			<trkpt lat="9.4777168" lon="99.9284427"></trkpt>
			<trkpt lat="9.4765867" lon="99.9295846"></trkpt>
			<trkpt lat="9.4755578" lon="99.930273"></trkpt>
			<trkpt lat="9.4707842" lon="99.9318354"></trkpt>
			<trkpt lat="9.4674311" lon="99.9327248"></trkpt>
			<trkpt lat="9.4639689" lon="99.9327883"></trkpt>
			<trkpt lat="9.4617044" lon="99.9326296"></trkpt>
			<trkpt lat="9.4613671" lon="99.9327973"></trkpt>
			<trkpt lat="9.4608292" lon="99.9335643"></trkpt>
			<trkpt lat="9.4594664" lon="99.9335789"></trkpt>
			<trkpt lat="9.456699" lon="99.9344345"></trkpt>
			<trkpt lat="9.4532962" lon="99.9342312"></trkpt>
			<trkpt lat="9.4493573" lon="99.9349993"></trkpt>
			<trkpt lat="9.4484111" lon="99.9354209"></trkpt>
			<trkpt lat="9.4478149" lon="99.9351836"></trkpt>
			<trkpt lat="9.4462914" lon="99.9350229"></trkpt>
			<trkpt lat="9.4449111" lon="99.9343924"></trkpt>
			<trkpt lat="9.4441565" lon="99.9345942"></trkpt>
			<trkpt lat="9.4436139" lon="99.933958"></trkpt>
			<trkpt lat="9.4418991" lon="99.9341054"></trkpt>
			<trkpt lat="9.4401954" lon="99.9337177"></trkpt>
			<trkpt lat="9.4395195" lon="99.9341143"></trkpt>
			<trkpt lat="9.4389672" lon="99.9341214"></trkpt>
			<trkpt lat="9.4382971" lon="99.9338139"></trkpt>
			<trkpt lat="9.4376869" lon="99.9341538"></trkpt>
			<trkpt lat="9.4358142" lon="99.934385"></trkpt>
			<trkpt lat="9.4336523" lon="99.9343319"></trkpt>
			<trkpt lat="9.4318598" lon="99.9352265"></trkpt>
			<trkpt lat="9.4309766" lon="99.9368414"></trkpt>
			<trkpt lat="9.4295917" lon="99.9373005"></trkpt>
			<trkpt lat="9.4284923" lon="99.9368552"></trkpt>
			<trkpt lat="9.4268553" lon="99.9358307"></trkpt>
			<trkpt lat="9.4262168" lon="99.9351055"></trkpt>
			<trkpt lat="9.4261539" lon="99.9343032"></trkpt>
			<trkpt lat="9.4263297" lon="99.9338751"></trkpt>
			<trkpt lat="9.4265135" lon="99.9338562"></trkpt>
			<trkpt lat="9.4266029" lon="99.9342492"></trkpt>
			<trkpt lat="9.4268098" lon="99.9342447"></trkpt>
			<trkpt lat="9.4272785" lon="99.9331165"></trkpt>
			<trkpt lat="9.4285951" lon="99.9309325"></trkpt>
			<trkpt lat="9.4288366" lon="99.9293899"></trkpt>
			<trkpt lat="9.4286996" lon="99.9290235"></trkpt>
			<trkpt lat="9.4283469" lon="99.9288165"></trkpt>
			<trkpt lat="9.4233723" lon="99.9279294"></trkpt>
			<trkpt lat="9.4211141" lon="99.9286042"></trkpt>
			<trkpt lat="9.4202412" lon="99.9284459"></trkpt>
			<trkpt lat="9.4179619" lon="99.9287751"></trkpt>
			<trkpt lat="9.4176072" lon="99.9290747"></trkpt>
			<trkpt lat="9.4174959" lon="99.929503"></trkpt>
			<trkpt lat="9.4180617" lon="99.9327189"></trkpt>
			<trkpt lat="9.4180266" lon="99.9338146"></trkpt>
			<trkpt lat="9.4191674" lon="99.936509"></trkpt>
			<trkpt lat="9.4199195" lon="99.9374332"></trkpt>
			<trkpt lat="9.4216567" lon="99.938853"></trkpt>
			<trkpt lat="9.4221094" lon="99.9395162"></trkpt>
			<trkpt lat="9.422725" lon="99.9420214"></trkpt>
			<trkpt lat="9.4227724" lon="99.9433228"></trkpt>
			<trkpt lat="9.4225178" lon="99.9455495"></trkpt>
			<trkpt lat="9.4221458" lon="99.9459834"></trkpt>
			<trkpt lat="9.4214271" lon="99.9462842"></trkpt>
			<trkpt lat="9.4209255" lon="99.9472096"></trkpt>
			<trkpt lat="9.4210575" lon="99.9479653"></trkpt>
			<trkpt lat="9.4215038" lon="99.9482597"></trkpt>
			<trkpt lat="9.4219419" lon="99.9490931"></trkpt>
			<trkpt lat="9.4228969" lon="99.9495841"></trkpt>
			<trkpt lat="9.4228298" lon="99.9507913"></trkpt>
			<trkpt lat="9.4216809" lon="99.9536502"></trkpt>
			<trkpt lat="9.4210905" lon="99.9556312"></trkpt>
			<trkpt lat="9.4204494" lon="99.9567058"></trkpt>
			<trkpt lat="9.4171914" lon="99.9602357"></trkpt>
			<trkpt lat="9.4158933" lon="99.9599538"></trkpt>
			<trkpt lat="9.4149868" lon="99.9611427"></trkpt>
			<trkpt lat="9.4140164" lon="99.9617149"></trkpt>
			<trkpt lat="9.4119553" lon="99.9620342"></trkpt>
			<trkpt lat="9.4106397" lon="99.9629573"></trkpt>
			<trkpt lat="9.4102511" lon="99.9645187"></trkpt>
			<trkpt lat="9.4099447" lon="99.964758"></trkpt>
			<trkpt lat="9.4090832" lon="99.9647727"></trkpt>
			<trkpt lat="9.4090626" lon="99.9654899"></trkpt>
			<trkpt lat="9.4110683" lon="99.9666373"></trkpt>
			<trkpt lat="9.411225" lon="99.9671961"></trkpt>
			<trkpt lat="9.410831" lon="99.9676458"></trkpt>
			<trkpt lat="9.4113443" lon="99.9680189"></trkpt>
			<trkpt lat="9.4121536" lon="99.9682608"></trkpt>
			<trkpt lat="9.4126882" lon="99.9687302"></trkpt>
			<trkpt lat="9.4127203" lon="99.9701937"></trkpt>
			<trkpt lat="9.4187771" lon="99.9780391"></trkpt>
			<trkpt lat="9.4203949" lon="99.9814795"></trkpt>
			<trkpt lat="9.4221565" lon="99.9842008"></trkpt>
			<trkpt lat="9.4227172" lon="99.9860177"></trkpt>
			<trkpt lat="9.4231576" lon="99.9900166"></trkpt>
			<trkpt lat="9.4231127" lon="99.9913172"></trkpt>
			<trkpt lat="9.4235342" lon="99.9927796"></trkpt>
			<trkpt lat="9.4235398" lon="99.9940006"></trkpt>
			<trkpt lat="9.4238055" lon="99.9953652"></trkpt>
			<trkpt lat="9.4244543" lon="99.9968186"></trkpt>
			<trkpt lat="9.4241997" lon="99.9973006"></trkpt>
			<trkpt lat="9.4241893" lon="99.9977838"></trkpt>
			<trkpt lat="9.4249893" lon="99.9998934"></trkpt>
			<trkpt lat="9.4249385" lon="100.0004739"></trkpt>
			<trkpt lat="9.4242148" lon="100.0003397"></trkpt>
			<trkpt lat="9.4240853" lon="100.0007566"></trkpt>
			<trkpt lat="9.4237517" lon="100.0007886"></trkpt>
			<trkpt lat="9.4232769" lon="100.0025786"></trkpt>
			<trkpt lat="9.4222746" lon="100.003256"></trkpt>
			<trkpt lat="9.4219211" lon="100.006882"></trkpt>
			<trkpt lat="9.4209922" lon="100.0079654"></trkpt>
			<trkpt lat="9.4204966" lon="100.0081353"></trkpt>
			<trkpt lat="9.4204274" lon="100.0088193"></trkpt>
			<trkpt lat="9.4201672" lon="100.0090736"></trkpt>
			<trkpt lat="9.4203007" lon="100.0096323"></trkpt>
			<trkpt lat="9.4208592" lon="100.0101844"></trkpt>
			<trkpt lat="9.4209374" lon="100.0113259"></trkpt>
			<trkpt lat="9.4213884" lon="100.0123319"></trkpt>
			<trkpt lat="9.422129" lon="100.0132477"></trkpt>
			<trkpt lat="9.4238391" lon="100.0145311"></trkpt>
			<trkpt lat="9.4245006" lon="100.0166255"></trkpt>
			<trkpt lat="9.4250854" lon="100.0168748"></trkpt>
			<trkpt lat="9.4258646" lon="100.016564"></trkpt>
			<trkpt lat="9.4265265" lon="100.0165751"></trkpt>
			<trkpt lat="9.4294375" lon="100.0176908"></trkpt>
			<trkpt lat="9.4322764" lon="100.0193413"></trkpt>
			<trkpt lat="9.4331066" lon="100.0205568"></trkpt>
			<trkpt lat="9.4336142" lon="100.0209277"></trkpt>
			<trkpt lat="9.4367089" lon="100.0216569"></trkpt>
			<trkpt lat="9.4400563" lon="100.0229983"></trkpt>
			<trkpt lat="9.4413194" lon="100.0232536"></trkpt>
			<trkpt lat="9.44414" lon="100.0243583"></trkpt>
			<trkpt lat="9.4455675" lon="100.0256018"></trkpt>
			<trkpt lat="9.4469499" lon="100.0264353"></trkpt>
			<trkpt lat="9.4485227" lon="100.0270798"></trkpt>
			<trkpt lat="9.4505085" lon="100.0276083"></trkpt>
			<trkpt lat="9.4513425" lon="100.028254"></trkpt>
			<trkpt lat="9.4515338" lon="100.0289389"></trkpt>
			<trkpt lat="9.451491" lon="100.0298467"></trkpt>
			<trkpt lat="9.4512222" lon="100.0303611"></trkpt>
			<trkpt lat="9.45105" lon="100.0316289"></trkpt>
			<trkpt lat="9.4515715" lon="100.0342149"></trkpt>
			<trkpt lat="9.4522966" lon="100.0355805"></trkpt>
			<trkpt lat="9.4533079" lon="100.0368786"></trkpt>
			<trkpt lat="9.4532815" lon="100.0377984"></trkpt>
			<trkpt lat="9.4522466" lon="100.0389253"></trkpt>
			<trkpt lat="9.4523731" lon="100.0401252"></trkpt>
			<trkpt lat="9.4541877" lon="100.0402143"></trkpt>
			<trkpt lat="9.461798" lon="100.0439455"></trkpt>
			<trkpt lat="9.4652318" lon="100.0460087"></trkpt>
			<trkpt lat="9.4691168" lon="100.0491561"></trkpt>
			<trkpt lat="9.4696763" lon="100.0499189"></trkpt>
			<trkpt lat="9.4700191" lon="100.0511422"></trkpt>
			<trkpt lat="9.4715525" lon="100.0530461"></trkpt>
			<trkpt lat="9.4723892" lon="100.056921"></trkpt>
			<trkpt lat="9.4720992" lon="100.0586359"></trkpt>
			<trkpt lat="9.4722316" lon="100.0608224"></trkpt>
			<trkpt lat="9.4719655" lon="100.0634011"></trkpt>
			<trkpt lat="9.4715117" lon="100.0643231"></trkpt>
			<trkpt lat="9.4710626" lon="100.0646109"></trkpt>
			<trkpt lat="9.4700182" lon="100.0658664"></trkpt>
			<trkpt lat="9.469856" lon="100.0673415"></trkpt>
			<trkpt lat="9.469601" lon="100.0675713"></trkpt>
			<trkpt lat="9.4695336" lon="100.0681654"></trkpt>
			<trkpt lat="9.4684236" lon="100.0681415"></trkpt>
			<trkpt lat="9.4678595" lon="100.0683418"></trkpt>
			<trkpt lat="9.4672883" lon="100.0691769"></trkpt>
			<trkpt lat="9.4674656" lon="100.0700035"></trkpt>
			<trkpt lat="9.4697905" lon="100.0712204"></trkpt>
			<trkpt lat="9.4700099" lon="100.072477"></trkpt>
			<trkpt lat="9.4709789" lon="100.0735309"></trkpt>
			<trkpt lat="9.4715651" lon="100.0738663"></trkpt>
			<trkpt lat="9.4724551" lon="100.0735673"></trkpt>
			<trkpt lat="9.473103" lon="100.0725856"></trkpt>
			<trkpt lat="9.4731664" lon="100.0718315"></trkpt>
			<trkpt lat="9.4736724" lon="100.0710412"></trkpt>
			<trkpt lat="9.4735415" lon="100.069864"></trkpt>
			<trkpt lat="9.4739151" lon="100.0694695"></trkpt>
			<trkpt lat="9.4743581" lon="100.0695187"></trkpt>
			<trkpt lat="9.475893" lon="100.0708943"></trkpt>
			<trkpt lat="9.4776145" lon="100.0707556"></trkpt>
			<trkpt lat="9.4784061" lon="100.0702964"></trkpt>
			<trkpt lat="9.4784835" lon="100.0699152"></trkpt>
			<trkpt lat="9.4775593" lon="100.0690242"></trkpt>
			<trkpt lat="9.4778854" lon="100.0684696"></trkpt>
			<trkpt lat="9.4775779" lon="100.0681185"></trkpt>
			<trkpt lat="9.4774818" lon="100.0673861"></trkpt>
			<trkpt lat="9.4778887" lon="100.0666342"></trkpt>
			<trkpt lat="9.4786083" lon="100.0658741"></trkpt>
			<trkpt lat="9.4792279" lon="100.0660189"></trkpt>
			<trkpt lat="9.4798455" lon="100.0664427"></trkpt>
			<trkpt lat="9.4805458" lon="100.0666344"></trkpt>
			<trkpt lat="9.4814319" lon="100.0665033"></trkpt>
			<trkpt lat="9.4823147" lon="100.0669057"></trkpt>
			<trkpt lat="9.4828576" lon="100.0665971"></trkpt>
			<trkpt lat="9.4834781" lon="100.0666491"></trkpt>
			<trkpt lat="9.4843027" lon="100.067028"></trkpt>
			<trkpt lat="9.4858598" lon="100.066496"></trkpt>
			<trkpt lat="9.4876313" lon="100.0664417"></trkpt>
			<trkpt lat="9.4874748" lon="100.0658713"></trkpt>
			<trkpt lat="9.4880522" lon="100.0655861"></trkpt>
			<trkpt lat="9.4886487" lon="100.0657075"></trkpt>
			<trkpt lat="9.489019" lon="100.0655134"></trkpt>
			<trkpt lat="9.4885961" lon="100.0651494"></trkpt>
			<trkpt lat="9.4887152" lon="100.0646511"></trkpt>
			<trkpt lat="9.4891209" lon="100.0643346"></trkpt>
			<trkpt lat="9.4893225" lon="100.0638189"></trkpt>
			<trkpt lat="9.4898132" lon="100.0637971"></trkpt>
			<trkpt lat="9.4900716" lon="100.0635844"></trkpt>
			<trkpt lat="9.4901293" lon="100.062443"></trkpt>
			<trkpt lat="9.4908512" lon="100.0622306"></trkpt>
			<trkpt lat="9.4906704" lon="100.0618224"></trkpt>
			<trkpt lat="9.4907652" lon="100.0615096"></trkpt>
			<trkpt lat="9.4917228" lon="100.0610878"></trkpt>
			<trkpt lat="9.4923344" lon="100.0618407"></trkpt>
			<trkpt lat="9.4934784" lon="100.0614343"></trkpt>
			<trkpt lat="9.4940758" lon="100.0616319"></trkpt>
			<trkpt lat="9.4951292" lon="100.0613141"></trkpt>
			<trkpt lat="9.4962855" lon="100.0613609"></trkpt>
			<trkpt lat="9.4968633" lon="100.0609488"></trkpt>
			<trkpt lat="9.4969579" lon="100.0606929"></trkpt>
			<trkpt lat="9.4973602" lon="100.0607197"></trkpt>
			<trkpt lat="9.4979501" lon="100.0604113"></trkpt>
			<trkpt lat="9.4987424" lon="100.0604763"></trkpt>
			<trkpt lat="9.4997476" lon="100.0599972"></trkpt>
			<trkpt lat="9.5012789" lon="100.0582682"></trkpt>
			<trkpt lat="9.5015298" lon="100.0575465"></trkpt>
			<trkpt lat="9.501446" lon="100.0568739"></trkpt>
			<trkpt lat="9.5017062" lon="100.0564163"></trkpt>
			<trkpt lat="9.5024001" lon="100.0561178"></trkpt>
			<trkpt lat="9.5028862" lon="100.0553604"></trkpt>
			<trkpt lat="9.5035284" lon="100.0549268"></trkpt>
			<trkpt lat="9.5059573" lon="100.0550612"></trkpt>
			<trkpt lat="9.508965" lon="100.0555652"></trkpt>
			<trkpt lat="9.5100341" lon="100.0560194"></trkpt>
			<trkpt lat="9.5110118" lon="100.057193"></trkpt>
			<trkpt lat="9.5112831" lon="100.0560671"></trkpt>
			<trkpt lat="9.512127" lon="100.0558744"></trkpt>
			<trkpt lat="9.5157938" lon="100.0563366"></trkpt>
			<trkpt lat="9.520608" lon="100.0579325"></trkpt>
			<trkpt lat="9.5237285" lon="100.059275"></trkpt>
			<trkpt lat="9.5245214" lon="100.0598605"></trkpt>
			<trkpt lat="9.5289445" lon="100.0614314"></trkpt>
			<trkpt lat="9.5293942" lon="100.0618536"></trkpt>
			<trkpt lat="9.5296276" lon="100.06243"></trkpt>
			<trkpt lat="9.5297828" lon="100.063813"></trkpt>
			<trkpt lat="9.5312501" lon="100.0660125"></trkpt>
			<trkpt lat="9.5332406" lon="100.0682974"></trkpt>
			<trkpt lat="9.5362746" lon="100.0694115"></trkpt>
			<trkpt lat="9.537413" lon="100.0701387"></trkpt>
			<trkpt lat="9.539706" lon="100.072895"></trkpt>
			<trkpt lat="9.5398102" lon="100.075034"></trkpt>
			<trkpt lat="9.5403691" lon="100.0759838"></trkpt>
			<trkpt lat="9.541489" lon="100.0760926"></trkpt>
			<trkpt lat="9.5433933" lon="100.0755087"></trkpt>
			<trkpt lat="9.5481503" lon="100.0754627"></trkpt>
			<trkpt lat="9.5489917" lon="100.0757022"></trkpt>
			<trkpt lat="9.5496468" lon="100.0762315"></trkpt>
			<trkpt lat="9.5503178" lon="100.0771163"></trkpt>
			<trkpt lat="9.553627" lon="100.0784483"></trkpt>
			<trkpt lat="9.5542353" lon="100.0791142"></trkpt>
			<trkpt lat="9.5551966" lon="100.0796946"></trkpt>
			<trkpt lat="9.5554981" lon="100.0801909"></trkpt>
			<trkpt lat="9.5558808" lon="100.0817843"></trkpt>
			<trkpt lat="9.5563084" lon="100.0824211"></trkpt>
			<trkpt lat="9.5575997" lon="100.0830294"></trkpt>
			<trkpt lat="9.5588164" lon="100.0832906"></trkpt>
			<trkpt lat="9.5594247" lon="100.0839565"></trkpt>
			<trkpt lat="9.5596794" lon="100.0860038"></trkpt>
			<trkpt lat="9.5594659" lon="100.08706"></trkpt>
			<trkpt lat="9.5595321" lon="100.0875722"></trkpt>
			<trkpt lat="9.5601632" lon="100.088184"></trkpt>
			<trkpt lat="9.5617298" lon="100.0886075"></trkpt>
			<trkpt lat="9.5622393" lon="100.0883313"></trkpt>
			<trkpt lat="9.5627705" lon="100.0883694"></trkpt>
			<trkpt lat="9.5632985" lon="100.0887093"></trkpt>
			<trkpt lat="9.5637751" lon="100.0881312"></trkpt>
			<trkpt lat="9.5649339" lon="100.0880819"></trkpt>
			<trkpt lat="9.5652747" lon="100.0882561"></trkpt>
			<trkpt lat="9.5654562" lon="100.08878"></trkpt>
			<trkpt lat="9.5659626" lon="100.0891665"></trkpt>
			<trkpt lat="9.5676913" lon="100.0894203"></trkpt>
			<trkpt lat="9.568544" lon="100.0893023"></trkpt>
			<trkpt lat="9.5690769" lon="100.0895033"></trkpt>
			<trkpt lat="9.5700161" lon="100.0906543"></trkpt>
			<trkpt lat="9.5704904" lon="100.090448"></trkpt>
			<trkpt lat="9.5705979" lon="100.0896926"></trkpt>
			<trkpt lat="9.5703351" lon="100.0887704"></trkpt>
			<trkpt lat="9.57042" lon="100.0883664"></trkpt>
			<trkpt lat="9.5709896" lon="100.0880556"></trkpt>
			<trkpt lat="9.5718924" lon="100.0870961"></trkpt>
			<trkpt lat="9.5716792" lon="100.0862258"></trkpt>
			<trkpt lat="9.5725987" lon="100.0853518"></trkpt>
			<trkpt lat="9.5726655" lon="100.0849619"></trkpt>
			<trkpt lat="9.5724509" lon="100.0841817"></trkpt>
			<trkpt lat="9.5724007" lon="100.0825232"></trkpt>
			<trkpt lat="9.5728672" lon="100.081539"></trkpt>
			<trkpt lat="9.5738301" lon="100.0805261"></trkpt>
			<trkpt lat="9.574897" lon="100.0798712"></trkpt>
			<trkpt lat="9.5752792" lon="100.0798257"></trkpt>
			<trkpt lat="9.5761414" lon="100.0803085"></trkpt>
			<trkpt lat="9.5767536" lon="100.0801026"></trkpt>
			<trkpt lat="9.5774442" lon="100.0804669"></trkpt>
			<trkpt lat="9.5782495" lon="100.0803487"></trkpt>
			<trkpt lat="9.5789472" lon="100.0798942"></trkpt>
			<trkpt lat="9.5797999" lon="100.0801429"></trkpt>
			<trkpt lat="9.5805883" lon="100.0814193"></trkpt>
			<trkpt lat="9.5810149" lon="100.0816616"></trkpt>
			<trkpt lat="9.5816026" lon="100.0816993"></trkpt>
			<trkpt lat="9.582402" lon="100.081269"></trkpt>
			<trkpt lat="9.5827943" lon="100.0812532"></trkpt>
			<trkpt lat="9.5831073" lon="100.080941"></trkpt>
			<trkpt lat="9.5832147" lon="100.080209"></trkpt>
			<trkpt lat="9.5835756" lon="100.079746"></trkpt>
			<trkpt lat="9.5848674" lon="100.0798463"></trkpt>
			<trkpt lat="9.5850951" lon="100.0803954"></trkpt>
			<trkpt lat="9.5857406" lon="100.0803861"></trkpt>
			<trkpt lat="9.5857429" lon="100.0800256"></trkpt>
			<trkpt lat="9.5871476" lon="100.0805107"></trkpt>
			<trkpt lat="9.5877016" lon="100.0804669"></trkpt>
			<trkpt lat="9.5887318" lon="100.079985"></trkpt>
			<trkpt lat="9.5888711" lon="100.0795503"></trkpt>
			<trkpt lat="9.5887834" lon="100.0790204"></trkpt>
			<trkpt lat="9.5873854" lon="100.0778366"></trkpt>
			<trkpt lat="9.5872563" lon="100.0775469"></trkpt>
			<trkpt lat="9.5873991" lon="100.0766988"></trkpt>
			<trkpt lat="9.5872567" lon="100.0763106"></trkpt>
			<trkpt lat="9.5867811" lon="100.07587"></trkpt>
			<trkpt lat="9.5866905" lon="100.0755519"></trkpt>
			<trkpt lat="9.5869611" lon="100.0743324"></trkpt>
			<trkpt lat="9.5873686" lon="100.0737807"></trkpt>
			<trkpt lat="9.5900193" lon="100.0723545"></trkpt>
			<trkpt lat="9.5904446" lon="100.0719019"></trkpt>
			<trkpt lat="9.5905319" lon="100.0714506"></trkpt>
			<trkpt lat="9.5898617" lon="100.0699468"></trkpt>
			<trkpt lat="9.5899626" lon="100.0691299"></trkpt>
		</trkseg>
	</trk>
	<trk>
		<name>เกาะพงัน</name>
		<desc>Length: 61.97 km (38.5 mi)</desc>
		<trkseg>
			<trkpt lat="9.8040175" lon="100.0277939"></trkpt>
			<trkpt lat="9.8043421" lon="100.0270114"></trkpt>
			<trkpt lat="9.8045821" lon="100.0253726"></trkpt>
			<trkpt lat="9.8044855" lon="100.0248059"></trkpt>
			<trkpt lat="9.8039098" lon="100.0237864"></trkpt>
			<trkpt lat="9.803285" lon="100.0218053"></trkpt>
			<trkpt lat="9.8026187" lon="100.0212203"></trkpt>
			<trkpt lat="9.8023704" lon="100.0203483"></trkpt>
			<trkpt lat="9.8025217" lon="100.0200097"></trkpt>
			<trkpt lat="9.8032266" lon="100.0198044"></trkpt>
			<trkpt lat="9.8026889" lon="100.0189292"></trkpt>
			<trkpt lat="9.8025953" lon="100.0184713"></trkpt>
			<trkpt lat="9.8028185" lon="100.0171618"></trkpt>
			<trkpt lat="9.8024594" lon="100.0166712"></trkpt>
			<trkpt lat="9.800943" lon="100.0160985"></trkpt>
			<trkpt lat="9.8003482" lon="100.0161599"></trkpt>
			<trkpt lat="9.7998974" lon="100.0164355"></trkpt>
			<trkpt lat="9.7992522" lon="100.0163504"></trkpt>
			<trkpt lat="9.7983558" lon="100.0156125"></trkpt>
			<trkpt lat="9.7980185" lon="100.0149693"></trkpt>
			<trkpt lat="9.798714" lon="100.0133695"></trkpt>
			<trkpt lat="9.7986588" lon="100.0129386"></trkpt>
			<trkpt lat="9.7983471" lon="100.0128419"></trkpt>
			<trkpt lat="9.7966976" lon="100.0129161"></trkpt>
			<trkpt lat="9.7961643" lon="100.0128164"></trkpt>
			<trkpt lat="9.793772" lon="100.0117835"></trkpt>
			<trkpt lat="9.7928509" lon="100.0109504"></trkpt>
			<trkpt lat="9.790939" lon="100.0107087"></trkpt>
			<trkpt lat="9.7900301" lon="100.010343"></trkpt>
			<trkpt lat="9.7889277" lon="100.0092786"></trkpt>
			<trkpt lat="9.7875427" lon="100.0070493"></trkpt>
			<trkpt lat="9.7871357" lon="100.0055579"></trkpt>
			<trkpt lat="9.7872585" lon="100.0041514"></trkpt>
			<trkpt lat="9.7880864" lon="100.0024689"></trkpt>
			<trkpt lat="9.7892596" lon="100.0010096"></trkpt>
			<trkpt lat="9.7899666" lon="99.9997079"></trkpt>
			<trkpt lat="9.7907587" lon="99.9986612"></trkpt>
			<trkpt lat="9.7913346" lon="99.99695"></trkpt>
			<trkpt lat="9.7928961" lon="99.9952782"></trkpt>
			<trkpt lat="9.7933165" lon="99.9952971"></trkpt>
			<trkpt lat="9.7943226" lon="99.9964466"></trkpt>
			<trkpt lat="9.795292" lon="99.9970262"></trkpt>
			<trkpt lat="9.7961309" lon="99.9977439"></trkpt>
			<trkpt lat="9.796516" lon="99.9975006"></trkpt>
			<trkpt lat="9.79656" lon="99.9971417"></trkpt>
			<trkpt lat="9.7963405" lon="99.9968071"></trkpt>
			<trkpt lat="9.7966616" lon="99.9964166"></trkpt>
			<trkpt lat="9.7966437" lon="99.9959749"></trkpt>
			<trkpt lat="9.7969484" lon="99.9957712"></trkpt>
			<trkpt lat="9.7971593" lon="99.9951558"></trkpt>
			<trkpt lat="9.7977966" lon="99.9944716"></trkpt>
			<trkpt lat="9.7994958" lon="99.9940282"></trkpt>
			<trkpt lat="9.801195" lon="99.9939643"></trkpt>
			<trkpt lat="9.8018402" lon="99.9936807"></trkpt>
			<trkpt lat="9.8036711" lon="99.9922598"></trkpt>
			<trkpt lat="9.8039518" lon="99.9913734"></trkpt>
			<trkpt lat="9.8038541" lon="99.9903764"></trkpt>
			<trkpt lat="9.8033742" lon="99.9898011"></trkpt>
			<trkpt lat="9.8024261" lon="99.9896855"></trkpt>
			<trkpt lat="9.8019211" lon="99.9892258"></trkpt>
			<trkpt lat="9.8011715" lon="99.989268"></trkpt>
			<trkpt lat="9.8004745" lon="99.9890722"></trkpt>
			<trkpt lat="9.7997626" lon="99.9893887"></trkpt>
			<trkpt lat="9.7989542" lon="99.9894142"></trkpt>
			<trkpt lat="9.798622" lon="99.9889864"></trkpt>
			<trkpt lat="9.7985626" lon="99.9880237"></trkpt>
			<trkpt lat="9.7987587" lon="99.9870795"></trkpt>
			<trkpt lat="9.7996747" lon="99.9853994"></trkpt>
			<trkpt lat="9.7997035" lon="99.9848217"></trkpt>
			<trkpt lat="9.799569" lon="99.9844201"></trkpt>
			<trkpt lat="9.799838" lon="99.9836538"></trkpt>
			<trkpt lat="9.7999357" lon="99.9827002"></trkpt>
			<trkpt lat="9.7997933" lon="99.9823322"></trkpt>
			<trkpt lat="9.7994423" lon="99.9821278"></trkpt>
			<trkpt lat="9.7984158" lon="99.9821572"></trkpt>
			<trkpt lat="9.7980476" lon="99.9820387"></trkpt>
			<trkpt lat="9.7978404" lon="99.9817583"></trkpt>
			<trkpt lat="9.7975816" lon="99.9805472"></trkpt>
			<trkpt lat="9.7972749" lon="99.980303"></trkpt>
			<trkpt lat="9.7950017" lon="99.9794626"></trkpt>
			<trkpt lat="9.793703" lon="99.9786297"></trkpt>
			<trkpt lat="9.792946" lon="99.9777066"></trkpt>
			<trkpt lat="9.7920438" lon="99.9769626"></trkpt>
			<trkpt lat="9.7919361" lon="99.9766659"></trkpt>
			<trkpt lat="9.7920934" lon="99.9750173"></trkpt>
			<trkpt lat="9.7916747" lon="99.9736051"></trkpt>
			<trkpt lat="9.7921743" lon="99.9728515"></trkpt>
			<trkpt lat="9.7924091" lon="99.9721547"></trkpt>
			<trkpt lat="9.7920914" lon="99.9709902"></trkpt>
			<trkpt lat="9.790808" lon="99.9715181"></trkpt>
			<trkpt lat="9.7887948" lon="99.9730616"></trkpt>
			<trkpt lat="9.7884689" lon="99.9731804"></trkpt>
			<trkpt lat="9.786925" lon="99.9726721"></trkpt>
			<trkpt lat="9.7847691" lon="99.9707546"></trkpt>
			<trkpt lat="9.7846754" lon="99.9703099"></trkpt>
			<trkpt lat="9.7853871" lon="99.9688919"></trkpt>
			<trkpt lat="9.7861505" lon="99.968387"></trkpt>
			<trkpt lat="9.7860859" lon="99.9676358"></trkpt>
			<trkpt lat="9.786284" lon="99.9671548"></trkpt>
			<trkpt lat="9.7861931" lon="99.9669118"></trkpt>
			<trkpt lat="9.7857674" lon="99.9667447"></trkpt>
			<trkpt lat="9.7846043" lon="99.9667112"></trkpt>
			<trkpt lat="9.783822" lon="99.9659288"></trkpt>
			<trkpt lat="9.7820198" lon="99.9663977"></trkpt>
			<trkpt lat="9.7804618" lon="99.9660992"></trkpt>
			<trkpt lat="9.7799044" lon="99.9661295"></trkpt>
			<trkpt lat="9.7790405" lon="99.9666267"></trkpt>
			<trkpt lat="9.7784637" lon="99.9667117"></trkpt>
			<trkpt lat="9.7767454" lon="99.9663466"></trkpt>
			<trkpt lat="9.7745767" lon="99.9653221"></trkpt>
			<trkpt lat="9.7737649" lon="99.9645562"></trkpt>
			<trkpt lat="9.7735451" lon="99.9639555"></trkpt>
			<trkpt lat="9.7733976" lon="99.9621294"></trkpt>
			<trkpt lat="9.7732407" lon="99.9616691"></trkpt>
			<trkpt lat="9.7728478" lon="99.9614982"></trkpt>
			<trkpt lat="9.771933" lon="99.9619822"></trkpt>
			<trkpt lat="9.7713036" lon="99.9618898"></trkpt>
			<trkpt lat="9.7695036" lon="99.9608174"></trkpt>
			<trkpt lat="9.76842" lon="99.9606256"></trkpt>
			<trkpt lat="9.7675468" lon="99.9607964"></trkpt>
			<trkpt lat="9.7662431" lon="99.961714"></trkpt>
			<trkpt lat="9.7657713" lon="99.9618556"></trkpt>
			<trkpt lat="9.7650795" lon="99.9618502"></trkpt>
			<trkpt lat="9.7624061" lon="99.9610118"></trkpt>
			<trkpt lat="9.762008" lon="99.9610876"></trkpt>
			<trkpt lat="9.7616747" lon="99.9614217"></trkpt>
			<trkpt lat="9.7613699" lon="99.9628487"></trkpt>
			<trkpt lat="9.7601768" lon="99.9638259"></trkpt>
			<trkpt lat="9.758027" lon="99.9645126"></trkpt>
			<trkpt lat="9.756161" lon="99.9647813"></trkpt>
			<trkpt lat="9.7531352" lon="99.9654734"></trkpt>
			<trkpt lat="9.7528021" lon="99.9653283"></trkpt>
			<trkpt lat="9.7525092" lon="99.9649713"></trkpt>
			<trkpt lat="9.7523613" lon="99.96371"></trkpt>
			<trkpt lat="9.751584" lon="99.9635317"></trkpt>
			<trkpt lat="9.7512917" lon="99.9637782"></trkpt>
			<trkpt lat="9.7504034" lon="99.9652895"></trkpt>
			<trkpt lat="9.7503354" lon="99.9657269"></trkpt>
			<trkpt lat="9.7505127" lon="99.966202"></trkpt>
			<trkpt lat="9.7523181" lon="99.9677604"></trkpt>
			<trkpt lat="9.7524567" lon="99.9683204"></trkpt>
			<trkpt lat="9.7517495" lon="99.9689451"></trkpt>
			<trkpt lat="9.7516513" lon="99.969302"></trkpt>
			<trkpt lat="9.7517903" lon="99.9701201"></trkpt>
			<trkpt lat="9.7522482" lon="99.9709014"></trkpt>
			<trkpt lat="9.7521815" lon="99.9712818"></trkpt>
			<trkpt lat="9.75184" lon="99.9717253"></trkpt>
			<trkpt lat="9.7509188" lon="99.9724827"></trkpt>
			<trkpt lat="9.7501097" lon="99.9735487"></trkpt>
			<trkpt lat="9.7482557" lon="99.9743974"></trkpt>
			<trkpt lat="9.7475657" lon="99.9749241"></trkpt>
			<trkpt lat="9.7458841" lon="99.9755574"></trkpt>
			<trkpt lat="9.7445721" lon="99.9758031"></trkpt>
			<trkpt lat="9.7418791" lon="99.9766841"></trkpt>
			<trkpt lat="9.7405953" lon="99.9773282"></trkpt>
			<trkpt lat="9.7385037" lon="99.9778406"></trkpt>
			<trkpt lat="9.7369518" lon="99.9789488"></trkpt>
			<trkpt lat="9.7348929" lon="99.9798561"></trkpt>
			<trkpt lat="9.7334992" lon="99.9801939"></trkpt>
			<trkpt lat="9.7327213" lon="99.9802515"></trkpt>
			<trkpt lat="9.7322174" lon="99.9801531"></trkpt>
			<trkpt lat="9.7316204" lon="99.9798198"></trkpt>
			<trkpt lat="9.7315598" lon="99.9796521"></trkpt>
			<trkpt lat="9.7319688" lon="99.9785492"></trkpt>
			<trkpt lat="9.7319302" lon="99.9782089"></trkpt>
			<trkpt lat="9.73071" lon="99.9771975"></trkpt>
			<trkpt lat="9.7302024" lon="99.9760098"></trkpt>
			<trkpt lat="9.7294912" lon="99.9756642"></trkpt>
			<trkpt lat="9.7283254" lon="99.9757964"></trkpt>
			<trkpt lat="9.7270476" lon="99.9751381"></trkpt>
			<trkpt lat="9.726766" lon="99.9751601"></trkpt>
			<trkpt lat="9.7249262" lon="99.9761569"></trkpt>
			<trkpt lat="9.7234536" lon="99.9760512"></trkpt>
			<trkpt lat="9.7230007" lon="99.9762784"></trkpt>
			<trkpt lat="9.7226989" lon="99.9770916"></trkpt>
			<trkpt lat="9.7207107" lon="99.9777786"></trkpt>
			<trkpt lat="9.720661" lon="99.9785579"></trkpt>
			<trkpt lat="9.7200988" lon="99.9786799"></trkpt>
			<trkpt lat="9.7199548" lon="99.9788213"></trkpt>
			<trkpt lat="9.7199598" lon="99.9790726"></trkpt>
			<trkpt lat="9.7203544" lon="99.9798354"></trkpt>
			<trkpt lat="9.7203446" lon="99.980073"></trkpt>
			<trkpt lat="9.7200482" lon="99.9805792"></trkpt>
			<trkpt lat="9.7196165" lon="99.9809237"></trkpt>
			<trkpt lat="9.7137686" lon="99.9837188"></trkpt>
			<trkpt lat="9.7118357" lon="99.984848"></trkpt>
			<trkpt lat="9.7097499" lon="99.9864764"></trkpt>
			<trkpt lat="9.7075088" lon="99.9890261"></trkpt>
			<trkpt lat="9.7064036" lon="99.9908311"></trkpt>
			<trkpt lat="9.7059125" lon="99.9921889"></trkpt>
			<trkpt lat="9.7059646" lon="99.9933057"></trkpt>
			<trkpt lat="9.7062228" lon="99.9947256"></trkpt>
			<trkpt lat="9.7068468" lon="99.9966479"></trkpt>
			<trkpt lat="9.7070586" lon="99.9980796"></trkpt>
			<trkpt lat="9.7068574" lon="99.9988555"></trkpt>
			<trkpt lat="9.707048" lon="100.0001612"></trkpt>
			<trkpt lat="9.7065401" lon="100.000657"></trkpt>
			<trkpt lat="9.7062251" lon="100.0016912"></trkpt>
			<trkpt lat="9.7058484" lon="100.0021613"></trkpt>
			<trkpt lat="9.70459" lon="100.0045554"></trkpt>
			<trkpt lat="9.7034633" lon="100.0082937"></trkpt>
			<trkpt lat="9.7032206" lon="100.0104789"></trkpt>
			<trkpt lat="9.7028477" lon="100.0112093"></trkpt>
			<trkpt lat="9.7024234" lon="100.0116962"></trkpt>
			<trkpt lat="9.7022944" lon="100.0121265"></trkpt>
			<trkpt lat="9.702303" lon="100.0138117"></trkpt>
			<trkpt lat="9.7017703" lon="100.0165645"></trkpt>
			<trkpt lat="9.7012046" lon="100.0186433"></trkpt>
			<trkpt lat="9.7007735" lon="100.0195364"></trkpt>
			<trkpt lat="9.698331" lon="100.0232091"></trkpt>
			<trkpt lat="9.6977936" lon="100.0244853"></trkpt>
			<trkpt lat="9.6972463" lon="100.0275639"></trkpt>
			<trkpt lat="9.6967395" lon="100.0288458"></trkpt>
			<trkpt lat="9.6963618" lon="100.031141"></trkpt>
			<trkpt lat="9.6960371" lon="100.0316043"></trkpt>
			<trkpt lat="9.6959856" lon="100.0325578"></trkpt>
			<trkpt lat="9.695192" lon="100.0340604"></trkpt>
			<trkpt lat="9.6950596" lon="100.0352273"></trkpt>
			<trkpt lat="9.6948752" lon="100.0356785"></trkpt>
			<trkpt lat="9.6944632" lon="100.038096"></trkpt>
			<trkpt lat="9.6938973" lon="100.0390701"></trkpt>
			<trkpt lat="9.6932943" lon="100.0395901"></trkpt>
			<trkpt lat="9.6924522" lon="100.0395732"></trkpt>
			<trkpt lat="9.6920905" lon="100.0399168"></trkpt>
			<trkpt lat="9.6914563" lon="100.0410633"></trkpt>
			<trkpt lat="9.6884743" lon="100.0436432"></trkpt>
			<trkpt lat="9.6879376" lon="100.0442926"></trkpt>
			<trkpt lat="9.6875396" lon="100.0454649"></trkpt>
			<trkpt lat="9.6866538" lon="100.0471694"></trkpt>
			<trkpt lat="9.6861436" lon="100.0476549"></trkpt>
			<trkpt lat="9.6857353" lon="100.0484785"></trkpt>
			<trkpt lat="9.6851906" lon="100.0487776"></trkpt>
			<trkpt lat="9.684992" lon="100.0494161"></trkpt>
			<trkpt lat="9.6842135" lon="100.0504003"></trkpt>
			<trkpt lat="9.684124" lon="100.0519461"></trkpt>
			<trkpt lat="9.683672" lon="100.0522574"></trkpt>
			<trkpt lat="9.683016" lon="100.0542075"></trkpt>
			<trkpt lat="9.6826436" lon="100.0547521"></trkpt>
			<trkpt lat="9.6812646" lon="100.0580027"></trkpt>
			<trkpt lat="9.6796967" lon="100.0598401"></trkpt>
			<trkpt lat="9.6788743" lon="100.060394"></trkpt>
			<trkpt lat="9.6781656" lon="100.0611226"></trkpt>
			<trkpt lat="9.6770446" lon="100.0617321"></trkpt>
			<trkpt lat="9.6748668" lon="100.0633709"></trkpt>
			<trkpt lat="9.6744019" lon="100.0638479"></trkpt>
			<trkpt lat="9.6727477" lon="100.0647199"></trkpt>
			<trkpt lat="9.672498" lon="100.0650262"></trkpt>
			<trkpt lat="9.6723971" lon="100.0654969"></trkpt>
			<trkpt lat="9.6724498" lon="100.0663573"></trkpt>
			<trkpt lat="9.6719722" lon="100.0672734"></trkpt>
			<trkpt lat="9.6699653" lon="100.0692386"></trkpt>
			<trkpt lat="9.6691317" lon="100.0697571"></trkpt>
			<trkpt lat="9.6687153" lon="100.0698709"></trkpt>
			<trkpt lat="9.6668215" lon="100.0696165"></trkpt>
			<trkpt lat="9.6666804" lon="100.0699089"></trkpt>
			<trkpt lat="9.6667011" lon="100.071632"></trkpt>
			<trkpt lat="9.6662934" lon="100.0725809"></trkpt>
			<trkpt lat="9.6661671" lon="100.0732287"></trkpt>
			<trkpt lat="9.6662802" lon="100.0739131"></trkpt>
			<trkpt lat="9.6660693" lon="100.0748444"></trkpt>
			<trkpt lat="9.6661129" lon="100.0753799"></trkpt>
			<trkpt lat="9.6663811" lon="100.0756514"></trkpt>
			<trkpt lat="9.66634" lon="100.0761252"></trkpt>
			<trkpt lat="9.6666727" lon="100.0763597"></trkpt>
			<trkpt lat="9.6664966" lon="100.0770097"></trkpt>
			<trkpt lat="9.6666046" lon="100.0771889"></trkpt>
			<trkpt lat="9.6668645" lon="100.0771983"></trkpt>
			<trkpt lat="9.667443" lon="100.0769341"></trkpt>
			<trkpt lat="9.6677994" lon="100.0771916"></trkpt>
			<trkpt lat="9.6680879" lon="100.0771236"></trkpt>
			<trkpt lat="9.6680406" lon="100.0774259"></trkpt>
			<trkpt lat="9.6681486" lon="100.0776028"></trkpt>
			<trkpt lat="9.6684196" lon="100.0776834"></trkpt>
			<trkpt lat="9.6685261" lon="100.0772309"></trkpt>
			<trkpt lat="9.6684499" lon="100.0762999"></trkpt>
			<trkpt lat="9.6695933" lon="100.0739812"></trkpt>
			<trkpt lat="9.6695274" lon="100.0733413"></trkpt>
			<trkpt lat="9.6699223" lon="100.0728663"></trkpt>
			<trkpt lat="9.6705119" lon="100.0726489"></trkpt>
			<trkpt lat="9.6710432" lon="100.0726637"></trkpt>
			<trkpt lat="9.6715423" lon="100.0720968"></trkpt>
			<trkpt lat="9.6720049" lon="100.0720179"></trkpt>
			<trkpt lat="9.672123" lon="100.0714834"></trkpt>
			<trkpt lat="9.6724004" lon="100.0713459"></trkpt>
			<trkpt lat="9.6725515" lon="100.0711026"></trkpt>
			<trkpt lat="9.6725766" lon="100.0706492"></trkpt>
			<trkpt lat="9.6734399" lon="100.0689562"></trkpt>
			<trkpt lat="9.674136" lon="100.0682856"></trkpt>
			<trkpt lat="9.6763541" lon="100.0678563"></trkpt>
			<trkpt lat="9.677784" lon="100.0678995"></trkpt>
			<trkpt lat="9.6796732" lon="100.068515"></trkpt>
			<trkpt lat="9.6794349" lon="100.0699207"></trkpt>
			<trkpt lat="9.6794425" lon="100.0707347"></trkpt>
			<trkpt lat="9.6797722" lon="100.0715737"></trkpt>
			<trkpt lat="9.6801976" lon="100.0718434"></trkpt>
			<trkpt lat="9.6809189" lon="100.072871"></trkpt>
			<trkpt lat="9.6811815" lon="100.0735007"></trkpt>
			<trkpt lat="9.6818838" lon="100.0737605"></trkpt>
			<trkpt lat="9.6820876" lon="100.0743894"></trkpt>
			<trkpt lat="9.6818985" lon="100.0752023"></trkpt>
			<trkpt lat="9.6810775" lon="100.0756747"></trkpt>
			<trkpt lat="9.6821559" lon="100.0767502"></trkpt>
			<trkpt lat="9.6821881" lon="100.0773086"></trkpt>
			<trkpt lat="9.6829216" lon="100.0780458"></trkpt>
			<trkpt lat="9.6833249" lon="100.078141"></trkpt>
			<trkpt lat="9.6839606" lon="100.0780166"></trkpt>
			<trkpt lat="9.6854555" lon="100.0767579"></trkpt>
			<trkpt lat="9.6858525" lon="100.075981"></trkpt>
			<trkpt lat="9.6862916" lon="100.0758087"></trkpt>
			<trkpt lat="9.6866172" lon="100.0754389"></trkpt>
			<trkpt lat="9.6874484" lon="100.0753504"></trkpt>
			<trkpt lat="9.6877611" lon="100.0750962"></trkpt>
			<trkpt lat="9.6882798" lon="100.0751576"></trkpt>
			<trkpt lat="9.6884438" lon="100.0747748"></trkpt>
			<trkpt lat="9.6896032" lon="100.0738044"></trkpt>
			<trkpt lat="9.6906428" lon="100.0735895"></trkpt>
			<trkpt lat="9.691461" lon="100.0736525"></trkpt>
			<trkpt lat="9.6927401" lon="100.0741595"></trkpt>
			<trkpt lat="9.6933006" lon="100.0749417"></trkpt>
			<trkpt lat="9.693446" lon="100.075803"></trkpt>
			<trkpt lat="9.6933392" lon="100.0763261"></trkpt>
			<trkpt lat="9.6943724" lon="100.0774249"></trkpt>
			<trkpt lat="9.694963" lon="100.0768936"></trkpt>
			<trkpt lat="9.6956211" lon="100.0768393"></trkpt>
			<trkpt lat="9.6964839" lon="100.0774368"></trkpt>
			<trkpt lat="9.6970108" lon="100.078138"></trkpt>
			<trkpt lat="9.6962827" lon="100.0803198"></trkpt>
			<trkpt lat="9.6968655" lon="100.0815442"></trkpt>
			<trkpt lat="9.6975813" lon="100.08149"></trkpt>
			<trkpt lat="9.6981034" lon="100.0807956"></trkpt>
			<trkpt lat="9.6982941" lon="100.0798431"></trkpt>
			<trkpt lat="9.6982405" lon="100.0789007"></trkpt>
			<trkpt lat="9.6987275" lon="100.0786243"></trkpt>
			<trkpt lat="9.6994745" lon="100.0790471"></trkpt>
			<trkpt lat="9.7000028" lon="100.0796316"></trkpt>
			<trkpt lat="9.7008425" lon="100.0800438"></trkpt>
			<trkpt lat="9.7017204" lon="100.0798159"></trkpt>
			<trkpt lat="9.7025434" lon="100.0790882"></trkpt>
			<trkpt lat="9.7048542" lon="100.0786479"></trkpt>
			<trkpt lat="9.7065899" lon="100.0777858"></trkpt>
			<trkpt lat="9.7068101" lon="100.0774846"></trkpt>
			<trkpt lat="9.7073635" lon="100.077639"></trkpt>
			<trkpt lat="9.7092502" lon="100.076545"></trkpt>
			<trkpt lat="9.7132243" lon="100.0756023"></trkpt>
			<trkpt lat="9.7136539" lon="100.0752208"></trkpt>
			<trkpt lat="9.7141621" lon="100.0750145"></trkpt>
			<trkpt lat="9.7149" lon="100.0751"></trkpt>
			<trkpt lat="9.7157392" lon="100.0756867"></trkpt>
			<trkpt lat="9.7162902" lon="100.0762593"></trkpt>
			<trkpt lat="9.7164482" lon="100.077063"></trkpt>
			<trkpt lat="9.7161889" lon="100.0779105"></trkpt>
			<trkpt lat="9.7169096" lon="100.0791473"></trkpt>
			<trkpt lat="9.717598" lon="100.0798725"></trkpt>
			<trkpt lat="9.7180372" lon="100.0796888"></trkpt>
			<trkpt lat="9.7188904" lon="100.0797519"></trkpt>
			<trkpt lat="9.7193963" lon="100.078115"></trkpt>
			<trkpt lat="9.7193346" lon="100.0765447"></trkpt>
			<trkpt lat="9.7198444" lon="100.0761983"></trkpt>
			<trkpt lat="9.7209525" lon="100.076077"></trkpt>
			<trkpt lat="9.721656" lon="100.0763134"></trkpt>
			<trkpt lat="9.7220907" lon="100.0768623"></trkpt>
			<trkpt lat="9.7229899" lon="100.0770538"></trkpt>
			<trkpt lat="9.7241903" lon="100.0770724"></trkpt>
			<trkpt lat="9.7253088" lon="100.0772532"></trkpt>
			<trkpt lat="9.7274491" lon="100.0781961"></trkpt>
			<trkpt lat="9.7281316" lon="100.0779088"></trkpt>
			<trkpt lat="9.7287785" lon="100.0778431"></trkpt>
			<trkpt lat="9.729011" lon="100.0775767"></trkpt>
			<trkpt lat="9.7297158" lon="100.0774063"></trkpt>
			<trkpt lat="9.7299681" lon="100.0777102"></trkpt>
			<trkpt lat="9.730215" lon="100.0789912"></trkpt>
			<trkpt lat="9.7305584" lon="100.0794116"></trkpt>
			<trkpt lat="9.7319631" lon="100.0798964"></trkpt>
			<trkpt lat="9.7334017" lon="100.0807419"></trkpt>
			<trkpt lat="9.7340556" lon="100.0813041"></trkpt>
			<trkpt lat="9.7363179" lon="100.0811894"></trkpt>
			<trkpt lat="9.7374604" lon="100.0812774"></trkpt>
			<trkpt lat="9.7387083" lon="100.0809356"></trkpt>
			<trkpt lat="9.7398959" lon="100.0811052"></trkpt>
			<trkpt lat="9.7399789" lon="100.0805705"></trkpt>
			<trkpt lat="9.7407211" lon="100.0800168"></trkpt>
			<trkpt lat="9.7415985" lon="100.0799518"></trkpt>
			<trkpt lat="9.7425925" lon="100.0794924"></trkpt>
			<trkpt lat="9.7434703" lon="100.0792998"></trkpt>
			<trkpt lat="9.7440565" lon="100.079815"></trkpt>
			<trkpt lat="9.7454553" lon="100.079276"></trkpt>
			<trkpt lat="9.7459437" lon="100.078546"></trkpt>
			<trkpt lat="9.7467085" lon="100.0779924"></trkpt>
			<trkpt lat="9.7472654" lon="100.0773908"></trkpt>
			<trkpt lat="9.7480187" lon="100.0768833"></trkpt>
			<trkpt lat="9.7478276" lon="100.0758588"></trkpt>
			<trkpt lat="9.7478767" lon="100.0753126"></trkpt>
			<trkpt lat="9.7485447" lon="100.0756999"></trkpt>
			<trkpt lat="9.748891" lon="100.0755859"></trkpt>
			<trkpt lat="9.7496978" lon="100.0756836"></trkpt>
			<trkpt lat="9.7500338" lon="100.0755924"></trkpt>
			<trkpt lat="9.7495769" lon="100.0745893"></trkpt>
			<trkpt lat="9.750412" lon="100.0739544"></trkpt>
			<trkpt lat="9.7509989" lon="100.0742372"></trkpt>
			<trkpt lat="9.7510408" lon="100.0749467"></trkpt>
			<trkpt lat="9.7540575" lon="100.0761272"></trkpt>
			<trkpt lat="9.7547839" lon="100.0762708"></trkpt>
			<trkpt lat="9.7550528" lon="100.0756096"></trkpt>
			<trkpt lat="9.7556308" lon="100.075485"></trkpt>
			<trkpt lat="9.756186" lon="100.0750811"></trkpt>
			<trkpt lat="9.7579658" lon="100.0745444"></trkpt>
			<trkpt lat="9.7582118" lon="100.0739526"></trkpt>
			<trkpt lat="9.7590324" lon="100.073643"></trkpt>
			<trkpt lat="9.7591279" lon="100.0730855"></trkpt>
			<trkpt lat="9.759693" lon="100.0731238"></trkpt>
			<trkpt lat="9.7601913" lon="100.0728359"></trkpt>
			<trkpt lat="9.7609876" lon="100.0726772"></trkpt>
			<trkpt lat="9.7622504" lon="100.0719052"></trkpt>
			<trkpt lat="9.7631703" lon="100.0723646"></trkpt>
			<trkpt lat="9.7636063" lon="100.0728087"></trkpt>
			<trkpt lat="9.7642619" lon="100.0732079"></trkpt>
			<trkpt lat="9.7652213" lon="100.072946"></trkpt>
			<trkpt lat="9.76619" lon="100.0729514"></trkpt>
			<trkpt lat="9.766999" lon="100.0727119"></trkpt>
			<trkpt lat="9.7672128" lon="100.0715963"></trkpt>
			<trkpt lat="9.768437" lon="100.0694516"></trkpt>
			<trkpt lat="9.7691916" lon="100.0685372"></trkpt>
			<trkpt lat="9.7703603" lon="100.0678344"></trkpt>
			<trkpt lat="9.7714568" lon="100.0678407"></trkpt>
			<trkpt lat="9.772381" lon="100.0676482"></trkpt>
			<trkpt lat="9.7734813" lon="100.0667936"></trkpt>
			<trkpt lat="9.7737296" lon="100.0658297"></trkpt>
			<trkpt lat="9.7727156" lon="100.0633"></trkpt>
			<trkpt lat="9.7706973" lon="100.0631022"></trkpt>
			<trkpt lat="9.7700321" lon="100.0625633"></trkpt>
			<trkpt lat="9.7694264" lon="100.0614081"></trkpt>
			<trkpt lat="9.7695012" lon="100.0602454"></trkpt>
			<trkpt lat="9.7718385" lon="100.057095"></trkpt>
			<trkpt lat="9.7728586" lon="100.0562167"></trkpt>
			<trkpt lat="9.7733304" lon="100.0564524"></trkpt>
			<trkpt lat="9.773672" lon="100.0571287"></trkpt>
			<trkpt lat="9.7747682" lon="100.0571931"></trkpt>
			<trkpt lat="9.7757518" lon="100.0567917"></trkpt>
			<trkpt lat="9.7765804" lon="100.0571686"></trkpt>
			<trkpt lat="9.776959" lon="100.0575664"></trkpt>
			<trkpt lat="9.7775264" lon="100.0572087"></trkpt>
			<trkpt lat="9.7780179" lon="100.0558159"></trkpt>
			<trkpt lat="9.7794843" lon="100.0557544"></trkpt>
			<trkpt lat="9.7817672" lon="100.0559303"></trkpt>
			<trkpt lat="9.7827102" lon="100.0565755"></trkpt>
			<trkpt lat="9.7826718" lon="100.0572728"></trkpt>
			<trkpt lat="9.7834916" lon="100.0572081"></trkpt>
			<trkpt lat="9.7837898" lon="100.0576285"></trkpt>
			<trkpt lat="9.7836695" lon="100.0585119"></trkpt>
			<trkpt lat="9.7843099" lon="100.0594228"></trkpt>
			<trkpt lat="9.7846297" lon="100.0601691"></trkpt>
			<trkpt lat="9.7845886" lon="100.0614015"></trkpt>
			<trkpt lat="9.7850091" lon="100.0624975"></trkpt>
			<trkpt lat="9.7855736" lon="100.0626987"></trkpt>
			<trkpt lat="9.7865774" lon="100.0627161"></trkpt>
			<trkpt lat="9.7874134" lon="100.0617786"></trkpt>
			<trkpt lat="9.7875556" lon="100.0611277"></trkpt>
			<trkpt lat="9.7873883" lon="100.0600565"></trkpt>
			<trkpt lat="9.7880406" lon="100.058932"></trkpt>
			<trkpt lat="9.7887487" lon="100.0580869"></trkpt>
			<trkpt lat="9.7896018" lon="100.0559978"></trkpt>
			<trkpt lat="9.7904109" lon="100.0557468"></trkpt>
			<trkpt lat="9.7913846" lon="100.0548797"></trkpt>
			<trkpt lat="9.7921404" lon="100.0539071"></trkpt>
			<trkpt lat="9.792867" lon="100.0518056"></trkpt>
			<trkpt lat="9.7926744" lon="100.0512346"></trkpt>
			<trkpt lat="9.7929542" lon="100.0506776"></trkpt>
			<trkpt lat="9.7930177" lon="100.0495033"></trkpt>
			<trkpt lat="9.7929181" lon="100.048805"></trkpt>
			<trkpt lat="9.7931876" lon="100.0479454"></trkpt>
			<trkpt lat="9.7932173" lon="100.0467357"></trkpt>
			<trkpt lat="9.7939046" lon="100.0460073"></trkpt>
			<trkpt lat="9.7939959" lon="100.0457164"></trkpt>
			<trkpt lat="9.793919" lon="100.0453543"></trkpt>
			<trkpt lat="9.7928185" lon="100.0437206"></trkpt>
			<trkpt lat="9.7929266" lon="100.0427676"></trkpt>
			<trkpt lat="9.7943109" lon="100.0406931"></trkpt>
			<trkpt lat="9.7947923" lon="100.0392535"></trkpt>
			<trkpt lat="9.7946806" lon="100.0380884"></trkpt>
			<trkpt lat="9.7938896" lon="100.0376198"></trkpt>
			<trkpt lat="9.7931053" lon="100.0375456"></trkpt>
			<trkpt lat="9.7928315" lon="100.0368809"></trkpt>
			<trkpt lat="9.7923629" lon="100.0363449"></trkpt>
			<trkpt lat="9.7923511" lon="100.0361341"></trkpt>
			<trkpt lat="9.7927241" lon="100.0354263"></trkpt>
			<trkpt lat="9.7930684" lon="100.0341031"></trkpt>
			<trkpt lat="9.7936383" lon="100.0336706"></trkpt>
			<trkpt lat="9.7945689" lon="100.0335641"></trkpt>
			<trkpt lat="9.795976" lon="100.0336534"></trkpt>
			<trkpt lat="9.7982852" lon="100.0333522"></trkpt>
			<trkpt lat="9.7996969" lon="100.0326739"></trkpt>
			<trkpt lat="9.8006895" lon="100.0326559"></trkpt>
			<trkpt lat="9.8010981" lon="100.0317363"></trkpt>
			<trkpt lat="9.8023214" lon="100.0316882"></trkpt>
			<trkpt lat="9.803166" lon="100.0312389"></trkpt>
			<trkpt lat="9.803621" lon="100.0303343"></trkpt>
			<trkpt lat="9.8036591" lon="100.0296716"></trkpt>
			<trkpt lat="9.8041136" lon="100.0289083"></trkpt>
			<trkpt lat="9.8042075" lon="100.0285228"></trkpt>
			<trkpt lat="9.8040175" lon="100.0277939"></trkpt>
		</trkseg>
	</trk>
	<trk>
		<name>กระบี่</name>
		<desc>Length: 516.8 km (321.1 mi)</desc>
		<trkseg>
			<trkpt lat="8.6721451" lon="98.7538426"></trkpt>
			<trkpt lat="8.6738526" lon="98.7489255"></trkpt>
			<trkpt lat="8.6726932" lon="98.7456113"></trkpt>
			<trkpt lat="8.6595893" lon="98.7369821"></trkpt>
			<trkpt lat="8.6519729" lon="98.7349311"></trkpt>
			<trkpt lat="8.6294725" lon="98.7216693"></trkpt>
			<trkpt lat="8.6325073" lon="98.7156403"></trkpt>
			<trkpt lat="8.6320513" lon="98.7098995"></trkpt>
			<trkpt lat="8.6298406" lon="98.7072469"></trkpt>
			<trkpt lat="8.631734" lon="98.7037289"></trkpt>
			<trkpt lat="8.6277053" lon="98.7020046"></trkpt>
			<trkpt lat="8.6042787" lon="98.704176"></trkpt>
			<trkpt lat="8.6025631" lon="98.7074096"></trkpt>
			<trkpt lat="8.5971502" lon="98.7074746"></trkpt>
			<trkpt lat="8.5934061" lon="98.7038882"></trkpt>
			<trkpt lat="8.5892306" lon="98.7031658"></trkpt>
			<trkpt lat="8.5757492" lon="98.690864"></trkpt>
			<trkpt lat="8.5724257" lon="98.69238"></trkpt>
			<trkpt lat="8.5567014" lon="98.6836252"></trkpt>
			<trkpt lat="8.538092" lon="98.6782076"></trkpt>
			<trkpt lat="8.5258665" lon="98.6778615"></trkpt>
			<trkpt lat="8.5092172" lon="98.6719476"></trkpt>
			<trkpt lat="8.5013966" lon="98.6642196"></trkpt>
			<trkpt lat="8.482782" lon="98.6524855"></trkpt>
			<trkpt lat="8.4844897" lon="98.6485057"></trkpt>
			<trkpt lat="8.4831106" lon="98.6481955"></trkpt>
			<trkpt lat="8.4826526" lon="98.6500871"></trkpt>
			<trkpt lat="8.4808013" lon="98.6489125"></trkpt>
			<trkpt lat="8.4775745" lon="98.6508986"></trkpt>
			<trkpt lat="8.4765663" lon="98.65384"></trkpt>
			<trkpt lat="8.4706284" lon="98.6568315"></trkpt>
			<trkpt lat="8.4717003" lon="98.6594135"></trkpt>
			<trkpt lat="8.4660476" lon="98.6606751"></trkpt>
			<trkpt lat="8.4666932" lon="98.6626695"></trkpt>
			<trkpt lat="8.4648664" lon="98.6630975"></trkpt>
			<trkpt lat="8.4660745" lon="98.6644113"></trkpt>
			<trkpt lat="8.4579742" lon="98.6654557"></trkpt>
			<trkpt lat="8.4600576" lon="98.6689362"></trkpt>
			<trkpt lat="8.4578291" lon="98.6696067"></trkpt>
			<trkpt lat="8.4543559" lon="98.6665424"></trkpt>
			<trkpt lat="8.454813" lon="98.6642589"></trkpt>
			<trkpt lat="8.4483895" lon="98.6645756"></trkpt>
			<trkpt lat="8.440884" lon="98.6624714"></trkpt>
			<trkpt lat="8.4341293" lon="98.6649328"></trkpt>
			<trkpt lat="8.4258657" lon="98.6633715"></trkpt>
			<trkpt lat="8.4237312" lon="98.6551063"></trkpt>
			<trkpt lat="8.4191952" lon="98.6470393"></trkpt>
			<trkpt lat="8.4145028" lon="98.643158"></trkpt>
			<trkpt lat="8.4074601" lon="98.644559"></trkpt>
			<trkpt lat="8.3932043" lon="98.6600428"></trkpt>
			<trkpt lat="8.3863125" lon="98.6629078"></trkpt>
			<trkpt lat="8.3801606" lon="98.6589929"></trkpt>
			<trkpt lat="8.3758969" lon="98.6368389"></trkpt>
			<trkpt lat="8.3696257" lon="98.6295124"></trkpt>
			<trkpt lat="8.361841" lon="98.6245394"></trkpt>
			<trkpt lat="8.3427581" lon="98.6179282"></trkpt>
			<trkpt lat="8.3258431" lon="98.6082383"></trkpt>
			<trkpt lat="8.3016836" lon="98.603535"></trkpt>
			<trkpt lat="8.2521202" lon="98.6124789"></trkpt>
			<trkpt lat="8.233078" lon="98.6230664"></trkpt>
			<trkpt lat="8.2244888" lon="98.6309342"></trkpt>
			<trkpt lat="8.2157916" lon="98.6427347"></trkpt>
			<trkpt lat="8.2073271" lon="98.662724"></trkpt>
			<trkpt lat="8.1960595" lon="98.6717666"></trkpt>
			<trkpt lat="8.1682381" lon="98.6859746"></trkpt>
			<trkpt lat="8.1446522" lon="98.6956488"></trkpt>
			<trkpt lat="8.1403382" lon="98.6950257"></trkpt>
			<trkpt lat="8.1322496" lon="98.6864446"></trkpt>
			<trkpt lat="8.1284376" lon="98.6764921"></trkpt>
			<trkpt lat="8.133514" lon="98.6656056"></trkpt>
			<trkpt lat="8.1281383" lon="98.6630222"></trkpt>
			<trkpt lat="8.0992265" lon="98.6715548"></trkpt>
			<trkpt lat="8.0923723" lon="98.6722002"></trkpt>
			<trkpt lat="8.0777131" lon="98.6687634"></trkpt>
			<trkpt lat="8.0719092" lon="98.6715187"></trkpt>
			<trkpt lat="8.0372223" lon="98.6674699"></trkpt>
			<trkpt lat="8.0449149" lon="98.6920932"></trkpt>
			<trkpt lat="8.0520324" lon="98.7002655"></trkpt>
			<trkpt lat="8.073195" lon="98.7099338"></trkpt>
			<trkpt lat="8.0809026" lon="98.7167822"></trkpt>
			<trkpt lat="8.094176" lon="98.7213799"></trkpt>
			<trkpt lat="8.1069623" lon="98.7313689"></trkpt>
			<trkpt lat="8.115617" lon="98.7425294"></trkpt>
			<trkpt lat="8.114742" lon="98.7472571"></trkpt>
			<trkpt lat="8.0885788" lon="98.746916"></trkpt>
			<trkpt lat="8.0859548" lon="98.7429424"></trkpt>
			<trkpt lat="8.0770762" lon="98.7404405"></trkpt>
			<trkpt lat="8.0777125" lon="98.7418304"></trkpt>
			<trkpt lat="8.0732997" lon="98.7448454"></trkpt>
			<trkpt lat="8.0666543" lon="98.7434397"></trkpt>
			<trkpt lat="8.0603096" lon="98.7483256"></trkpt>
			<trkpt lat="8.0547973" lon="98.7497712"></trkpt>
			<trkpt lat="8.0500316" lon="98.7575754"></trkpt>
			<trkpt lat="8.0354698" lon="98.7650093"></trkpt>
			<trkpt lat="8.033808" lon="98.7636047"></trkpt>
			<trkpt lat="8.0210856" lon="98.7648219"></trkpt>
			<trkpt lat="8.0200914" lon="98.7693619"></trkpt>
			<trkpt lat="8.0220174" lon="98.770156"></trkpt>
			<trkpt lat="8.0218756" lon="98.7723542"></trkpt>
			<trkpt lat="8.024507" lon="98.7737599"></trkpt>
			<trkpt lat="8.0288363" lon="98.7716053"></trkpt>
			<trkpt lat="8.0412476" lon="98.7730326"></trkpt>
			<trkpt lat="8.0421459" lon="98.7792261"></trkpt>
			<trkpt lat="8.0443599" lon="98.781572"></trkpt>
			<trkpt lat="8.0464114" lon="98.788871"></trkpt>
			<trkpt lat="8.0451695" lon="98.7946414"></trkpt>
			<trkpt lat="8.0481782" lon="98.7968084"></trkpt>
			<trkpt lat="8.0453013" lon="98.8064582"></trkpt>
			<trkpt lat="8.0388777" lon="98.8161271"></trkpt>
			<trkpt lat="8.0383405" lon="98.814696"></trkpt>
			<trkpt lat="8.0281339" lon="98.8266392"></trkpt>
			<trkpt lat="8.0233517" lon="98.8296998"></trkpt>
			<trkpt lat="8.0196444" lon="98.8289615"></trkpt>
			<trkpt lat="8.0193807" lon="98.8267819"></trkpt>
			<trkpt lat="8.0172447" lon="98.8266121"></trkpt>
			<trkpt lat="8.0155732" lon="98.8285848"></trkpt>
			<trkpt lat="8.0190722" lon="98.8314349"></trkpt>
			<trkpt lat="8.0163185" lon="98.8358796"></trkpt>
			<trkpt lat="8.0103556" lon="98.8384725"></trkpt>
			<trkpt lat="8.0096845" lon="98.8354651"></trkpt>
			<trkpt lat="8.0055661" lon="98.8401269"></trkpt>
			<trkpt lat="8.0031363" lon="98.8402747"></trkpt>
			<trkpt lat="8.0024822" lon="98.8434533"></trkpt>
			<trkpt lat="8.0061355" lon="98.8449195"></trkpt>
			<trkpt lat="8.0083229" lon="98.8434511"></trkpt>
			<trkpt lat="8.0083701" lon="98.8414016"></trkpt>
			<trkpt lat="8.0127176" lon="98.8426727"></trkpt>
			<trkpt lat="8.0144421" lon="98.849312"></trkpt>
			<trkpt lat="8.0218156" lon="98.8560392"></trkpt>
			<trkpt lat="7.9948079" lon="98.8584225"></trkpt>
			<trkpt lat="7.9715457" lon="98.8767388"></trkpt>
			<trkpt lat="7.95007" lon="98.8858212"></trkpt>
			<trkpt lat="7.9369843" lon="98.8939543"></trkpt>
			<trkpt lat="7.9761806" lon="98.9280665"></trkpt>
			<trkpt lat="7.9922455" lon="98.9371715"></trkpt>
			<trkpt lat="8.0020695" lon="98.9540057"></trkpt>
			<trkpt lat="8.0252947" lon="98.9591929"></trkpt>
			<trkpt lat="8.0182804" lon="98.9599094"></trkpt>
			<trkpt lat="8.0171528" lon="98.9623657"></trkpt>
			<trkpt lat="8.0148338" lon="98.9629024"></trkpt>
			<trkpt lat="8.0151038" lon="98.960231"></trkpt>
			<trkpt lat="8.0136841" lon="98.959453"></trkpt>
			<trkpt lat="8.0093893" lon="98.9680843"></trkpt>
			<trkpt lat="8.0074251" lon="98.9655121"></trkpt>
			<trkpt lat="8.0069572" lon="98.9686103"></trkpt>
			<trkpt lat="8.0056597" lon="98.9679905"></trkpt>
			<trkpt lat="8.0044557" lon="98.9712478"></trkpt>
			<trkpt lat="8.0130624" lon="98.9769439"></trkpt>
			<trkpt lat="8.0156424" lon="98.9820178"></trkpt>
			<trkpt lat="8.0135788" lon="98.9813542"></trkpt>
			<trkpt lat="8.0061587" lon="98.9847834"></trkpt>
			<trkpt lat="7.9954073" lon="98.9820927"></trkpt>
			<trkpt lat="7.9933561" lon="98.9796075"></trkpt>
			<trkpt lat="7.9928945" lon="98.9751041"></trkpt>
			<trkpt lat="7.9890715" lon="98.9730419"></trkpt>
			<trkpt lat="7.9846962" lon="98.9646097"></trkpt>
			<trkpt lat="7.9880499" lon="98.9590704"></trkpt>
			<trkpt lat="7.9965116" lon="98.9542383"></trkpt>
			<trkpt lat="7.997829" lon="98.9507334"></trkpt>
			<trkpt lat="7.99498" lon="98.9448827"></trkpt>
			<trkpt lat="7.9903205" lon="98.9413205"></trkpt>
			<trkpt lat="7.9791621" lon="98.9455084"></trkpt>
			<trkpt lat="7.9576097" lon="98.9600982"></trkpt>
			<trkpt lat="7.9327347" lon="98.9728462"></trkpt>
			<trkpt lat="7.9366413" lon="98.9734749"></trkpt>
			<trkpt lat="7.9393711" lon="98.9781879"></trkpt>
			<trkpt lat="7.9384753" lon="98.9839296"></trkpt>
			<trkpt lat="7.941386" lon="98.9961435"></trkpt>
			<trkpt lat="7.937969" lon="99.0016586"></trkpt>
			<trkpt lat="7.9273381" lon="99.0034701"></trkpt>
			<trkpt lat="7.917494" lon="99.013915"></trkpt>
			<trkpt lat="7.9046847" lon="99.015367"></trkpt>
			<trkpt lat="7.8918425" lon="99.0195879"></trkpt>
			<trkpt lat="7.8883846" lon="99.0229971"></trkpt>
			<trkpt lat="7.8856655" lon="99.0361628"></trkpt>
			<trkpt lat="7.8961858" lon="99.0506456"></trkpt>
			<trkpt lat="7.9067467" lon="99.0582462"></trkpt>
			<trkpt lat="7.9218244" lon="99.0643776"></trkpt>
			<trkpt lat="7.9229157" lon="99.0699298"></trkpt>
			<trkpt lat="7.917242" lon="99.0692699"></trkpt>
			<trkpt lat="7.9155954" lon="99.0737192"></trkpt>
			<trkpt lat="7.9183989" lon="99.080397"></trkpt>
			<trkpt lat="7.9137081" lon="99.0835088"></trkpt>
			<trkpt lat="7.9093866" lon="99.0835304"></trkpt>
			<trkpt lat="7.8871791" lon="99.0765657"></trkpt>
			<trkpt lat="7.8726847" lon="99.066044"></trkpt>
			<trkpt lat="7.8599588" lon="99.0475881"></trkpt>
			<trkpt lat="7.8377732" lon="99.0341435"></trkpt>
			<trkpt lat="7.8364062" lon="99.0261969"></trkpt>
			<trkpt lat="7.820193" lon="99.0337265"></trkpt>
			<trkpt lat="7.8190013" lon="99.0389627"></trkpt>
			<trkpt lat="7.8187745" lon="99.0338256"></trkpt>
			<trkpt lat="7.8284984" lon="99.0294239"></trkpt>
			<trkpt lat="7.8295229" lon="99.0276016"></trkpt>
			<trkpt lat="7.8282489" lon="99.0225919"></trkpt>
			<trkpt lat="7.8241026" lon="99.0217163"></trkpt>
			<trkpt lat="7.8248282" lon="99.0181241"></trkpt>
			<trkpt lat="7.8225538" lon="99.0168484"></trkpt>
			<trkpt lat="7.8144092" lon="99.0194496"></trkpt>
			<trkpt lat="7.8097837" lon="99.0246065"></trkpt>
			<trkpt lat="7.8003313" lon="99.0276005"></trkpt>
			<trkpt lat="7.7971662" lon="99.0307074"></trkpt>
			<trkpt lat="7.7966316" lon="99.027706"></trkpt>
			<trkpt lat="7.7925407" lon="99.0273138"></trkpt>
			<trkpt lat="7.7856719" lon="99.0222347"></trkpt>
			<trkpt lat="7.7809139" lon="99.0220273"></trkpt>
			<trkpt lat="7.7805859" lon="99.0241139"></trkpt>
			<trkpt lat="7.7739298" lon="99.0264251"></trkpt>
			<trkpt lat="7.7730889" lon="99.028951"></trkpt>
			<trkpt lat="7.7751103" lon="99.0333575"></trkpt>
			<trkpt lat="7.7727098" lon="99.045425"></trkpt>
			<trkpt lat="7.769531" lon="99.049027"></trkpt>
			<trkpt lat="7.7663598" lon="99.0497017"></trkpt>
			<trkpt lat="7.7605523" lon="99.0459968"></trkpt>
			<trkpt lat="7.7591256" lon="99.043089"></trkpt>
			<trkpt lat="7.7653706" lon="99.0483984"></trkpt>
			<trkpt lat="7.7703261" lon="99.0465879"></trkpt>
			<trkpt lat="7.7725602" lon="99.037141"></trkpt>
			<trkpt lat="7.7706051" lon="99.0236927"></trkpt>
			<trkpt lat="7.7646447" lon="99.0196083"></trkpt>
			<trkpt lat="7.7518647" lon="99.0215227"></trkpt>
			<trkpt lat="7.732733" lon="99.0295782"></trkpt>
			<trkpt lat="7.7291826" lon="99.0297239"></trkpt>
			<trkpt lat="7.7002567" lon="99.0416551"></trkpt>
			<trkpt lat="7.697732" lon="99.0451364"></trkpt>
			<trkpt lat="7.6986493" lon="99.0473625"></trkpt>
			<trkpt lat="7.6970026" lon="99.0507676"></trkpt>
			<trkpt lat="7.6971618" lon="99.0614755"></trkpt>
			<trkpt lat="7.6994502" lon="99.0628354"></trkpt>
			<trkpt lat="7.7025337" lon="99.0621711"></trkpt>
			<trkpt lat="7.7059371" lon="99.0587019"></trkpt>
			<trkpt lat="7.720224" lon="99.0524418"></trkpt>
			<trkpt lat="7.7248928" lon="99.0468918"></trkpt>
			<trkpt lat="7.7218545" lon="99.0526208"></trkpt>
			<trkpt lat="7.7083477" lon="99.0590678"></trkpt>
			<trkpt lat="7.7050523" lon="99.0625364"></trkpt>
			<trkpt lat="7.6979133" lon="99.0643805"></trkpt>
			<trkpt lat="7.6947186" lon="99.067293"></trkpt>
			<trkpt lat="7.6937663" lon="99.0781333"></trkpt>
			<trkpt lat="7.6919644" lon="99.0788567"></trkpt>
			<trkpt lat="7.6903461" lon="99.0913122"></trkpt>
			<trkpt lat="7.6918234" lon="99.0964806"></trkpt>
			<trkpt lat="7.6984099" lon="99.1035115"></trkpt>
			<trkpt lat="7.6999433" lon="99.1030746"></trkpt>
			<trkpt lat="7.7064908" lon="99.1074295"></trkpt>
			<trkpt lat="7.7214561" lon="99.1085804"></trkpt>
			<trkpt lat="7.7267518" lon="99.1064113"></trkpt>
			<trkpt lat="7.7295725" lon="99.1078468"></trkpt>
			<trkpt lat="7.7394247" lon="99.106742"></trkpt>
			<trkpt lat="7.7485638" lon="99.102048"></trkpt>
			<trkpt lat="7.7436581" lon="99.1067873"></trkpt>
			<trkpt lat="7.727571" lon="99.1105881"></trkpt>
			<trkpt lat="7.7386557" lon="99.1119029"></trkpt>
			<trkpt lat="7.741397" lon="99.1100411"></trkpt>
			<trkpt lat="7.7413115" lon="99.1126314"></trkpt>
			<trkpt lat="7.7527254" lon="99.1150151"></trkpt>
			<trkpt lat="7.7555588" lon="99.1135424"></trkpt>
			<trkpt lat="7.7579686" lon="99.1063531"></trkpt>
			<trkpt lat="7.7635105" lon="99.1003539"></trkpt>
			<trkpt lat="7.771609" lon="99.0990895"></trkpt>
			<trkpt lat="7.7615198" lon="99.1030368"></trkpt>
			<trkpt lat="7.7533317" lon="99.1223017"></trkpt>
			<trkpt lat="7.7415947" lon="99.1341729"></trkpt>
			<trkpt lat="7.7264886" lon="99.1440039"></trkpt>
			<trkpt lat="7.6128492" lon="99.1776913"></trkpt>
			<trkpt lat="7.6389007" lon="99.2188073"></trkpt>
			<trkpt lat="7.6520343" lon="99.248493"></trkpt>
			<trkpt lat="7.6653952" lon="99.2649044"></trkpt>
			<trkpt lat="7.680114" lon="99.2759062"></trkpt>
			<trkpt lat="7.6805511" lon="99.2862559"></trkpt>
			<trkpt lat="7.685688" lon="99.2851871"></trkpt>
			<trkpt lat="7.6878992" lon="99.2867046"></trkpt>
			<trkpt lat="7.6872741" lon="99.2906662"></trkpt>
			<trkpt lat="7.6897072" lon="99.2917928"></trkpt>
			<trkpt lat="7.6904225" lon="99.2957191"></trkpt>
			<trkpt lat="7.6884315" lon="99.2978486"></trkpt>
			<trkpt lat="7.6915116" lon="99.2986889"></trkpt>
			<trkpt lat="7.7013497" lon="99.3077275"></trkpt>
			<trkpt lat="7.7114201" lon="99.3102557"></trkpt>
			<trkpt lat="7.7207374" lon="99.3082334"></trkpt>
			<trkpt lat="7.7275709" lon="99.3120982"></trkpt>
			<trkpt lat="7.7366214" lon="99.3107428"></trkpt>
			<trkpt lat="7.7403064" lon="99.3076049"></trkpt>
			<trkpt lat="7.7556297" lon="99.3059473"></trkpt>
			<trkpt lat="7.7560065" lon="99.3000759"></trkpt>
			<trkpt lat="7.7589219" lon="99.2969377"></trkpt>
			<trkpt lat="7.7600173" lon="99.2916387"></trkpt>
			<trkpt lat="7.7627908" lon="99.2884692"></trkpt>
			<trkpt lat="7.7745488" lon="99.2878973"></trkpt>
			<trkpt lat="7.7895763" lon="99.3009506"></trkpt>
			<trkpt lat="7.792417" lon="99.2996182"></trkpt>
			<trkpt lat="7.8091589" lon="99.3032605"></trkpt>
			<trkpt lat="7.8105935" lon="99.2997349"></trkpt>
			<trkpt lat="7.8106626" lon="99.2873596"></trkpt>
			<trkpt lat="7.8178821" lon="99.2872863"></trkpt>
			<trkpt lat="7.8197403" lon="99.2933184"></trkpt>
			<trkpt lat="7.8251021" lon="99.2940222"></trkpt>
			<trkpt lat="7.8313701" lon="99.2891052"></trkpt>
			<trkpt lat="7.8359418" lon="99.2887682"></trkpt>
			<trkpt lat="7.8408438" lon="99.2823034"></trkpt>
			<trkpt lat="7.8485589" lon="99.2783961"></trkpt>
			<trkpt lat="7.8537983" lon="99.2796492"></trkpt>
			<trkpt lat="7.8618694" lon="99.290174"></trkpt>
			<trkpt lat="7.8619729" lon="99.2973705"></trkpt>
			<trkpt lat="7.8656118" lon="99.3017734"></trkpt>
			<trkpt lat="7.8658908" lon="99.3114097"></trkpt>
			<trkpt lat="7.8715527" lon="99.3219104"></trkpt>
			<trkpt lat="7.8827206" lon="99.3320681"></trkpt>
			<trkpt lat="7.8928337" lon="99.3309994"></trkpt>
			<trkpt lat="7.9027121" lon="99.3336927"></trkpt>
			<trkpt lat="7.9285648" lon="99.3336704"></trkpt>
			<trkpt lat="7.9316443" lon="99.3508008"></trkpt>
			<trkpt lat="7.9367641" lon="99.3639167"></trkpt>
			<trkpt lat="7.9442715" lon="99.364229"></trkpt>
			<trkpt lat="7.9463838" lon="99.3691723"></trkpt>
			<trkpt lat="7.943054" lon="99.3761273"></trkpt>
			<trkpt lat="7.9419536" lon="99.3861821"></trkpt>
			<trkpt lat="7.9491814" lon="99.3899797"></trkpt>
			<trkpt lat="7.9537909" lon="99.3967664"></trkpt>
			<trkpt lat="7.9566707" lon="99.3969024"></trkpt>
			<trkpt lat="7.9636365" lon="99.3930461"></trkpt>
			<trkpt lat="7.9833069" lon="99.3977952"></trkpt>
			<trkpt lat="7.9968895" lon="99.4090066"></trkpt>
			<trkpt lat="8.0015445" lon="99.4157483"></trkpt>
			<trkpt lat="8.0086642" lon="99.4097669"></trkpt>
			<trkpt lat="8.0182067" lon="99.4072214"></trkpt>
			<trkpt lat="8.0270305" lon="99.4020336"></trkpt>
			<trkpt lat="8.0330415" lon="99.4011865"></trkpt>
			<trkpt lat="8.0408656" lon="99.3966174"></trkpt>
			<trkpt lat="8.0507374" lon="99.395045"></trkpt>
			<trkpt lat="8.0721097" lon="99.3851906"></trkpt>
			<trkpt lat="8.0822224" lon="99.3852648"></trkpt>
			<trkpt lat="8.0872693" lon="99.3940135"></trkpt>
			<trkpt lat="8.1085014" lon="99.3925064"></trkpt>
			<trkpt lat="8.116122" lon="99.3879106"></trkpt>
			<trkpt lat="8.1269336" lon="99.3865878"></trkpt>
			<trkpt lat="8.1386895" lon="99.3874064"></trkpt>
			<trkpt lat="8.1419488" lon="99.3849285"></trkpt>
			<trkpt lat="8.1334849" lon="99.3599135"></trkpt>
			<trkpt lat="8.1323883" lon="99.3512783"></trkpt>
			<trkpt lat="8.1360503" lon="99.344946"></trkpt>
			<trkpt lat="8.1319827" lon="99.2969568"></trkpt>
			<trkpt lat="8.1354843" lon="99.2955966"></trkpt>
			<trkpt lat="8.1355552" lon="99.2968114"></trkpt>
			<trkpt lat="8.1405987" lon="99.2966914"></trkpt>
			<trkpt lat="8.1410347" lon="99.2988289"></trkpt>
			<trkpt lat="8.1470435" lon="99.2952341"></trkpt>
			<trkpt lat="8.1464478" lon="99.2934584"></trkpt>
			<trkpt lat="8.1494322" lon="99.2935837"></trkpt>
			<trkpt lat="8.1514032" lon="99.2885344"></trkpt>
			<trkpt lat="8.1532738" lon="99.2910356"></trkpt>
			<trkpt lat="8.1553771" lon="99.2883285"></trkpt>
			<trkpt lat="8.1559097" lon="99.2897728"></trkpt>
			<trkpt lat="8.1660596" lon="99.2901484"></trkpt>
			<trkpt lat="8.1671675" lon="99.2965958"></trkpt>
			<trkpt lat="8.1684414" lon="99.296334"></trkpt>
			<trkpt lat="8.1675102" lon="99.2979759"></trkpt>
			<trkpt lat="8.1712864" lon="99.2983396"></trkpt>
			<trkpt lat="8.1719511" lon="99.3000797"></trkpt>
			<trkpt lat="8.1700348" lon="99.3027932"></trkpt>
			<trkpt lat="8.1753269" lon="99.3073699"></trkpt>
			<trkpt lat="8.1795391" lon="99.3083303"></trkpt>
			<trkpt lat="8.1790544" lon="99.30716"></trkpt>
			<trkpt lat="8.1808977" lon="99.3082372"></trkpt>
			<trkpt lat="8.1835446" lon="99.3059815"></trkpt>
			<trkpt lat="8.1850462" lon="99.3074454"></trkpt>
			<trkpt lat="8.1867806" lon="99.3059766"></trkpt>
			<trkpt lat="8.189347" lon="99.3070668"></trkpt>
			<trkpt lat="8.1903142" lon="99.3057478"></trkpt>
			<trkpt lat="8.1904462" lon="99.3083398"></trkpt>
			<trkpt lat="8.1918368" lon="99.3070375"></trkpt>
			<trkpt lat="8.1951375" lon="99.3118257"></trkpt>
			<trkpt lat="8.1935042" lon="99.3155308"></trkpt>
			<trkpt lat="8.1956303" lon="99.3170538"></trkpt>
			<trkpt lat="8.1964956" lon="99.3159083"></trkpt>
			<trkpt lat="8.2027289" lon="99.3203715"></trkpt>
			<trkpt lat="8.2030557" lon="99.3182581"></trkpt>
			<trkpt lat="8.2046367" lon="99.3199713"></trkpt>
			<trkpt lat="8.2058225" lon="99.3188856"></trkpt>
			<trkpt lat="8.2093887" lon="99.3216559"></trkpt>
			<trkpt lat="8.2141886" lon="99.3193275"></trkpt>
			<trkpt lat="8.2190227" lon="99.3200906"></trkpt>
			<trkpt lat="8.2183997" lon="99.3187606"></trkpt>
			<trkpt lat="8.228814" lon="99.314085"></trkpt>
			<trkpt lat="8.2296881" lon="99.3154192"></trkpt>
			<trkpt lat="8.2342053" lon="99.3130831"></trkpt>
			<trkpt lat="8.2341231" lon="99.311897"></trkpt>
			<trkpt lat="8.236297" lon="99.3123867"></trkpt>
			<trkpt lat="8.2363712" lon="99.3143582"></trkpt>
			<trkpt lat="8.2392601" lon="99.315071"></trkpt>
			<trkpt lat="8.2392516" lon="99.3135796"></trkpt>
			<trkpt lat="8.243803" lon="99.3202564"></trkpt>
			<trkpt lat="8.2474753" lon="99.3196845"></trkpt>
			<trkpt lat="8.2502062" lon="99.3228471"></trkpt>
			<trkpt lat="8.2515821" lon="99.3223147"></trkpt>
			<trkpt lat="8.2577001" lon="99.3334452"></trkpt>
			<trkpt lat="8.2613441" lon="99.3315005"></trkpt>
			<trkpt lat="8.2625938" lon="99.3338903"></trkpt>
			<trkpt lat="8.2675862" lon="99.3339904"></trkpt>
			<trkpt lat="8.2693977" lon="99.3357615"></trkpt>
			<trkpt lat="8.2738974" lon="99.3322159"></trkpt>
			<trkpt lat="8.2760396" lon="99.3333505"></trkpt>
			<trkpt lat="8.2805895" lon="99.3312317"></trkpt>
			<trkpt lat="8.281748" lon="99.332349"></trkpt>
			<trkpt lat="8.2821205" lon="99.3311132"></trkpt>
			<trkpt lat="8.2911978" lon="99.3307661"></trkpt>
			<trkpt lat="8.29166" lon="99.327625"></trkpt>
			<trkpt lat="8.2937542" lon="99.3281041"></trkpt>
			<trkpt lat="8.2963031" lon="99.3241843"></trkpt>
			<trkpt lat="8.2939151" lon="99.3213445"></trkpt>
			<trkpt lat="8.2956321" lon="99.3191852"></trkpt>
			<trkpt lat="8.2943767" lon="99.317566"></trkpt>
			<trkpt lat="8.2962924" lon="99.3178071"></trkpt>
			<trkpt lat="8.2960667" lon="99.315863"></trkpt>
			<trkpt lat="8.300611" lon="99.3127592"></trkpt>
			<trkpt lat="8.3014876" lon="99.307999"></trkpt>
			<trkpt lat="8.3044609" lon="99.3062339"></trkpt>
			<trkpt lat="8.3043526" lon="99.3021904"></trkpt>
			<trkpt lat="8.3066831" lon="99.3034397"></trkpt>
			<trkpt lat="8.3067439" lon="99.2985523"></trkpt>
			<trkpt lat="8.3110934" lon="99.3003554"></trkpt>
			<trkpt lat="8.3109977" lon="99.2990056"></trkpt>
			<trkpt lat="8.3159729" lon="99.2994322"></trkpt>
			<trkpt lat="8.3155821" lon="99.2959111"></trkpt>
			<trkpt lat="8.3125674" lon="99.2940205"></trkpt>
			<trkpt lat="8.3126304" lon="99.2922423"></trkpt>
			<trkpt lat="8.3092963" lon="99.290314"></trkpt>
			<trkpt lat="8.3006568" lon="99.2752657"></trkpt>
			<trkpt lat="8.3024727" lon="99.26854"></trkpt>
			<trkpt lat="8.3018306" lon="99.2640722"></trkpt>
			<trkpt lat="8.3177256" lon="99.2314991"></trkpt>
			<trkpt lat="8.3265395" lon="99.2190042"></trkpt>
			<trkpt lat="8.3373982" lon="99.2090588"></trkpt>
			<trkpt lat="8.3432429" lon="99.2086963"></trkpt>
			<trkpt lat="8.3459738" lon="99.2058454"></trkpt>
			<trkpt lat="8.3523805" lon="99.2064587"></trkpt>
			<trkpt lat="8.3583953" lon="99.2017888"></trkpt>
			<trkpt lat="8.364744" lon="99.2039464"></trkpt>
			<trkpt lat="8.3670877" lon="99.2032026"></trkpt>
			<trkpt lat="8.3660512" lon="99.1993135"></trkpt>
			<trkpt lat="8.36728" lon="99.1930515"></trkpt>
			<trkpt lat="8.3720129" lon="99.1836871"></trkpt>
			<trkpt lat="8.3732759" lon="99.1762237"></trkpt>
			<trkpt lat="8.3687574" lon="99.1690133"></trkpt>
			<trkpt lat="8.3692325" lon="99.1632559"></trkpt>
			<trkpt lat="8.361162" lon="99.152613"></trkpt>
			<trkpt lat="8.3620995" lon="99.1462449"></trkpt>
			<trkpt lat="8.3604153" lon="99.143318"></trkpt>
			<trkpt lat="8.3669034" lon="99.1222806"></trkpt>
			<trkpt lat="8.3646524" lon="99.0947045"></trkpt>
			<trkpt lat="8.3626484" lon="99.0917113"></trkpt>
			<trkpt lat="8.3638368" lon="99.0755136"></trkpt>
			<trkpt lat="8.3600813" lon="99.0621448"></trkpt>
			<trkpt lat="8.3603789" lon="99.0486452"></trkpt>
			<trkpt lat="8.3653118" lon="99.0342563"></trkpt>
			<trkpt lat="8.3920816" lon="98.9972621"></trkpt>
			<trkpt lat="8.3953222" lon="98.9953912"></trkpt>
			<trkpt lat="8.4172483" lon="98.9700394"></trkpt>
			<trkpt lat="8.4263014" lon="98.946374"></trkpt>
			<trkpt lat="8.4348308" lon="98.9430576"></trkpt>
			<trkpt lat="8.4371793" lon="98.939771"></trkpt>
			<trkpt lat="8.4431389" lon="98.9387389"></trkpt>
			<trkpt lat="8.452173" lon="98.9421412"></trkpt>
			<trkpt lat="8.4561815" lon="98.9405317"></trkpt>
			<trkpt lat="8.4607269" lon="98.9446988"></trkpt>
			<trkpt lat="8.4667037" lon="98.9448455"></trkpt>
			<trkpt lat="8.4723027" lon="98.9485254"></trkpt>
			<trkpt lat="8.4803421" lon="98.9464154"></trkpt>
			<trkpt lat="8.4841486" lon="98.9472136"></trkpt>
			<trkpt lat="8.4849884" lon="98.9490993"></trkpt>
			<trkpt lat="8.492252" lon="98.9501628"></trkpt>
			<trkpt lat="8.4962472" lon="98.9459833"></trkpt>
			<trkpt lat="8.5090217" lon="98.9424703"></trkpt>
			<trkpt lat="8.5326084" lon="98.9411694"></trkpt>
			<trkpt lat="8.5382364" lon="98.9344948"></trkpt>
			<trkpt lat="8.550817" lon="98.932502"></trkpt>
			<trkpt lat="8.556511" lon="98.9352962"></trkpt>
			<trkpt lat="8.5740408" lon="98.9379698"></trkpt>
			<trkpt lat="8.5852539" lon="98.9357588"></trkpt>
			<trkpt lat="8.5884521" lon="98.9300325"></trkpt>
			<trkpt lat="8.590039" lon="98.9216203"></trkpt>
			<trkpt lat="8.6025015" lon="98.9149048"></trkpt>
			<trkpt lat="8.6084451" lon="98.9184006"></trkpt>
			<trkpt lat="8.6150642" lon="98.9114074"></trkpt>
			<trkpt lat="8.6257737" lon="98.9084127"></trkpt>
			<trkpt lat="8.6481843" lon="98.8960164"></trkpt>
			<trkpt lat="8.6634935" lon="98.8902898"></trkpt>
			<trkpt lat="8.6675522" lon="98.890738"></trkpt>
			<trkpt lat="8.6603093" lon="98.878265"></trkpt>
			<trkpt lat="8.6556764" lon="98.8600094"></trkpt>
			<trkpt lat="8.6555162" lon="98.7997178"></trkpt>
			<trkpt lat="8.646738" lon="98.8001933"></trkpt>
			<trkpt lat="8.6405672" lon="98.7954816"></trkpt>
			<trkpt lat="8.6467692" lon="98.7856409"></trkpt>
			<trkpt lat="8.6557491" lon="98.7772538"></trkpt>
			<trkpt lat="8.6578635" lon="98.7715327"></trkpt>
			<trkpt lat="8.6649649" lon="98.7646945"></trkpt>
			<trkpt lat="8.6694968" lon="98.7640784"></trkpt>
			<trkpt lat="8.6723443" lon="98.7603969"></trkpt>
			<trkpt lat="8.6721451" lon="98.7538426"></trkpt>
		</trkseg>
	</trk>
	<trk>
		<name>เกาะลันตา</name>
		<desc>Length: 54.01 km (33.56 mi)</desc>
		<trkseg>
			<trkpt lat="7.645846" lon="99.0456835"></trkpt>
			<trkpt lat="7.6464177" lon="99.0447579"></trkpt>
			<trkpt lat="7.6469634" lon="99.0438178"></trkpt>
			<trkpt lat="7.6472127" lon="99.043335"></trkpt>
			<trkpt lat="7.6479094" lon="99.0418586"></trkpt>
			<trkpt lat="7.64858" lon="99.0403714"></trkpt>
			<trkpt lat="7.6488311" lon="99.0398914"></trkpt>
			<trkpt lat="7.6495582" lon="99.039084"></trkpt>
			<trkpt lat="7.649815" lon="99.0386176"></trkpt>
			<trkpt lat="7.6505096" lon="99.0343163"></trkpt>
			<trkpt lat="7.6502343" lon="99.0338974"></trkpt>
			<trkpt lat="7.6498748" lon="99.0334908"></trkpt>
			<trkpt lat="7.6495412" lon="99.0330615"></trkpt>
			<trkpt lat="7.6473558" lon="99.0299455"></trkpt>
			<trkpt lat="7.6467475" lon="99.029045"></trkpt>
			<trkpt lat="7.6464615" lon="99.0285837"></trkpt>
			<trkpt lat="7.6459713" lon="99.0276115"></trkpt>
			<trkpt lat="7.6458097" lon="99.0270927"></trkpt>
			<trkpt lat="7.6457594" lon="99.0265521"></trkpt>
			<trkpt lat="7.6457606" lon="99.0249197"></trkpt>
			<trkpt lat="7.6458054" lon="99.0238328"></trkpt>
			<trkpt lat="7.6460033" lon="99.0222119"></trkpt>
			<trkpt lat="7.646299" lon="99.0217614"></trkpt>
			<trkpt lat="7.6466914" lon="99.0213854"></trkpt>
			<trkpt lat="7.6471047" lon="99.0210329"></trkpt>
			<trkpt lat="7.6475468" lon="99.0207187"></trkpt>
			<trkpt lat="7.6480229" lon="99.0204572"></trkpt>
			<trkpt lat="7.6483655" lon="99.0200597"></trkpt>
			<trkpt lat="7.6487618" lon="99.0197024"></trkpt>
			<trkpt lat="7.6485973" lon="99.0193536"></trkpt>
			<trkpt lat="7.6475814" lon="99.0189631"></trkpt>
			<trkpt lat="7.6470607" lon="99.0188237"></trkpt>
			<trkpt lat="7.6465163" lon="99.0188044"></trkpt>
			<trkpt lat="7.644888" lon="99.0188103"></trkpt>
			<trkpt lat="7.644347" lon="99.0188375"></trkpt>
			<trkpt lat="7.64385" lon="99.0190517"></trkpt>
			<trkpt lat="7.6434384" lon="99.0194007"></trkpt>
			<trkpt lat="7.6431156" lon="99.0198382"></trkpt>
			<trkpt lat="7.6428148" lon="99.020291"></trkpt>
			<trkpt lat="7.6431116" lon="99.0204542"></trkpt>
			<trkpt lat="7.6441948" lon="99.0203862"></trkpt>
			<trkpt lat="7.6447059" lon="99.0205347"></trkpt>
			<trkpt lat="7.6451576" lon="99.0208407"></trkpt>
			<trkpt lat="7.6451118" lon="99.0213743"></trkpt>
			<trkpt lat="7.6449715" lon="99.0224549"></trkpt>
			<trkpt lat="7.6447923" lon="99.0235296"></trkpt>
			<trkpt lat="7.6445547" lon="99.024591"></trkpt>
			<trkpt lat="7.6441498" lon="99.0261737"></trkpt>
			<trkpt lat="7.643909" lon="99.0266562"></trkpt>
			<trkpt lat="7.6435562" lon="99.0270682"></trkpt>
			<trkpt lat="7.6430976" lon="99.0273577"></trkpt>
			<trkpt lat="7.6405744" lon="99.0283589"></trkpt>
			<trkpt lat="7.6395578" lon="99.0287413"></trkpt>
			<trkpt lat="7.6385328" lon="99.0290977"></trkpt>
			<trkpt lat="7.6359406" lon="99.0299036"></trkpt>
			<trkpt lat="7.6354289" lon="99.0300854"></trkpt>
			<trkpt lat="7.6344366" lon="99.0305259"></trkpt>
			<trkpt lat="7.6334817" lon="99.0310441"></trkpt>
			<trkpt lat="7.6330402" lon="99.0313631"></trkpt>
			<trkpt lat="7.6325647" lon="99.0316036"></trkpt>
			<trkpt lat="7.630959" lon="99.0318848"></trkpt>
			<trkpt lat="7.6298848" lon="99.0320426"></trkpt>
			<trkpt lat="7.6282667" lon="99.0322255"></trkpt>
			<trkpt lat="7.6271824" lon="99.0322659"></trkpt>
			<trkpt lat="7.6266583" lon="99.0321545"></trkpt>
			<trkpt lat="7.6262541" lon="99.0317972"></trkpt>
			<trkpt lat="7.6259104" lon="99.0313762"></trkpt>
			<trkpt lat="7.625591" lon="99.0309364"></trkpt>
			<trkpt lat="7.6253196" lon="99.0304669"></trkpt>
			<trkpt lat="7.6254469" lon="99.0299587"></trkpt>
			<trkpt lat="7.6257251" lon="99.0294918"></trkpt>
			<trkpt lat="7.6256403" lon="99.0290138"></trkpt>
			<trkpt lat="7.6235593" lon="99.0272621"></trkpt>
			<trkpt lat="7.623133" lon="99.0269315"></trkpt>
			<trkpt lat="7.6226056" lon="99.0267934"></trkpt>
			<trkpt lat="7.6220674" lon="99.0268132"></trkpt>
			<trkpt lat="7.6205109" lon="99.0272934"></trkpt>
			<trkpt lat="7.6194836" lon="99.0276426"></trkpt>
			<trkpt lat="7.6179622" lon="99.0282242"></trkpt>
			<trkpt lat="7.6093684" lon="99.0315926"></trkpt>
			<trkpt lat="7.6078368" lon="99.0321435"></trkpt>
			<trkpt lat="7.606805" lon="99.0324811"></trkpt>
			<trkpt lat="7.6036847" lon="99.033417"></trkpt>
			<trkpt lat="7.6026139" lon="99.0335974"></trkpt>
			<trkpt lat="7.6009913" lon="99.0337363"></trkpt>
			<trkpt lat="7.6004644" lon="99.0336516"></trkpt>
			<trkpt lat="7.5985943" lon="99.0325468"></trkpt>
			<trkpt lat="7.5981143" lon="99.0322929"></trkpt>
			<trkpt lat="7.5976224" lon="99.0320609"></trkpt>
			<trkpt lat="7.5970995" lon="99.0319319"></trkpt>
			<trkpt lat="7.5949279" lon="99.0319539"></trkpt>
			<trkpt lat="7.5943874" lon="99.0320026"></trkpt>
			<trkpt lat="7.5915821" lon="99.0321046"></trkpt>
			<trkpt lat="7.5905079" lon="99.0320892"></trkpt>
			<trkpt lat="7.5900098" lon="99.0320444"></trkpt>
			<trkpt lat="7.5896774" lon="99.0318399"></trkpt>
			<trkpt lat="7.5897724" lon="99.0312024"></trkpt>
			<trkpt lat="7.5895107" lon="99.0307282"></trkpt>
			<trkpt lat="7.589059" lon="99.0305315"></trkpt>
			<trkpt lat="7.5870078" lon="99.0312487"></trkpt>
			<trkpt lat="7.5864798" lon="99.031358"></trkpt>
			<trkpt lat="7.585937" lon="99.0313444"></trkpt>
			<trkpt lat="7.5853965" lon="99.0312899"></trkpt>
			<trkpt lat="7.5832482" lon="99.0309677"></trkpt>
			<trkpt lat="7.5821689" lon="99.0308648"></trkpt>
			<trkpt lat="7.581625" lon="99.0308477"></trkpt>
			<trkpt lat="7.5810806" lon="99.0308545"></trkpt>
			<trkpt lat="7.580539" lon="99.0308853"></trkpt>
			<trkpt lat="7.5800024" lon="99.0309564"></trkpt>
			<trkpt lat="7.5778902" lon="99.0314696"></trkpt>
			<trkpt lat="7.5768493" lon="99.0317774"></trkpt>
			<trkpt lat="7.5753126" lon="99.0323184"></trkpt>
			<trkpt lat="7.5743159" lon="99.0327614"></trkpt>
			<trkpt lat="7.5737923" lon="99.0328574"></trkpt>
			<trkpt lat="7.573244" lon="99.0328262"></trkpt>
			<trkpt lat="7.5727006" lon="99.0328415"></trkpt>
			<trkpt lat="7.5721602" lon="99.0328848"></trkpt>
			<trkpt lat="7.571623" lon="99.0329655"></trkpt>
			<trkpt lat="7.5705449" lon="99.0330906"></trkpt>
			<trkpt lat="7.5694769" lon="99.033286"></trkpt>
			<trkpt lat="7.5673556" lon="99.0337541"></trkpt>
			<trkpt lat="7.5668349" lon="99.0339045"></trkpt>
			<trkpt lat="7.5663368" lon="99.0341237"></trkpt>
			<trkpt lat="7.5654039" lon="99.034678"></trkpt>
			<trkpt lat="7.5645813" lon="99.0351057"></trkpt>
			<trkpt lat="7.564112" lon="99.0353992"></trkpt>
			<trkpt lat="7.5631559" lon="99.0359158"></trkpt>
			<trkpt lat="7.5626607" lon="99.0361362"></trkpt>
			<trkpt lat="7.5611466" lon="99.0367426"></trkpt>
			<trkpt lat="7.5580975" lon="99.0379086"></trkpt>
			<trkpt lat="7.5570984" lon="99.0383314"></trkpt>
			<trkpt lat="7.5561186" lon="99.0387931"></trkpt>
			<trkpt lat="7.554691" lon="99.039568"></trkpt>
			<trkpt lat="7.5537581" lon="99.0401212"></trkpt>
			<trkpt lat="7.5528359" lon="99.0406953"></trkpt>
			<trkpt lat="7.549184" lon="99.0430666"></trkpt>
			<trkpt lat="7.5473329" lon="99.0442037"></trkpt>
			<trkpt lat="7.5463893" lon="99.0447368"></trkpt>
			<trkpt lat="7.5459081" lon="99.0449857"></trkpt>
			<trkpt lat="7.5449249" lon="99.0454428"></trkpt>
			<trkpt lat="7.5439219" lon="99.0458614"></trkpt>
			<trkpt lat="7.5368529" lon="99.0486701"></trkpt>
			<trkpt lat="7.5348548" lon="99.0495222"></trkpt>
			<trkpt lat="7.5338489" lon="99.0499306"></trkpt>
			<trkpt lat="7.5328295" lon="99.0503035"></trkpt>
			<trkpt lat="7.5318011" lon="99.0506513"></trkpt>
			<trkpt lat="7.5297324" lon="99.0513136"></trkpt>
			<trkpt lat="7.5276269" lon="99.0518884"></trkpt>
			<trkpt lat="7.527109" lon="99.0520483"></trkpt>
			<trkpt lat="7.526603" lon="99.0522333"></trkpt>
			<trkpt lat="7.5261156" lon="99.0524578"></trkpt>
			<trkpt lat="7.5256621" lon="99.0527518"></trkpt>
			<trkpt lat="7.5247982" lon="99.053427"></trkpt>
			<trkpt lat="7.5243493" lon="99.0537343"></trkpt>
			<trkpt lat="7.5238636" lon="99.0539733"></trkpt>
			<trkpt lat="7.5228346" lon="99.0543476"></trkpt>
			<trkpt lat="7.52235" lon="99.0545849"></trkpt>
			<trkpt lat="7.5219045" lon="99.0548902"></trkpt>
			<trkpt lat="7.5210439" lon="99.0555521"></trkpt>
			<trkpt lat="7.519368" lon="99.0569543"></trkpt>
			<trkpt lat="7.5185159" lon="99.0576295"></trkpt>
			<trkpt lat="7.5176282" lon="99.0582446"></trkpt>
			<trkpt lat="7.51716" lon="99.0585097"></trkpt>
			<trkpt lat="7.5166698" lon="99.0587362"></trkpt>
			<trkpt lat="7.5161638" lon="99.0589361"></trkpt>
			<trkpt lat="7.5146186" lon="99.0594877"></trkpt>
			<trkpt lat="7.5120845" lon="99.0604711"></trkpt>
			<trkpt lat="7.5110911" lon="99.0609054"></trkpt>
			<trkpt lat="7.5106088" lon="99.061151"></trkpt>
			<trkpt lat="7.5096742" lon="99.0617037"></trkpt>
			<trkpt lat="7.5083042" lon="99.0625912"></trkpt>
			<trkpt lat="7.5065186" lon="99.0638291"></trkpt>
			<trkpt lat="7.5051429" lon="99.064701"></trkpt>
			<trkpt lat="7.5028207" lon="99.0661084"></trkpt>
			<trkpt lat="7.5018963" lon="99.0666232"></trkpt>
			<trkpt lat="7.5008153" lon="99.0667202"></trkpt>
			<trkpt lat="7.5003053" lon="99.0668694"></trkpt>
			<trkpt lat="7.4995567" lon="99.0676516"></trkpt>
			<trkpt lat="7.4986062" lon="99.068178"></trkpt>
			<trkpt lat="7.4973063" lon="99.0691603"></trkpt>
			<trkpt lat="7.4968528" lon="99.0694656"></trkpt>
			<trkpt lat="7.4965299" lon="99.0698505"></trkpt>
			<trkpt lat="7.4966712" lon="99.0703941"></trkpt>
			<trkpt lat="7.4970997" lon="99.0707167"></trkpt>
			<trkpt lat="7.4975598" lon="99.0710054"></trkpt>
			<trkpt lat="7.497947" lon="99.0713513"></trkpt>
			<trkpt lat="7.4980318" lon="99.071879"></trkpt>
			<trkpt lat="7.4978474" lon="99.0723934"></trkpt>
			<trkpt lat="7.4976341" lon="99.0728936"></trkpt>
			<trkpt lat="7.4973384" lon="99.0733487"></trkpt>
			<trkpt lat="7.4969516" lon="99.0737293"></trkpt>
			<trkpt lat="7.4965157" lon="99.0740533"></trkpt>
			<trkpt lat="7.4960531" lon="99.0743395"></trkpt>
			<trkpt lat="7.4955686" lon="99.0745827"></trkpt>
			<trkpt lat="7.4945582" lon="99.0749828"></trkpt>
			<trkpt lat="7.4940641" lon="99.0752073"></trkpt>
			<trkpt lat="7.4931045" lon="99.0757184"></trkpt>
			<trkpt lat="7.4925996" lon="99.0759129"></trkpt>
			<trkpt lat="7.4920789" lon="99.0760709"></trkpt>
			<trkpt lat="7.491552" lon="99.0762039"></trkpt>
			<trkpt lat="7.4904811" lon="99.0763844"></trkpt>
			<trkpt lat="7.4899525" lon="99.0765038"></trkpt>
			<trkpt lat="7.4894374" lon="99.0766771"></trkpt>
			<trkpt lat="7.4888913" lon="99.0767968"></trkpt>
			<trkpt lat="7.4887719" lon="99.0772222"></trkpt>
			<trkpt lat="7.4889385" lon="99.0782977"></trkpt>
			<trkpt lat="7.4889491" lon="99.078837"></trkpt>
			<trkpt lat="7.4886257" lon="99.0792615"></trkpt>
			<trkpt lat="7.4880948" lon="99.0793673"></trkpt>
			<trkpt lat="7.4875526" lon="99.0793927"></trkpt>
			<trkpt lat="7.4870081" lon="99.0793853"></trkpt>
			<trkpt lat="7.4864846" lon="99.0794733"></trkpt>
			<trkpt lat="7.4861074" lon="99.0798612"></trkpt>
			<trkpt lat="7.4859208" lon="99.0803019"></trkpt>
			<trkpt lat="7.4863741" lon="99.0806005"></trkpt>
			<trkpt lat="7.4867167" lon="99.0810087"></trkpt>
			<trkpt lat="7.4869603" lon="99.0814934"></trkpt>
			<trkpt lat="7.4869098" lon="99.0820307"></trkpt>
			<trkpt lat="7.4867463" lon="99.0825481"></trkpt>
			<trkpt lat="7.4864528" lon="99.0830038"></trkpt>
			<trkpt lat="7.4860887" lon="99.0834073"></trkpt>
			<trkpt lat="7.4856849" lon="99.0837709"></trkpt>
			<trkpt lat="7.4849334" lon="99.0845562"></trkpt>
			<trkpt lat="7.4844167" lon="99.0846028"></trkpt>
			<trkpt lat="7.4838903" lon="99.0844693"></trkpt>
			<trkpt lat="7.4833719" lon="99.0845129"></trkpt>
			<trkpt lat="7.4830309" lon="99.084932"></trkpt>
			<trkpt lat="7.4827645" lon="99.0854075"></trkpt>
			<trkpt lat="7.482592" lon="99.0859207"></trkpt>
			<trkpt lat="7.482688" lon="99.0864418"></trkpt>
			<trkpt lat="7.4828564" lon="99.0869491"></trkpt>
			<trkpt lat="7.4827856" lon="99.0875091"></trkpt>
			<trkpt lat="7.4826385" lon="99.0880308"></trkpt>
			<trkpt lat="7.4823082" lon="99.0884292"></trkpt>
			<trkpt lat="7.4818655" lon="99.0887562"></trkpt>
			<trkpt lat="7.4809201" lon="99.0893254"></trkpt>
			<trkpt lat="7.4804389" lon="99.0895804"></trkpt>
			<trkpt lat="7.4799464" lon="99.0898115"></trkpt>
			<trkpt lat="7.4794438" lon="99.0900139"></trkpt>
			<trkpt lat="7.4784034" lon="99.0903295"></trkpt>
			<trkpt lat="7.4773721" lon="99.0906731"></trkpt>
			<trkpt lat="7.4769815" lon="99.0903878"></trkpt>
			<trkpt lat="7.476738" lon="99.0898997"></trkpt>
			<trkpt lat="7.4763751" lon="99.08954"></trkpt>
			<trkpt lat="7.4758357" lon="99.089479"></trkpt>
			<trkpt lat="7.4752924" lon="99.0894749"></trkpt>
			<trkpt lat="7.4747564" lon="99.0895459"></trkpt>
			<trkpt lat="7.4742476" lon="99.089744"></trkpt>
			<trkpt lat="7.4741808" lon="99.0902349"></trkpt>
			<trkpt lat="7.474283" lon="99.0907705"></trkpt>
			<trkpt lat="7.4741557" lon="99.0912853"></trkpt>
			<trkpt lat="7.4737988" lon="99.0916931"></trkpt>
			<trkpt lat="7.4726113" lon="99.0928096"></trkpt>
			<trkpt lat="7.4722811" lon="99.0932432"></trkpt>
			<trkpt lat="7.4722742" lon="99.0937827"></trkpt>
			<trkpt lat="7.4721938" lon="99.0943177"></trkpt>
			<trkpt lat="7.4722208" lon="99.0948496"></trkpt>
			<trkpt lat="7.4724446" lon="99.0953374"></trkpt>
			<trkpt lat="7.4715591" lon="99.0959645"></trkpt>
			<trkpt lat="7.470621" lon="99.096509"></trkpt>
			<trkpt lat="7.4703778" lon="99.0969876"></trkpt>
			<trkpt lat="7.4702199" lon="99.0975081"></trkpt>
			<trkpt lat="7.4702153" lon="99.0980533"></trkpt>
			<trkpt lat="7.4697839" lon="99.0983183"></trkpt>
			<trkpt lat="7.4692569" lon="99.0984332"></trkpt>
			<trkpt lat="7.4681822" lon="99.0982831"></trkpt>
			<trkpt lat="7.4676412" lon="99.0982921"></trkpt>
			<trkpt lat="7.4673188" lon="99.0985141"></trkpt>
			<trkpt lat="7.4678457" lon="99.0986462"></trkpt>
			<trkpt lat="7.468354" lon="99.098819"></trkpt>
			<trkpt lat="7.4688067" lon="99.0991253"></trkpt>
			<trkpt lat="7.4691911" lon="99.0995029"></trkpt>
			<trkpt lat="7.4701909" lon="99.1007913"></trkpt>
			<trkpt lat="7.4702061" lon="99.1012971"></trkpt>
			<trkpt lat="7.4699165" lon="99.1017573"></trkpt>
			<trkpt lat="7.4698452" lon="99.1022931"></trkpt>
			<trkpt lat="7.4700311" lon="99.1027758"></trkpt>
			<trkpt lat="7.4703973" lon="99.103188"></trkpt>
			<trkpt lat="7.470806" lon="99.103537"></trkpt>
			<trkpt lat="7.4712927" lon="99.1037611"></trkpt>
			<trkpt lat="7.4723273" lon="99.1041197"></trkpt>
			<trkpt lat="7.4728134" lon="99.1043586"></trkpt>
			<trkpt lat="7.473762" lon="99.104891"></trkpt>
			<trkpt lat="7.4742492" lon="99.1051284"></trkpt>
			<trkpt lat="7.4747626" lon="99.1053076"></trkpt>
			<trkpt lat="7.4752877" lon="99.1054484"></trkpt>
			<trkpt lat="7.475826" lon="99.1055083"></trkpt>
			<trkpt lat="7.4763608" lon="99.1054226"></trkpt>
			<trkpt lat="7.4769013" lon="99.105429"></trkpt>
			<trkpt lat="7.4784769" lon="99.1058474"></trkpt>
			<trkpt lat="7.4789919" lon="99.1060147"></trkpt>
			<trkpt lat="7.4794724" lon="99.1062652"></trkpt>
			<trkpt lat="7.4799308" lon="99.1065573"></trkpt>
			<trkpt lat="7.480059" lon="99.1070694"></trkpt>
			<trkpt lat="7.4800923" lon="99.107616"></trkpt>
			<trkpt lat="7.4801865" lon="99.1081499"></trkpt>
			<trkpt lat="7.4804629" lon="99.1086202"></trkpt>
			<trkpt lat="7.4808727" lon="99.1089678"></trkpt>
			<trkpt lat="7.4818523" lon="99.1094631"></trkpt>
			<trkpt lat="7.482364" lon="99.109595"></trkpt>
			<trkpt lat="7.483454" lon="99.1095128"></trkpt>
			<trkpt lat="7.4839973" lon="99.1095461"></trkpt>
			<trkpt lat="7.4845384" lon="99.1096128"></trkpt>
			<trkpt lat="7.4850613" lon="99.1097412"></trkpt>
			<trkpt lat="7.4855401" lon="99.1100144"></trkpt>
			<trkpt lat="7.4860664" lon="99.1100879"></trkpt>
			<trkpt lat="7.4877043" lon="99.1100472"></trkpt>
			<trkpt lat="7.4882402" lon="99.1100921"></trkpt>
			<trkpt lat="7.4886976" lon="99.1103828"></trkpt>
			<trkpt lat="7.4890802" lon="99.1107698"></trkpt>
			<trkpt lat="7.4895302" lon="99.1109515"></trkpt>
			<trkpt lat="7.4900198" lon="99.1107587"></trkpt>
			<trkpt lat="7.4943618" lon="99.1107876"></trkpt>
			<trkpt lat="7.4965328" lon="99.1107725"></trkpt>
			<trkpt lat="7.497075" lon="99.1107506"></trkpt>
			<trkpt lat="7.4981481" lon="99.1105852"></trkpt>
			<trkpt lat="7.4986485" lon="99.1103831"></trkpt>
			<trkpt lat="7.499089" lon="99.1100634"></trkpt>
			<trkpt lat="7.4995052" lon="99.1097137"></trkpt>
			<trkpt lat="7.5007091" lon="99.1086091"></trkpt>
			<trkpt lat="7.5011841" lon="99.1083616"></trkpt>
			<trkpt lat="7.5045223" lon="99.1072799"></trkpt>
			<trkpt lat="7.5050266" lon="99.1070843"></trkpt>
			<trkpt lat="7.5055112" lon="99.1068555"></trkpt>
			<trkpt lat="7.5059653" lon="99.1065744"></trkpt>
			<trkpt lat="7.5063826" lon="99.1062309"></trkpt>
			<trkpt lat="7.5075554" lon="99.1050755"></trkpt>
			<trkpt lat="7.5083121" lon="99.1042942"></trkpt>
			<trkpt lat="7.5087017" lon="99.1039167"></trkpt>
			<trkpt lat="7.5091337" lon="99.1035854"></trkpt>
			<trkpt lat="7.5095985" lon="99.1033034"></trkpt>
			<trkpt lat="7.5100921" lon="99.103073"></trkpt>
			<trkpt lat="7.5116718" lon="99.1026921"></trkpt>
			<trkpt lat="7.5164585" lon="99.1016919"></trkpt>
			<trkpt lat="7.5169843" lon="99.10156"></trkpt>
			<trkpt lat="7.5175016" lon="99.1013987"></trkpt>
			<trkpt lat="7.519541" lon="99.1006488"></trkpt>
			<trkpt lat="7.5200437" lon="99.1004433"></trkpt>
			<trkpt lat="7.5205311" lon="99.1002052"></trkpt>
			<trkpt lat="7.5210055" lon="99.099939"></trkpt>
			<trkpt lat="7.5214635" lon="99.0996462"></trkpt>
			<trkpt lat="7.5223502" lon="99.0990201"></trkpt>
			<trkpt lat="7.5245419" lon="99.0974148"></trkpt>
			<trkpt lat="7.5249908" lon="99.0971101"></trkpt>
			<trkpt lat="7.5261733" lon="99.0959856"></trkpt>
			<trkpt lat="7.5265278" lon="99.0955763"></trkpt>
			<trkpt lat="7.5271386" lon="99.0946743"></trkpt>
			<trkpt lat="7.5274994" lon="99.0942772"></trkpt>
			<trkpt lat="7.5279998" lon="99.0941"></trkpt>
			<trkpt lat="7.5285453" lon="99.094112"></trkpt>
			<trkpt lat="7.5296116" lon="99.0943165"></trkpt>
			<trkpt lat="7.5312211" lon="99.0945715"></trkpt>
			<trkpt lat="7.5317593" lon="99.0946328"></trkpt>
			<trkpt lat="7.5323038" lon="99.094625"></trkpt>
			<trkpt lat="7.5328115" lon="99.0944432"></trkpt>
			<trkpt lat="7.5332283" lon="99.0941006"></trkpt>
			<trkpt lat="7.5335495" lon="99.0936622"></trkpt>
			<trkpt lat="7.5338232" lon="99.0931928"></trkpt>
			<trkpt lat="7.5348588" lon="99.0912804"></trkpt>
			<trkpt lat="7.5352196" lon="99.0908845"></trkpt>
			<trkpt lat="7.5369222" lon="99.0895339"></trkpt>
			<trkpt lat="7.5391246" lon="99.087945"></trkpt>
			<trkpt lat="7.5409136" lon="99.0867128"></trkpt>
			<trkpt lat="7.5413694" lon="99.0864172"></trkpt>
			<trkpt lat="7.542788" lon="99.0856155"></trkpt>
			<trkpt lat="7.5432692" lon="99.0856499"></trkpt>
			<trkpt lat="7.5437242" lon="99.0859466"></trkpt>
			<trkpt lat="7.5442003" lon="99.0858588"></trkpt>
			<trkpt lat="7.5445718" lon="99.0854632"></trkpt>
			<trkpt lat="7.5460042" lon="99.0838278"></trkpt>
			<trkpt lat="7.5473941" lon="99.0821559"></trkpt>
			<trkpt lat="7.54776" lon="99.0817551"></trkpt>
			<trkpt lat="7.54817" lon="99.0813963"></trkpt>
			<trkpt lat="7.5486155" lon="99.0810871"></trkpt>
			<trkpt lat="7.5490786" lon="99.080801"></trkpt>
			<trkpt lat="7.5495547" lon="99.0805397"></trkpt>
			<trkpt lat="7.55053" lon="99.0800563"></trkpt>
			<trkpt lat="7.5510304" lon="99.0798453"></trkpt>
			<trkpt lat="7.5515421" lon="99.0796684"></trkpt>
			<trkpt lat="7.552583" lon="99.0793589"></trkpt>
			<trkpt lat="7.5546817" lon="99.0787891"></trkpt>
			<trkpt lat="7.5557175" lon="99.0784703"></trkpt>
			<trkpt lat="7.5562117" lon="99.0782523"></trkpt>
			<trkpt lat="7.556681" lon="99.077973"></trkpt>
			<trkpt lat="7.5571684" lon="99.077734"></trkpt>
			<trkpt lat="7.5581855" lon="99.077354"></trkpt>
			<trkpt lat="7.5592208" lon="99.0770236"></trkpt>
			<trkpt lat="7.5613206" lon="99.0764705"></trkpt>
			<trkpt lat="7.5618301" lon="99.0762825"></trkpt>
			<trkpt lat="7.5623463" lon="99.0761191"></trkpt>
			<trkpt lat="7.5628788" lon="99.0760127"></trkpt>
			<trkpt lat="7.5644851" lon="99.0757401"></trkpt>
			<trkpt lat="7.5650228" lon="99.0756703"></trkpt>
			<trkpt lat="7.5671859" lon="99.0754845"></trkpt>
			<trkpt lat="7.5682708" lon="99.07544"></trkpt>
			<trkpt lat="7.5724144" lon="99.0754143"></trkpt>
			<trkpt lat="7.5729503" lon="99.0754954"></trkpt>
			<trkpt lat="7.5734721" lon="99.0756468"></trkpt>
			<trkpt lat="7.5752913" lon="99.0768327"></trkpt>
			<trkpt lat="7.5758102" lon="99.0768645"></trkpt>
			<trkpt lat="7.5767963" lon="99.0764114"></trkpt>
			<trkpt lat="7.5772792" lon="99.0761625"></trkpt>
			<trkpt lat="7.577792" lon="99.075981"></trkpt>
			<trkpt lat="7.5783189" lon="99.0758545"></trkpt>
			<trkpt lat="7.5788583" lon="99.075782"></trkpt>
			<trkpt lat="7.5793999" lon="99.0757501"></trkpt>
			<trkpt lat="7.5799449" lon="99.0757491"></trkpt>
			<trkpt lat="7.5804814" lon="99.0758089"></trkpt>
			<trkpt lat="7.5810038" lon="99.075966"></trkpt>
			<trkpt lat="7.5820061" lon="99.0763809"></trkpt>
			<trkpt lat="7.5835987" lon="99.07675"></trkpt>
			<trkpt lat="7.5841086" lon="99.0769232"></trkpt>
			<trkpt lat="7.5845937" lon="99.077159"></trkpt>
			<trkpt lat="7.5859917" lon="99.0780075"></trkpt>
			<trkpt lat="7.5864739" lon="99.0782555"></trkpt>
			<trkpt lat="7.5869702" lon="99.0784776"></trkpt>
			<trkpt lat="7.5874762" lon="99.0786775"></trkpt>
			<trkpt lat="7.5885062" lon="99.079017"></trkpt>
			<trkpt lat="7.5900812" lon="99.0794346"></trkpt>
			<trkpt lat="7.5911435" lon="99.0796589"></trkpt>
			<trkpt lat="7.5916806" lon="99.0797352"></trkpt>
			<trkpt lat="7.592761" lon="99.0798502"></trkpt>
			<trkpt lat="7.5938357" lon="99.08"></trkpt>
			<trkpt lat="7.594379" lon="99.0799958"></trkpt>
			<trkpt lat="7.5949189" lon="99.0799452"></trkpt>
			<trkpt lat="7.5959943" lon="99.0797958"></trkpt>
			<trkpt lat="7.5965207" lon="99.0796622"></trkpt>
			<trkpt lat="7.597034" lon="99.0794855"></trkpt>
			<trkpt lat="7.5975282" lon="99.0792621"></trkpt>
			<trkpt lat="7.5979862" lon="99.0789695"></trkpt>
			<trkpt lat="7.5984035" lon="99.0786211"></trkpt>
			<trkpt lat="7.5992138" lon="99.0778965"></trkpt>
			<trkpt lat="7.6007451" lon="99.0763548"></trkpt>
			<trkpt lat="7.6015831" lon="99.0756611"></trkpt>
			<trkpt lat="7.6019873" lon="99.0752999"></trkpt>
			<trkpt lat="7.6023572" lon="99.0749028"></trkpt>
			<trkpt lat="7.6030425" lon="99.0740575"></trkpt>
			<trkpt lat="7.6040169" lon="99.0727493"></trkpt>
			<trkpt lat="7.6067566" lon="99.0693656"></trkpt>
			<trkpt lat="7.6074261" lon="99.0685107"></trkpt>
			<trkpt lat="7.608073" lon="99.0676418"></trkpt>
			<trkpt lat="7.6083428" lon="99.067175"></trkpt>
			<trkpt lat="7.6087477" lon="99.0661593"></trkpt>
			<trkpt lat="7.6092515" lon="99.0660367"></trkpt>
			<trkpt lat="7.611423" lon="99.0660402"></trkpt>
			<trkpt lat="7.6119319" lon="99.0661879"></trkpt>
			<trkpt lat="7.6128731" lon="99.0667306"></trkpt>
			<trkpt lat="7.6138511" lon="99.0672024"></trkpt>
			<trkpt lat="7.6143729" lon="99.0673286"></trkpt>
			<trkpt lat="7.6148931" lon="99.0671921"></trkpt>
			<trkpt lat="7.6153482" lon="99.066899"></trkpt>
			<trkpt lat="7.6173216" lon="99.0650308"></trkpt>
			<trkpt lat="7.617597" lon="99.0645786"></trkpt>
			<trkpt lat="7.6174359" lon="99.0641287"></trkpt>
			<trkpt lat="7.6169311" lon="99.0639286"></trkpt>
			<trkpt lat="7.6163951" lon="99.0639894"></trkpt>
			<trkpt lat="7.6158665" lon="99.0641166"></trkpt>
			<trkpt lat="7.6153305" lon="99.064204"></trkpt>
			<trkpt lat="7.6148019" lon="99.0641088"></trkpt>
			<trkpt lat="7.6143067" lon="99.0638803"></trkpt>
			<trkpt lat="7.6133593" lon="99.0633487"></trkpt>
			<trkpt lat="7.6129121" lon="99.0630404"></trkpt>
			<trkpt lat="7.6125028" lon="99.0626813"></trkpt>
			<trkpt lat="7.6121552" lon="99.0622648"></trkpt>
			<trkpt lat="7.6118307" lon="99.061816"></trkpt>
			<trkpt lat="7.6117539" lon="99.0613261"></trkpt>
			<trkpt lat="7.6119852" lon="99.0608199"></trkpt>
			<trkpt lat="7.612251" lon="99.0603482"></trkpt>
			<trkpt lat="7.612588" lon="99.0599198"></trkpt>
			<trkpt lat="7.6129686" lon="99.0595334"></trkpt>
			<trkpt lat="7.6133904" lon="99.0591884"></trkpt>
			<trkpt lat="7.613841" lon="99.058887"></trkpt>
			<trkpt lat="7.614788" lon="99.0583545"></trkpt>
			<trkpt lat="7.6157526" lon="99.0578549"></trkpt>
			<trkpt lat="7.6172368" lon="99.057185"></trkpt>
			<trkpt lat="7.6192405" lon="99.0563458"></trkpt>
			<trkpt lat="7.6207354" lon="99.0556884"></trkpt>
			<trkpt lat="7.6217475" lon="99.0553021"></trkpt>
			<trkpt lat="7.6222659" lon="99.0551474"></trkpt>
			<trkpt lat="7.6233272" lon="99.0549144"></trkpt>
			<trkpt lat="7.6249373" lon="99.0546568"></trkpt>
			<trkpt lat="7.6276381" lon="99.0543548"></trkpt>
			<trkpt lat="7.6281741" lon="99.0542747"></trkpt>
			<trkpt lat="7.6292347" lon="99.0540553"></trkpt>
			<trkpt lat="7.6302841" lon="99.0537783"></trkpt>
			<trkpt lat="7.6313255" lon="99.0534653"></trkpt>
			<trkpt lat="7.6333937" lon="99.0527989"></trkpt>
			<trkpt lat="7.6344165" lon="99.0524327"></trkpt>
			<trkpt lat="7.6354302" lon="99.0520429"></trkpt>
			<trkpt lat="7.637439" lon="99.0512184"></trkpt>
			<trkpt lat="7.6404339" lon="99.0499367"></trkpt>
			<trkpt lat="7.6424161" lon="99.0490483"></trkpt>
			<trkpt lat="7.6428939" lon="99.0487903"></trkpt>
			<trkpt lat="7.6433598" lon="99.0485115"></trkpt>
			<trkpt lat="7.6438076" lon="99.0482044"></trkpt>
			<trkpt lat="7.6442271" lon="99.0478579"></trkpt>
			<trkpt lat="7.6445958" lon="99.0474599"></trkpt>
			<trkpt lat="7.6449413" lon="99.0470392"></trkpt>
			<trkpt lat="7.6452602" lon="99.0465995"></trkpt>
			<trkpt lat="7.645846" lon="99.0456835"></trkpt>
		</trkseg>
	</trk>
	<trk>
		<name>กระบี่1</name>
		<desc>Length: 40.19 km (24.97 mi)</desc>
		<trkseg>
			<trkpt lat="7.6874726" lon="99.0693302"></trkpt>
			<trkpt lat="7.6875846" lon="99.0687975"></trkpt>
			<trkpt lat="7.6876243" lon="99.0682551"></trkpt>
			<trkpt lat="7.6876346" lon="99.0671667"></trkpt>
			<trkpt lat="7.6876454" lon="99.066622"></trkpt>
			<trkpt lat="7.6876026" lon="99.0660822"></trkpt>
			<trkpt lat="7.6875156" lon="99.0655449"></trkpt>
			<trkpt lat="7.6874727" lon="99.0650026"></trkpt>
			<trkpt lat="7.6874383" lon="99.0644593"></trkpt>
			<trkpt lat="7.6874203" lon="99.0639156"></trkpt>
			<trkpt lat="7.6874132" lon="99.0622834"></trkpt>
			<trkpt lat="7.6874868" lon="99.0611981"></trkpt>
			<trkpt lat="7.6874972" lon="99.0595659"></trkpt>
			<trkpt lat="7.687521" lon="99.0590224"></trkpt>
			<trkpt lat="7.6875777" lon="99.0584809"></trkpt>
			<trkpt lat="7.6875998" lon="99.0579379"></trkpt>
			<trkpt lat="7.6875959" lon="99.0573936"></trkpt>
			<trkpt lat="7.687605" lon="99.0568493"></trkpt>
			<trkpt lat="7.687557" lon="99.056308"></trkpt>
			<trkpt lat="7.6873876" lon="99.0552312"></trkpt>
			<trkpt lat="7.6872559" lon="99.0547055"></trkpt>
			<trkpt lat="7.6870677" lon="99.0541957"></trkpt>
			<trkpt lat="7.6868642" lon="99.0536896"></trkpt>
			<trkpt lat="7.686112" lon="99.0516478"></trkpt>
			<trkpt lat="7.6858243" lon="99.0507487"></trkpt>
			<trkpt lat="7.6857085" lon="99.0502165"></trkpt>
			<trkpt lat="7.6856045" lon="99.0496829"></trkpt>
			<trkpt lat="7.6855351" lon="99.0491437"></trkpt>
			<trkpt lat="7.6854842" lon="99.0486016"></trkpt>
			<trkpt lat="7.6854442" lon="99.0480589"></trkpt>
			<trkpt lat="7.6854137" lon="99.0475157"></trkpt>
			<trkpt lat="7.6853263" lon="99.0453409"></trkpt>
			<trkpt lat="7.6853133" lon="99.0447971"></trkpt>
			<trkpt lat="7.68531" lon="99.0442527"></trkpt>
			<trkpt lat="7.6853357" lon="99.042072"></trkpt>
			<trkpt lat="7.685334" lon="99.0415284"></trkpt>
			<trkpt lat="7.6853222" lon="99.0409866"></trkpt>
			<trkpt lat="7.6852612" lon="99.0404525"></trkpt>
			<trkpt lat="7.6850413" lon="99.0399481"></trkpt>
			<trkpt lat="7.6847898" lon="99.0394666"></trkpt>
			<trkpt lat="7.684467" lon="99.0390285"></trkpt>
			<trkpt lat="7.6840747" lon="99.0386457"></trkpt>
			<trkpt lat="7.6835415" lon="99.0385923"></trkpt>
			<trkpt lat="7.6830039" lon="99.0386762"></trkpt>
			<trkpt lat="7.6814022" lon="99.0389707"></trkpt>
			<trkpt lat="7.6803353" lon="99.0391752"></trkpt>
			<trkpt lat="7.6760696" lon="99.0400141"></trkpt>
			<trkpt lat="7.6750027" lon="99.0402189"></trkpt>
			<trkpt lat="7.6734011" lon="99.0405143"></trkpt>
			<trkpt lat="7.6723325" lon="99.0407001"></trkpt>
			<trkpt lat="7.6712628" lon="99.0408748"></trkpt>
			<trkpt lat="7.670192" lon="99.0410362"></trkpt>
			<trkpt lat="7.6696549" lon="99.0411005"></trkpt>
			<trkpt lat="7.6691144" lon="99.041131"></trkpt>
			<trkpt lat="7.6685723" lon="99.0411355"></trkpt>
			<trkpt lat="7.6680284" lon="99.0411224"></trkpt>
			<trkpt lat="7.6669384" lon="99.0410781"></trkpt>
			<trkpt lat="7.6663939" lon="99.0410639"></trkpt>
			<trkpt lat="7.6653079" lon="99.0410729"></trkpt>
			<trkpt lat="7.6647663" lon="99.0410581"></trkpt>
			<trkpt lat="7.6642269" lon="99.0409974"></trkpt>
			<trkpt lat="7.663691" lon="99.0409081"></trkpt>
			<trkpt lat="7.6631595" lon="99.040795"></trkpt>
			<trkpt lat="7.6626372" lon="99.0406467"></trkpt>
			<trkpt lat="7.6621193" lon="99.0404829"></trkpt>
			<trkpt lat="7.6616082" lon="99.0403009"></trkpt>
			<trkpt lat="7.661109" lon="99.0400881"></trkpt>
			<trkpt lat="7.6606127" lon="99.039867"></trkpt>
			<trkpt lat="7.6601073" lon="99.0396684"></trkpt>
			<trkpt lat="7.6590913" lon="99.039286"></trkpt>
			<trkpt lat="7.6575615" lon="99.0387257"></trkpt>
			<trkpt lat="7.65603" lon="99.0381498"></trkpt>
			<trkpt lat="7.6555172" lon="99.0379812"></trkpt>
			<trkpt lat="7.6549886" lon="99.0379366"></trkpt>
			<trkpt lat="7.654525" lon="99.038218"></trkpt>
			<trkpt lat="7.6540942" lon="99.0385509"></trkpt>
			<trkpt lat="7.6537171" lon="99.0389418"></trkpt>
			<trkpt lat="7.6533682" lon="99.0393609"></trkpt>
			<trkpt lat="7.6530702" lon="99.0398136"></trkpt>
			<trkpt lat="7.6527909" lon="99.0402791"></trkpt>
			<trkpt lat="7.6525194" lon="99.0407506"></trkpt>
			<trkpt lat="7.6519981" lon="99.0417068"></trkpt>
			<trkpt lat="7.6514988" lon="99.0426733"></trkpt>
			<trkpt lat="7.6512613" lon="99.0431623"></trkpt>
			<trkpt lat="7.6508089" lon="99.044152"></trkpt>
			<trkpt lat="7.6503718" lon="99.0451482"></trkpt>
			<trkpt lat="7.649946" lon="99.0461498"></trkpt>
			<trkpt lat="7.6491079" lon="99.0481588"></trkpt>
			<trkpt lat="7.648682" lon="99.0491593"></trkpt>
			<trkpt lat="7.6482432" lon="99.0501526"></trkpt>
			<trkpt lat="7.647939" lon="99.0506042"></trkpt>
			<trkpt lat="7.6475517" lon="99.050985"></trkpt>
			<trkpt lat="7.6471084" lon="99.0512989"></trkpt>
			<trkpt lat="7.6461806" lon="99.0518666"></trkpt>
			<trkpt lat="7.6456938" lon="99.0521034"></trkpt>
			<trkpt lat="7.6451747" lon="99.0522657"></trkpt>
			<trkpt lat="7.6446495" lon="99.0524056"></trkpt>
			<trkpt lat="7.6441192" lon="99.052522"></trkpt>
			<trkpt lat="7.6435832" lon="99.0526047"></trkpt>
			<trkpt lat="7.6419645" lon="99.0527991"></trkpt>
			<trkpt lat="7.6414291" lon="99.0528846"></trkpt>
			<trkpt lat="7.6408988" lon="99.0529968"></trkpt>
			<trkpt lat="7.6403725" lon="99.053127"></trkpt>
			<trkpt lat="7.6398489" lon="99.05327"></trkpt>
			<trkpt lat="7.6377644" lon="99.0538863"></trkpt>
			<trkpt lat="7.6372589" lon="99.0540832"></trkpt>
			<trkpt lat="7.6367681" lon="99.054316"></trkpt>
			<trkpt lat="7.6362881" lon="99.0545704"></trkpt>
			<trkpt lat="7.6358279" lon="99.0548576"></trkpt>
			<trkpt lat="7.6353795" lon="99.0551655"></trkpt>
			<trkpt lat="7.6349209" lon="99.0554565"></trkpt>
			<trkpt lat="7.6344585" lon="99.0557417"></trkpt>
			<trkpt lat="7.6335792" lon="99.056404"></trkpt>
			<trkpt lat="7.6330591" lon="99.0564754"></trkpt>
			<trkpt lat="7.6325237" lon="99.0564952"></trkpt>
			<trkpt lat="7.6319798" lon="99.0564891"></trkpt>
			<trkpt lat="7.6308819" lon="99.0564493"></trkpt>
			<trkpt lat="7.6303341" lon="99.0564396"></trkpt>
			<trkpt lat="7.6297907" lon="99.0564534"></trkpt>
			<trkpt lat="7.6292514" lon="99.0565134"></trkpt>
			<trkpt lat="7.6281805" lon="99.0566989"></trkpt>
			<trkpt lat="7.627116" lon="99.0569112"></trkpt>
			<trkpt lat="7.6265805" lon="99.057001"></trkpt>
			<trkpt lat="7.6255069" lon="99.0571609"></trkpt>
			<trkpt lat="7.6249709" lon="99.0572478"></trkpt>
			<trkpt lat="7.6244406" lon="99.0573662"></trkpt>
			<trkpt lat="7.6239419" lon="99.057578"></trkpt>
			<trkpt lat="7.6234856" lon="99.0578735"></trkpt>
			<trkpt lat="7.6230435" lon="99.0581893"></trkpt>
			<trkpt lat="7.6226109" lon="99.0585185"></trkpt>
			<trkpt lat="7.6221908" lon="99.0588641"></trkpt>
			<trkpt lat="7.6217905" lon="99.0592318"></trkpt>
			<trkpt lat="7.6214247" lon="99.0596341"></trkpt>
			<trkpt lat="7.621112" lon="99.0600771"></trkpt>
			<trkpt lat="7.6208507" lon="99.0605553"></trkpt>
			<trkpt lat="7.6206002" lon="99.0610387"></trkpt>
			<trkpt lat="7.6204209" lon="99.0615512"></trkpt>
			<trkpt lat="7.6203213" lon="99.0620861"></trkpt>
			<trkpt lat="7.6201555" lon="99.0631615"></trkpt>
			<trkpt lat="7.6200655" lon="99.0636979"></trkpt>
			<trkpt lat="7.6198907" lon="99.0642106"></trkpt>
			<trkpt lat="7.6195939" lon="99.0646665"></trkpt>
			<trkpt lat="7.6192348" lon="99.0650727"></trkpt>
			<trkpt lat="7.618848" lon="99.0654548"></trkpt>
			<trkpt lat="7.6184471" lon="99.065822"></trkpt>
			<trkpt lat="7.6180208" lon="99.0661582"></trkpt>
			<trkpt lat="7.6171444" lon="99.0668001"></trkpt>
			<trkpt lat="7.6167096" lon="99.0671258"></trkpt>
			<trkpt lat="7.6154277" lon="99.0681326"></trkpt>
			<trkpt lat="7.6149941" lon="99.06846"></trkpt>
			<trkpt lat="7.6144722" lon="99.0685557"></trkpt>
			<trkpt lat="7.6139442" lon="99.0684321"></trkpt>
			<trkpt lat="7.6134484" lon="99.0682124"></trkpt>
			<trkpt lat="7.612497" lon="99.0676887"></trkpt>
			<trkpt lat="7.6120249" lon="99.06742"></trkpt>
			<trkpt lat="7.6115687" lon="99.0671256"></trkpt>
			<trkpt lat="7.6111024" lon="99.0668538"></trkpt>
			<trkpt lat="7.6106636" lon="99.0671402"></trkpt>
			<trkpt lat="7.6099596" lon="99.0679679"></trkpt>
			<trkpt lat="7.609613" lon="99.0683869"></trkpt>
			<trkpt lat="7.6092771" lon="99.0688141"></trkpt>
			<trkpt lat="7.6089513" lon="99.0692489"></trkpt>
			<trkpt lat="7.6076796" lon="99.0710141"></trkpt>
			<trkpt lat="7.6073572" lon="99.0714517"></trkpt>
			<trkpt lat="7.6070281" lon="99.071884"></trkpt>
			<trkpt lat="7.6066905" lon="99.0723092"></trkpt>
			<trkpt lat="7.6059967" lon="99.0731454"></trkpt>
			<trkpt lat="7.6052876" lon="99.0739689"></trkpt>
			<trkpt lat="7.6045678" lon="99.0747842"></trkpt>
			<trkpt lat="7.6034798" lon="99.0759991"></trkpt>
			<trkpt lat="7.6031077" lon="99.0763943"></trkpt>
			<trkpt lat="7.6023353" lon="99.0771599"></trkpt>
			<trkpt lat="7.6015697" lon="99.0779315"></trkpt>
			<trkpt lat="7.6011947" lon="99.0783247"></trkpt>
			<trkpt lat="7.6008374" lon="99.0787334"></trkpt>
			<trkpt lat="7.6001576" lon="99.0795821"></trkpt>
			<trkpt lat="7.5984391" lon="99.0816879"></trkpt>
			<trkpt lat="7.5974212" lon="99.0829609"></trkpt>
			<trkpt lat="7.5970932" lon="99.083394"></trkpt>
			<trkpt lat="7.5968184" lon="99.0838643"></trkpt>
			<trkpt lat="7.596574" lon="99.0843495"></trkpt>
			<trkpt lat="7.5963546" lon="99.0848475"></trkpt>
			<trkpt lat="7.5961707" lon="99.0853589"></trkpt>
			<trkpt lat="7.5960497" lon="99.0858895"></trkpt>
			<trkpt lat="7.5959003" lon="99.0864133"></trkpt>
			<trkpt lat="7.5957668" lon="99.0869396"></trkpt>
			<trkpt lat="7.5956785" lon="99.0874802"></trkpt>
			<trkpt lat="7.5957405" lon="99.0880097"></trkpt>
			<trkpt lat="7.5959717" lon="99.088503"></trkpt>
			<trkpt lat="7.5962656" lon="99.0889606"></trkpt>
			<trkpt lat="7.5966007" lon="99.0893882"></trkpt>
			<trkpt lat="7.5969806" lon="99.0897769"></trkpt>
			<trkpt lat="7.5974113" lon="99.0901105"></trkpt>
			<trkpt lat="7.5979161" lon="99.0903027"></trkpt>
			<trkpt lat="7.5984357" lon="99.0904626"></trkpt>
			<trkpt lat="7.5989597" lon="99.090608"></trkpt>
			<trkpt lat="7.5994866" lon="99.0907376"></trkpt>
			<trkpt lat="7.6000181" lon="99.0908482"></trkpt>
			<trkpt lat="7.601086" lon="99.0910484"></trkpt>
			<trkpt lat="7.6016208" lon="99.0911432"></trkpt>
			<trkpt lat="7.6021567" lon="99.0912237"></trkpt>
			<trkpt lat="7.6026978" lon="99.0911766"></trkpt>
			<trkpt lat="7.6031987" lon="99.0909764"></trkpt>
			<trkpt lat="7.6036279" lon="99.0906452"></trkpt>
			<trkpt lat="7.6044529" lon="99.0899377"></trkpt>
			<trkpt lat="7.6049358" lon="99.0899525"></trkpt>
			<trkpt lat="7.6054044" lon="99.0902277"></trkpt>
			<trkpt lat="7.6056864" lon="99.0906157"></trkpt>
			<trkpt lat="7.6055009" lon="99.0911264"></trkpt>
			<trkpt lat="7.6049176" lon="99.0926503"></trkpt>
			<trkpt lat="7.6047332" lon="99.0931619"></trkpt>
			<trkpt lat="7.6045923" lon="99.0936865"></trkpt>
			<trkpt lat="7.6044752" lon="99.094218"></trkpt>
			<trkpt lat="7.6043434" lon="99.0947458"></trkpt>
			<trkpt lat="7.6041656" lon="99.0958192"></trkpt>
			<trkpt lat="7.6039885" lon="99.0963317"></trkpt>
			<trkpt lat="7.6035637" lon="99.0973351"></trkpt>
			<trkpt lat="7.6033369" lon="99.0978297"></trkpt>
			<trkpt lat="7.6031383" lon="99.0983354"></trkpt>
			<trkpt lat="7.6029556" lon="99.0988476"></trkpt>
			<trkpt lat="7.60243" lon="99.1003923"></trkpt>
			<trkpt lat="7.6022637" lon="99.1009102"></trkpt>
			<trkpt lat="7.602228" lon="99.1014513"></trkpt>
			<trkpt lat="7.6023618" lon="99.1019786"></trkpt>
			<trkpt lat="7.6025313" lon="99.1024994"></trkpt>
			<trkpt lat="7.6026799" lon="99.1030229"></trkpt>
			<trkpt lat="7.6027674" lon="99.1035553"></trkpt>
			<trkpt lat="7.6027978" lon="99.1040959"></trkpt>
			<trkpt lat="7.6027959" lon="99.1046407"></trkpt>
			<trkpt lat="7.6027806" lon="99.1051875"></trkpt>
			<trkpt lat="7.6027633" lon="99.1062771"></trkpt>
			<trkpt lat="7.6027389" lon="99.1068205"></trkpt>
			<trkpt lat="7.6026958" lon="99.1073627"></trkpt>
			<trkpt lat="7.6026408" lon="99.1079041"></trkpt>
			<trkpt lat="7.602548" lon="99.1084398"></trkpt>
			<trkpt lat="7.6024347" lon="99.1089721"></trkpt>
			<trkpt lat="7.6023052" lon="99.1095002"></trkpt>
			<trkpt lat="7.6021512" lon="99.110022"></trkpt>
			<trkpt lat="7.6018152" lon="99.1110569"></trkpt>
			<trkpt lat="7.6014485" lon="99.1120827"></trkpt>
			<trkpt lat="7.6012087" lon="99.1125682"></trkpt>
			<trkpt lat="7.6009152" lon="99.1130262"></trkpt>
			<trkpt lat="7.600608" lon="99.1134758"></trkpt>
			<trkpt lat="7.600284" lon="99.1139148"></trkpt>
			<trkpt lat="7.5999673" lon="99.114357"></trkpt>
			<trkpt lat="7.5997065" lon="99.1148311"></trkpt>
			<trkpt lat="7.5993133" lon="99.1158532"></trkpt>
			<trkpt lat="7.5990169" lon="99.1162923"></trkpt>
			<trkpt lat="7.5985691" lon="99.1166151"></trkpt>
			<trkpt lat="7.5981088" lon="99.1169048"></trkpt>
			<trkpt lat="7.5976061" lon="99.1171098"></trkpt>
			<trkpt lat="7.597082" lon="99.1172621"></trkpt>
			<trkpt lat="7.5965449" lon="99.117301"></trkpt>
			<trkpt lat="7.5960016" lon="99.1172488"></trkpt>
			<trkpt lat="7.5954685" lon="99.117148"></trkpt>
			<trkpt lat="7.5949394" lon="99.1170289"></trkpt>
			<trkpt lat="7.5944113" lon="99.1168985"></trkpt>
			<trkpt lat="7.593361" lon="99.1166239"></trkpt>
			<trkpt lat="7.5907447" lon="99.1159008"></trkpt>
			<trkpt lat="7.5902189" lon="99.1157644"></trkpt>
			<trkpt lat="7.5896802" lon="99.1157048"></trkpt>
			<trkpt lat="7.5891397" lon="99.115655"></trkpt>
			<trkpt lat="7.5885975" lon="99.1156294"></trkpt>
			<trkpt lat="7.5880536" lon="99.1156241"></trkpt>
			<trkpt lat="7.5875217" lon="99.1155274"></trkpt>
			<trkpt lat="7.5869936" lon="99.1153964"></trkpt>
			<trkpt lat="7.5866838" lon="99.115619"></trkpt>
			<trkpt lat="7.5868629" lon="99.1161307"></trkpt>
			<trkpt lat="7.58729" lon="99.1171308"></trkpt>
			<trkpt lat="7.5874889" lon="99.1176369"></trkpt>
			<trkpt lat="7.5876657" lon="99.1181514"></trkpt>
			<trkpt lat="7.5878352" lon="99.1186687"></trkpt>
			<trkpt lat="7.5880176" lon="99.1191804"></trkpt>
			<trkpt lat="7.5882295" lon="99.1196836"></trkpt>
			<trkpt lat="7.5885092" lon="99.1201475"></trkpt>
			<trkpt lat="7.5888585" lon="99.1205671"></trkpt>
			<trkpt lat="7.5892558" lon="99.1209361"></trkpt>
			<trkpt lat="7.5896781" lon="99.1212804"></trkpt>
			<trkpt lat="7.5901178" lon="99.121601"></trkpt>
			<trkpt lat="7.5905796" lon="99.121885"></trkpt>
			<trkpt lat="7.5910743" lon="99.1221137"></trkpt>
			<trkpt lat="7.5915955" lon="99.122264"></trkpt>
			<trkpt lat="7.5921003" lon="99.122454"></trkpt>
			<trkpt lat="7.5925689" lon="99.1227315"></trkpt>
			<trkpt lat="7.5930387" lon="99.123018"></trkpt>
			<trkpt lat="7.5935276" lon="99.1232312"></trkpt>
			<trkpt lat="7.5940755" lon="99.1232147"></trkpt>
			<trkpt lat="7.5945979" lon="99.1230698"></trkpt>
			<trkpt lat="7.5951051" lon="99.1228761"></trkpt>
			<trkpt lat="7.596089" lon="99.1224174"></trkpt>
			<trkpt lat="7.5980493" lon="99.1214819"></trkpt>
			<trkpt lat="7.598565" lon="99.1213192"></trkpt>
			<trkpt lat="7.5991072" lon="99.1213174"></trkpt>
			<trkpt lat="7.5996516" lon="99.121328"></trkpt>
			<trkpt lat="7.6001932" lon="99.1213253"></trkpt>
			<trkpt lat="7.6007123" lon="99.1211767"></trkpt>
			<trkpt lat="7.6012177" lon="99.1209746"></trkpt>
			<trkpt lat="7.6017362" lon="99.1208186"></trkpt>
			<trkpt lat="7.6022767" lon="99.1207644"></trkpt>
			<trkpt lat="7.6028206" lon="99.1207515"></trkpt>
			<trkpt lat="7.6033645" lon="99.1207545"></trkpt>
			<trkpt lat="7.6039055" lon="99.1207807"></trkpt>
			<trkpt lat="7.604433" lon="99.1209106"></trkpt>
			<trkpt lat="7.604914" lon="99.1211589"></trkpt>
			<trkpt lat="7.6053866" lon="99.1214273"></trkpt>
			<trkpt lat="7.6068184" lon="99.1222069"></trkpt>
			<trkpt lat="7.6072921" lon="99.1224719"></trkpt>
			<trkpt lat="7.6077619" lon="99.1227437"></trkpt>
			<trkpt lat="7.6082197" lon="99.1230351"></trkpt>
			<trkpt lat="7.6090857" lon="99.1236932"></trkpt>
			<trkpt lat="7.6094519" lon="99.1240931"></trkpt>
			<trkpt lat="7.6098487" lon="99.1244334"></trkpt>
			<trkpt lat="7.6103931" lon="99.1244651"></trkpt>
			<trkpt lat="7.610993" lon="99.1245426"></trkpt>
			<trkpt lat="7.6113289" lon="99.1242636"></trkpt>
			<trkpt lat="7.6114839" lon="99.1237438"></trkpt>
			<trkpt lat="7.6116034" lon="99.1231681"></trkpt>
			<trkpt lat="7.6117788" lon="99.1226449"></trkpt>
			<trkpt lat="7.6119966" lon="99.1221446"></trkpt>
			<trkpt lat="7.6122862" lon="99.1216891"></trkpt>
			<trkpt lat="7.6126272" lon="99.1212642"></trkpt>
			<trkpt lat="7.6133268" lon="99.1204295"></trkpt>
			<trkpt lat="7.6136966" lon="99.1200315"></trkpt>
			<trkpt lat="7.6141095" lon="99.1196777"></trkpt>
			<trkpt lat="7.6145793" lon="99.119409"></trkpt>
			<trkpt lat="7.6150911" lon="99.1192168"></trkpt>
			<trkpt lat="7.6156265" lon="99.1191569"></trkpt>
			<trkpt lat="7.6161686" lon="99.1191525"></trkpt>
			<trkpt lat="7.6172564" lon="99.1191703"></trkpt>
			<trkpt lat="7.6194274" lon="99.1191729"></trkpt>
			<trkpt lat="7.6199577" lon="99.1192535"></trkpt>
			<trkpt lat="7.620463" lon="99.1194534"></trkpt>
			<trkpt lat="7.6209442" lon="99.1193941"></trkpt>
			<trkpt lat="7.6213129" lon="99.1189944"></trkpt>
			<trkpt lat="7.6217545" lon="99.1186795"></trkpt>
			<trkpt lat="7.6222256" lon="99.1184087"></trkpt>
			<trkpt lat="7.6227265" lon="99.1182012"></trkpt>
			<trkpt lat="7.623236" lon="99.1180112"></trkpt>
			<trkpt lat="7.6237494" lon="99.1178337"></trkpt>
			<trkpt lat="7.6242701" lon="99.11768"></trkpt>
			<trkpt lat="7.6248021" lon="99.1175476"></trkpt>
			<trkpt lat="7.625337" lon="99.1174763"></trkpt>
			<trkpt lat="7.625865" lon="99.117598"></trkpt>
			<trkpt lat="7.6263551" lon="99.1178339"></trkpt>
			<trkpt lat="7.626835" lon="99.1180881"></trkpt>
			<trkpt lat="7.6273099" lon="99.1183532"></trkpt>
			<trkpt lat="7.6282533" lon="99.1188935"></trkpt>
			<trkpt lat="7.6286987" lon="99.1192035"></trkpt>
			<trkpt lat="7.6290944" lon="99.1195762"></trkpt>
			<trkpt lat="7.6294804" lon="99.1199591"></trkpt>
			<trkpt lat="7.6298613" lon="99.1203465"></trkpt>
			<trkpt lat="7.6313382" lon="99.1219438"></trkpt>
			<trkpt lat="7.6317016" lon="99.1223482"></trkpt>
			<trkpt lat="7.6320594" lon="99.1227572"></trkpt>
			<trkpt lat="7.6324092" lon="99.1231723"></trkpt>
			<trkpt lat="7.6327455" lon="99.123598"></trkpt>
			<trkpt lat="7.6330523" lon="99.1240463"></trkpt>
			<trkpt lat="7.6336389" lon="99.1249639"></trkpt>
			<trkpt lat="7.6339644" lon="99.1253981"></trkpt>
			<trkpt lat="7.6343369" lon="99.1257951"></trkpt>
			<trkpt lat="7.6347139" lon="99.126186"></trkpt>
			<trkpt lat="7.6351417" lon="99.1265201"></trkpt>
			<trkpt lat="7.6355832" lon="99.1268382"></trkpt>
			<trkpt lat="7.6369138" lon="99.1277795"></trkpt>
			<trkpt lat="7.6378097" lon="99.1283935"></trkpt>
			<trkpt lat="7.6382642" lon="99.1286905"></trkpt>
			<trkpt lat="7.6387299" lon="99.1289715"></trkpt>
			<trkpt lat="7.6392121" lon="99.1292215"></trkpt>
			<trkpt lat="7.6397062" lon="99.1294537"></trkpt>
			<trkpt lat="7.6402127" lon="99.1296519"></trkpt>
			<trkpt lat="7.6407345" lon="99.1297903"></trkpt>
			<trkpt lat="7.6412692" lon="99.12989"></trkpt>
			<trkpt lat="7.6418108" lon="99.129959"></trkpt>
			<trkpt lat="7.6423524" lon="99.1299999"></trkpt>
			<trkpt lat="7.6428929" lon="99.1299913"></trkpt>
			<trkpt lat="7.6434334" lon="99.1299181"></trkpt>
			<trkpt lat="7.6439683" lon="99.1298222"></trkpt>
			<trkpt lat="7.6444998" lon="99.1297116"></trkpt>
			<trkpt lat="7.6455605" lon="99.129475"></trkpt>
			<trkpt lat="7.6460919" lon="99.1293658"></trkpt>
			<trkpt lat="7.6466319" lon="99.1293334"></trkpt>
			<trkpt lat="7.6471638" lon="99.1294344"></trkpt>
			<trkpt lat="7.6487569" lon="99.1297769"></trkpt>
			<trkpt lat="7.64929" lon="99.1298867"></trkpt>
			<trkpt lat="7.6498187" lon="99.1297781"></trkpt>
			<trkpt lat="7.6503484" lon="99.1296606"></trkpt>
			<trkpt lat="7.6508776" lon="99.1295344"></trkpt>
			<trkpt lat="7.6514052" lon="99.1293989"></trkpt>
			<trkpt lat="7.6519293" lon="99.1292542"></trkpt>
			<trkpt lat="7.6524484" lon="99.1290969"></trkpt>
			<trkpt lat="7.6529618" lon="99.1289205"></trkpt>
			<trkpt lat="7.6544906" lon="99.1283565"></trkpt>
			<trkpt lat="7.6550046" lon="99.1281827"></trkpt>
			<trkpt lat="7.6565544" lon="99.1276734"></trkpt>
			<trkpt lat="7.6569655" lon="99.1273349"></trkpt>
			<trkpt lat="7.6573382" lon="99.1269358"></trkpt>
			<trkpt lat="7.6577397" lon="99.1265701"></trkpt>
			<trkpt lat="7.6585524" lon="99.1258464"></trkpt>
			<trkpt lat="7.6589963" lon="99.1255366"></trkpt>
			<trkpt lat="7.6594554" lon="99.1252474"></trkpt>
			<trkpt lat="7.6607922" lon="99.1244405"></trkpt>
			<trkpt lat="7.6621323" lon="99.1235121"></trkpt>
			<trkpt lat="7.6625841" lon="99.1232107"></trkpt>
			<trkpt lat="7.6630472" lon="99.1229264"></trkpt>
			<trkpt lat="7.6635403" lon="99.122699"></trkpt>
			<trkpt lat="7.6640673" lon="99.1225665"></trkpt>
			<trkpt lat="7.6646061" lon="99.1225078"></trkpt>
			<trkpt lat="7.6651494" lon="99.1224864"></trkpt>
			<trkpt lat="7.6662338" lon="99.12243"></trkpt>
			<trkpt lat="7.6673142" lon="99.1223323"></trkpt>
			<trkpt lat="7.6678643" lon="99.1223721"></trkpt>
			<trkpt lat="7.6683997" lon="99.1223439"></trkpt>
			<trkpt lat="7.6689136" lon="99.1221854"></trkpt>
			<trkpt lat="7.6694253" lon="99.1220008"></trkpt>
			<trkpt lat="7.6699314" lon="99.1217921"></trkpt>
			<trkpt lat="7.6704273" lon="99.1215613"></trkpt>
			<trkpt lat="7.6709102" lon="99.1213107"></trkpt>
			<trkpt lat="7.6713823" lon="99.121045"></trkpt>
			<trkpt lat="7.6718488" lon="99.1207697"></trkpt>
			<trkpt lat="7.6723119" lon="99.1204865"></trkpt>
			<trkpt lat="7.6727716" lon="99.120197"></trkpt>
			<trkpt lat="7.6750561" lon="99.1187222"></trkpt>
			<trkpt lat="7.67598" lon="99.1181509"></trkpt>
			<trkpt lat="7.6763821" lon="99.1177869"></trkpt>
			<trkpt lat="7.6770721" lon="99.116947"></trkpt>
			<trkpt lat="7.6774482" lon="99.1165546"></trkpt>
			<trkpt lat="7.6778683" lon="99.1162104"></trkpt>
			<trkpt lat="7.6787578" lon="99.1155862"></trkpt>
			<trkpt lat="7.6800985" lon="99.1146597"></trkpt>
			<trkpt lat="7.6809886" lon="99.1140368"></trkpt>
			<trkpt lat="7.6814302" lon="99.1137209"></trkpt>
			<trkpt lat="7.6818678" lon="99.1133989"></trkpt>
			<trkpt lat="7.6823004" lon="99.11307"></trkpt>
			<trkpt lat="7.6835863" lon="99.1120684"></trkpt>
			<trkpt lat="7.6840059" lon="99.1117231"></trkpt>
			<trkpt lat="7.6844029" lon="99.1113531"></trkpt>
			<trkpt lat="7.6851788" lon="99.1105913"></trkpt>
			<trkpt lat="7.6855746" lon="99.1102185"></trkpt>
			<trkpt lat="7.6859688" lon="99.1098267"></trkpt>
			<trkpt lat="7.6862369" lon="99.1093808"></trkpt>
			<trkpt lat="7.6861511" lon="99.1088415"></trkpt>
			<trkpt lat="7.6860098" lon="99.1083067"></trkpt>
			<trkpt lat="7.6858522" lon="99.1077856"></trkpt>
			<trkpt lat="7.6856839" lon="99.1072678"></trkpt>
			<trkpt lat="7.6855037" lon="99.1067543"></trkpt>
			<trkpt lat="7.6852975" lon="99.1062496"></trkpt>
			<trkpt lat="7.6850601" lon="99.1057582"></trkpt>
			<trkpt lat="7.6847397" lon="99.1053217"></trkpt>
			<trkpt lat="7.684062" lon="99.1044735"></trkpt>
			<trkpt lat="7.6833691" lon="99.1036345"></trkpt>
			<trkpt lat="7.6819708" lon="99.1019654"></trkpt>
			<trkpt lat="7.6812801" lon="99.1011251"></trkpt>
			<trkpt lat="7.6806058" lon="99.1002743"></trkpt>
			<trkpt lat="7.6802775" lon="99.0998418"></trkpt>
			<trkpt lat="7.6799819" lon="99.0993793"></trkpt>
			<trkpt lat="7.67974" lon="99.0988873"></trkpt>
			<trkpt lat="7.67957" lon="99.0983767"></trkpt>
			<trkpt lat="7.6794802" lon="99.0978428"></trkpt>
			<trkpt lat="7.6793308" lon="99.0962092"></trkpt>
			<trkpt lat="7.6792936" lon="99.0956665"></trkpt>
			<trkpt lat="7.6792643" lon="99.095123"></trkpt>
			<trkpt lat="7.6792559" lon="99.094579"></trkpt>
			<trkpt lat="7.6792511" lon="99.09349"></trkpt>
			<trkpt lat="7.6792609" lon="99.0924019"></trkpt>
			<trkpt lat="7.6792786" lon="99.0918593"></trkpt>
			<trkpt lat="7.6794031" lon="99.0913294"></trkpt>
			<trkpt lat="7.6795982" lon="99.0908214"></trkpt>
			<trkpt lat="7.6800077" lon="99.0898133"></trkpt>
			<trkpt lat="7.6802255" lon="99.0893149"></trkpt>
			<trkpt lat="7.6804546" lon="99.0888216"></trkpt>
			<trkpt lat="7.6806916" lon="99.0883311"></trkpt>
			<trkpt lat="7.6809393" lon="99.0878469"></trkpt>
			<trkpt lat="7.6812011" lon="99.0873712"></trkpt>
			<trkpt lat="7.6815139" lon="99.0869267"></trkpt>
			<trkpt lat="7.6818328" lon="99.0864858"></trkpt>
			<trkpt lat="7.6821083" lon="99.0860169"></trkpt>
			<trkpt lat="7.6823571" lon="99.085533"></trkpt>
			<trkpt lat="7.6825523" lon="99.0850241"></trkpt>
			<trkpt lat="7.6825733" lon="99.084484"></trkpt>
			<trkpt lat="7.6825598" lon="99.0839371"></trkpt>
			<trkpt lat="7.6826459" lon="99.0834032"></trkpt>
			<trkpt lat="7.6830123" lon="99.0830097"></trkpt>
			<trkpt lat="7.6834324" lon="99.0826652"></trkpt>
			<trkpt lat="7.6838441" lon="99.0823105"></trkpt>
			<trkpt lat="7.6840437" lon="99.0818099"></trkpt>
			<trkpt lat="7.6846429" lon="99.0797179"></trkpt>
			<trkpt lat="7.6849613" lon="99.0786774"></trkpt>
			<trkpt lat="7.685131" lon="99.0781606"></trkpt>
			<trkpt lat="7.6853081" lon="99.077646"></trkpt>
			<trkpt lat="7.6854931" lon="99.0771349"></trkpt>
			<trkpt lat="7.6857046" lon="99.07663"></trkpt>
			<trkpt lat="7.6859376" lon="99.076131"></trkpt>
			<trkpt lat="7.6861565" lon="99.0756295"></trkpt>
			<trkpt lat="7.6863251" lon="99.0751183"></trkpt>
			<trkpt lat="7.6864111" lon="99.0745907"></trkpt>
			<trkpt lat="7.6864259" lon="99.0740495"></trkpt>
			<trkpt lat="7.6863729" lon="99.0729508"></trkpt>
			<trkpt lat="7.6863832" lon="99.0724074"></trkpt>
			<trkpt lat="7.6873091" lon="99.0698487"></trkpt>
			<trkpt lat="7.6874726" lon="99.0693302"></trkpt>
		</trkseg>
	</trk>
	<trk>
		<name>นครศรีธรรมราช</name>
		<desc>Length: 657.1 km (408.3 mi)</desc>
		<trkseg>
			<trkpt lat="9.3116389" lon="99.7815635"></trkpt>
			<trkpt lat="9.3148794" lon="99.7751515"></trkpt>
			<trkpt lat="9.3209808" lon="99.7728664"></trkpt>
			<trkpt lat="9.3231386" lon="99.7691066"></trkpt>
			<trkpt lat="9.3147347" lon="99.7649476"></trkpt>
			<trkpt lat="9.2981839" lon="99.7659422"></trkpt>
			<trkpt lat="9.2916011" lon="99.763172"></trkpt>
			<trkpt lat="9.2778229" lon="99.7717993"></trkpt>
			<trkpt lat="9.2687424" lon="99.7731695"></trkpt>
			<trkpt lat="9.2653938" lon="99.7710592"></trkpt>
			<trkpt lat="9.2634426" lon="99.7726026"></trkpt>
			<trkpt lat="9.2622416" lon="99.766997"></trkpt>
			<trkpt lat="9.2685555" lon="99.7625178"></trkpt>
			<trkpt lat="9.2642774" lon="99.7484042"></trkpt>
			<trkpt lat="9.2261162" lon="99.7510608"></trkpt>
			<trkpt lat="9.2202996" lon="99.7537703"></trkpt>
			<trkpt lat="9.2160329" lon="99.7478137"></trkpt>
			<trkpt lat="9.2047784" lon="99.7472814"></trkpt>
			<trkpt lat="9.2009517" lon="99.738679"></trkpt>
			<trkpt lat="9.1890214" lon="99.7421091"></trkpt>
			<trkpt lat="9.1687317" lon="99.7373221"></trkpt>
			<trkpt lat="9.160183" lon="99.7309835"></trkpt>
			<trkpt lat="9.1619959" lon="99.7275645"></trkpt>
			<trkpt lat="9.1546744" lon="99.7202618"></trkpt>
			<trkpt lat="9.142409" lon="99.7228588"></trkpt>
			<trkpt lat="9.1312833" lon="99.7338095"></trkpt>
			<trkpt lat="9.121128" lon="99.734432"></trkpt>
			<trkpt lat="9.1134793" lon="99.7239932"></trkpt>
			<trkpt lat="9.110706" lon="99.7282562"></trkpt>
			<trkpt lat="9.1146915" lon="99.7407071"></trkpt>
			<trkpt lat="9.1108936" lon="99.742603"></trkpt>
			<trkpt lat="9.1096647" lon="99.7530445"></trkpt>
			<trkpt lat="9.0992251" lon="99.7717842"></trkpt>
			<trkpt lat="9.0888744" lon="99.7652995"></trkpt>
			<trkpt lat="9.0782338" lon="99.766573"></trkpt>
			<trkpt lat="9.0690773" lon="99.7593103"></trkpt>
			<trkpt lat="9.0681526" lon="99.7499305"></trkpt>
			<trkpt lat="9.0708066" lon="99.7453261"></trkpt>
			<trkpt lat="9.0621068" lon="99.7439251"></trkpt>
			<trkpt lat="9.05769" lon="99.7403319"></trkpt>
			<trkpt lat="9.0492435" lon="99.7447868"></trkpt>
			<trkpt lat="9.0420633" lon="99.7435484"></trkpt>
			<trkpt lat="9.0376982" lon="99.7397809"></trkpt>
			<trkpt lat="9.0267626" lon="99.7446689"></trkpt>
			<trkpt lat="9.0124508" lon="99.7327131"></trkpt>
			<trkpt lat="9.0077684" lon="99.7337222"></trkpt>
			<trkpt lat="9.0053393" lon="99.7308353"></trkpt>
			<trkpt lat="8.9948435" lon="99.7312362"></trkpt>
			<trkpt lat="8.9857033" lon="99.724345"></trkpt>
			<trkpt lat="8.9824048" lon="99.7253975"></trkpt>
			<trkpt lat="8.9772327" lon="99.7225788"></trkpt>
			<trkpt lat="8.977244" lon="99.7175209"></trkpt>
			<trkpt lat="8.9704397" lon="99.7129452"></trkpt>
			<trkpt lat="8.9752948" lon="99.6955438"></trkpt>
			<trkpt lat="8.9598134" lon="99.6889111"></trkpt>
			<trkpt lat="8.9521171" lon="99.6957431"></trkpt>
			<trkpt lat="8.9420251" lon="99.69802"></trkpt>
			<trkpt lat="8.9351224" lon="99.6963949"></trkpt>
			<trkpt lat="8.9354274" lon="99.6903298"></trkpt>
			<trkpt lat="8.9310804" lon="99.6859379"></trkpt>
			<trkpt lat="8.9308117" lon="99.6769962"></trkpt>
			<trkpt lat="8.9281481" lon="99.6753663"></trkpt>
			<trkpt lat="8.9286465" lon="99.6708621"></trkpt>
			<trkpt lat="8.9245392" lon="99.6638126"></trkpt>
			<trkpt lat="8.9224826" lon="99.6484908"></trkpt>
			<trkpt lat="8.9292289" lon="99.648024"></trkpt>
			<trkpt lat="8.9264094" lon="99.6454782"></trkpt>
			<trkpt lat="8.9283095" lon="99.643641"></trkpt>
			<trkpt lat="8.9211768" lon="99.6332008"></trkpt>
			<trkpt lat="8.9216272" lon="99.6363118"></trkpt>
			<trkpt lat="8.9165001" lon="99.6382038"></trkpt>
			<trkpt lat="8.9170988" lon="99.6348702"></trkpt>
			<trkpt lat="8.9133562" lon="99.631457"></trkpt>
			<trkpt lat="8.9123584" lon="99.6227271"></trkpt>
			<trkpt lat="8.9179234" lon="99.6168102"></trkpt>
			<trkpt lat="8.9220958" lon="99.6171748"></trkpt>
			<trkpt lat="8.9218916" lon="99.618943"></trkpt>
			<trkpt lat="8.9273154" lon="99.6157072"></trkpt>
			<trkpt lat="8.928602" lon="99.6067517"></trkpt>
			<trkpt lat="8.9251898" lon="99.5959665"></trkpt>
			<trkpt lat="8.9204552" lon="99.5929436"></trkpt>
			<trkpt lat="8.9182958" lon="99.5829435"></trkpt>
			<trkpt lat="8.9122723" lon="99.5802149"></trkpt>
			<trkpt lat="8.9103454" lon="99.5757483"></trkpt>
			<trkpt lat="8.8913345" lon="99.5738763"></trkpt>
			<trkpt lat="8.8786979" lon="99.558535"></trkpt>
			<trkpt lat="8.8648098" lon="99.5564763"></trkpt>
			<trkpt lat="8.8610536" lon="99.5593405"></trkpt>
			<trkpt lat="8.8510188" lon="99.5598067"></trkpt>
			<trkpt lat="8.8484426" lon="99.5442102"></trkpt>
			<trkpt lat="8.8518225" lon="99.5402956"></trkpt>
			<trkpt lat="8.850038" lon="99.5302981"></trkpt>
			<trkpt lat="8.844404" lon="99.5232332"></trkpt>
			<trkpt lat="8.8368686" lon="99.5206906"></trkpt>
			<trkpt lat="8.835369" lon="99.5168759"></trkpt>
			<trkpt lat="8.830843" lon="99.5210953"></trkpt>
			<trkpt lat="8.8180489" lon="99.522447"></trkpt>
			<trkpt lat="8.810598" lon="99.5266103"></trkpt>
			<trkpt lat="8.7902123" lon="99.5218965"></trkpt>
			<trkpt lat="8.7658043" lon="99.5225347"></trkpt>
			<trkpt lat="8.7625014" lon="99.5248383"></trkpt>
			<trkpt lat="8.7615012" lon="99.529818"></trkpt>
			<trkpt lat="8.7482329" lon="99.5294402"></trkpt>
			<trkpt lat="8.7192619" lon="99.5225375"></trkpt>
			<trkpt lat="8.7128214" lon="99.5070425"></trkpt>
			<trkpt lat="8.7068991" lon="99.5067266"></trkpt>
			<trkpt lat="8.6966911" lon="99.4922536"></trkpt>
			<trkpt lat="8.685114" lon="99.4970943"></trkpt>
			<trkpt lat="8.6801926" lon="99.4912669"></trkpt>
			<trkpt lat="8.6721894" lon="99.4948009"></trkpt>
			<trkpt lat="8.671787" lon="99.4885762"></trkpt>
			<trkpt lat="8.6564743" lon="99.4774805"></trkpt>
			<trkpt lat="8.6476816" lon="99.4795798"></trkpt>
			<trkpt lat="8.6461969" lon="99.4697173"></trkpt>
			<trkpt lat="8.6500501" lon="99.4636141"></trkpt>
			<trkpt lat="8.6422155" lon="99.4536452"></trkpt>
			<trkpt lat="8.6384608" lon="99.4539691"></trkpt>
			<trkpt lat="8.6319844" lon="99.4478724"></trkpt>
			<trkpt lat="8.6285355" lon="99.4497219"></trkpt>
			<trkpt lat="8.6208246" lon="99.4482086"></trkpt>
			<trkpt lat="8.6086977" lon="99.4562016"></trkpt>
			<trkpt lat="8.6020923" lon="99.4544886"></trkpt>
			<trkpt lat="8.6004399" lon="99.4413668"></trkpt>
			<trkpt lat="8.5835409" lon="99.4317399"></trkpt>
			<trkpt lat="8.5699817" lon="99.4179192"></trkpt>
			<trkpt lat="8.5532489" lon="99.416234"></trkpt>
			<trkpt lat="8.5495" lon="99.4052559"></trkpt>
			<trkpt lat="8.5367498" lon="99.4013283"></trkpt>
			<trkpt lat="8.533479" lon="99.3957112"></trkpt>
			<trkpt lat="8.5259451" lon="99.3933398"></trkpt>
			<trkpt lat="8.5185629" lon="99.3951836"></trkpt>
			<trkpt lat="8.5126768" lon="99.3912575"></trkpt>
			<trkpt lat="8.5162121" lon="99.3886482"></trkpt>
			<trkpt lat="8.515378" lon="99.3768962"></trkpt>
			<trkpt lat="8.5103766" lon="99.3739031"></trkpt>
			<trkpt lat="8.5014334" lon="99.361678"></trkpt>
			<trkpt lat="8.4999161" lon="99.3529724"></trkpt>
			<trkpt lat="8.4945096" lon="99.3494916"></trkpt>
			<trkpt lat="8.490356" lon="99.3262237"></trkpt>
			<trkpt lat="8.476659" lon="99.3147056"></trkpt>
			<trkpt lat="8.4756996" lon="99.2959739"></trkpt>
			<trkpt lat="8.4705073" lon="99.2934289"></trkpt>
			<trkpt lat="8.4706245" lon="99.2879041"></trkpt>
			<trkpt lat="8.4669939" lon="99.2863933"></trkpt>
			<trkpt lat="8.4671645" lon="99.288889"></trkpt>
			<trkpt lat="8.4640586" lon="99.2880156"></trkpt>
			<trkpt lat="8.4655663" lon="99.2826458"></trkpt>
			<trkpt lat="8.462143" lon="99.2782223"></trkpt>
			<trkpt lat="8.4566875" lon="99.2783615"></trkpt>
			<trkpt lat="8.4554742" lon="99.2744434"></trkpt>
			<trkpt lat="8.4584632" lon="99.2710284"></trkpt>
			<trkpt lat="8.454649" lon="99.2725321"></trkpt>
			<trkpt lat="8.4548225" lon="99.2668724"></trkpt>
			<trkpt lat="8.4504513" lon="99.2652387"></trkpt>
			<trkpt lat="8.4486609" lon="99.2594046"></trkpt>
			<trkpt lat="8.4369992" lon="99.2619433"></trkpt>
			<trkpt lat="8.4372946" lon="99.2598376"></trkpt>
			<trkpt lat="8.433952" lon="99.2594549"></trkpt>
			<trkpt lat="8.4342187" lon="99.2571176"></trkpt>
			<trkpt lat="8.4304965" lon="99.257223"></trkpt>
			<trkpt lat="8.4288634" lon="99.2543394"></trkpt>
			<trkpt lat="8.4235575" lon="99.2538011"></trkpt>
			<trkpt lat="8.4240952" lon="99.251908"></trkpt>
			<trkpt lat="8.4198066" lon="99.2492175"></trkpt>
			<trkpt lat="8.4116799" lon="99.2492759"></trkpt>
			<trkpt lat="8.3998616" lon="99.239189"></trkpt>
			<trkpt lat="8.4000482" lon="99.2354609"></trkpt>
			<trkpt lat="8.3883896" lon="99.2366813"></trkpt>
			<trkpt lat="8.3856339" lon="99.234356"></trkpt>
			<trkpt lat="8.3818193" lon="99.238549"></trkpt>
			<trkpt lat="8.3759871" lon="99.2370649"></trkpt>
			<trkpt lat="8.3748947" lon="99.2400997"></trkpt>
			<trkpt lat="8.3695055" lon="99.2397802"></trkpt>
			<trkpt lat="8.3687414" lon="99.2422792"></trkpt>
			<trkpt lat="8.3661002" lon="99.2403492"></trkpt>
			<trkpt lat="8.3679387" lon="99.2457773"></trkpt>
			<trkpt lat="8.3593707" lon="99.25256"></trkpt>
			<trkpt lat="8.3579773" lon="99.257634"></trkpt>
			<trkpt lat="8.352357" lon="99.2597805"></trkpt>
			<trkpt lat="8.3529442" lon="99.2627055"></trkpt>
			<trkpt lat="8.3496827" lon="99.2661739"></trkpt>
			<trkpt lat="8.3537734" lon="99.2695837"></trkpt>
			<trkpt lat="8.3518385" lon="99.2726227"></trkpt>
			<trkpt lat="8.3499481" lon="99.2716797"></trkpt>
			<trkpt lat="8.3519886" lon="99.275418"></trkpt>
			<trkpt lat="8.3476783" lon="99.2772654"></trkpt>
			<trkpt lat="8.3440786" lon="99.2743453"></trkpt>
			<trkpt lat="8.3422841" lon="99.2793914"></trkpt>
			<trkpt lat="8.3372276" lon="99.2819257"></trkpt>
			<trkpt lat="8.3166216" lon="99.2837511"></trkpt>
			<trkpt lat="8.3172593" lon="99.2883491"></trkpt>
			<trkpt lat="8.3141853" lon="99.2887255"></trkpt>
			<trkpt lat="8.3125674" lon="99.2940205"></trkpt>
			<trkpt lat="8.3159729" lon="99.2994322"></trkpt>
			<trkpt lat="8.3067439" lon="99.2985523"></trkpt>
			<trkpt lat="8.3066831" lon="99.3034397"></trkpt>
			<trkpt lat="8.3043526" lon="99.3021904"></trkpt>
			<trkpt lat="8.3044609" lon="99.3062339"></trkpt>
			<trkpt lat="8.3014876" lon="99.307999"></trkpt>
			<trkpt lat="8.300611" lon="99.3127592"></trkpt>
			<trkpt lat="8.2943767" lon="99.317566"></trkpt>
			<trkpt lat="8.2963031" lon="99.3241843"></trkpt>
			<trkpt lat="8.2937542" lon="99.3281041"></trkpt>
			<trkpt lat="8.29166" lon="99.327625"></trkpt>
			<trkpt lat="8.2911978" lon="99.3307661"></trkpt>
			<trkpt lat="8.2738974" lon="99.3322159"></trkpt>
			<trkpt lat="8.2693977" lon="99.3357615"></trkpt>
			<trkpt lat="8.2613441" lon="99.3315005"></trkpt>
			<trkpt lat="8.2577001" lon="99.3334452"></trkpt>
			<trkpt lat="8.2515821" lon="99.3223147"></trkpt>
			<trkpt lat="8.243803" lon="99.3202564"></trkpt>
			<trkpt lat="8.2392516" lon="99.3135796"></trkpt>
			<trkpt lat="8.2341231" lon="99.311897"></trkpt>
			<trkpt lat="8.2190227" lon="99.3200906"></trkpt>
			<trkpt lat="8.2093887" lon="99.3216559"></trkpt>
			<trkpt lat="8.2030557" lon="99.3182581"></trkpt>
			<trkpt lat="8.2027289" lon="99.3203715"></trkpt>
			<trkpt lat="8.1935042" lon="99.3155308"></trkpt>
			<trkpt lat="8.1951375" lon="99.3118257"></trkpt>
			<trkpt lat="8.1918368" lon="99.3070375"></trkpt>
			<trkpt lat="8.1904462" lon="99.3083398"></trkpt>
			<trkpt lat="8.1903142" lon="99.3057478"></trkpt>
			<trkpt lat="8.1753269" lon="99.3073699"></trkpt>
			<trkpt lat="8.1700348" lon="99.3027932"></trkpt>
			<trkpt lat="8.1712864" lon="99.2983396"></trkpt>
			<trkpt lat="8.1675102" lon="99.2979759"></trkpt>
			<trkpt lat="8.1660596" lon="99.2901484"></trkpt>
			<trkpt lat="8.1553771" lon="99.2883285"></trkpt>
			<trkpt lat="8.1532738" lon="99.2910356"></trkpt>
			<trkpt lat="8.1514032" lon="99.2885344"></trkpt>
			<trkpt lat="8.1494322" lon="99.2935837"></trkpt>
			<trkpt lat="8.1464478" lon="99.2934584"></trkpt>
			<trkpt lat="8.1470435" lon="99.2952341"></trkpt>
			<trkpt lat="8.1410347" lon="99.2988289"></trkpt>
			<trkpt lat="8.1405987" lon="99.2966914"></trkpt>
			<trkpt lat="8.1319827" lon="99.2969568"></trkpt>
			<trkpt lat="8.1360503" lon="99.344946"></trkpt>
			<trkpt lat="8.1323883" lon="99.3512783"></trkpt>
			<trkpt lat="8.1419488" lon="99.3849285"></trkpt>
			<trkpt lat="8.1386895" lon="99.3874064"></trkpt>
			<trkpt lat="8.116122" lon="99.3879106"></trkpt>
			<trkpt lat="8.1085014" lon="99.3925064"></trkpt>
			<trkpt lat="8.0872693" lon="99.3940135"></trkpt>
			<trkpt lat="8.0822224" lon="99.3852648"></trkpt>
			<trkpt lat="8.0721097" lon="99.3851906"></trkpt>
			<trkpt lat="8.0507374" lon="99.395045"></trkpt>
			<trkpt lat="8.0408656" lon="99.3966174"></trkpt>
			<trkpt lat="8.0086642" lon="99.4097669"></trkpt>
			<trkpt lat="8.0015445" lon="99.4157483"></trkpt>
			<trkpt lat="7.9833069" lon="99.3977952"></trkpt>
			<trkpt lat="7.9636365" lon="99.3930461"></trkpt>
			<trkpt lat="7.9537909" lon="99.3967664"></trkpt>
			<trkpt lat="7.9491814" lon="99.3899797"></trkpt>
			<trkpt lat="7.9419536" lon="99.3861821"></trkpt>
			<trkpt lat="7.943054" lon="99.3761273"></trkpt>
			<trkpt lat="7.9253599" lon="99.3914554"></trkpt>
			<trkpt lat="7.9213366" lon="99.3983547"></trkpt>
			<trkpt lat="7.9259953" lon="99.4233216"></trkpt>
			<trkpt lat="7.9094041" lon="99.4190407"></trkpt>
			<trkpt lat="7.8663625" lon="99.4202288"></trkpt>
			<trkpt lat="7.8741162" lon="99.4351196"></trkpt>
			<trkpt lat="7.8786958" lon="99.4380732"></trkpt>
			<trkpt lat="7.8812882" lon="99.4436233"></trkpt>
			<trkpt lat="7.887476" lon="99.4466859"></trkpt>
			<trkpt lat="7.8893094" lon="99.4545163"></trkpt>
			<trkpt lat="7.9047554" lon="99.4714704"></trkpt>
			<trkpt lat="7.8823704" lon="99.4789269"></trkpt>
			<trkpt lat="7.8810581" lon="99.4815851"></trkpt>
			<trkpt lat="7.8870837" lon="99.4896086"></trkpt>
			<trkpt lat="7.88222" lon="99.4959638"></trkpt>
			<trkpt lat="7.8864054" lon="99.5029285"></trkpt>
			<trkpt lat="7.88437" lon="99.5096011"></trkpt>
			<trkpt lat="7.878542" lon="99.5151248"></trkpt>
			<trkpt lat="7.8811806" lon="99.5335087"></trkpt>
			<trkpt lat="7.8859561" lon="99.5399954"></trkpt>
			<trkpt lat="7.8863487" lon="99.5354527"></trkpt>
			<trkpt lat="7.8913645" lon="99.5383236"></trkpt>
			<trkpt lat="7.8938583" lon="99.5347021"></trkpt>
			<trkpt lat="7.9003858" lon="99.535887"></trkpt>
			<trkpt lat="7.9049966" lon="99.54161"></trkpt>
			<trkpt lat="7.9140432" lon="99.5423289"></trkpt>
			<trkpt lat="7.9210086" lon="99.5488724"></trkpt>
			<trkpt lat="7.9230819" lon="99.5550932"></trkpt>
			<trkpt lat="7.9205403" lon="99.5566718"></trkpt>
			<trkpt lat="7.9272912" lon="99.5635663"></trkpt>
			<trkpt lat="7.9326885" lon="99.5631064"></trkpt>
			<trkpt lat="7.9343301" lon="99.5652209"></trkpt>
			<trkpt lat="7.935811" lon="99.5621025"></trkpt>
			<trkpt lat="7.9395805" lon="99.5634248"></trkpt>
			<trkpt lat="7.9389334" lon="99.56871"></trkpt>
			<trkpt lat="7.9489084" lon="99.5720983"></trkpt>
			<trkpt lat="7.9472233" lon="99.5773027"></trkpt>
			<trkpt lat="7.9493151" lon="99.5837588"></trkpt>
			<trkpt lat="7.9520491" lon="99.5820376"></trkpt>
			<trkpt lat="7.9531203" lon="99.5861095"></trkpt>
			<trkpt lat="7.9595555" lon="99.5856843"></trkpt>
			<trkpt lat="7.9606504" lon="99.597684"></trkpt>
			<trkpt lat="7.9657889" lon="99.5935183"></trkpt>
			<trkpt lat="7.9667025" lon="99.5986081"></trkpt>
			<trkpt lat="7.9710156" lon="99.5980637"></trkpt>
			<trkpt lat="7.9708895" lon="99.6004084"></trkpt>
			<trkpt lat="7.9810751" lon="99.6037941"></trkpt>
			<trkpt lat="7.9808603" lon="99.6072492"></trkpt>
			<trkpt lat="7.9878539" lon="99.6041188"></trkpt>
			<trkpt lat="7.9893451" lon="99.6126952"></trkpt>
			<trkpt lat="7.9919236" lon="99.6141276"></trkpt>
			<trkpt lat="7.9903091" lon="99.6164061"></trkpt>
			<trkpt lat="8.0092817" lon="99.630667"></trkpt>
			<trkpt lat="8.0085666" lon="99.6362029"></trkpt>
			<trkpt lat="8.0119152" lon="99.6447572"></trkpt>
			<trkpt lat="8.0111073" lon="99.6548753"></trkpt>
			<trkpt lat="8.0128111" lon="99.6563078"></trkpt>
			<trkpt lat="8.0069585" lon="99.6671846"></trkpt>
			<trkpt lat="8.0087308" lon="99.6709856"></trkpt>
			<trkpt lat="8.0064508" lon="99.6717724"></trkpt>
			<trkpt lat="8.0084654" lon="99.6728691"></trkpt>
			<trkpt lat="8.0065068" lon="99.6762449"></trkpt>
			<trkpt lat="8.0041133" lon="99.6751804"></trkpt>
			<trkpt lat="7.998851" lon="99.6941708"></trkpt>
			<trkpt lat="7.9945154" lon="99.6989675"></trkpt>
			<trkpt lat="7.9932496" lon="99.7129099"></trkpt>
			<trkpt lat="8.0066737" lon="99.7422961"></trkpt>
			<trkpt lat="8.0024185" lon="99.7467561"></trkpt>
			<trkpt lat="7.9836698" lon="99.7463064"></trkpt>
			<trkpt lat="7.9827571" lon="99.7483803"></trkpt>
			<trkpt lat="7.9869722" lon="99.7510442"></trkpt>
			<trkpt lat="7.9866659" lon="99.7578238"></trkpt>
			<trkpt lat="7.9829342" lon="99.7576122"></trkpt>
			<trkpt lat="7.9792352" lon="99.7536733"></trkpt>
			<trkpt lat="7.9698508" lon="99.7516855"></trkpt>
			<trkpt lat="7.9710802" lon="99.7461378"></trkpt>
			<trkpt lat="7.9674561" lon="99.7432778"></trkpt>
			<trkpt lat="7.9673761" lon="99.7465615"></trkpt>
			<trkpt lat="7.9522698" lon="99.7409737"></trkpt>
			<trkpt lat="7.9443736" lon="99.7349387"></trkpt>
			<trkpt lat="7.9327018" lon="99.7431279"></trkpt>
			<trkpt lat="7.9120236" lon="99.7350741"></trkpt>
			<trkpt lat="7.8878506" lon="99.7323593"></trkpt>
			<trkpt lat="7.8774735" lon="99.7396065"></trkpt>
			<trkpt lat="7.8664315" lon="99.7349982"></trkpt>
			<trkpt lat="7.8575282" lon="99.7383341"></trkpt>
			<trkpt lat="7.8595772" lon="99.746803"></trkpt>
			<trkpt lat="7.8553832" lon="99.7496448"></trkpt>
			<trkpt lat="7.8587282" lon="99.7530875"></trkpt>
			<trkpt lat="7.8607286" lon="99.7632673"></trkpt>
			<trkpt lat="7.857351" lon="99.7721901"></trkpt>
			<trkpt lat="7.8574847" lon="99.7832978"></trkpt>
			<trkpt lat="7.8623842" lon="99.7860299"></trkpt>
			<trkpt lat="7.8648373" lon="99.7925105"></trkpt>
			<trkpt lat="7.8740863" lon="99.7954478"></trkpt>
			<trkpt lat="7.8775549" lon="99.7999797"></trkpt>
			<trkpt lat="7.8785594" lon="99.7979395"></trkpt>
			<trkpt lat="7.8908583" lon="99.8061006"></trkpt>
			<trkpt lat="7.8884993" lon="99.8090294"></trkpt>
			<trkpt lat="7.8902861" lon="99.8122895"></trkpt>
			<trkpt lat="7.8848206" lon="99.8193225"></trkpt>
			<trkpt lat="7.8879427" lon="99.8222218"></trkpt>
			<trkpt lat="7.8851297" lon="99.8283325"></trkpt>
			<trkpt lat="7.8860394" lon="99.83708"></trkpt>
			<trkpt lat="7.8913274" lon="99.8420316"></trkpt>
			<trkpt lat="7.8882456" lon="99.8508606"></trkpt>
			<trkpt lat="7.8884463" lon="99.8608172"></trkpt>
			<trkpt lat="7.8865694" lon="99.8616937"></trkpt>
			<trkpt lat="7.8924513" lon="99.8826059"></trkpt>
			<trkpt lat="7.8699651" lon="99.9163769"></trkpt>
			<trkpt lat="7.872646" lon="99.9280691"></trkpt>
			<trkpt lat="7.8780771" lon="99.9347675"></trkpt>
			<trkpt lat="7.8784705" lon="99.9408503"></trkpt>
			<trkpt lat="7.8850962" lon="99.9425983"></trkpt>
			<trkpt lat="7.8852654" lon="99.9467832"></trkpt>
			<trkpt lat="7.8887542" lon="99.9463308"></trkpt>
			<trkpt lat="7.8975712" lon="99.9531581"></trkpt>
			<trkpt lat="7.8662007" lon="99.9805231"></trkpt>
			<trkpt lat="7.8561502" lon="99.9949232"></trkpt>
			<trkpt lat="7.846716" lon="100.0344882"></trkpt>
			<trkpt lat="7.8417261" lon="100.0449219"></trkpt>
			<trkpt lat="7.8370208" lon="100.047182"></trkpt>
			<trkpt lat="7.8381622" lon="100.0557391"></trkpt>
			<trkpt lat="7.8435032" lon="100.0639011"></trkpt>
			<trkpt lat="7.8428248" lon="100.0717406"></trkpt>
			<trkpt lat="7.8468601" lon="100.0720185"></trkpt>
			<trkpt lat="7.8739716" lon="100.0982346"></trkpt>
			<trkpt lat="7.8788202" lon="100.1073363"></trkpt>
			<trkpt lat="7.8784748" lon="100.1238948"></trkpt>
			<trkpt lat="7.8749952" lon="100.134159"></trkpt>
			<trkpt lat="7.8684455" lon="100.1396495"></trkpt>
			<trkpt lat="7.8812388" lon="100.1734328"></trkpt>
			<trkpt lat="7.875912" lon="100.1792594"></trkpt>
			<trkpt lat="7.8787053" lon="100.1885051"></trkpt>
			<trkpt lat="7.882281" lon="100.2325394"></trkpt>
			<trkpt lat="7.906022" lon="100.266838"></trkpt>
			<trkpt lat="7.9142193" lon="100.2664945"></trkpt>
			<trkpt lat="7.9160944" lon="100.2956642"></trkpt>
			<trkpt lat="7.9144208" lon="100.3074618"></trkpt>
			<trkpt lat="7.9241024" lon="100.3066987"></trkpt>
			<trkpt lat="7.9368576" lon="100.3122438"></trkpt>
			<trkpt lat="7.9386668" lon="100.3265192"></trkpt>
			<trkpt lat="7.931889" lon="100.3369089"></trkpt>
			<trkpt lat="8.2021975" lon="100.2907336"></trkpt>
			<trkpt lat="8.2506547" lon="100.2788303"></trkpt>
			<trkpt lat="8.3610366" lon="100.2455633"></trkpt>
			<trkpt lat="8.4358708" lon="100.2177883"></trkpt>
			<trkpt lat="8.480314" lon="100.1929753"></trkpt>
			<trkpt lat="8.5027035" lon="100.1715792"></trkpt>
			<trkpt lat="8.5116108" lon="100.1593383"></trkpt>
			<trkpt lat="8.5191151" lon="100.1317753"></trkpt>
			<trkpt lat="8.5162586" lon="100.1274523"></trkpt>
			<trkpt lat="8.5140436" lon="100.1287477"></trkpt>
			<trkpt lat="8.5142944" lon="100.1354103"></trkpt>
			<trkpt lat="8.5104599" lon="100.1456366"></trkpt>
			<trkpt lat="8.4880767" lon="100.1651409"></trkpt>
			<trkpt lat="8.4734554" lon="100.1679979"></trkpt>
			<trkpt lat="8.4740903" lon="100.1662353"></trkpt>
			<trkpt lat="8.4572793" lon="100.1728898"></trkpt>
			<trkpt lat="8.4547178" lon="100.1677439"></trkpt>
			<trkpt lat="8.439202" lon="100.1552766"></trkpt>
			<trkpt lat="8.4212292" lon="100.1611086"></trkpt>
			<trkpt lat="8.4193949" lon="100.1584465"></trkpt>
			<trkpt lat="8.4010357" lon="100.1661405"></trkpt>
			<trkpt lat="8.3971601" lon="100.1712215"></trkpt>
			<trkpt lat="8.3817767" lon="100.1758393"></trkpt>
			<trkpt lat="8.3876454" lon="100.1699761"></trkpt>
			<trkpt lat="8.3894496" lon="100.1621385"></trkpt>
			<trkpt lat="8.381053" lon="100.1546458"></trkpt>
			<trkpt lat="8.3790253" lon="100.1562858"></trkpt>
			<trkpt lat="8.3794251" lon="100.146722"></trkpt>
			<trkpt lat="8.3768152" lon="100.1460248"></trkpt>
			<trkpt lat="8.3819064" lon="100.1403076"></trkpt>
			<trkpt lat="8.3838847" lon="100.140898"></trkpt>
			<trkpt lat="8.4020916" lon="100.1167567"></trkpt>
			<trkpt lat="8.4032305" lon="100.110574"></trkpt>
			<trkpt lat="8.4110342" lon="100.1033378"></trkpt>
			<trkpt lat="8.417558" lon="100.0918936"></trkpt>
			<trkpt lat="8.4108954" lon="100.0890657"></trkpt>
			<trkpt lat="8.4418942" lon="100.0743743"></trkpt>
			<trkpt lat="8.4556375" lon="100.0725083"></trkpt>
			<trkpt lat="8.4753078" lon="100.0620209"></trkpt>
			<trkpt lat="8.4771918" lon="100.0630537"></trkpt>
			<trkpt lat="8.4999096" lon="100.0526162"></trkpt>
			<trkpt lat="8.5076182" lon="100.0518503"></trkpt>
			<trkpt lat="8.512877" lon="100.0477668"></trkpt>
			<trkpt lat="8.5206806" lon="100.0476166"></trkpt>
			<trkpt lat="8.5464079" lon="100.0287755"></trkpt>
			<trkpt lat="8.5639654" lon="100.0086958"></trkpt>
			<trkpt lat="8.5649718" lon="100.0020895"></trkpt>
			<trkpt lat="8.5722742" lon="99.9968743"></trkpt>
			<trkpt lat="8.5721697" lon="99.9807503"></trkpt>
			<trkpt lat="8.5810392" lon="99.9708658"></trkpt>
			<trkpt lat="8.5926764" lon="99.9637968"></trkpt>
			<trkpt lat="8.6235901" lon="99.9543641"></trkpt>
			<trkpt lat="8.725918" lon="99.9398481"></trkpt>
			<trkpt lat="8.7966572" lon="99.9340973"></trkpt>
			<trkpt lat="8.8677323" lon="99.919994"></trkpt>
			<trkpt lat="8.9356424" lon="99.9133574"></trkpt>
			<trkpt lat="8.9946407" lon="99.9153436"></trkpt>
			<trkpt lat="9.0037557" lon="99.920002"></trkpt>
			<trkpt lat="9.004076" lon="99.9279451"></trkpt>
			<trkpt lat="9.0073569" lon="99.9285476"></trkpt>
			<trkpt lat="9.0070817" lon="99.9235811"></trkpt>
			<trkpt lat="9.0148451" lon="99.9164673"></trkpt>
			<trkpt lat="9.0790234" lon="99.9099394"></trkpt>
			<trkpt lat="9.083915" lon="99.9126498"></trkpt>
			<trkpt lat="9.098524" lon="99.9087212"></trkpt>
			<trkpt lat="9.1194332" lon="99.8963946"></trkpt>
			<trkpt lat="9.1266876" lon="99.8871902"></trkpt>
			<trkpt lat="9.1253471" lon="99.8819668"></trkpt>
			<trkpt lat="9.1405985" lon="99.8753421"></trkpt>
			<trkpt lat="9.1625192" lon="99.8733911"></trkpt>
			<trkpt lat="9.2069107" lon="99.8764734"></trkpt>
			<trkpt lat="9.2077648" lon="99.880885"></trkpt>
			<trkpt lat="9.2183013" lon="99.8794274"></trkpt>
			<trkpt lat="9.222011" lon="99.8740848"></trkpt>
			<trkpt lat="9.228936" lon="99.870785"></trkpt>
			<trkpt lat="9.238044" lon="99.8703061"></trkpt>
			<trkpt lat="9.2365324" lon="99.865641"></trkpt>
			<trkpt lat="9.2413234" lon="99.8631135"></trkpt>
			<trkpt lat="9.2480331" lon="99.8635276"></trkpt>
			<trkpt lat="9.2534437" lon="99.8585765"></trkpt>
			<trkpt lat="9.2534681" lon="99.8490451"></trkpt>
			<trkpt lat="9.2637874" lon="99.8447427"></trkpt>
			<trkpt lat="9.2833425" lon="99.8458718"></trkpt>
			<trkpt lat="9.2824814" lon="99.8437996"></trkpt>
			<trkpt lat="9.2940652" lon="99.8433362"></trkpt>
			<trkpt lat="9.2948146" lon="99.8387965"></trkpt>
			<trkpt lat="9.3043599" lon="99.8374422"></trkpt>
			<trkpt lat="9.3107211" lon="99.829788"></trkpt>
			<trkpt lat="9.2985301" lon="99.8242395"></trkpt>
			<trkpt lat="9.2970214" lon="99.8207818"></trkpt>
			<trkpt lat="9.3013264" lon="99.8029184"></trkpt>
			<trkpt lat="9.3062487" lon="99.7993793"></trkpt>
			<trkpt lat="9.3119351" lon="99.8017038"></trkpt>
			<trkpt lat="9.3122234" lon="99.8041907"></trkpt>
			<trkpt lat="9.3167582" lon="99.805329"></trkpt>
			<trkpt lat="9.3201341" lon="99.8004841"></trkpt>
			<trkpt lat="9.3099126" lon="99.796664"></trkpt>
			<trkpt lat="9.3182462" lon="99.7953706"></trkpt>
			<trkpt lat="9.3124464" lon="99.793228"></trkpt>
			<trkpt lat="9.3136" lon="99.7860966"></trkpt>
			<trkpt lat="9.3183414" lon="99.7850766"></trkpt>
			<trkpt lat="9.3116389" lon="99.7815635"></trkpt>
		</trkseg>
	</trk>
	<trk>
		<name>ภูเก็ต</name>
		<desc>Length: 212.9 km (132.3 mi)</desc>
		<trkseg>
			<trkpt lat="8.1996877" lon="98.2944847"></trkpt>
			<trkpt lat="8.2000735" lon="98.2856698"></trkpt>
			<trkpt lat="8.1961506" lon="98.283574"></trkpt>
			<trkpt lat="8.1948185" lon="98.285369"></trkpt>
			<trkpt lat="8.1917344" lon="98.2867669"></trkpt>
			<trkpt lat="8.1495534" lon="98.296968"></trkpt>
			<trkpt lat="8.1162969" lon="98.3021643"></trkpt>
			<trkpt lat="8.1062796" lon="98.3014929"></trkpt>
			<trkpt lat="8.1033657" lon="98.3003161"></trkpt>
			<trkpt lat="8.1006339" lon="98.2975798"></trkpt>
			<trkpt lat="8.0982556" lon="98.2968865"></trkpt>
			<trkpt lat="8.0947606" lon="98.2983711"></trkpt>
			<trkpt lat="8.0911857" lon="98.2977539"></trkpt>
			<trkpt lat="8.0889095" lon="98.2963272"></trkpt>
			<trkpt lat="8.0896657" lon="98.2896347"></trkpt>
			<trkpt lat="8.0854953" lon="98.2821383"></trkpt>
			<trkpt lat="8.0813572" lon="98.2776427"></trkpt>
			<trkpt lat="8.0795195" lon="98.2735109"></trkpt>
			<trkpt lat="8.0747933" lon="98.2711365"></trkpt>
			<trkpt lat="8.0681309" lon="98.2713364"></trkpt>
			<trkpt lat="8.0659069" lon="98.2728622"></trkpt>
			<trkpt lat="8.0632524" lon="98.2764968"></trkpt>
			<trkpt lat="8.0535938" lon="98.2772459"></trkpt>
			<trkpt lat="8.0506358" lon="98.2761111"></trkpt>
			<trkpt lat="8.0503818" lon="98.276966"></trkpt>
			<trkpt lat="8.0457263" lon="98.2768313"></trkpt>
			<trkpt lat="8.0454736" lon="98.2761991"></trkpt>
			<trkpt lat="8.0427743" lon="98.2762175"></trkpt>
			<trkpt lat="8.0406343" lon="98.2721822"></trkpt>
			<trkpt lat="8.0384062" lon="98.2723974"></trkpt>
			<trkpt lat="8.0373433" lon="98.2742298"></trkpt>
			<trkpt lat="8.0342514" lon="98.2760369"></trkpt>
			<trkpt lat="8.0340644" lon="98.2799924"></trkpt>
			<trkpt lat="8.035529" lon="98.2808751"></trkpt>
			<trkpt lat="8.0361452" lon="98.2841046"></trkpt>
			<trkpt lat="8.0346945" lon="98.2853663"></trkpt>
			<trkpt lat="8.0324594" lon="98.2844358"></trkpt>
			<trkpt lat="8.0321259" lon="98.2808927"></trkpt>
			<trkpt lat="8.0299452" lon="98.2800765"></trkpt>
			<trkpt lat="8.0298315" lon="98.2823308"></trkpt>
			<trkpt lat="8.0322182" lon="98.2845505"></trkpt>
			<trkpt lat="8.0313111" lon="98.2872866"></trkpt>
			<trkpt lat="8.0282005" lon="98.2894566"></trkpt>
			<trkpt lat="8.0230518" lon="98.291131"></trkpt>
			<trkpt lat="8.0039457" lon="98.292915"></trkpt>
			<trkpt lat="7.9894413" lon="98.2898167"></trkpt>
			<trkpt lat="7.9847766" lon="98.2856756"></trkpt>
			<trkpt lat="7.9844172" lon="98.2808698"></trkpt>
			<trkpt lat="7.9858279" lon="98.2803439"></trkpt>
			<trkpt lat="7.9859927" lon="98.2772821"></trkpt>
			<trkpt lat="7.9873126" lon="98.2769041"></trkpt>
			<trkpt lat="7.9867717" lon="98.2750175"></trkpt>
			<trkpt lat="7.9876194" lon="98.2732883"></trkpt>
			<trkpt lat="7.9887016" lon="98.2730808"></trkpt>
			<trkpt lat="7.9892261" lon="98.2707508"></trkpt>
			<trkpt lat="7.9882919" lon="98.2699064"></trkpt>
			<trkpt lat="7.9865249" lon="98.2700263"></trkpt>
			<trkpt lat="7.9855354" lon="98.2724669"></trkpt>
			<trkpt lat="7.9843852" lon="98.2722733"></trkpt>
			<trkpt lat="7.9844449" lon="98.2753763"></trkpt>
			<trkpt lat="7.9810846" lon="98.2768898"></trkpt>
			<trkpt lat="7.9802358" lon="98.2761175"></trkpt>
			<trkpt lat="7.9795265" lon="98.2774894"></trkpt>
			<trkpt lat="7.9724681" lon="98.2781704"></trkpt>
			<trkpt lat="7.9700894" lon="98.2763063"></trkpt>
			<trkpt lat="7.969503" lon="98.2791328"></trkpt>
			<trkpt lat="7.9686992" lon="98.2794705"></trkpt>
			<trkpt lat="7.9671625" lon="98.278366"></trkpt>
			<trkpt lat="7.9637703" lon="98.2798313"></trkpt>
			<trkpt lat="7.9637518" lon="98.2828166"></trkpt>
			<trkpt lat="7.9620681" lon="98.2834025"></trkpt>
			<trkpt lat="7.9535157" lon="98.2824942"></trkpt>
			<trkpt lat="7.9519815" lon="98.2815496"></trkpt>
			<trkpt lat="7.9500557" lon="98.2777262"></trkpt>
			<trkpt lat="7.9485601" lon="98.2781856"></trkpt>
			<trkpt lat="7.9487245" lon="98.2768062"></trkpt>
			<trkpt lat="7.9508201" lon="98.2764842"></trkpt>
			<trkpt lat="7.9504575" lon="98.272799"></trkpt>
			<trkpt lat="7.948604" lon="98.2719282"></trkpt>
			<trkpt lat="7.9469699" lon="98.26789"></trkpt>
			<trkpt lat="7.9476253" lon="98.2644407"></trkpt>
			<trkpt lat="7.9493279" lon="98.262806"></trkpt>
			<trkpt lat="7.9479151" lon="98.2617663"></trkpt>
			<trkpt lat="7.9444034" lon="98.2624456"></trkpt>
			<trkpt lat="7.9433641" lon="98.2610061"></trkpt>
			<trkpt lat="7.9356454" lon="98.2581553"></trkpt>
			<trkpt lat="7.9348894" lon="98.2589828"></trkpt>
			<trkpt lat="7.9355465" lon="98.2603869"></trkpt>
			<trkpt lat="7.9347433" lon="98.2613912"></trkpt>
			<trkpt lat="7.9319687" lon="98.2620093"></trkpt>
			<trkpt lat="7.9278018" lon="98.2610083"></trkpt>
			<trkpt lat="7.9279487" lon="98.2619119"></trkpt>
			<trkpt lat="7.9249164" lon="98.2629286"></trkpt>
			<trkpt lat="7.9243144" lon="98.2619558"></trkpt>
			<trkpt lat="7.9236937" lon="98.2629614"></trkpt>
			<trkpt lat="7.9261834" lon="98.2664996"></trkpt>
			<trkpt lat="7.9260682" lon="98.2678493"></trkpt>
			<trkpt lat="7.923735" lon="98.2683947"></trkpt>
			<trkpt lat="7.9239349" lon="98.2705489"></trkpt>
			<trkpt lat="7.9261237" lon="98.2708351"></trkpt>
			<trkpt lat="7.9251642" lon="98.2756227"></trkpt>
			<trkpt lat="7.9224564" lon="98.2775802"></trkpt>
			<trkpt lat="7.9227475" lon="98.2788512"></trkpt>
			<trkpt lat="7.9205584" lon="98.2797214"></trkpt>
			<trkpt lat="7.9202324" lon="98.2807865"></trkpt>
			<trkpt lat="7.9185187" lon="98.2812927"></trkpt>
			<trkpt lat="7.9165709" lon="98.2854338"></trkpt>
			<trkpt lat="7.9174742" lon="98.2900479"></trkpt>
			<trkpt lat="7.9155784" lon="98.2928292"></trkpt>
			<trkpt lat="7.9099372" lon="98.2965203"></trkpt>
			<trkpt lat="7.9010188" lon="98.2962011"></trkpt>
			<trkpt lat="7.8933058" lon="98.293618"></trkpt>
			<trkpt lat="7.8883672" lon="98.2908865"></trkpt>
			<trkpt lat="7.8863553" lon="98.286932"></trkpt>
			<trkpt lat="7.8848365" lon="98.2870177"></trkpt>
			<trkpt lat="7.8868632" lon="98.2864328"></trkpt>
			<trkpt lat="7.886701" lon="98.2857944"></trkpt>
			<trkpt lat="7.8883353" lon="98.2860941"></trkpt>
			<trkpt lat="7.8879398" lon="98.2826042"></trkpt>
			<trkpt lat="7.888707" lon="98.2810012"></trkpt>
			<trkpt lat="7.8898181" lon="98.2811524"></trkpt>
			<trkpt lat="7.8875337" lon="98.276537"></trkpt>
			<trkpt lat="7.887695" lon="98.271412"></trkpt>
			<trkpt lat="7.890357" lon="98.2707723"></trkpt>
			<trkpt lat="7.8914824" lon="98.2693793"></trkpt>
			<trkpt lat="7.8916317" lon="98.2665062"></trkpt>
			<trkpt lat="7.8925998" lon="98.2656955"></trkpt>
			<trkpt lat="7.8918088" lon="98.264667"></trkpt>
			<trkpt lat="7.8936477" lon="98.2642907"></trkpt>
			<trkpt lat="7.8937244" lon="98.2632337"></trkpt>
			<trkpt lat="7.8916529" lon="98.2634619"></trkpt>
			<trkpt lat="7.8912646" lon="98.2621821"></trkpt>
			<trkpt lat="7.8868499" lon="98.2607986"></trkpt>
			<trkpt lat="7.884595" lon="98.263465"></trkpt>
			<trkpt lat="7.8812293" lon="98.2648007"></trkpt>
			<trkpt lat="7.8832609" lon="98.2712199"></trkpt>
			<trkpt lat="7.878367" lon="98.272516"></trkpt>
			<trkpt lat="7.8769434" lon="98.2753883"></trkpt>
			<trkpt lat="7.8749423" lon="98.2747943"></trkpt>
			<trkpt lat="7.8746357" lon="98.2733372"></trkpt>
			<trkpt lat="7.8716724" lon="98.2727128"></trkpt>
			<trkpt lat="7.8708471" lon="98.2717671"></trkpt>
			<trkpt lat="7.8652655" lon="98.2761794"></trkpt>
			<trkpt lat="7.8666508" lon="98.2809693"></trkpt>
			<trkpt lat="7.8651927" lon="98.2828404"></trkpt>
			<trkpt lat="7.860228" lon="98.2821261"></trkpt>
			<trkpt lat="7.8593484" lon="98.2888028"></trkpt>
			<trkpt lat="7.8580684" lon="98.2900366"></trkpt>
			<trkpt lat="7.8497478" lon="98.2928794"></trkpt>
			<trkpt lat="7.8337728" lon="98.2947244"></trkpt>
			<trkpt lat="7.8301424" lon="98.2940845"></trkpt>
			<trkpt lat="7.827766" lon="98.2901271"></trkpt>
			<trkpt lat="7.8258982" lon="98.2891088"></trkpt>
			<trkpt lat="7.8234709" lon="98.2895601"></trkpt>
			<trkpt lat="7.8250486" lon="98.2922088"></trkpt>
			<trkpt lat="7.8221512" lon="98.2964828"></trkpt>
			<trkpt lat="7.8179466" lon="98.2986448"></trkpt>
			<trkpt lat="7.8150487" lon="98.2989251"></trkpt>
			<trkpt lat="7.8146528" lon="98.296096"></trkpt>
			<trkpt lat="7.8137123" lon="98.2955194"></trkpt>
			<trkpt lat="7.81049" lon="98.2962005"></trkpt>
			<trkpt lat="7.8099276" lon="98.2983209"></trkpt>
			<trkpt lat="7.8045364" lon="98.2988066"></trkpt>
			<trkpt lat="7.8036372" lon="98.2972198"></trkpt>
			<trkpt lat="7.7941169" lon="98.2925777"></trkpt>
			<trkpt lat="7.7928061" lon="98.2845535"></trkpt>
			<trkpt lat="7.7886817" lon="98.2846583"></trkpt>
			<trkpt lat="7.7881219" lon="98.2886409"></trkpt>
			<trkpt lat="7.7887144" lon="98.2903242"></trkpt>
			<trkpt lat="7.7856954" lon="98.2902006"></trkpt>
			<trkpt lat="7.7836027" lon="98.287582"></trkpt>
			<trkpt lat="7.7805134" lon="98.2862995"></trkpt>
			<trkpt lat="7.7794694" lon="98.2877168"></trkpt>
			<trkpt lat="7.7766544" lon="98.2879112"></trkpt>
			<trkpt lat="7.7771536" lon="98.292268"></trkpt>
			<trkpt lat="7.7787018" lon="98.2941903"></trkpt>
			<trkpt lat="7.7788529" lon="98.2963621"></trkpt>
			<trkpt lat="7.7780628" lon="98.2974749"></trkpt>
			<trkpt lat="7.7792235" lon="98.3037236"></trkpt>
			<trkpt lat="7.7759315" lon="98.306405"></trkpt>
			<trkpt lat="7.774419" lon="98.3066248"></trkpt>
			<trkpt lat="7.771944" lon="98.3044679"></trkpt>
			<trkpt lat="7.7684717" lon="98.3057999"></trkpt>
			<trkpt lat="7.7636161" lon="98.3029765"></trkpt>
			<trkpt lat="7.760996" lon="98.3033951"></trkpt>
			<trkpt lat="7.7592555" lon="98.3024653"></trkpt>
			<trkpt lat="7.7610658" lon="98.3046332"></trkpt>
			<trkpt lat="7.7609138" lon="98.3071129"></trkpt>
			<trkpt lat="7.7597986" lon="98.3072031"></trkpt>
			<trkpt lat="7.7586559" lon="98.3105213"></trkpt>
			<trkpt lat="7.7599155" lon="98.3123553"></trkpt>
			<trkpt lat="7.759927" lon="98.3146004"></trkpt>
			<trkpt lat="7.7620527" lon="98.3157031"></trkpt>
			<trkpt lat="7.7617631" lon="98.3176768"></trkpt>
			<trkpt lat="7.7656908" lon="98.3190308"></trkpt>
			<trkpt lat="7.7660569" lon="98.317796"></trkpt>
			<trkpt lat="7.7690481" lon="98.3168361"></trkpt>
			<trkpt lat="7.7712761" lon="98.319015"></trkpt>
			<trkpt lat="7.7763661" lon="98.3288646"></trkpt>
			<trkpt lat="7.7764636" lon="98.3311453"></trkpt>
			<trkpt lat="7.7751645" lon="98.3319092"></trkpt>
			<trkpt lat="7.7760131" lon="98.3344693"></trkpt>
			<trkpt lat="7.780077" lon="98.3379401"></trkpt>
			<trkpt lat="7.7821078" lon="98.3380616"></trkpt>
			<trkpt lat="7.7846101" lon="98.3363617"></trkpt>
			<trkpt lat="7.7860863" lon="98.3335689"></trkpt>
			<trkpt lat="7.7882361" lon="98.3324386"></trkpt>
			<trkpt lat="7.8253255" lon="98.3457335"></trkpt>
			<trkpt lat="7.8295989" lon="98.3490934"></trkpt>
			<trkpt lat="7.834592" lon="98.3547288"></trkpt>
			<trkpt lat="7.8361775" lon="98.3612967"></trkpt>
			<trkpt lat="7.8388568" lon="98.3636677"></trkpt>
			<trkpt lat="7.8397012" lon="98.3657722"></trkpt>
			<trkpt lat="7.8397668" lon="98.374507"></trkpt>
			<trkpt lat="7.8410855" lon="98.375528"></trkpt>
			<trkpt lat="7.8376304" lon="98.3779397"></trkpt>
			<trkpt lat="7.8348606" lon="98.3773111"></trkpt>
			<trkpt lat="7.8301617" lon="98.3793289"></trkpt>
			<trkpt lat="7.8281282" lon="98.3793274"></trkpt>
			<trkpt lat="7.8129146" lon="98.3861259"></trkpt>
			<trkpt lat="7.809227" lon="98.3854026"></trkpt>
			<trkpt lat="7.8058271" lon="98.3892778"></trkpt>
			<trkpt lat="7.8092032" lon="98.3892321"></trkpt>
			<trkpt lat="7.8102648" lon="98.3884001"></trkpt>
			<trkpt lat="7.8133479" lon="98.3906594"></trkpt>
			<trkpt lat="7.8148806" lon="98.3934817"></trkpt>
			<trkpt lat="7.8147254" lon="98.3959966"></trkpt>
			<trkpt lat="7.8126534" lon="98.3967098"></trkpt>
			<trkpt lat="7.8102239" lon="98.3993263"></trkpt>
			<trkpt lat="7.8084689" lon="98.3995374"></trkpt>
			<trkpt lat="7.8061767" lon="98.4049083"></trkpt>
			<trkpt lat="7.8040211" lon="98.4068934"></trkpt>
			<trkpt lat="7.8006211" lon="98.4075943"></trkpt>
			<trkpt lat="7.7998375" lon="98.409597"></trkpt>
			<trkpt lat="7.8019827" lon="98.4123019"></trkpt>
			<trkpt lat="7.8033274" lon="98.4121549"></trkpt>
			<trkpt lat="7.8032756" lon="98.4110745"></trkpt>
			<trkpt lat="7.806924" lon="98.4096959"></trkpt>
			<trkpt lat="7.8088238" lon="98.4102879"></trkpt>
			<trkpt lat="7.80919" lon="98.409034"></trkpt>
			<trkpt lat="7.8110601" lon="98.4077868"></trkpt>
			<trkpt lat="7.8092881" lon="98.4052018"></trkpt>
			<trkpt lat="7.8130752" lon="98.4015299"></trkpt>
			<trkpt lat="7.814851" lon="98.4012445"></trkpt>
			<trkpt lat="7.8168451" lon="98.4021467"></trkpt>
			<trkpt lat="7.8160749" lon="98.4040038"></trkpt>
			<trkpt lat="7.8182193" lon="98.4045021"></trkpt>
			<trkpt lat="7.8185725" lon="98.4028384"></trkpt>
			<trkpt lat="7.8213387" lon="98.4004629"></trkpt>
			<trkpt lat="7.823533" lon="98.4002242"></trkpt>
			<trkpt lat="7.8277295" lon="98.401892"></trkpt>
			<trkpt lat="7.8287281" lon="98.4040853"></trkpt>
			<trkpt lat="7.8306201" lon="98.4051895"></trkpt>
			<trkpt lat="7.8306679" lon="98.4021695"></trkpt>
			<trkpt lat="7.8328094" lon="98.400989"></trkpt>
			<trkpt lat="7.8353422" lon="98.4022901"></trkpt>
			<trkpt lat="7.8352939" lon="98.4073464"></trkpt>
			<trkpt lat="7.8371497" lon="98.4100298"></trkpt>
			<trkpt lat="7.8389362" lon="98.4092518"></trkpt>
			<trkpt lat="7.8383044" lon="98.4086478"></trkpt>
			<trkpt lat="7.8395398" lon="98.4067531"></trkpt>
			<trkpt lat="7.838667" lon="98.4052104"></trkpt>
			<trkpt lat="7.8393885" lon="98.4040514"></trkpt>
			<trkpt lat="7.8379471" lon="98.4022039"></trkpt>
			<trkpt lat="7.8390966" lon="98.4015699"></trkpt>
			<trkpt lat="7.8393885" lon="98.3977375"></trkpt>
			<trkpt lat="7.8386479" lon="98.3968987"></trkpt>
			<trkpt lat="7.8428253" lon="98.3951043"></trkpt>
			<trkpt lat="7.8503411" lon="98.393789"></trkpt>
			<trkpt lat="7.8517563" lon="98.3927628"></trkpt>
			<trkpt lat="7.8549818" lon="98.3937675"></trkpt>
			<trkpt lat="7.8584043" lon="98.3929711"></trkpt>
			<trkpt lat="7.8608154" lon="98.3937296"></trkpt>
			<trkpt lat="7.8643659" lon="98.3931558"></trkpt>
			<trkpt lat="7.8652922" lon="98.3945094"></trkpt>
			<trkpt lat="7.8676859" lon="98.3930616"></trkpt>
			<trkpt lat="7.8692425" lon="98.3931966"></trkpt>
			<trkpt lat="7.8684417" lon="98.3957448"></trkpt>
			<trkpt lat="7.8691931" lon="98.3961799"></trkpt>
			<trkpt lat="7.870069" lon="98.39438"></trkpt>
			<trkpt lat="7.872339" lon="98.4016142"></trkpt>
			<trkpt lat="7.8767416" lon="98.4102807"></trkpt>
			<trkpt lat="7.8782979" lon="98.4106807"></trkpt>
			<trkpt lat="7.877268" lon="98.4115491"></trkpt>
			<trkpt lat="7.8793064" lon="98.4167288"></trkpt>
			<trkpt lat="7.8759843" lon="98.4169367"></trkpt>
			<trkpt lat="7.8734846" lon="98.4158831"></trkpt>
			<trkpt lat="7.8698338" lon="98.4158956"></trkpt>
			<trkpt lat="7.8742057" lon="98.4193369"></trkpt>
			<trkpt lat="7.8751928" lon="98.4218366"></trkpt>
			<trkpt lat="7.8747413" lon="98.4260705"></trkpt>
			<trkpt lat="7.8723186" lon="98.4287898"></trkpt>
			<trkpt lat="7.8709017" lon="98.428614"></trkpt>
			<trkpt lat="7.8698768" lon="98.4320449"></trkpt>
			<trkpt lat="7.8665646" lon="98.4333134"></trkpt>
			<trkpt lat="7.865891" lon="98.4368433"></trkpt>
			<trkpt lat="7.8672628" lon="98.4383371"></trkpt>
			<trkpt lat="7.8682362" lon="98.4370635"></trkpt>
			<trkpt lat="7.8700893" lon="98.4373967"></trkpt>
			<trkpt lat="7.8703384" lon="98.4330472"></trkpt>
			<trkpt lat="7.8739002" lon="98.4307419"></trkpt>
			<trkpt lat="7.8739344" lon="98.4296908"></trkpt>
			<trkpt lat="7.876842" lon="98.4293758"></trkpt>
			<trkpt lat="7.8791599" lon="98.4302398"></trkpt>
			<trkpt lat="7.8779536" lon="98.4336727"></trkpt>
			<trkpt lat="7.8821882" lon="98.4376392"></trkpt>
			<trkpt lat="7.8827374" lon="98.4395732"></trkpt>
			<trkpt lat="7.8797779" lon="98.4420656"></trkpt>
			<trkpt lat="7.8808872" lon="98.4434708"></trkpt>
			<trkpt lat="7.8833296" lon="98.4435954"></trkpt>
			<trkpt lat="7.8834396" lon="98.4446518"></trkpt>
			<trkpt lat="7.8881346" lon="98.443344"></trkpt>
			<trkpt lat="7.8872008" lon="98.4413473"></trkpt>
			<trkpt lat="7.8894676" lon="98.4390836"></trkpt>
			<trkpt lat="7.8972223" lon="98.4374921"></trkpt>
			<trkpt lat="7.9058391" lon="98.4405023"></trkpt>
			<trkpt lat="7.9156321" lon="98.4415846"></trkpt>
			<trkpt lat="7.9154197" lon="98.4396599"></trkpt>
			<trkpt lat="7.9141528" lon="98.4383821"></trkpt>
			<trkpt lat="7.9118697" lon="98.4322728"></trkpt>
			<trkpt lat="7.9031763" lon="98.4295535"></trkpt>
			<trkpt lat="7.9028164" lon="98.4280282"></trkpt>
			<trkpt lat="7.898916" lon="98.4274555"></trkpt>
			<trkpt lat="7.8987608" lon="98.4263722"></trkpt>
			<trkpt lat="7.9037379" lon="98.425986"></trkpt>
			<trkpt lat="7.9014556" lon="98.4238612"></trkpt>
			<trkpt lat="7.9041339" lon="98.4244866"></trkpt>
			<trkpt lat="7.9050955" lon="98.4212542"></trkpt>
			<trkpt lat="7.9063345" lon="98.4206608"></trkpt>
			<trkpt lat="7.9087731" lon="98.4168531"></trkpt>
			<trkpt lat="7.9086134" lon="98.4154406"></trkpt>
			<trkpt lat="7.9099703" lon="98.4159598"></trkpt>
			<trkpt lat="7.9132449" lon="98.4140812"></trkpt>
			<trkpt lat="7.9137595" lon="98.4113897"></trkpt>
			<trkpt lat="7.9161305" lon="98.4134095"></trkpt>
			<trkpt lat="7.9181439" lon="98.4104221"></trkpt>
			<trkpt lat="7.9207091" lon="98.413818"></trkpt>
			<trkpt lat="7.9288236" lon="98.4121018"></trkpt>
			<trkpt lat="7.933262" lon="98.4081438"></trkpt>
			<trkpt lat="7.9365128" lon="98.4066906"></trkpt>
			<trkpt lat="7.935381" lon="98.4059063"></trkpt>
			<trkpt lat="7.9352463" lon="98.4045819"></trkpt>
			<trkpt lat="7.9372435" lon="98.4021277"></trkpt>
			<trkpt lat="7.9421151" lon="98.3991607"></trkpt>
			<trkpt lat="7.943226" lon="98.3964418"></trkpt>
			<trkpt lat="7.9512131" lon="98.3958196"></trkpt>
			<trkpt lat="7.9523373" lon="98.3945157"></trkpt>
			<trkpt lat="7.9493782" lon="98.3951869"></trkpt>
			<trkpt lat="7.949898" lon="98.3918779"></trkpt>
			<trkpt lat="7.9515995" lon="98.3941213"></trkpt>
			<trkpt lat="7.9539663" lon="98.3943514"></trkpt>
			<trkpt lat="7.9540292" lon="98.3932493"></trkpt>
			<trkpt lat="7.955374" lon="98.3936164"></trkpt>
			<trkpt lat="7.9559861" lon="98.3927295"></trkpt>
			<trkpt lat="7.9574088" lon="98.393753"></trkpt>
			<trkpt lat="7.9685174" lon="98.3921913"></trkpt>
			<trkpt lat="7.9715507" lon="98.3947478"></trkpt>
			<trkpt lat="7.9750094" lon="98.3956158"></trkpt>
			<trkpt lat="7.9792587" lon="98.3931395"></trkpt>
			<trkpt lat="7.9806876" lon="98.3948892"></trkpt>
			<trkpt lat="7.9834377" lon="98.3947678"></trkpt>
			<trkpt lat="7.9835408" lon="98.3960742"></trkpt>
			<trkpt lat="7.9817321" lon="98.3974416"></trkpt>
			<trkpt lat="7.9822243" lon="98.398889"></trkpt>
			<trkpt lat="7.9867001" lon="98.3997898"></trkpt>
			<trkpt lat="7.9914143" lon="98.4107655"></trkpt>
			<trkpt lat="7.9912944" lon="98.413487"></trkpt>
			<trkpt lat="7.988693" lon="98.4184328"></trkpt>
			<trkpt lat="7.9843813" lon="98.4205128"></trkpt>
			<trkpt lat="7.9858965" lon="98.4226348"></trkpt>
			<trkpt lat="7.9852922" lon="98.4238232"></trkpt>
			<trkpt lat="7.98911" lon="98.4255634"></trkpt>
			<trkpt lat="7.9894166" lon="98.4249"></trkpt>
			<trkpt lat="7.9879129" lon="98.4229527"></trkpt>
			<trkpt lat="7.9892845" lon="98.4201985"></trkpt>
			<trkpt lat="7.9943073" lon="98.4177154"></trkpt>
			<trkpt lat="7.9950545" lon="98.41557"></trkpt>
			<trkpt lat="7.9999435" lon="98.4132356"></trkpt>
			<trkpt lat="8.0022866" lon="98.4107411"></trkpt>
			<trkpt lat="8.0066138" lon="98.4097186"></trkpt>
			<trkpt lat="8.0099218" lon="98.41154"></trkpt>
			<trkpt lat="8.0086589" lon="98.4080108"></trkpt>
			<trkpt lat="8.010229" lon="98.4081449"></trkpt>
			<trkpt lat="8.0104711" lon="98.4105844"></trkpt>
			<trkpt lat="8.0116659" lon="98.4119702"></trkpt>
			<trkpt lat="8.0140984" lon="98.4119083"></trkpt>
			<trkpt lat="8.013612" lon="98.4097924"></trkpt>
			<trkpt lat="8.0165884" lon="98.4097929"></trkpt>
			<trkpt lat="8.0164109" lon="98.4105597"></trkpt>
			<trkpt lat="8.0218669" lon="98.4110155"></trkpt>
			<trkpt lat="8.0211756" lon="98.4098859"></trkpt>
			<trkpt lat="8.0312847" lon="98.4106622"></trkpt>
			<trkpt lat="8.0310404" lon="98.411422"></trkpt>
			<trkpt lat="8.0270368" lon="98.4118568"></trkpt>
			<trkpt lat="8.0295156" lon="98.4133047"></trkpt>
			<trkpt lat="8.0316765" lon="98.4126723"></trkpt>
			<trkpt lat="8.0315234" lon="98.4135868"></trkpt>
			<trkpt lat="8.0336745" lon="98.4152002"></trkpt>
			<trkpt lat="8.0357494" lon="98.4140895"></trkpt>
			<trkpt lat="8.0367825" lon="98.415456"></trkpt>
			<trkpt lat="8.0360076" lon="98.4159917"></trkpt>
			<trkpt lat="8.0371742" lon="98.4170555"></trkpt>
			<trkpt lat="8.0393873" lon="98.4173169"></trkpt>
			<trkpt lat="8.0398213" lon="98.4163997"></trkpt>
			<trkpt lat="8.0428437" lon="98.4181421"></trkpt>
			<trkpt lat="8.0420451" lon="98.4206494"></trkpt>
			<trkpt lat="8.0445735" lon="98.4201007"></trkpt>
			<trkpt lat="8.0461861" lon="98.420684"></trkpt>
			<trkpt lat="8.0463687" lon="98.4235319"></trkpt>
			<trkpt lat="8.0440661" lon="98.4242536"></trkpt>
			<trkpt lat="8.0431107" lon="98.4275191"></trkpt>
			<trkpt lat="8.0398735" lon="98.4294691"></trkpt>
			<trkpt lat="8.0395419" lon="98.4312287"></trkpt>
			<trkpt lat="8.040794" lon="98.4323846"></trkpt>
			<trkpt lat="8.0420742" lon="98.4305834"></trkpt>
			<trkpt lat="8.0468203" lon="98.4311697"></trkpt>
			<trkpt lat="8.0536805" lon="98.4294892"></trkpt>
			<trkpt lat="8.0569875" lon="98.4302287"></trkpt>
			<trkpt lat="8.0671685" lon="98.4359931"></trkpt>
			<trkpt lat="8.0671695" lon="98.4392385"></trkpt>
			<trkpt lat="8.0653342" lon="98.4394447"></trkpt>
			<trkpt lat="8.0664647" lon="98.443043"></trkpt>
			<trkpt lat="8.0691611" lon="98.4429338"></trkpt>
			<trkpt lat="8.0705314" lon="98.4437297"></trkpt>
			<trkpt lat="8.0721704" lon="98.4425925"></trkpt>
			<trkpt lat="8.0726738" lon="98.43823"></trkpt>
			<trkpt lat="8.0718377" lon="98.4365924"></trkpt>
			<trkpt lat="8.0746591" lon="98.4360899"></trkpt>
			<trkpt lat="8.0766035" lon="98.4342392"></trkpt>
			<trkpt lat="8.0780172" lon="98.4349343"></trkpt>
			<trkpt lat="8.0868058" lon="98.4349715"></trkpt>
			<trkpt lat="8.0880135" lon="98.4359415"></trkpt>
			<trkpt lat="8.0888064" lon="98.4389962"></trkpt>
			<trkpt lat="8.0932887" lon="98.4405449"></trkpt>
			<trkpt lat="8.0943579" lon="98.4386002"></trkpt>
			<trkpt lat="8.0941753" lon="98.4365759"></trkpt>
			<trkpt lat="8.0958573" lon="98.434216"></trkpt>
			<trkpt lat="8.0988039" lon="98.43393"></trkpt>
			<trkpt lat="8.0993679" lon="98.4330153"></trkpt>
			<trkpt lat="8.098799" lon="98.4275649"></trkpt>
			<trkpt lat="8.1021626" lon="98.4267291"></trkpt>
			<trkpt lat="8.1005755" lon="98.4245514"></trkpt>
			<trkpt lat="8.0977418" lon="98.4259503"></trkpt>
			<trkpt lat="8.0962195" lon="98.4256393"></trkpt>
			<trkpt lat="8.0944297" lon="98.4236559"></trkpt>
			<trkpt lat="8.0913" lon="98.4223352"></trkpt>
			<trkpt lat="8.0877805" lon="98.4185379"></trkpt>
			<trkpt lat="8.0868417" lon="98.4119424"></trkpt>
			<trkpt lat="8.0815766" lon="98.4094088"></trkpt>
			<trkpt lat="8.0808716" lon="98.4070268"></trkpt>
			<trkpt lat="8.0818795" lon="98.4038241"></trkpt>
			<trkpt lat="8.0845779" lon="98.4020092"></trkpt>
			<trkpt lat="8.0820978" lon="98.397716"></trkpt>
			<trkpt lat="8.0871077" lon="98.3871021"></trkpt>
			<trkpt lat="8.0929048" lon="98.3824592"></trkpt>
			<trkpt lat="8.110077" lon="98.3911694"></trkpt>
			<trkpt lat="8.1158608" lon="98.3919433"></trkpt>
			<trkpt lat="8.1191364" lon="98.3936212"></trkpt>
			<trkpt lat="8.1204963" lon="98.3843669"></trkpt>
			<trkpt lat="8.1232064" lon="98.3795455"></trkpt>
			<trkpt lat="8.1346362" lon="98.3660985"></trkpt>
			<trkpt lat="8.1323911" lon="98.3634604"></trkpt>
			<trkpt lat="8.122414" lon="98.3577444"></trkpt>
			<trkpt lat="8.1168536" lon="98.3503045"></trkpt>
			<trkpt lat="8.1153969" lon="98.349674"></trkpt>
			<trkpt lat="8.1166576" lon="98.3472253"></trkpt>
			<trkpt lat="8.1184255" lon="98.3462722"></trkpt>
			<trkpt lat="8.128938" lon="98.345204"></trkpt>
			<trkpt lat="8.1354765" lon="98.3456149"></trkpt>
			<trkpt lat="8.137705" lon="98.3477458"></trkpt>
			<trkpt lat="8.1441311" lon="98.3478455"></trkpt>
			<trkpt lat="8.1437704" lon="98.3471128"></trkpt>
			<trkpt lat="8.1448491" lon="98.3468535"></trkpt>
			<trkpt lat="8.145045" lon="98.343508"></trkpt>
			<trkpt lat="8.1465665" lon="98.3426071"></trkpt>
			<trkpt lat="8.1555165" lon="98.3419106"></trkpt>
			<trkpt lat="8.1554419" lon="98.3436547"></trkpt>
			<trkpt lat="8.1564447" lon="98.345041"></trkpt>
			<trkpt lat="8.1581232" lon="98.344743"></trkpt>
			<trkpt lat="8.1594927" lon="98.3421236"></trkpt>
			<trkpt lat="8.1631839" lon="98.3395418"></trkpt>
			<trkpt lat="8.1707293" lon="98.3386075"></trkpt>
			<trkpt lat="8.1730799" lon="98.3365546"></trkpt>
			<trkpt lat="8.1727344" lon="98.3333926"></trkpt>
			<trkpt lat="8.1749628" lon="98.3306256"></trkpt>
			<trkpt lat="8.1755099" lon="98.3282051"></trkpt>
			<trkpt lat="8.1807313" lon="98.3208866"></trkpt>
			<trkpt lat="8.1828608" lon="98.3202127"></trkpt>
			<trkpt lat="8.1878591" lon="98.3127485"></trkpt>
			<trkpt lat="8.1862825" lon="98.3101398"></trkpt>
			<trkpt lat="8.1927246" lon="98.3051247"></trkpt>
			<trkpt lat="8.1895888" lon="98.3008001"></trkpt>
			<trkpt lat="8.1894569" lon="98.2980778"></trkpt>
			<trkpt lat="8.1903887" lon="98.2985417"></trkpt>
			<trkpt lat="8.191643" lon="98.3024003"></trkpt>
			<trkpt lat="8.1943516" lon="98.3041184"></trkpt>
			<trkpt lat="8.1924327" lon="98.3004"></trkpt>
			<trkpt lat="8.1951077" lon="98.302342"></trkpt>
			<trkpt lat="8.1982286" lon="98.3019255"></trkpt>
			<trkpt lat="8.1996877" lon="98.2944847"></trkpt>
		</trkseg>
	</trk>
	<trk>
		<name>ระนอง</name>
		<desc>Length: 617.9 km (383.9 mi)</desc>
		<trkseg>
			<trkpt lat="10.7878751" lon="98.8799511"></trkpt>
			<trkpt lat="10.7875659" lon="98.8755296"></trkpt>
			<trkpt lat="10.7838564" lon="98.8750492"></trkpt>
			<trkpt lat="10.7831898" lon="98.8704773"></trkpt>
			<trkpt lat="10.7766905" lon="98.8678723"></trkpt>
			<trkpt lat="10.7763812" lon="98.8637105"></trkpt>
			<trkpt lat="10.7791752" lon="98.862282"></trkpt>
			<trkpt lat="10.7757456" lon="98.8583418"></trkpt>
			<trkpt lat="10.7737706" lon="98.860672"></trkpt>
			<trkpt lat="10.7579799" lon="98.8449288"></trkpt>
			<trkpt lat="10.7537743" lon="98.8448037"></trkpt>
			<trkpt lat="10.7538907" lon="98.8403471"></trkpt>
			<trkpt lat="10.7415461" lon="98.8351838"></trkpt>
			<trkpt lat="10.7392952" lon="98.8309442"></trkpt>
			<trkpt lat="10.7365835" lon="98.8316571"></trkpt>
			<trkpt lat="10.7303245" lon="98.8227984"></trkpt>
			<trkpt lat="10.725769" lon="98.8235839"></trkpt>
			<trkpt lat="10.7232327" lon="98.8186988"></trkpt>
			<trkpt lat="10.7184592" lon="98.8180646"></trkpt>
			<trkpt lat="10.7159202" lon="98.8088918"></trkpt>
			<trkpt lat="10.7137065" lon="98.8122975"></trkpt>
			<trkpt lat="10.7076835" lon="98.8074138"></trkpt>
			<trkpt lat="10.7076024" lon="98.8008218"></trkpt>
			<trkpt lat="10.699149" lon="98.8017712"></trkpt>
			<trkpt lat="10.6981952" lon="98.7970814"></trkpt>
			<trkpt lat="10.6831871" lon="98.7896249"></trkpt>
			<trkpt lat="10.6806922" lon="98.7848819"></trkpt>
			<trkpt lat="10.6842861" lon="98.7832157"></trkpt>
			<trkpt lat="10.6783076" lon="98.7794918"></trkpt>
			<trkpt lat="10.6525386" lon="98.7846088"></trkpt>
			<trkpt lat="10.6375291" lon="98.7757434"></trkpt>
			<trkpt lat="10.6345209" lon="98.7774353"></trkpt>
			<trkpt lat="10.6315276" lon="98.7747686"></trkpt>
			<trkpt lat="10.625969" lon="98.7750473"></trkpt>
			<trkpt lat="10.6222705" lon="98.7711339"></trkpt>
			<trkpt lat="10.6168002" lon="98.7731496"></trkpt>
			<trkpt lat="10.6160198" lon="98.7806796"></trkpt>
			<trkpt lat="10.6032625" lon="98.7799999"></trkpt>
			<trkpt lat="10.6012832" lon="98.7820411"></trkpt>
			<trkpt lat="10.6063502" lon="98.7870075"></trkpt>
			<trkpt lat="10.6032998" lon="98.7951336"></trkpt>
			<trkpt lat="10.605349" lon="98.7997386"></trkpt>
			<trkpt lat="10.60108" lon="98.8012123"></trkpt>
			<trkpt lat="10.5947385" lon="98.7971996"></trkpt>
			<trkpt lat="10.5938172" lon="98.8008199"></trkpt>
			<trkpt lat="10.5863349" lon="98.8019569"></trkpt>
			<trkpt lat="10.5938346" lon="98.8088742"></trkpt>
			<trkpt lat="10.5916889" lon="98.8108587"></trkpt>
			<trkpt lat="10.5891184" lon="98.8076545"></trkpt>
			<trkpt lat="10.5822812" lon="98.8099783"></trkpt>
			<trkpt lat="10.5638058" lon="98.8040331"></trkpt>
			<trkpt lat="10.5595798" lon="98.7985392"></trkpt>
			<trkpt lat="10.5594769" lon="98.8038764"></trkpt>
			<trkpt lat="10.5536226" lon="98.8087765"></trkpt>
			<trkpt lat="10.5552032" lon="98.8127871"></trkpt>
			<trkpt lat="10.548526" lon="98.814261"></trkpt>
			<trkpt lat="10.5465745" lon="98.8176874"></trkpt>
			<trkpt lat="10.5401061" lon="98.8090834"></trkpt>
			<trkpt lat="10.5400611" lon="98.8151535"></trkpt>
			<trkpt lat="10.5302398" lon="98.8126188"></trkpt>
			<trkpt lat="10.53157" lon="98.8197347"></trkpt>
			<trkpt lat="10.5288642" lon="98.8209395"></trkpt>
			<trkpt lat="10.5276576" lon="98.8182855"></trkpt>
			<trkpt lat="10.5143955" lon="98.8167127"></trkpt>
			<trkpt lat="10.5076703" lon="98.8193538"></trkpt>
			<trkpt lat="10.4949449" lon="98.8153902"></trkpt>
			<trkpt lat="10.4891794" lon="98.8100054"></trkpt>
			<trkpt lat="10.4873229" lon="98.8042487"></trkpt>
			<trkpt lat="10.4826694" lon="98.80576"></trkpt>
			<trkpt lat="10.4846536" lon="98.8004012"></trkpt>
			<trkpt lat="10.4708134" lon="98.8093206"></trkpt>
			<trkpt lat="10.4557423" lon="98.7967304"></trkpt>
			<trkpt lat="10.4478067" lon="98.7998725"></trkpt>
			<trkpt lat="10.4425925" lon="98.7824025"></trkpt>
			<trkpt lat="10.42157" lon="98.7708686"></trkpt>
			<trkpt lat="10.4040508" lon="98.7657758"></trkpt>
			<trkpt lat="10.3963387" lon="98.7572811"></trkpt>
			<trkpt lat="10.3406092" lon="98.7435212"></trkpt>
			<trkpt lat="10.3248942" lon="98.7429642"></trkpt>
			<trkpt lat="10.3096216" lon="98.731793"></trkpt>
			<trkpt lat="10.2945144" lon="98.7294598"></trkpt>
			<trkpt lat="10.2093376" lon="98.6984473"></trkpt>
			<trkpt lat="10.1855043" lon="98.6769701"></trkpt>
			<trkpt lat="10.1731454" lon="98.6703877"></trkpt>
			<trkpt lat="10.1684892" lon="98.6631685"></trkpt>
			<trkpt lat="10.1677735" lon="98.6565501"></trkpt>
			<trkpt lat="10.1319822" lon="98.6393319"></trkpt>
			<trkpt lat="10.1142647" lon="98.6407499"></trkpt>
			<trkpt lat="10.1037716" lon="98.6342005"></trkpt>
			<trkpt lat="10.0886288" lon="98.6329892"></trkpt>
			<trkpt lat="10.0887023" lon="98.6539212"></trkpt>
			<trkpt lat="10.0864568" lon="98.6548269"></trkpt>
			<trkpt lat="10.0731969" lon="98.6434116"></trkpt>
			<trkpt lat="10.0414779" lon="98.630864"></trkpt>
			<trkpt lat="10.0356973" lon="98.623815"></trkpt>
			<trkpt lat="9.9871845" lon="98.60081"></trkpt>
			<trkpt lat="9.9825621" lon="98.6012157"></trkpt>
			<trkpt lat="9.975702" lon="98.5919647"></trkpt>
			<trkpt lat="9.970952" lon="98.5942594"></trkpt>
			<trkpt lat="9.9623926" lon="98.5915596"></trkpt>
			<trkpt lat="9.952044" lon="98.5938398"></trkpt>
			<trkpt lat="9.9540234" lon="98.589915"></trkpt>
			<trkpt lat="9.9429936" lon="98.5852419"></trkpt>
			<trkpt lat="9.9375885" lon="98.5890229"></trkpt>
			<trkpt lat="9.9341115" lon="98.5959544"></trkpt>
			<trkpt lat="9.934731" lon="98.5857689"></trkpt>
			<trkpt lat="9.9309176" lon="98.5713313"></trkpt>
			<trkpt lat="9.9217449" lon="98.5656947"></trkpt>
			<trkpt lat="9.9109744" lon="98.5702789"></trkpt>
			<trkpt lat="9.9072933" lon="98.5756247"></trkpt>
			<trkpt lat="9.9064842" lon="98.5723701"></trkpt>
			<trkpt lat="9.8895647" lon="98.564743"></trkpt>
			<trkpt lat="9.8866679" lon="98.561008"></trkpt>
			<trkpt lat="9.8745581" lon="98.5563964"></trkpt>
			<trkpt lat="9.883641" lon="98.5538107"></trkpt>
			<trkpt lat="9.8881054" lon="98.5494824"></trkpt>
			<trkpt lat="9.8830042" lon="98.5344078"></trkpt>
			<trkpt lat="9.8723791" lon="98.5269816"></trkpt>
			<trkpt lat="9.8608959" lon="98.5284376"></trkpt>
			<trkpt lat="9.8596431" lon="98.5348792"></trkpt>
			<trkpt lat="9.8542876" lon="98.5154966"></trkpt>
			<trkpt lat="9.8320712" lon="98.523536"></trkpt>
			<trkpt lat="9.8296848" lon="98.528499"></trkpt>
			<trkpt lat="9.8246106" lon="98.527478"></trkpt>
			<trkpt lat="9.8066859" lon="98.5366984"></trkpt>
			<trkpt lat="9.8010097" lon="98.5353116"></trkpt>
			<trkpt lat="9.8001508" lon="98.5388278"></trkpt>
			<trkpt lat="9.8071019" lon="98.5509427"></trkpt>
			<trkpt lat="9.8214661" lon="98.5634065"></trkpt>
			<trkpt lat="9.8201702" lon="98.565838"></trkpt>
			<trkpt lat="9.8120681" lon="98.5601653"></trkpt>
			<trkpt lat="9.8134221" lon="98.5651058"></trkpt>
			<trkpt lat="9.7976381" lon="98.5476627"></trkpt>
			<trkpt lat="9.7914726" lon="98.5489217"></trkpt>
			<trkpt lat="9.7889898" lon="98.5429516"></trkpt>
			<trkpt lat="9.7910475" lon="98.5346684"></trkpt>
			<trkpt lat="9.7865255" lon="98.5234124"></trkpt>
			<trkpt lat="9.7903555" lon="98.5184043"></trkpt>
			<trkpt lat="9.7847145" lon="98.5123454"></trkpt>
			<trkpt lat="9.783945" lon="98.5071391"></trkpt>
			<trkpt lat="9.7720895" lon="98.5068001"></trkpt>
			<trkpt lat="9.7619138" lon="98.5126157"></trkpt>
			<trkpt lat="9.7535172" lon="98.5126649"></trkpt>
			<trkpt lat="9.7509466" lon="98.5073284"></trkpt>
			<trkpt lat="9.7450416" lon="98.5072413"></trkpt>
			<trkpt lat="9.7443656" lon="98.5018396"></trkpt>
			<trkpt lat="9.7402099" lon="98.5004346"></trkpt>
			<trkpt lat="9.7371608" lon="98.5082863"></trkpt>
			<trkpt lat="9.7414413" lon="98.5107869"></trkpt>
			<trkpt lat="9.7452669" lon="98.5193991"></trkpt>
			<trkpt lat="9.7501919" lon="98.5219603"></trkpt>
			<trkpt lat="9.7509173" lon="98.5297848"></trkpt>
			<trkpt lat="9.7447995" lon="98.5345338"></trkpt>
			<trkpt lat="9.7432847" lon="98.5438342"></trkpt>
			<trkpt lat="9.7531653" lon="98.5580201"></trkpt>
			<trkpt lat="9.7496618" lon="98.5546775"></trkpt>
			<trkpt lat="9.7410231" lon="98.5537579"></trkpt>
			<trkpt lat="9.729056" lon="98.5571661"></trkpt>
			<trkpt lat="9.7223372" lon="98.5494713"></trkpt>
			<trkpt lat="9.7161418" lon="98.5504332"></trkpt>
			<trkpt lat="9.7175722" lon="98.5462875"></trkpt>
			<trkpt lat="9.7061032" lon="98.5416754"></trkpt>
			<trkpt lat="9.7069553" lon="98.5388621"></trkpt>
			<trkpt lat="9.6984573" lon="98.5408995"></trkpt>
			<trkpt lat="9.6889381" lon="98.5318361"></trkpt>
			<trkpt lat="9.6817746" lon="98.5291555"></trkpt>
			<trkpt lat="9.6785226" lon="98.5354195"></trkpt>
			<trkpt lat="9.6774935" lon="98.5294489"></trkpt>
			<trkpt lat="9.6810078" lon="98.5207578"></trkpt>
			<trkpt lat="9.672053" lon="98.5098202"></trkpt>
			<trkpt lat="9.6765532" lon="98.4969577"></trkpt>
			<trkpt lat="9.6809874" lon="98.4978347"></trkpt>
			<trkpt lat="9.6811494" lon="98.4941971"></trkpt>
			<trkpt lat="9.685343" lon="98.4913517"></trkpt>
			<trkpt lat="9.6866022" lon="98.485109"></trkpt>
			<trkpt lat="9.6807145" lon="98.4853065"></trkpt>
			<trkpt lat="9.6814308" lon="98.4880199"></trkpt>
			<trkpt lat="9.6622018" lon="98.4922786"></trkpt>
			<trkpt lat="9.6624167" lon="98.4946592"></trkpt>
			<trkpt lat="9.6522519" lon="98.4985196"></trkpt>
			<trkpt lat="9.658665" lon="98.502799"></trkpt>
			<trkpt lat="9.6555777" lon="98.5238304"></trkpt>
			<trkpt lat="9.6530539" lon="98.5243535"></trkpt>
			<trkpt lat="9.6537697" lon="98.510753"></trkpt>
			<trkpt lat="9.6465056" lon="98.5097615"></trkpt>
			<trkpt lat="9.6349533" lon="98.5001909"></trkpt>
			<trkpt lat="9.6306834" lon="98.50037"></trkpt>
			<trkpt lat="9.6291035" lon="98.5070729"></trkpt>
			<trkpt lat="9.6341698" lon="98.5160746"></trkpt>
			<trkpt lat="9.6277318" lon="98.5108267"></trkpt>
			<trkpt lat="9.6204381" lon="98.51778"></trkpt>
			<trkpt lat="9.6249829" lon="98.5096535"></trkpt>
			<trkpt lat="9.624556" lon="98.5028899"></trkpt>
			<trkpt lat="9.6216093" lon="98.5033163"></trkpt>
			<trkpt lat="9.6232923" lon="98.4999651"></trkpt>
			<trkpt lat="9.6160457" lon="98.4970263"></trkpt>
			<trkpt lat="9.6232463" lon="98.4863259"></trkpt>
			<trkpt lat="9.6294174" lon="98.4851389"></trkpt>
			<trkpt lat="9.6300821" lon="98.4812676"></trkpt>
			<trkpt lat="9.6346787" lon="98.4781241"></trkpt>
			<trkpt lat="9.6264356" lon="98.473532"></trkpt>
			<trkpt lat="9.624265" lon="98.4691672"></trkpt>
			<trkpt lat="9.6288107" lon="98.4631198"></trkpt>
			<trkpt lat="9.6041741" lon="98.4641626"></trkpt>
			<trkpt lat="9.5948911" lon="98.4752706"></trkpt>
			<trkpt lat="9.5916566" lon="98.4935398"></trkpt>
			<trkpt lat="9.5956324" lon="98.5081514"></trkpt>
			<trkpt lat="9.5809173" lon="98.5229669"></trkpt>
			<trkpt lat="9.5730058" lon="98.5467928"></trkpt>
			<trkpt lat="9.5698182" lon="98.544712"></trkpt>
			<trkpt lat="9.5732008" lon="98.5360745"></trkpt>
			<trkpt lat="9.5654905" lon="98.5138778"></trkpt>
			<trkpt lat="9.5650587" lon="98.490315"></trkpt>
			<trkpt lat="9.5235306" lon="98.4941217"></trkpt>
			<trkpt lat="9.514308" lon="98.4992317"></trkpt>
			<trkpt lat="9.5017468" lon="98.4941173"></trkpt>
			<trkpt lat="9.4975209" lon="98.4841936"></trkpt>
			<trkpt lat="9.4874006" lon="98.4810753"></trkpt>
			<trkpt lat="9.4762969" lon="98.4831654"></trkpt>
			<trkpt lat="9.483871" lon="98.4788723"></trkpt>
			<trkpt lat="9.4956801" lon="98.4802142"></trkpt>
			<trkpt lat="9.5121958" lon="98.4966934"></trkpt>
			<trkpt lat="9.5370581" lon="98.486515"></trkpt>
			<trkpt lat="9.5311817" lon="98.4806489"></trkpt>
			<trkpt lat="9.5020885" lon="98.4812195"></trkpt>
			<trkpt lat="9.4837028" lon="98.4696129"></trkpt>
			<trkpt lat="9.4717769" lon="98.4744176"></trkpt>
			<trkpt lat="9.456651" lon="98.4759544"></trkpt>
			<trkpt lat="9.4567348" lon="98.4737564"></trkpt>
			<trkpt lat="9.4836856" lon="98.4635"></trkpt>
			<trkpt lat="9.4934266" lon="98.4628008"></trkpt>
			<trkpt lat="9.4924433" lon="98.4659317"></trkpt>
			<trkpt lat="9.5033976" lon="98.4705469"></trkpt>
			<trkpt lat="9.5084377" lon="98.4698163"></trkpt>
			<trkpt lat="9.5255979" lon="98.4754164"></trkpt>
			<trkpt lat="9.5577396" lon="98.459738"></trkpt>
			<trkpt lat="9.5568808" lon="98.4636438"></trkpt>
			<trkpt lat="9.5650722" lon="98.4690927"></trkpt>
			<trkpt lat="9.5669544" lon="98.4660326"></trkpt>
			<trkpt lat="9.561988" lon="98.4602598"></trkpt>
			<trkpt lat="9.5640824" lon="98.4563035"></trkpt>
			<trkpt lat="9.5002164" lon="98.4352746"></trkpt>
			<trkpt lat="9.4928919" lon="98.4369296"></trkpt>
			<trkpt lat="9.4943232" lon="98.4355562"></trkpt>
			<trkpt lat="9.4623824" lon="98.432966"></trkpt>
			<trkpt lat="9.4291666" lon="98.4250711"></trkpt>
			<trkpt lat="9.4293867" lon="98.426932"></trkpt>
			<trkpt lat="9.4098202" lon="98.4197318"></trkpt>
			<trkpt lat="9.3969876" lon="98.406424"></trkpt>
			<trkpt lat="9.4027842" lon="98.4031597"></trkpt>
			<trkpt lat="9.4033349" lon="98.3972127"></trkpt>
			<trkpt lat="9.3642047" lon="98.395688"></trkpt>
			<trkpt lat="9.3334713" lon="98.3893192"></trkpt>
			<trkpt lat="9.3298804" lon="98.398798"></trkpt>
			<trkpt lat="9.3505739" lon="98.4043064"></trkpt>
			<trkpt lat="9.3381455" lon="98.414057"></trkpt>
			<trkpt lat="9.3364611" lon="98.4301704"></trkpt>
			<trkpt lat="9.3406061" lon="98.4374931"></trkpt>
			<trkpt lat="9.3385339" lon="98.4451207"></trkpt>
			<trkpt lat="9.3291441" lon="98.459207"></trkpt>
			<trkpt lat="9.3295195" lon="98.4693498"></trkpt>
			<trkpt lat="9.3167305" lon="98.4555411"></trkpt>
			<trkpt lat="9.3144775" lon="98.464294"></trkpt>
			<trkpt lat="9.3218228" lon="98.4702993"></trkpt>
			<trkpt lat="9.3114472" lon="98.4808647"></trkpt>
			<trkpt lat="9.3049196" lon="98.4796089"></trkpt>
			<trkpt lat="9.3082639" lon="98.4850892"></trkpt>
			<trkpt lat="9.3060091" lon="98.497838"></trkpt>
			<trkpt lat="9.3093763" lon="98.5057505"></trkpt>
			<trkpt lat="9.3146523" lon="98.5058652"></trkpt>
			<trkpt lat="9.3219129" lon="98.5116176"></trkpt>
			<trkpt lat="9.3261274" lon="98.5117697"></trkpt>
			<trkpt lat="9.3476404" lon="98.5330015"></trkpt>
			<trkpt lat="9.34975" lon="98.5385407"></trkpt>
			<trkpt lat="9.3613103" lon="98.5464782"></trkpt>
			<trkpt lat="9.3586205" lon="98.5658027"></trkpt>
			<trkpt lat="9.3658519" lon="98.5734187"></trkpt>
			<trkpt lat="9.367683" lon="98.5868553"></trkpt>
			<trkpt lat="9.3628839" lon="98.5904492"></trkpt>
			<trkpt lat="9.3557771" lon="98.5895644"></trkpt>
			<trkpt lat="9.3494887" lon="98.5959901"></trkpt>
			<trkpt lat="9.3421564" lon="98.6102905"></trkpt>
			<trkpt lat="9.3424491" lon="98.6149001"></trkpt>
			<trkpt lat="9.3539864" lon="98.6276949"></trkpt>
			<trkpt lat="9.3567658" lon="98.635728"></trkpt>
			<trkpt lat="9.3534099" lon="98.6392451"></trkpt>
			<trkpt lat="9.3471019" lon="98.6589162"></trkpt>
			<trkpt lat="9.3585333" lon="98.6683337"></trkpt>
			<trkpt lat="9.3683659" lon="98.6717206"></trkpt>
			<trkpt lat="9.3880048" lon="98.6720986"></trkpt>
			<trkpt lat="9.3889675" lon="98.6684341"></trkpt>
			<trkpt lat="9.3859111" lon="98.6644253"></trkpt>
			<trkpt lat="9.3873156" lon="98.6483808"></trkpt>
			<trkpt lat="9.3904432" lon="98.647624"></trkpt>
			<trkpt lat="9.400236" lon="98.6540137"></trkpt>
			<trkpt lat="9.4134157" lon="98.6469626"></trkpt>
			<trkpt lat="9.426753" lon="98.6471645"></trkpt>
			<trkpt lat="9.4291822" lon="98.6501369"></trkpt>
			<trkpt lat="9.4199922" lon="98.6605719"></trkpt>
			<trkpt lat="9.4249264" lon="98.6710172"></trkpt>
			<trkpt lat="9.4359696" lon="98.680881"></trkpt>
			<trkpt lat="9.4466093" lon="98.671874"></trkpt>
			<trkpt lat="9.447389" lon="98.6678927"></trkpt>
			<trkpt lat="9.4603789" lon="98.6653432"></trkpt>
			<trkpt lat="9.4667341" lon="98.6690892"></trkpt>
			<trkpt lat="9.4649991" lon="98.6774287"></trkpt>
			<trkpt lat="9.4687722" lon="98.6808118"></trkpt>
			<trkpt lat="9.4696782" lon="98.694677"></trkpt>
			<trkpt lat="9.4862263" lon="98.7045942"></trkpt>
			<trkpt lat="9.4871275" lon="98.7156757"></trkpt>
			<trkpt lat="9.4978653" lon="98.7162397"></trkpt>
			<trkpt lat="9.5035152" lon="98.7236722"></trkpt>
			<trkpt lat="9.5109179" lon="98.7245124"></trkpt>
			<trkpt lat="9.5148172" lon="98.7315901"></trkpt>
			<trkpt lat="9.536219" lon="98.7476546"></trkpt>
			<trkpt lat="9.5383091" lon="98.7535157"></trkpt>
			<trkpt lat="9.5370053" lon="98.7629412"></trkpt>
			<trkpt lat="9.5450526" lon="98.7675449"></trkpt>
			<trkpt lat="9.5573475" lon="98.758699"></trkpt>
			<trkpt lat="9.5657107" lon="98.7573544"></trkpt>
			<trkpt lat="9.5689502" lon="98.7593785"></trkpt>
			<trkpt lat="9.5746758" lon="98.7581106"></trkpt>
			<trkpt lat="9.5810579" lon="98.7391516"></trkpt>
			<trkpt lat="9.6105165" lon="98.735994"></trkpt>
			<trkpt lat="9.6128449" lon="98.7293923"></trkpt>
			<trkpt lat="9.6284794" lon="98.7216806"></trkpt>
			<trkpt lat="9.6353654" lon="98.6969902"></trkpt>
			<trkpt lat="9.6393608" lon="98.6956084"></trkpt>
			<trkpt lat="9.6405925" lon="98.688539"></trkpt>
			<trkpt lat="9.64712" lon="98.6854955"></trkpt>
			<trkpt lat="9.6541832" lon="98.6725626"></trkpt>
			<trkpt lat="9.6550236" lon="98.6601361"></trkpt>
			<trkpt lat="9.6528094" lon="98.6539587"></trkpt>
			<trkpt lat="9.6582443" lon="98.652971"></trkpt>
			<trkpt lat="9.66352" lon="98.6467406"></trkpt>
			<trkpt lat="9.6674143" lon="98.6528947"></trkpt>
			<trkpt lat="9.6767513" lon="98.6591144"></trkpt>
			<trkpt lat="9.6840384" lon="98.6596418"></trkpt>
			<trkpt lat="9.6878499" lon="98.6565819"></trkpt>
			<trkpt lat="9.691651" lon="98.6466799"></trkpt>
			<trkpt lat="9.7002247" lon="98.6504857"></trkpt>
			<trkpt lat="9.7133494" lon="98.6393594"></trkpt>
			<trkpt lat="9.7167175" lon="98.6405857"></trkpt>
			<trkpt lat="9.7204289" lon="98.6381396"></trkpt>
			<trkpt lat="9.7381403" lon="98.6421814"></trkpt>
			<trkpt lat="9.7446562" lon="98.6340184"></trkpt>
			<trkpt lat="9.7575701" lon="98.6323959"></trkpt>
			<trkpt lat="9.7648178" lon="98.6268215"></trkpt>
			<trkpt lat="9.7681997" lon="98.6334194"></trkpt>
			<trkpt lat="9.7778666" lon="98.6297245"></trkpt>
			<trkpt lat="9.789194" lon="98.6330345"></trkpt>
			<trkpt lat="9.7924" lon="98.6401803"></trkpt>
			<trkpt lat="9.7907164" lon="98.6442627"></trkpt>
			<trkpt lat="9.806076" lon="98.6571204"></trkpt>
			<trkpt lat="9.8082116" lon="98.663797"></trkpt>
			<trkpt lat="9.8145428" lon="98.6638476"></trkpt>
			<trkpt lat="9.8282897" lon="98.679218"></trkpt>
			<trkpt lat="9.834643" lon="98.6822975"></trkpt>
			<trkpt lat="9.8333221" lon="98.692898"></trkpt>
			<trkpt lat="9.8510967" lon="98.7039328"></trkpt>
			<trkpt lat="9.8678114" lon="98.7214847"></trkpt>
			<trkpt lat="9.8755011" lon="98.7222795"></trkpt>
			<trkpt lat="9.8821738" lon="98.7196903"></trkpt>
			<trkpt lat="9.8941054" lon="98.7218277"></trkpt>
			<trkpt lat="9.90482" lon="98.7359464"></trkpt>
			<trkpt lat="9.91693" lon="98.7453821"></trkpt>
			<trkpt lat="9.9184275" lon="98.7522106"></trkpt>
			<trkpt lat="9.9318839" lon="98.7541518"></trkpt>
			<trkpt lat="9.9509922" lon="98.7808884"></trkpt>
			<trkpt lat="9.9407493" lon="98.7952953"></trkpt>
			<trkpt lat="9.942591" lon="98.8028402"></trkpt>
			<trkpt lat="9.9371769" lon="98.8152034"></trkpt>
			<trkpt lat="9.948846" lon="98.8242985"></trkpt>
			<trkpt lat="9.9580727" lon="98.8223175"></trkpt>
			<trkpt lat="9.9691128" lon="98.8266954"></trkpt>
			<trkpt lat="9.9717693" lon="98.83024"></trkpt>
			<trkpt lat="9.9778118" lon="98.8295534"></trkpt>
			<trkpt lat="9.987803" lon="98.8416089"></trkpt>
			<trkpt lat="9.9939456" lon="98.8443566"></trkpt>
			<trkpt lat="9.9945181" lon="98.8553492"></trkpt>
			<trkpt lat="9.9973366" lon="98.8577947"></trkpt>
			<trkpt lat="9.9933881" lon="98.8646978"></trkpt>
			<trkpt lat="10.0059732" lon="98.8845924"></trkpt>
			<trkpt lat="10.0142907" lon="98.8873899"></trkpt>
			<trkpt lat="10.0261786" lon="98.9013072"></trkpt>
			<trkpt lat="10.0259827" lon="98.9041895"></trkpt>
			<trkpt lat="10.0327599" lon="98.905771"></trkpt>
			<trkpt lat="10.0472342" lon="98.9004947"></trkpt>
			<trkpt lat="10.0548132" lon="98.9030525"></trkpt>
			<trkpt lat="10.0646867" lon="98.8928523"></trkpt>
			<trkpt lat="10.0609724" lon="98.8883036"></trkpt>
			<trkpt lat="10.0651748" lon="98.8819037"></trkpt>
			<trkpt lat="10.0617491" lon="98.8785302"></trkpt>
			<trkpt lat="10.0640245" lon="98.8686479"></trkpt>
			<trkpt lat="10.0604697" lon="98.8650422"></trkpt>
			<trkpt lat="10.063889" lon="98.8634525"></trkpt>
			<trkpt lat="10.060935" lon="98.8585327"></trkpt>
			<trkpt lat="10.0631295" lon="98.8388653"></trkpt>
			<trkpt lat="10.065674" lon="98.8355594"></trkpt>
			<trkpt lat="10.0860596" lon="98.8505104"></trkpt>
			<trkpt lat="10.0829922" lon="98.8526061"></trkpt>
			<trkpt lat="10.0935174" lon="98.8621066"></trkpt>
			<trkpt lat="10.1090665" lon="98.8658996"></trkpt>
			<trkpt lat="10.1157525" lon="98.8627863"></trkpt>
			<trkpt lat="10.1206485" lon="98.8642795"></trkpt>
			<trkpt lat="10.1196511" lon="98.8583651"></trkpt>
			<trkpt lat="10.1334445" lon="98.8621658"></trkpt>
			<trkpt lat="10.1346183" lon="98.8682769"></trkpt>
			<trkpt lat="10.154276" lon="98.8696742"></trkpt>
			<trkpt lat="10.1564845" lon="98.8830831"></trkpt>
			<trkpt lat="10.160716" lon="98.8889298"></trkpt>
			<trkpt lat="10.1693184" lon="98.8887736"></trkpt>
			<trkpt lat="10.1781725" lon="98.8777321"></trkpt>
			<trkpt lat="10.1823769" lon="98.877239"></trkpt>
			<trkpt lat="10.1852145" lon="98.8711871"></trkpt>
			<trkpt lat="10.2049861" lon="98.8749126"></trkpt>
			<trkpt lat="10.2125526" lon="98.8798775"></trkpt>
			<trkpt lat="10.2150009" lon="98.8847389"></trkpt>
			<trkpt lat="10.2254586" lon="98.8913975"></trkpt>
			<trkpt lat="10.2352543" lon="98.8897566"></trkpt>
			<trkpt lat="10.2402399" lon="98.8994475"></trkpt>
			<trkpt lat="10.2460002" lon="98.8996931"></trkpt>
			<trkpt lat="10.2486954" lon="98.8961874"></trkpt>
			<trkpt lat="10.2549543" lon="98.9037091"></trkpt>
			<trkpt lat="10.2699061" lon="98.9082926"></trkpt>
			<trkpt lat="10.2734266" lon="98.9004555"></trkpt>
			<trkpt lat="10.2788143" lon="98.8984858"></trkpt>
			<trkpt lat="10.2883068" lon="98.8998735"></trkpt>
			<trkpt lat="10.3000405" lon="98.906078"></trkpt>
			<trkpt lat="10.2999793" lon="98.9093767"></trkpt>
			<trkpt lat="10.3171075" lon="98.9190234"></trkpt>
			<trkpt lat="10.3189117" lon="98.9231279"></trkpt>
			<trkpt lat="10.3247041" lon="98.9255064"></trkpt>
			<trkpt lat="10.3264349" lon="98.9300649"></trkpt>
			<trkpt lat="10.3326194" lon="98.9318563"></trkpt>
			<trkpt lat="10.3352455" lon="98.9362726"></trkpt>
			<trkpt lat="10.3517868" lon="98.9430514"></trkpt>
			<trkpt lat="10.3595026" lon="98.9420889"></trkpt>
			<trkpt lat="10.3650686" lon="98.931778"></trkpt>
			<trkpt lat="10.3844982" lon="98.937241"></trkpt>
			<trkpt lat="10.3851998" lon="98.9295525"></trkpt>
			<trkpt lat="10.3955927" lon="98.9283212"></trkpt>
			<trkpt lat="10.3953297" lon="98.9158161"></trkpt>
			<trkpt lat="10.3983834" lon="98.9081971"></trkpt>
			<trkpt lat="10.3977021" lon="98.9017994"></trkpt>
			<trkpt lat="10.4104342" lon="98.9051492"></trkpt>
			<trkpt lat="10.4172489" lon="98.8936104"></trkpt>
			<trkpt lat="10.4289207" lon="98.8935825"></trkpt>
			<trkpt lat="10.4326899" lon="98.8968294"></trkpt>
			<trkpt lat="10.4411944" lon="98.8950628"></trkpt>
			<trkpt lat="10.4423035" lon="98.891873"></trkpt>
			<trkpt lat="10.4518967" lon="98.8867425"></trkpt>
			<trkpt lat="10.455471" lon="98.8886001"></trkpt>
			<trkpt lat="10.4577724" lon="98.8843449"></trkpt>
			<trkpt lat="10.475131" lon="98.8946882"></trkpt>
			<trkpt lat="10.4834744" lon="98.8947827"></trkpt>
			<trkpt lat="10.4901044" lon="98.9111371"></trkpt>
			<trkpt lat="10.5073933" lon="98.9178162"></trkpt>
			<trkpt lat="10.5127987" lon="98.9234316"></trkpt>
			<trkpt lat="10.5129667" lon="98.9364447"></trkpt>
			<trkpt lat="10.5177481" lon="98.9447585"></trkpt>
			<trkpt lat="10.5291898" lon="98.9480525"></trkpt>
			<trkpt lat="10.5358722" lon="98.9536876"></trkpt>
			<trkpt lat="10.5399987" lon="98.9625045"></trkpt>
			<trkpt lat="10.5588069" lon="98.9434256"></trkpt>
			<trkpt lat="10.5698643" lon="98.94141"></trkpt>
			<trkpt lat="10.5796742" lon="98.9566342"></trkpt>
			<trkpt lat="10.604174" lon="98.9647876"></trkpt>
			<trkpt lat="10.6078659" lon="98.9611524"></trkpt>
			<trkpt lat="10.6164521" lon="98.9594905"></trkpt>
			<trkpt lat="10.6103464" lon="98.9468081"></trkpt>
			<trkpt lat="10.612156" lon="98.9446383"></trkpt>
			<trkpt lat="10.63755" lon="98.950616"></trkpt>
			<trkpt lat="10.642758" lon="98.9485051"></trkpt>
			<trkpt lat="10.6501554" lon="98.9376194"></trkpt>
			<trkpt lat="10.6484336" lon="98.9378303"></trkpt>
			<trkpt lat="10.6484383" lon="98.9282465"></trkpt>
			<trkpt lat="10.6559455" lon="98.9251268"></trkpt>
			<trkpt lat="10.6734008" lon="98.9294531"></trkpt>
			<trkpt lat="10.6804368" lon="98.9186602"></trkpt>
			<trkpt lat="10.6782409" lon="98.9089697"></trkpt>
			<trkpt lat="10.6859009" lon="98.9110658"></trkpt>
			<trkpt lat="10.6907966" lon="98.9052693"></trkpt>
			<trkpt lat="10.6820223" lon="98.8938972"></trkpt>
			<trkpt lat="10.6952763" lon="98.8896249"></trkpt>
			<trkpt lat="10.7066289" lon="98.8991527"></trkpt>
			<trkpt lat="10.7117881" lon="98.8975169"></trkpt>
			<trkpt lat="10.7224683" lon="98.9050166"></trkpt>
			<trkpt lat="10.7281908" lon="98.9043226"></trkpt>
			<trkpt lat="10.7348005" lon="98.9101867"></trkpt>
			<trkpt lat="10.7397633" lon="98.9097456"></trkpt>
			<trkpt lat="10.7459565" lon="98.9141219"></trkpt>
			<trkpt lat="10.7534506" lon="98.909837"></trkpt>
			<trkpt lat="10.7529317" lon="98.8986212"></trkpt>
			<trkpt lat="10.7574148" lon="98.8937363"></trkpt>
			<trkpt lat="10.7785369" lon="98.8888001"></trkpt>
			<trkpt lat="10.7777072" lon="98.8860511"></trkpt>
			<trkpt lat="10.7857129" lon="98.8841429"></trkpt>
			<trkpt lat="10.7853542" lon="98.8805012"></trkpt>
			<trkpt lat="10.7878751" lon="98.8799511"></trkpt>
		</trkseg>
	</trk>
	<trk>
		<name>ชุมพร</name>
		<desc>Length: 613.5 km (381.2 mi)</desc>
		<trkseg>
			<trkpt lat="11.0334504" lon="99.150745"></trkpt>
			<trkpt lat="11.029359" lon="99.1462559"></trkpt>
			<trkpt lat="11.0282332" lon="99.1337872"></trkpt>
			<trkpt lat="11.0309331" lon="99.1304844"></trkpt>
			<trkpt lat="11.0146959" lon="99.1099575"></trkpt>
			<trkpt lat="11.0126874" lon="99.1023939"></trkpt>
			<trkpt lat="10.9924768" lon="99.1007336"></trkpt>
			<trkpt lat="10.9853631" lon="99.0954062"></trkpt>
			<trkpt lat="10.9721457" lon="99.0938302"></trkpt>
			<trkpt lat="10.9647337" lon="99.087545"></trkpt>
			<trkpt lat="10.9643434" lon="99.0842536"></trkpt>
			<trkpt lat="10.9555749" lon="99.0811633"></trkpt>
			<trkpt lat="10.9521673" lon="99.0628261"></trkpt>
			<trkpt lat="10.9476439" lon="99.0582776"></trkpt>
			<trkpt lat="10.9486746" lon="99.0540723"></trkpt>
			<trkpt lat="10.9617723" lon="99.0499875"></trkpt>
			<trkpt lat="10.9619885" lon="99.0401518"></trkpt>
			<trkpt lat="10.9661702" lon="99.0311325"></trkpt>
			<trkpt lat="10.9688699" lon="99.0304483"></trkpt>
			<trkpt lat="10.9701424" lon="99.0235923"></trkpt>
			<trkpt lat="10.9647682" lon="99.0189826"></trkpt>
			<trkpt lat="10.9425823" lon="99.0117032"></trkpt>
			<trkpt lat="10.9350714" lon="99.0029589"></trkpt>
			<trkpt lat="10.9297874" lon="99.0034991"></trkpt>
			<trkpt lat="10.9228506" lon="98.9990522"></trkpt>
			<trkpt lat="10.9143537" lon="99.0004195"></trkpt>
			<trkpt lat="10.9113092" lon="98.9977662"></trkpt>
			<trkpt lat="10.9078656" lon="99.0027078"></trkpt>
			<trkpt lat="10.8927246" lon="99.0057797"></trkpt>
			<trkpt lat="10.8814172" lon="99.000259"></trkpt>
			<trkpt lat="10.8787717" lon="99.0084138"></trkpt>
			<trkpt lat="10.8728669" lon="99.011506"></trkpt>
			<trkpt lat="10.8572511" lon="99.011114"></trkpt>
			<trkpt lat="10.8436093" lon="98.9940307"></trkpt>
			<trkpt lat="10.8442603" lon="98.9901895"></trkpt>
			<trkpt lat="10.8306122" lon="98.9800115"></trkpt>
			<trkpt lat="10.8322668" lon="98.9732799"></trkpt>
			<trkpt lat="10.823544" lon="98.9650707"></trkpt>
			<trkpt lat="10.8205934" lon="98.9657546"></trkpt>
			<trkpt lat="10.811953" lon="98.9579462"></trkpt>
			<trkpt lat="10.8135488" lon="98.9354029"></trkpt>
			<trkpt lat="10.8182171" lon="98.9370586"></trkpt>
			<trkpt lat="10.8199725" lon="98.9305483"></trkpt>
			<trkpt lat="10.8272706" lon="98.9235096"></trkpt>
			<trkpt lat="10.8114937" lon="98.9130447"></trkpt>
			<trkpt lat="10.8077838" lon="98.9146273"></trkpt>
			<trkpt lat="10.7942386" lon="98.9054752"></trkpt>
			<trkpt lat="10.7788842" lon="98.9029483"></trkpt>
			<trkpt lat="10.7806171" lon="98.8986605"></trkpt>
			<trkpt lat="10.7741608" lon="98.8891041"></trkpt>
			<trkpt lat="10.7632089" lon="98.8941079"></trkpt>
			<trkpt lat="10.7574148" lon="98.8937363"></trkpt>
			<trkpt lat="10.7529317" lon="98.8986212"></trkpt>
			<trkpt lat="10.7534506" lon="98.909837"></trkpt>
			<trkpt lat="10.7459565" lon="98.9141219"></trkpt>
			<trkpt lat="10.7397633" lon="98.9097456"></trkpt>
			<trkpt lat="10.7348005" lon="98.9101867"></trkpt>
			<trkpt lat="10.7281908" lon="98.9043226"></trkpt>
			<trkpt lat="10.7224683" lon="98.9050166"></trkpt>
			<trkpt lat="10.7117881" lon="98.8975169"></trkpt>
			<trkpt lat="10.7066289" lon="98.8991527"></trkpt>
			<trkpt lat="10.6952763" lon="98.8896249"></trkpt>
			<trkpt lat="10.6820223" lon="98.8938972"></trkpt>
			<trkpt lat="10.6907966" lon="98.9052693"></trkpt>
			<trkpt lat="10.6859009" lon="98.9110658"></trkpt>
			<trkpt lat="10.6782409" lon="98.9089697"></trkpt>
			<trkpt lat="10.6804368" lon="98.9186602"></trkpt>
			<trkpt lat="10.6734008" lon="98.9294531"></trkpt>
			<trkpt lat="10.6559455" lon="98.9251268"></trkpt>
			<trkpt lat="10.6484383" lon="98.9282465"></trkpt>
			<trkpt lat="10.6501554" lon="98.9376194"></trkpt>
			<trkpt lat="10.642758" lon="98.9485051"></trkpt>
			<trkpt lat="10.63755" lon="98.950616"></trkpt>
			<trkpt lat="10.612156" lon="98.9446383"></trkpt>
			<trkpt lat="10.6103464" lon="98.9468081"></trkpt>
			<trkpt lat="10.6164521" lon="98.9594905"></trkpt>
			<trkpt lat="10.6078659" lon="98.9611524"></trkpt>
			<trkpt lat="10.604174" lon="98.9647876"></trkpt>
			<trkpt lat="10.5796742" lon="98.9566342"></trkpt>
			<trkpt lat="10.5698643" lon="98.94141"></trkpt>
			<trkpt lat="10.5588069" lon="98.9434256"></trkpt>
			<trkpt lat="10.5399987" lon="98.9625045"></trkpt>
			<trkpt lat="10.5358722" lon="98.9536876"></trkpt>
			<trkpt lat="10.5291898" lon="98.9480525"></trkpt>
			<trkpt lat="10.5177481" lon="98.9447585"></trkpt>
			<trkpt lat="10.5129667" lon="98.9364447"></trkpt>
			<trkpt lat="10.5127987" lon="98.9234316"></trkpt>
			<trkpt lat="10.5073933" lon="98.9178162"></trkpt>
			<trkpt lat="10.4901044" lon="98.9111371"></trkpt>
			<trkpt lat="10.4834744" lon="98.8947827"></trkpt>
			<trkpt lat="10.475131" lon="98.8946882"></trkpt>
			<trkpt lat="10.4577724" lon="98.8843449"></trkpt>
			<trkpt lat="10.455471" lon="98.8886001"></trkpt>
			<trkpt lat="10.4518967" lon="98.8867425"></trkpt>
			<trkpt lat="10.4423035" lon="98.891873"></trkpt>
			<trkpt lat="10.4411944" lon="98.8950628"></trkpt>
			<trkpt lat="10.4326899" lon="98.8968294"></trkpt>
			<trkpt lat="10.4289207" lon="98.8935825"></trkpt>
			<trkpt lat="10.4172489" lon="98.8936104"></trkpt>
			<trkpt lat="10.4104342" lon="98.9051492"></trkpt>
			<trkpt lat="10.3977021" lon="98.9017994"></trkpt>
			<trkpt lat="10.3955927" lon="98.9283212"></trkpt>
			<trkpt lat="10.3851998" lon="98.9295525"></trkpt>
			<trkpt lat="10.3844982" lon="98.937241"></trkpt>
			<trkpt lat="10.3650686" lon="98.931778"></trkpt>
			<trkpt lat="10.3595026" lon="98.9420889"></trkpt>
			<trkpt lat="10.3517868" lon="98.9430514"></trkpt>
			<trkpt lat="10.3352455" lon="98.9362726"></trkpt>
			<trkpt lat="10.3326194" lon="98.9318563"></trkpt>
			<trkpt lat="10.3264349" lon="98.9300649"></trkpt>
			<trkpt lat="10.3247041" lon="98.9255064"></trkpt>
			<trkpt lat="10.3189117" lon="98.9231279"></trkpt>
			<trkpt lat="10.3171075" lon="98.9190234"></trkpt>
			<trkpt lat="10.2999793" lon="98.9093767"></trkpt>
			<trkpt lat="10.3000405" lon="98.906078"></trkpt>
			<trkpt lat="10.2883068" lon="98.8998735"></trkpt>
			<trkpt lat="10.2734266" lon="98.9004555"></trkpt>
			<trkpt lat="10.2699061" lon="98.9082926"></trkpt>
			<trkpt lat="10.2549543" lon="98.9037091"></trkpt>
			<trkpt lat="10.2486954" lon="98.8961874"></trkpt>
			<trkpt lat="10.2460002" lon="98.8996931"></trkpt>
			<trkpt lat="10.2402399" lon="98.8994475"></trkpt>
			<trkpt lat="10.2352543" lon="98.8897566"></trkpt>
			<trkpt lat="10.2254586" lon="98.8913975"></trkpt>
			<trkpt lat="10.2150009" lon="98.8847389"></trkpt>
			<trkpt lat="10.2125526" lon="98.8798775"></trkpt>
			<trkpt lat="10.2049861" lon="98.8749126"></trkpt>
			<trkpt lat="10.1852145" lon="98.8711871"></trkpt>
			<trkpt lat="10.1823769" lon="98.877239"></trkpt>
			<trkpt lat="10.1781725" lon="98.8777321"></trkpt>
			<trkpt lat="10.1693184" lon="98.8887736"></trkpt>
			<trkpt lat="10.160716" lon="98.8889298"></trkpt>
			<trkpt lat="10.1564845" lon="98.8830831"></trkpt>
			<trkpt lat="10.154276" lon="98.8696742"></trkpt>
			<trkpt lat="10.1346183" lon="98.8682769"></trkpt>
			<trkpt lat="10.1334445" lon="98.8621658"></trkpt>
			<trkpt lat="10.1196511" lon="98.8583651"></trkpt>
			<trkpt lat="10.1206485" lon="98.8642795"></trkpt>
			<trkpt lat="10.1157525" lon="98.8627863"></trkpt>
			<trkpt lat="10.1090665" lon="98.8658996"></trkpt>
			<trkpt lat="10.0935174" lon="98.8621066"></trkpt>
			<trkpt lat="10.0829922" lon="98.8526061"></trkpt>
			<trkpt lat="10.0860596" lon="98.8505104"></trkpt>
			<trkpt lat="10.065674" lon="98.8355594"></trkpt>
			<trkpt lat="10.0631295" lon="98.8388653"></trkpt>
			<trkpt lat="10.060935" lon="98.8585327"></trkpt>
			<trkpt lat="10.063889" lon="98.8634525"></trkpt>
			<trkpt lat="10.0604697" lon="98.8650422"></trkpt>
			<trkpt lat="10.0640245" lon="98.8686479"></trkpt>
			<trkpt lat="10.0617491" lon="98.8785302"></trkpt>
			<trkpt lat="10.0651748" lon="98.8819037"></trkpt>
			<trkpt lat="10.0609724" lon="98.8883036"></trkpt>
			<trkpt lat="10.0646867" lon="98.8928523"></trkpt>
			<trkpt lat="10.0548132" lon="98.9030525"></trkpt>
			<trkpt lat="10.0472342" lon="98.9004947"></trkpt>
			<trkpt lat="10.0327599" lon="98.905771"></trkpt>
			<trkpt lat="10.0259827" lon="98.9041895"></trkpt>
			<trkpt lat="10.0261786" lon="98.9013072"></trkpt>
			<trkpt lat="10.0142907" lon="98.8873899"></trkpt>
			<trkpt lat="10.0059732" lon="98.8845924"></trkpt>
			<trkpt lat="9.9933881" lon="98.8646978"></trkpt>
			<trkpt lat="9.9973366" lon="98.8577947"></trkpt>
			<trkpt lat="9.9945181" lon="98.8553492"></trkpt>
			<trkpt lat="9.9939456" lon="98.8443566"></trkpt>
			<trkpt lat="9.987803" lon="98.8416089"></trkpt>
			<trkpt lat="9.9778118" lon="98.8295534"></trkpt>
			<trkpt lat="9.9717693" lon="98.83024"></trkpt>
			<trkpt lat="9.9580727" lon="98.8223175"></trkpt>
			<trkpt lat="9.948846" lon="98.8242985"></trkpt>
			<trkpt lat="9.9371769" lon="98.8152034"></trkpt>
			<trkpt lat="9.942591" lon="98.8028402"></trkpt>
			<trkpt lat="9.9407493" lon="98.7952953"></trkpt>
			<trkpt lat="9.9509922" lon="98.7808884"></trkpt>
			<trkpt lat="9.9318839" lon="98.7541518"></trkpt>
			<trkpt lat="9.9184275" lon="98.7522106"></trkpt>
			<trkpt lat="9.91693" lon="98.7453821"></trkpt>
			<trkpt lat="9.90482" lon="98.7359464"></trkpt>
			<trkpt lat="9.8941054" lon="98.7218277"></trkpt>
			<trkpt lat="9.8821738" lon="98.7196903"></trkpt>
			<trkpt lat="9.8678114" lon="98.7214847"></trkpt>
			<trkpt lat="9.8510967" lon="98.7039328"></trkpt>
			<trkpt lat="9.8333221" lon="98.692898"></trkpt>
			<trkpt lat="9.834643" lon="98.6822975"></trkpt>
			<trkpt lat="9.8282897" lon="98.679218"></trkpt>
			<trkpt lat="9.8145428" lon="98.6638476"></trkpt>
			<trkpt lat="9.8082116" lon="98.663797"></trkpt>
			<trkpt lat="9.806076" lon="98.6571204"></trkpt>
			<trkpt lat="9.7907164" lon="98.6442627"></trkpt>
			<trkpt lat="9.7924" lon="98.6401803"></trkpt>
			<trkpt lat="9.789194" lon="98.6330345"></trkpt>
			<trkpt lat="9.7778666" lon="98.6297245"></trkpt>
			<trkpt lat="9.7681997" lon="98.6334194"></trkpt>
			<trkpt lat="9.7648178" lon="98.6268215"></trkpt>
			<trkpt lat="9.7575701" lon="98.6323959"></trkpt>
			<trkpt lat="9.7446562" lon="98.6340184"></trkpt>
			<trkpt lat="9.7381403" lon="98.6421814"></trkpt>
			<trkpt lat="9.7204289" lon="98.6381396"></trkpt>
			<trkpt lat="9.7167175" lon="98.6405857"></trkpt>
			<trkpt lat="9.7133494" lon="98.6393594"></trkpt>
			<trkpt lat="9.7002247" lon="98.6504857"></trkpt>
			<trkpt lat="9.691651" lon="98.6466799"></trkpt>
			<trkpt lat="9.6840384" lon="98.6596418"></trkpt>
			<trkpt lat="9.6767513" lon="98.6591144"></trkpt>
			<trkpt lat="9.6674143" lon="98.6528947"></trkpt>
			<trkpt lat="9.66352" lon="98.6467406"></trkpt>
			<trkpt lat="9.6582443" lon="98.652971"></trkpt>
			<trkpt lat="9.6528094" lon="98.6539587"></trkpt>
			<trkpt lat="9.6550236" lon="98.6601361"></trkpt>
			<trkpt lat="9.6541832" lon="98.6725626"></trkpt>
			<trkpt lat="9.64712" lon="98.6854955"></trkpt>
			<trkpt lat="9.6405925" lon="98.688539"></trkpt>
			<trkpt lat="9.6393608" lon="98.6956084"></trkpt>
			<trkpt lat="9.6353654" lon="98.6969902"></trkpt>
			<trkpt lat="9.6284794" lon="98.7216806"></trkpt>
			<trkpt lat="9.6128449" lon="98.7293923"></trkpt>
			<trkpt lat="9.6105165" lon="98.735994"></trkpt>
			<trkpt lat="9.6007401" lon="98.7387817"></trkpt>
			<trkpt lat="9.6060184" lon="98.7473075"></trkpt>
			<trkpt lat="9.6129978" lon="98.7507645"></trkpt>
			<trkpt lat="9.6267116" lon="98.7647473"></trkpt>
			<trkpt lat="9.6350169" lon="98.7680832"></trkpt>
			<trkpt lat="9.6463024" lon="98.764629"></trkpt>
			<trkpt lat="9.6517923" lon="98.767512"></trkpt>
			<trkpt lat="9.6865947" lon="98.7683074"></trkpt>
			<trkpt lat="9.6887189" lon="98.7782779"></trkpt>
			<trkpt lat="9.6925969" lon="98.781928"></trkpt>
			<trkpt lat="9.6907469" lon="98.7885369"></trkpt>
			<trkpt lat="9.6857378" lon="98.7876501"></trkpt>
			<trkpt lat="9.6836679" lon="98.791721"></trkpt>
			<trkpt lat="9.6882086" lon="98.7958081"></trkpt>
			<trkpt lat="9.6884649" lon="98.8049558"></trkpt>
			<trkpt lat="9.7016567" lon="98.8173745"></trkpt>
			<trkpt lat="9.7041134" lon="98.8282299"></trkpt>
			<trkpt lat="9.6996637" lon="98.8333629"></trkpt>
			<trkpt lat="9.7056426" lon="98.8386566"></trkpt>
			<trkpt lat="9.703455" lon="98.8437676"></trkpt>
			<trkpt lat="9.7093657" lon="98.8538663"></trkpt>
			<trkpt lat="9.7188446" lon="98.8621328"></trkpt>
			<trkpt lat="9.7273341" lon="98.8645251"></trkpt>
			<trkpt lat="9.7303638" lon="98.878816"></trkpt>
			<trkpt lat="9.717674" lon="98.8959746"></trkpt>
			<trkpt lat="9.7173666" lon="98.900408"></trkpt>
			<trkpt lat="9.7232472" lon="98.9099212"></trkpt>
			<trkpt lat="9.705789" lon="98.9207653"></trkpt>
			<trkpt lat="9.6891736" lon="98.9367566"></trkpt>
			<trkpt lat="9.6796384" lon="98.9522275"></trkpt>
			<trkpt lat="9.681236" lon="98.9616365"></trkpt>
			<trkpt lat="9.6761771" lon="98.9667888"></trkpt>
			<trkpt lat="9.6801272" lon="98.9784389"></trkpt>
			<trkpt lat="9.6726393" lon="98.9793461"></trkpt>
			<trkpt lat="9.6710577" lon="98.9821028"></trkpt>
			<trkpt lat="9.6993377" lon="99.0112939"></trkpt>
			<trkpt lat="9.695214" lon="99.019494"></trkpt>
			<trkpt lat="9.6980052" lon="99.0244955"></trkpt>
			<trkpt lat="9.6934107" lon="99.0342682"></trkpt>
			<trkpt lat="9.702255" lon="99.037865"></trkpt>
			<trkpt lat="9.7070138" lon="99.0460364"></trkpt>
			<trkpt lat="9.7059547" lon="99.1096542"></trkpt>
			<trkpt lat="9.7036153" lon="99.1137353"></trkpt>
			<trkpt lat="9.7036553" lon="99.1285403"></trkpt>
			<trkpt lat="9.7085099" lon="99.1347322"></trkpt>
			<trkpt lat="9.6959183" lon="99.1515191"></trkpt>
			<trkpt lat="9.6967765" lon="99.1563633"></trkpt>
			<trkpt lat="9.6985673" lon="99.1540538"></trkpt>
			<trkpt lat="9.7041874" lon="99.159198"></trkpt>
			<trkpt lat="9.7428642" lon="99.145788"></trkpt>
			<trkpt lat="9.809086" lon="99.1382542"></trkpt>
			<trkpt lat="9.8248699" lon="99.1388851"></trkpt>
			<trkpt lat="9.8379722" lon="99.144441"></trkpt>
			<trkpt lat="9.8489944" lon="99.1544399"></trkpt>
			<trkpt lat="9.8481248" lon="99.1621331"></trkpt>
			<trkpt lat="9.8579244" lon="99.1627193"></trkpt>
			<trkpt lat="9.8591974" lon="99.1650696"></trkpt>
			<trkpt lat="9.8989448" lon="99.1567413"></trkpt>
			<trkpt lat="9.9085257" lon="99.1583536"></trkpt>
			<trkpt lat="9.9085891" lon="99.1605432"></trkpt>
			<trkpt lat="9.9444298" lon="99.1601627"></trkpt>
			<trkpt lat="9.9749669" lon="99.1500074"></trkpt>
			<trkpt lat="9.9890147" lon="99.1493324"></trkpt>
			<trkpt lat="10.0087388" lon="99.1565434"></trkpt>
			<trkpt lat="10.0137887" lon="99.1643168"></trkpt>
			<trkpt lat="10.0089684" lon="99.1677863"></trkpt>
			<trkpt lat="10.0073752" lon="99.1748323"></trkpt>
			<trkpt lat="10.0157809" lon="99.1793536"></trkpt>
			<trkpt lat="10.0198344" lon="99.1785856"></trkpt>
			<trkpt lat="10.0236667" lon="99.1728024"></trkpt>
			<trkpt lat="10.0311846" lon="99.1736148"></trkpt>
			<trkpt lat="10.031751" lon="99.1799767"></trkpt>
			<trkpt lat="10.0434492" lon="99.1817971"></trkpt>
			<trkpt lat="10.0404878" lon="99.174116"></trkpt>
			<trkpt lat="10.0445624" lon="99.1674969"></trkpt>
			<trkpt lat="10.0716792" lon="99.150997"></trkpt>
			<trkpt lat="10.0773952" lon="99.1562432"></trkpt>
			<trkpt lat="10.0884983" lon="99.1543211"></trkpt>
			<trkpt lat="10.0935929" lon="99.1488224"></trkpt>
			<trkpt lat="10.1257488" lon="99.1481806"></trkpt>
			<trkpt lat="10.1443141" lon="99.1549904"></trkpt>
			<trkpt lat="10.1433881" lon="99.1573554"></trkpt>
			<trkpt lat="10.1507733" lon="99.1637283"></trkpt>
			<trkpt lat="10.1487145" lon="99.1659669"></trkpt>
			<trkpt lat="10.1534581" lon="99.1708142"></trkpt>
			<trkpt lat="10.1750645" lon="99.1767663"></trkpt>
			<trkpt lat="10.1756786" lon="99.1826258"></trkpt>
			<trkpt lat="10.1986665" lon="99.1883309"></trkpt>
			<trkpt lat="10.2009384" lon="99.1911181"></trkpt>
			<trkpt lat="10.2108525" lon="99.1906908"></trkpt>
			<trkpt lat="10.2174264" lon="99.1969749"></trkpt>
			<trkpt lat="10.215991" lon="99.2054783"></trkpt>
			<trkpt lat="10.2114232" lon="99.2060357"></trkpt>
			<trkpt lat="10.2128264" lon="99.209266"></trkpt>
			<trkpt lat="10.2101629" lon="99.2125922"></trkpt>
			<trkpt lat="10.2175514" lon="99.2222762"></trkpt>
			<trkpt lat="10.2145518" lon="99.2243889"></trkpt>
			<trkpt lat="10.2237035" lon="99.2341207"></trkpt>
			<trkpt lat="10.2257857" lon="99.2407313"></trkpt>
			<trkpt lat="10.2361723" lon="99.2465625"></trkpt>
			<trkpt lat="10.2382439" lon="99.2383386"></trkpt>
			<trkpt lat="10.2261861" lon="99.2230674"></trkpt>
			<trkpt lat="10.2288512" lon="99.2190768"></trkpt>
			<trkpt lat="10.2381292" lon="99.2180933"></trkpt>
			<trkpt lat="10.236609" lon="99.2124283"></trkpt>
			<trkpt lat="10.2518245" lon="99.2028161"></trkpt>
			<trkpt lat="10.2655351" lon="99.2076505"></trkpt>
			<trkpt lat="10.2705851" lon="99.2060936"></trkpt>
			<trkpt lat="10.2723723" lon="99.2011083"></trkpt>
			<trkpt lat="10.267174" lon="99.1972702"></trkpt>
			<trkpt lat="10.2650751" lon="99.1908622"></trkpt>
			<trkpt lat="10.2694867" lon="99.1846479"></trkpt>
			<trkpt lat="10.2754481" lon="99.1886384"></trkpt>
			<trkpt lat="10.2754855" lon="99.1741806"></trkpt>
			<trkpt lat="10.2793392" lon="99.1619662"></trkpt>
			<trkpt lat="10.2814612" lon="99.1643191"></trkpt>
			<trkpt lat="10.3009047" lon="99.1497815"></trkpt>
			<trkpt lat="10.3215226" lon="99.1497969"></trkpt>
			<trkpt lat="10.3313251" lon="99.1532168"></trkpt>
			<trkpt lat="10.3413846" lon="99.1463079"></trkpt>
			<trkpt lat="10.3540265" lon="99.1485657"></trkpt>
			<trkpt lat="10.3578893" lon="99.1564682"></trkpt>
			<trkpt lat="10.3684659" lon="99.1625721"></trkpt>
			<trkpt lat="10.3666203" lon="99.1660293"></trkpt>
			<trkpt lat="10.3727408" lon="99.1832028"></trkpt>
			<trkpt lat="10.3725012" lon="99.1944893"></trkpt>
			<trkpt lat="10.3742562" lon="99.1939183"></trkpt>
			<trkpt lat="10.3734469" lon="99.2099025"></trkpt>
			<trkpt lat="10.36561" lon="99.2166208"></trkpt>
			<trkpt lat="10.3649517" lon="99.2203086"></trkpt>
			<trkpt lat="10.3668297" lon="99.2201375"></trkpt>
			<trkpt lat="10.3569767" lon="99.2302934"></trkpt>
			<trkpt lat="10.3514284" lon="99.2312382"></trkpt>
			<trkpt lat="10.3439075" lon="99.2381724"></trkpt>
			<trkpt lat="10.359939" lon="99.2481778"></trkpt>
			<trkpt lat="10.362999" lon="99.2529469"></trkpt>
			<trkpt lat="10.3629495" lon="99.2626274"></trkpt>
			<trkpt lat="10.3578453" lon="99.2622743"></trkpt>
			<trkpt lat="10.3573958" lon="99.2713023"></trkpt>
			<trkpt lat="10.3527019" lon="99.2712378"></trkpt>
			<trkpt lat="10.3547272" lon="99.2772671"></trkpt>
			<trkpt lat="10.3673" lon="99.2849874"></trkpt>
			<trkpt lat="10.3990459" lon="99.2793594"></trkpt>
			<trkpt lat="10.4036691" lon="99.2828289"></trkpt>
			<trkpt lat="10.4116763" lon="99.283209"></trkpt>
			<trkpt lat="10.4108386" lon="99.280665"></trkpt>
			<trkpt lat="10.4148187" lon="99.2760239"></trkpt>
			<trkpt lat="10.4233407" lon="99.2747363"></trkpt>
			<trkpt lat="10.4252467" lon="99.2668508"></trkpt>
			<trkpt lat="10.4438927" lon="99.2485588"></trkpt>
			<trkpt lat="10.45245" lon="99.2362439"></trkpt>
			<trkpt lat="10.4718438" lon="99.2276894"></trkpt>
			<trkpt lat="10.4831586" lon="99.2272568"></trkpt>
			<trkpt lat="10.4959028" lon="99.2323243"></trkpt>
			<trkpt lat="10.4964287" lon="99.2382123"></trkpt>
			<trkpt lat="10.4935563" lon="99.239325"></trkpt>
			<trkpt lat="10.500347" lon="99.258577"></trkpt>
			<trkpt lat="10.5159321" lon="99.2673248"></trkpt>
			<trkpt lat="10.5131702" lon="99.2605897"></trkpt>
			<trkpt lat="10.5094654" lon="99.2592301"></trkpt>
			<trkpt lat="10.5118415" lon="99.258229"></trkpt>
			<trkpt lat="10.5058853" lon="99.2488835"></trkpt>
			<trkpt lat="10.5071689" lon="99.244026"></trkpt>
			<trkpt lat="10.5216664" lon="99.2371823"></trkpt>
			<trkpt lat="10.5363122" lon="99.2390632"></trkpt>
			<trkpt lat="10.5413965" lon="99.2431184"></trkpt>
			<trkpt lat="10.5412937" lon="99.2516202"></trkpt>
			<trkpt lat="10.5366205" lon="99.2609367"></trkpt>
			<trkpt lat="10.540142" lon="99.2638022"></trkpt>
			<trkpt lat="10.5398172" lon="99.2695726"></trkpt>
			<trkpt lat="10.5442318" lon="99.27492"></trkpt>
			<trkpt lat="10.5539633" lon="99.2775804"></trkpt>
			<trkpt lat="10.5557543" lon="99.2747154"></trkpt>
			<trkpt lat="10.570677" lon="99.2750023"></trkpt>
			<trkpt lat="10.5835522" lon="99.2830815"></trkpt>
			<trkpt lat="10.6003095" lon="99.2811422"></trkpt>
			<trkpt lat="10.6098139" lon="99.2848448"></trkpt>
			<trkpt lat="10.6188735" lon="99.2963079"></trkpt>
			<trkpt lat="10.6381716" lon="99.300859"></trkpt>
			<trkpt lat="10.6686676" lon="99.3178036"></trkpt>
			<trkpt lat="10.6819898" lon="99.3348735"></trkpt>
			<trkpt lat="10.6823388" lon="99.35267"></trkpt>
			<trkpt lat="10.675914" lon="99.3587375"></trkpt>
			<trkpt lat="10.6654166" lon="99.3582246"></trkpt>
			<trkpt lat="10.6710196" lon="99.3649495"></trkpt>
			<trkpt lat="10.6782071" lon="99.3680745"></trkpt>
			<trkpt lat="10.6803212" lon="99.3642177"></trkpt>
			<trkpt lat="10.6784417" lon="99.3608168"></trkpt>
			<trkpt lat="10.6900569" lon="99.3585038"></trkpt>
			<trkpt lat="10.7073053" lon="99.3709507"></trkpt>
			<trkpt lat="10.707998" lon="99.379642"></trkpt>
			<trkpt lat="10.7440709" lon="99.3935161"></trkpt>
			<trkpt lat="10.7444977" lon="99.3983823"></trkpt>
			<trkpt lat="10.7505146" lon="99.3998336"></trkpt>
			<trkpt lat="10.7520186" lon="99.4039256"></trkpt>
			<trkpt lat="10.7573206" lon="99.4047752"></trkpt>
			<trkpt lat="10.7583952" lon="99.4077446"></trkpt>
			<trkpt lat="10.7591967" lon="99.4060988"></trkpt>
			<trkpt lat="10.7642004" lon="99.4102677"></trkpt>
			<trkpt lat="10.762399" lon="99.4115018"></trkpt>
			<trkpt lat="10.7686991" lon="99.4133859"></trkpt>
			<trkpt lat="10.7704133" lon="99.411372"></trkpt>
			<trkpt lat="10.7982363" lon="99.423664"></trkpt>
			<trkpt lat="10.826011" lon="99.43206"></trkpt>
			<trkpt lat="10.8558174" lon="99.4329491"></trkpt>
			<trkpt lat="10.8725957" lon="99.4419783"></trkpt>
			<trkpt lat="10.8737062" lon="99.4625017"></trkpt>
			<trkpt lat="10.8714938" lon="99.4662142"></trkpt>
			<trkpt lat="10.8882619" lon="99.4782401"></trkpt>
			<trkpt lat="10.8894751" lon="99.4838848"></trkpt>
			<trkpt lat="10.8818187" lon="99.4900945"></trkpt>
			<trkpt lat="10.8829426" lon="99.4835277"></trkpt>
			<trkpt lat="10.8804246" lon="99.4937567"></trkpt>
			<trkpt lat="10.8651545" lon="99.4998097"></trkpt>
			<trkpt lat="10.8632128" lon="99.496018"></trkpt>
			<trkpt lat="10.8617905" lon="99.4982138"></trkpt>
			<trkpt lat="10.8677717" lon="99.5058985"></trkpt>
			<trkpt lat="10.8722041" lon="99.5053815"></trkpt>
			<trkpt lat="10.8724172" lon="99.5091344"></trkpt>
			<trkpt lat="10.8794923" lon="99.5100951"></trkpt>
			<trkpt lat="10.8841535" lon="99.5072642"></trkpt>
			<trkpt lat="10.8910288" lon="99.5114953"></trkpt>
			<trkpt lat="10.8959227" lon="99.518821"></trkpt>
			<trkpt lat="10.9026528" lon="99.5165714"></trkpt>
			<trkpt lat="10.9039846" lon="99.5097879"></trkpt>
			<trkpt lat="10.9135013" lon="99.5074855"></trkpt>
			<trkpt lat="10.9149653" lon="99.5102036"></trkpt>
			<trkpt lat="10.9177042" lon="99.508322"></trkpt>
			<trkpt lat="10.914703" lon="99.5027217"></trkpt>
			<trkpt lat="10.9309798" lon="99.4928266"></trkpt>
			<trkpt lat="10.9545627" lon="99.4885428"></trkpt>
			<trkpt lat="10.9753768" lon="99.4907485"></trkpt>
			<trkpt lat="10.989351" lon="99.4967183"></trkpt>
			<trkpt lat="10.9879765" lon="99.4924678"></trkpt>
			<trkpt lat="10.9908007" lon="99.4852305"></trkpt>
			<trkpt lat="10.989611" lon="99.4769374"></trkpt>
			<trkpt lat="10.9931314" lon="99.4725146"></trkpt>
			<trkpt lat="10.9891055" lon="99.4616507"></trkpt>
			<trkpt lat="10.9711969" lon="99.4399927"></trkpt>
			<trkpt lat="10.970394" lon="99.4266628"></trkpt>
			<trkpt lat="10.9556263" lon="99.4070054"></trkpt>
			<trkpt lat="10.9592271" lon="99.389512"></trkpt>
			<trkpt lat="10.9651074" lon="99.3782088"></trkpt>
			<trkpt lat="10.9726414" lon="99.3751504"></trkpt>
			<trkpt lat="10.9687981" lon="99.3693182"></trkpt>
			<trkpt lat="10.9755962" lon="99.3447972"></trkpt>
			<trkpt lat="10.9656579" lon="99.3357995"></trkpt>
			<trkpt lat="10.9692568" lon="99.3280002"></trkpt>
			<trkpt lat="10.9661984" lon="99.3032799"></trkpt>
			<trkpt lat="10.9693948" lon="99.2899898"></trkpt>
			<trkpt lat="10.958061" lon="99.2809865"></trkpt>
			<trkpt lat="10.9616836" lon="99.2742639"></trkpt>
			<trkpt lat="10.9653036" lon="99.2728314"></trkpt>
			<trkpt lat="10.9680365" lon="99.2619987"></trkpt>
			<trkpt lat="10.9659573" lon="99.2569462"></trkpt>
			<trkpt lat="10.9684726" lon="99.2556012"></trkpt>
			<trkpt lat="10.9688036" lon="99.2491116"></trkpt>
			<trkpt lat="10.9723339" lon="99.2451885"></trkpt>
			<trkpt lat="10.9719948" lon="99.2408411"></trkpt>
			<trkpt lat="10.9776791" lon="99.240749"></trkpt>
			<trkpt lat="10.9833578" lon="99.2210632"></trkpt>
			<trkpt lat="10.9823805" lon="99.2155556"></trkpt>
			<trkpt lat="10.9896033" lon="99.2056539"></trkpt>
			<trkpt lat="10.9859303" lon="99.2022503"></trkpt>
			<trkpt lat="10.990714" lon="99.2014632"></trkpt>
			<trkpt lat="10.9914487" lon="99.1981973"></trkpt>
			<trkpt lat="10.9968054" lon="99.19938"></trkpt>
			<trkpt lat="10.9980463" lon="99.1930255"></trkpt>
			<trkpt lat="10.9960013" lon="99.1910687"></trkpt>
			<trkpt lat="10.9976587" lon="99.185387"></trkpt>
			<trkpt lat="10.9959221" lon="99.1857315"></trkpt>
			<trkpt lat="10.9971035" lon="99.1819474"></trkpt>
			<trkpt lat="10.9992919" lon="99.1823335"></trkpt>
			<trkpt lat="10.9982927" lon="99.1801168"></trkpt>
			<trkpt lat="11.0018153" lon="99.1802998"></trkpt>
			<trkpt lat="10.9998234" lon="99.1743308"></trkpt>
			<trkpt lat="11.0033014" lon="99.167343"></trkpt>
			<trkpt lat="11.0104903" lon="99.1652178"></trkpt>
			<trkpt lat="11.0123082" lon="99.1542984"></trkpt>
			<trkpt lat="11.015254" lon="99.1526925"></trkpt>
			<trkpt lat="11.013822" lon="99.1497632"></trkpt>
			<trkpt lat="11.0163884" lon="99.1469862"></trkpt>
			<trkpt lat="11.0203377" lon="99.1507498"></trkpt>
			<trkpt lat="11.0334504" lon="99.150745"></trkpt>
		</trkseg>
	</trk>
	<trk>
		<name>สงขลา</name>
		<desc>Length: 634.6 km (394.3 mi)</desc>
		<trkseg>
			<trkpt lat="7.938187" lon="100.3279287"></trkpt>
			<trkpt lat="7.9368576" lon="100.3122438"></trkpt>
			<trkpt lat="7.9241024" lon="100.3066987"></trkpt>
			<trkpt lat="7.9144208" lon="100.3074618"></trkpt>
			<trkpt lat="7.9160944" lon="100.2956642"></trkpt>
			<trkpt lat="7.9138436" lon="100.2810606"></trkpt>
			<trkpt lat="7.9142193" lon="100.2664945"></trkpt>
			<trkpt lat="7.906022" lon="100.266838"></trkpt>
			<trkpt lat="7.9030312" lon="100.260902"></trkpt>
			<trkpt lat="7.893964" lon="100.2507143"></trkpt>
			<trkpt lat="7.8902863" lon="100.2428633"></trkpt>
			<trkpt lat="7.882281" lon="100.2325394"></trkpt>
			<trkpt lat="7.8826082" lon="100.2217369"></trkpt>
			<trkpt lat="7.8764017" lon="100.177567"></trkpt>
			<trkpt lat="7.8018769" lon="100.1957912"></trkpt>
			<trkpt lat="7.7842353" lon="100.2176395"></trkpt>
			<trkpt lat="7.7253815" lon="100.2169791"></trkpt>
			<trkpt lat="7.5388186" lon="100.2371689"></trkpt>
			<trkpt lat="7.5007667" lon="100.2571766"></trkpt>
			<trkpt lat="7.4986424" lon="100.2990506"></trkpt>
			<trkpt lat="7.5277056" lon="100.3557934"></trkpt>
			<trkpt lat="7.5059432" lon="100.3853795"></trkpt>
			<trkpt lat="7.4360603" lon="100.3840479"></trkpt>
			<trkpt lat="7.4259247" lon="100.382527"></trkpt>
			<trkpt lat="7.4163953" lon="100.3861584"></trkpt>
			<trkpt lat="7.4032726" lon="100.3976578"></trkpt>
			<trkpt lat="7.3779075" lon="100.4012265"></trkpt>
			<trkpt lat="7.3508767" lon="100.4098629"></trkpt>
			<trkpt lat="7.3393176" lon="100.4108002"></trkpt>
			<trkpt lat="7.3230863" lon="100.41775"></trkpt>
			<trkpt lat="7.3103154" lon="100.4273116"></trkpt>
			<trkpt lat="7.28174" lon="100.4257244"></trkpt>
			<trkpt lat="7.2719947" lon="100.4098617"></trkpt>
			<trkpt lat="7.2672287" lon="100.4090001"></trkpt>
			<trkpt lat="7.2636209" lon="100.4006321"></trkpt>
			<trkpt lat="7.2705821" lon="100.3936342"></trkpt>
			<trkpt lat="7.2742793" lon="100.3867428"></trkpt>
			<trkpt lat="7.2822033" lon="100.3824096"></trkpt>
			<trkpt lat="7.2915127" lon="100.3835703"></trkpt>
			<trkpt lat="7.3009892" lon="100.3784974"></trkpt>
			<trkpt lat="7.3125972" lon="100.3789637"></trkpt>
			<trkpt lat="7.3136842" lon="100.3770978"></trkpt>
			<trkpt lat="7.3051843" lon="100.3727124"></trkpt>
			<trkpt lat="7.3064577" lon="100.3689959"></trkpt>
			<trkpt lat="7.3005217" lon="100.3578176"></trkpt>
			<trkpt lat="7.2960414" lon="100.3562672"></trkpt>
			<trkpt lat="7.281555" lon="100.3609548"></trkpt>
			<trkpt lat="7.2786464" lon="100.3594239"></trkpt>
			<trkpt lat="7.2780394" lon="100.3476844"></trkpt>
			<trkpt lat="7.2709205" lon="100.3413828"></trkpt>
			<trkpt lat="7.262907" lon="100.3392234"></trkpt>
			<trkpt lat="7.2520857" lon="100.3415902"></trkpt>
			<trkpt lat="7.2491233" lon="100.3404409"></trkpt>
			<trkpt lat="7.2442649" lon="100.3340193"></trkpt>
			<trkpt lat="7.2410578" lon="100.3344089"></trkpt>
			<trkpt lat="7.2318223" lon="100.3166427"></trkpt>
			<trkpt lat="7.209643" lon="100.3055652"></trkpt>
			<trkpt lat="7.208108" lon="100.301917"></trkpt>
			<trkpt lat="7.2110173" lon="100.2941334"></trkpt>
			<trkpt lat="7.2110725" lon="100.2815874"></trkpt>
			<trkpt lat="7.2082419" lon="100.2716119"></trkpt>
			<trkpt lat="7.2043181" lon="100.268942"></trkpt>
			<trkpt lat="7.2007357" lon="100.2607508"></trkpt>
			<trkpt lat="7.1979767" lon="100.2591285"></trkpt>
			<trkpt lat="7.1970061" lon="100.2556632"></trkpt>
			<trkpt lat="7.19933" lon="100.2491846"></trkpt>
			<trkpt lat="7.1945725" lon="100.2455935"></trkpt>
			<trkpt lat="7.1928519" lon="100.2416293"></trkpt>
			<trkpt lat="7.1942451" lon="100.2383413"></trkpt>
			<trkpt lat="7.1938445" lon="100.2239764"></trkpt>
			<trkpt lat="7.1864323" lon="100.2110405"></trkpt>
			<trkpt lat="7.1876438" lon="100.2083735"></trkpt>
			<trkpt lat="7.185244" lon="100.2067904"></trkpt>
			<trkpt lat="7.1837027" lon="100.1994281"></trkpt>
			<trkpt lat="7.1819404" lon="100.1989119"></trkpt>
			<trkpt lat="7.1823433" lon="100.1942131"></trkpt>
			<trkpt lat="7.1778895" lon="100.187273"></trkpt>
			<trkpt lat="7.1760394" lon="100.1741118"></trkpt>
			<trkpt lat="7.1708295" lon="100.1707604"></trkpt>
			<trkpt lat="7.1657561" lon="100.1701447"></trkpt>
			<trkpt lat="7.1632422" lon="100.1653549"></trkpt>
			<trkpt lat="7.1609294" lon="100.1676971"></trkpt>
			<trkpt lat="7.1596994" lon="100.1654727"></trkpt>
			<trkpt lat="7.15657" lon="100.1650539"></trkpt>
			<trkpt lat="7.1571181" lon="100.1627032"></trkpt>
			<trkpt lat="7.1527599" lon="100.160253"></trkpt>
			<trkpt lat="7.1496459" lon="100.1557448"></trkpt>
			<trkpt lat="7.1525497" lon="100.1496139"></trkpt>
			<trkpt lat="7.1502428" lon="100.1464462"></trkpt>
			<trkpt lat="7.1539309" lon="100.136269"></trkpt>
			<trkpt lat="7.160957" lon="100.1324656"></trkpt>
			<trkpt lat="7.1626007" lon="100.1262764"></trkpt>
			<trkpt lat="7.1674541" lon="100.1211737"></trkpt>
			<trkpt lat="7.1670704" lon="100.1113465"></trkpt>
			<trkpt lat="7.1636842" lon="100.1057907"></trkpt>
			<trkpt lat="7.1615456" lon="100.1051641"></trkpt>
			<trkpt lat="7.1566233" lon="100.0978322"></trkpt>
			<trkpt lat="7.1532181" lon="100.0959016"></trkpt>
			<trkpt lat="7.1480859" lon="100.0832863"></trkpt>
			<trkpt lat="7.1488158" lon="100.075024"></trkpt>
			<trkpt lat="7.1411576" lon="100.068101"></trkpt>
			<trkpt lat="7.1396151" lon="100.0629276"></trkpt>
			<trkpt lat="7.1284021" lon="100.0605209"></trkpt>
			<trkpt lat="7.1226766" lon="100.0653169"></trkpt>
			<trkpt lat="7.1177523" lon="100.06464"></trkpt>
			<trkpt lat="7.112203" lon="100.0663657"></trkpt>
			<trkpt lat="7.1096485" lon="100.0572465"></trkpt>
			<trkpt lat="7.0974114" lon="100.054702"></trkpt>
			<trkpt lat="7.0891908" lon="100.058292"></trkpt>
			<trkpt lat="7.0846024" lon="100.0625374"></trkpt>
			<trkpt lat="7.0693177" lon="100.0610646"></trkpt>
			<trkpt lat="7.0673439" lon="100.0637049"></trkpt>
			<trkpt lat="7.0590052" lon="100.0643253"></trkpt>
			<trkpt lat="7.0498165" lon="100.0734974"></trkpt>
			<trkpt lat="7.048729" lon="100.0685354"></trkpt>
			<trkpt lat="7.0451703" lon="100.0723476"></trkpt>
			<trkpt lat="7.0443576" lon="100.0784222"></trkpt>
			<trkpt lat="7.0407887" lon="100.0790352"></trkpt>
			<trkpt lat="7.0353828" lon="100.0744074"></trkpt>
			<trkpt lat="7.0344181" lon="100.0708649"></trkpt>
			<trkpt lat="7.0358684" lon="100.0667417"></trkpt>
			<trkpt lat="7.0331501" lon="100.064208"></trkpt>
			<trkpt lat="7.028048" lon="100.066364"></trkpt>
			<trkpt lat="7.0227107" lon="100.0633679"></trkpt>
			<trkpt lat="7.0159385" lon="100.0648846"></trkpt>
			<trkpt lat="7.0044799" lon="100.0799156"></trkpt>
			<trkpt lat="6.9943427" lon="100.0833831"></trkpt>
			<trkpt lat="6.9856258" lon="100.0795934"></trkpt>
			<trkpt lat="6.9818521" lon="100.0810019"></trkpt>
			<trkpt lat="6.9637645" lon="100.0784436"></trkpt>
			<trkpt lat="6.9650095" lon="100.0947942"></trkpt>
			<trkpt lat="6.9575972" lon="100.0993457"></trkpt>
			<trkpt lat="6.9491789" lon="100.1014028"></trkpt>
			<trkpt lat="6.9490947" lon="100.1057608"></trkpt>
			<trkpt lat="6.9455435" lon="100.1072567"></trkpt>
			<trkpt lat="6.9399478" lon="100.1164446"></trkpt>
			<trkpt lat="6.9353719" lon="100.1202968"></trkpt>
			<trkpt lat="6.9236164" lon="100.1217828"></trkpt>
			<trkpt lat="6.9233649" lon="100.1487441"></trkpt>
			<trkpt lat="6.9190987" lon="100.1576593"></trkpt>
			<trkpt lat="6.9142472" lon="100.1631756"></trkpt>
			<trkpt lat="6.9120797" lon="100.1777572"></trkpt>
			<trkpt lat="6.9133981" lon="100.1817845"></trkpt>
			<trkpt lat="6.9098771" lon="100.1888406"></trkpt>
			<trkpt lat="6.9114752" lon="100.1912627"></trkpt>
			<trkpt lat="6.9098967" lon="100.1941214"></trkpt>
			<trkpt lat="6.9068604" lon="100.1949096"></trkpt>
			<trkpt lat="6.9077852" lon="100.1982475"></trkpt>
			<trkpt lat="6.8997263" lon="100.2009615"></trkpt>
			<trkpt lat="6.8955811" lon="100.2073188"></trkpt>
			<trkpt lat="6.8886486" lon="100.2084981"></trkpt>
			<trkpt lat="6.8875462" lon="100.2112436"></trkpt>
			<trkpt lat="6.8841711" lon="100.2121151"></trkpt>
			<trkpt lat="6.8791537" lon="100.2186458"></trkpt>
			<trkpt lat="6.8721656" lon="100.2187965"></trkpt>
			<trkpt lat="6.8709831" lon="100.2203692"></trkpt>
			<trkpt lat="6.8561892" lon="100.2105342"></trkpt>
			<trkpt lat="6.8437805" lon="100.2108111"></trkpt>
			<trkpt lat="6.8399265" lon="100.2020523"></trkpt>
			<trkpt lat="6.8265078" lon="100.1952273"></trkpt>
			<trkpt lat="6.8143849" lon="100.1962678"></trkpt>
			<trkpt lat="6.8098132" lon="100.1911673"></trkpt>
			<trkpt lat="6.8067927" lon="100.1935718"></trkpt>
			<trkpt lat="6.8042923" lon="100.1916401"></trkpt>
			<trkpt lat="6.7997964" lon="100.1924835"></trkpt>
			<trkpt lat="6.7953691" lon="100.1959555"></trkpt>
			<trkpt lat="6.7928229" lon="100.1924171"></trkpt>
			<trkpt lat="6.783711" lon="100.1971838"></trkpt>
			<trkpt lat="6.7833537" lon="100.199472"></trkpt>
			<trkpt lat="6.7768056" lon="100.1990713"></trkpt>
			<trkpt lat="6.7690664" lon="100.2126161"></trkpt>
			<trkpt lat="6.7580645" lon="100.2136105"></trkpt>
			<trkpt lat="6.7498809" lon="100.2066685"></trkpt>
			<trkpt lat="6.7285191" lon="100.2060084"></trkpt>
			<trkpt lat="6.725806" lon="100.2038763"></trkpt>
			<trkpt lat="6.7204356" lon="100.2074874"></trkpt>
			<trkpt lat="6.7196028" lon="100.2142086"></trkpt>
			<trkpt lat="6.7133581" lon="100.2152092"></trkpt>
			<trkpt lat="6.7096635" lon="100.2182102"></trkpt>
			<trkpt lat="6.7046816" lon="100.2178467"></trkpt>
			<trkpt lat="6.6973382" lon="100.224504"></trkpt>
			<trkpt lat="6.6960207" lon="100.2294484"></trkpt>
			<trkpt lat="6.6944705" lon="100.2281718"></trkpt>
			<trkpt lat="6.695217" lon="100.2320906"></trkpt>
			<trkpt lat="6.6929052" lon="100.2374774"></trkpt>
			<trkpt lat="6.6940722" lon="100.2427468"></trkpt>
			<trkpt lat="6.6964227" lon="100.2435522"></trkpt>
			<trkpt lat="6.6974885" lon="100.2483397"></trkpt>
			<trkpt lat="6.7056977" lon="100.2534327"></trkpt>
			<trkpt lat="6.7081621" lon="100.2525666"></trkpt>
			<trkpt lat="6.7089695" lon="100.2564823"></trkpt>
			<trkpt lat="6.7111169" lon="100.2575609"></trkpt>
			<trkpt lat="6.7024461" lon="100.263469"></trkpt>
			<trkpt lat="6.6994007" lon="100.2636019"></trkpt>
			<trkpt lat="6.6993994" lon="100.2660969"></trkpt>
			<trkpt lat="6.7031783" lon="100.2697245"></trkpt>
			<trkpt lat="6.7043009" lon="100.2741125"></trkpt>
			<trkpt lat="6.7065534" lon="100.2751943"></trkpt>
			<trkpt lat="6.7088138" lon="100.283232"></trkpt>
			<trkpt lat="6.7079077" lon="100.2855941"></trkpt>
			<trkpt lat="6.7104185" lon="100.2901334"></trkpt>
			<trkpt lat="6.7049874" lon="100.2949503"></trkpt>
			<trkpt lat="6.6922746" lon="100.2899421"></trkpt>
			<trkpt lat="6.6803652" lon="100.2943879"></trkpt>
			<trkpt lat="6.6786871" lon="100.2977801"></trkpt>
			<trkpt lat="6.6801915" lon="100.3014989"></trkpt>
			<trkpt lat="6.6691051" lon="100.3061371"></trkpt>
			<trkpt lat="6.6671013" lon="100.3093304"></trkpt>
			<trkpt lat="6.6674984" lon="100.3156072"></trkpt>
			<trkpt lat="6.6651716" lon="100.3182462"></trkpt>
			<trkpt lat="6.664518" lon="100.3269798"></trkpt>
			<trkpt lat="6.6604826" lon="100.3259644"></trkpt>
			<trkpt lat="6.6538694" lon="100.3196016"></trkpt>
			<trkpt lat="6.6432497" lon="100.3215026"></trkpt>
			<trkpt lat="6.6400596" lon="100.3176343"></trkpt>
			<trkpt lat="6.6356337" lon="100.3170239"></trkpt>
			<trkpt lat="6.6359643" lon="100.3211169"></trkpt>
			<trkpt lat="6.6226046" lon="100.3254554"></trkpt>
			<trkpt lat="6.6139626" lon="100.3156646"></trkpt>
			<trkpt lat="6.6107814" lon="100.3060269"></trkpt>
			<trkpt lat="6.6051571" lon="100.3041349"></trkpt>
			<trkpt lat="6.6059098" lon="100.3072464"></trkpt>
			<trkpt lat="6.6031724" lon="100.3166581"></trkpt>
			<trkpt lat="6.5918366" lon="100.3202553"></trkpt>
			<trkpt lat="6.588643" lon="100.3251627"></trkpt>
			<trkpt lat="6.5865865" lon="100.3252166"></trkpt>
			<trkpt lat="6.5846425" lon="100.3286843"></trkpt>
			<trkpt lat="6.5854333" lon="100.3341708"></trkpt>
			<trkpt lat="6.5796796" lon="100.3418369"></trkpt>
			<trkpt lat="6.5763506" lon="100.3409004"></trkpt>
			<trkpt lat="6.5718097" lon="100.3448351"></trkpt>
			<trkpt lat="6.5732997" lon="100.3509293"></trkpt>
			<trkpt lat="6.5680815" lon="100.3536446"></trkpt>
			<trkpt lat="6.5618302" lon="100.3531242"></trkpt>
			<trkpt lat="6.5615955" lon="100.3552883"></trkpt>
			<trkpt lat="6.5571963" lon="100.3590389"></trkpt>
			<trkpt lat="6.5547591" lon="100.358167"></trkpt>
			<trkpt lat="6.546262" lon="100.3606856"></trkpt>
			<trkpt lat="6.5399507" lon="100.3685646"></trkpt>
			<trkpt lat="6.544928" lon="100.3725451"></trkpt>
			<trkpt lat="6.539672" lon="100.3861327"></trkpt>
			<trkpt lat="6.5356857" lon="100.3878913"></trkpt>
			<trkpt lat="6.5341625" lon="100.39623"></trkpt>
			<trkpt lat="6.5368304" lon="100.4015058"></trkpt>
			<trkpt lat="6.5309931" lon="100.4021954"></trkpt>
			<trkpt lat="6.5294836" lon="100.4075907"></trkpt>
			<trkpt lat="6.5235236" lon="100.4109406"></trkpt>
			<trkpt lat="6.5241809" lon="100.4151969"></trkpt>
			<trkpt lat="6.5186521" lon="100.4201535"></trkpt>
			<trkpt lat="6.5190713" lon="100.4242462"></trkpt>
			<trkpt lat="6.5242293" lon="100.4297201"></trkpt>
			<trkpt lat="6.5232651" lon="100.4320587"></trkpt>
			<trkpt lat="6.5277719" lon="100.44007"></trkpt>
			<trkpt lat="6.5275112" lon="100.453111"></trkpt>
			<trkpt lat="6.5318725" lon="100.4566161"></trkpt>
			<trkpt lat="6.5319821" lon="100.4593709"></trkpt>
			<trkpt lat="6.5261043" lon="100.4621643"></trkpt>
			<trkpt lat="6.5243438" lon="100.4671657"></trkpt>
			<trkpt lat="6.5210143" lon="100.4694493"></trkpt>
			<trkpt lat="6.5234256" lon="100.4730913"></trkpt>
			<trkpt lat="6.5243714" lon="100.4820802"></trkpt>
			<trkpt lat="6.5231252" lon="100.4851242"></trkpt>
			<trkpt lat="6.5259158" lon="100.4889149"></trkpt>
			<trkpt lat="6.5225858" lon="100.4951434"></trkpt>
			<trkpt lat="6.5197315" lon="100.4959103"></trkpt>
			<trkpt lat="6.5173875" lon="100.4930885"></trkpt>
			<trkpt lat="6.509678" lon="100.4933364"></trkpt>
			<trkpt lat="6.4998453" lon="100.5022851"></trkpt>
			<trkpt lat="6.4991577" lon="100.505825"></trkpt>
			<trkpt lat="6.5009354" lon="100.507672"></trkpt>
			<trkpt lat="6.4926569" lon="100.5120539"></trkpt>
			<trkpt lat="6.4935131" lon="100.5156798"></trkpt>
			<trkpt lat="6.4893382" lon="100.5186181"></trkpt>
			<trkpt lat="6.4904868" lon="100.5247979"></trkpt>
			<trkpt lat="6.488036" lon="100.5257698"></trkpt>
			<trkpt lat="6.4902879" lon="100.5326389"></trkpt>
			<trkpt lat="6.4870359" lon="100.5367253"></trkpt>
			<trkpt lat="6.4915154" lon="100.5425331"></trkpt>
			<trkpt lat="6.4853477" lon="100.5478757"></trkpt>
			<trkpt lat="6.4920779" lon="100.5535922"></trkpt>
			<trkpt lat="6.4963541" lon="100.5624053"></trkpt>
			<trkpt lat="6.4909776" lon="100.5658656"></trkpt>
			<trkpt lat="6.487378" lon="100.5707982"></trkpt>
			<trkpt lat="6.4831081" lon="100.5727932"></trkpt>
			<trkpt lat="6.4784739" lon="100.5839765"></trkpt>
			<trkpt lat="6.4793877" lon="100.5896061"></trkpt>
			<trkpt lat="6.4751573" lon="100.5984409"></trkpt>
			<trkpt lat="6.4689334" lon="100.6028184"></trkpt>
			<trkpt lat="6.4723511" lon="100.604947"></trkpt>
			<trkpt lat="6.4723232" lon="100.6082043"></trkpt>
			<trkpt lat="6.4655614" lon="100.6143175"></trkpt>
			<trkpt lat="6.4621105" lon="100.6146455"></trkpt>
			<trkpt lat="6.4579945" lon="100.6256159"></trkpt>
			<trkpt lat="6.4583842" lon="100.6464577"></trkpt>
			<trkpt lat="6.449441" lon="100.6429851"></trkpt>
			<trkpt lat="6.4461041" lon="100.6500639"></trkpt>
			<trkpt lat="6.4433641" lon="100.6512998"></trkpt>
			<trkpt lat="6.4432005" lon="100.6538281"></trkpt>
			<trkpt lat="6.4510055" lon="100.6624787"></trkpt>
			<trkpt lat="6.4540163" lon="100.6846082"></trkpt>
			<trkpt lat="6.4653802" lon="100.6866951"></trkpt>
			<trkpt lat="6.4662955" lon="100.6969643"></trkpt>
			<trkpt lat="6.4708005" lon="100.696903"></trkpt>
			<trkpt lat="6.4715083" lon="100.7094763"></trkpt>
			<trkpt lat="6.4816725" lon="100.7119734"></trkpt>
			<trkpt lat="6.4864652" lon="100.719388"></trkpt>
			<trkpt lat="6.4955547" lon="100.7234554"></trkpt>
			<trkpt lat="6.4949965" lon="100.728059"></trkpt>
			<trkpt lat="6.4978986" lon="100.7306523"></trkpt>
			<trkpt lat="6.5007933" lon="100.7294971"></trkpt>
			<trkpt lat="6.5020012" lon="100.7317291"></trkpt>
			<trkpt lat="6.5054115" lon="100.7298485"></trkpt>
			<trkpt lat="6.5062737" lon="100.7331897"></trkpt>
			<trkpt lat="6.5099102" lon="100.7340554"></trkpt>
			<trkpt lat="6.5102313" lon="100.7383225"></trkpt>
			<trkpt lat="6.4994426" lon="100.7431617"></trkpt>
			<trkpt lat="6.4905864" lon="100.7385698"></trkpt>
			<trkpt lat="6.4819419" lon="100.7427337"></trkpt>
			<trkpt lat="6.4702915" lon="100.7436197"></trkpt>
			<trkpt lat="6.4583769" lon="100.7527881"></trkpt>
			<trkpt lat="6.4553604" lon="100.7668287"></trkpt>
			<trkpt lat="6.4567801" lon="100.7705415"></trkpt>
			<trkpt lat="6.4631986" lon="100.776095"></trkpt>
			<trkpt lat="6.4575294" lon="100.7814125"></trkpt>
			<trkpt lat="6.454824" lon="100.7814567"></trkpt>
			<trkpt lat="6.4528317" lon="100.7888011"></trkpt>
			<trkpt lat="6.4503876" lon="100.7891078"></trkpt>
			<trkpt lat="6.4445444" lon="100.8060556"></trkpt>
			<trkpt lat="6.4445471" lon="100.8105673"></trkpt>
			<trkpt lat="6.4335469" lon="100.8146139"></trkpt>
			<trkpt lat="6.4309383" lon="100.8138313"></trkpt>
			<trkpt lat="6.4272098" lon="100.8163619"></trkpt>
			<trkpt lat="6.4235075" lon="100.816272"></trkpt>
			<trkpt lat="6.415202" lon="100.8215307"></trkpt>
			<trkpt lat="6.4047818" lon="100.8241234"></trkpt>
			<trkpt lat="6.3998319" lon="100.8212836"></trkpt>
			<trkpt lat="6.3805072" lon="100.8238865"></trkpt>
			<trkpt lat="6.3687933" lon="100.8204243"></trkpt>
			<trkpt lat="6.3660023" lon="100.8220243"></trkpt>
			<trkpt lat="6.3561511" lon="100.8222365"></trkpt>
			<trkpt lat="6.3522705" lon="100.8276673"></trkpt>
			<trkpt lat="6.3472816" lon="100.8289686"></trkpt>
			<trkpt lat="6.3386954" lon="100.8355022"></trkpt>
			<trkpt lat="6.3276072" lon="100.8403775"></trkpt>
			<trkpt lat="6.3227669" lon="100.8402536"></trkpt>
			<trkpt lat="6.3149596" lon="100.8491272"></trkpt>
			<trkpt lat="6.3102889" lon="100.8485238"></trkpt>
			<trkpt lat="6.3081893" lon="100.8428352"></trkpt>
			<trkpt lat="6.2892646" lon="100.8484031"></trkpt>
			<trkpt lat="6.2938671" lon="100.8621715"></trkpt>
			<trkpt lat="6.2973418" lon="100.8647248"></trkpt>
			<trkpt lat="6.2947157" lon="100.8688495"></trkpt>
			<trkpt lat="6.296746" lon="100.8899106"></trkpt>
			<trkpt lat="6.3010309" lon="100.8923077"></trkpt>
			<trkpt lat="6.3036197" lon="100.8973977"></trkpt>
			<trkpt lat="6.3046224" lon="100.9118752"></trkpt>
			<trkpt lat="6.3170929" lon="100.9162894"></trkpt>
			<trkpt lat="6.3207446" lon="100.9234462"></trkpt>
			<trkpt lat="6.3192457" lon="100.9244352"></trkpt>
			<trkpt lat="6.3219636" lon="100.9287483"></trkpt>
			<trkpt lat="6.322892" lon="100.9257087"></trkpt>
			<trkpt lat="6.3264787" lon="100.9239847"></trkpt>
			<trkpt lat="6.3270412" lon="100.9286411"></trkpt>
			<trkpt lat="6.329023" lon="100.9255727"></trkpt>
			<trkpt lat="6.331154" lon="100.9264673"></trkpt>
			<trkpt lat="6.3359849" lon="100.9246383"></trkpt>
			<trkpt lat="6.3401802" lon="100.9258055"></trkpt>
			<trkpt lat="6.3407418" lon="100.9223211"></trkpt>
			<trkpt lat="6.3436828" lon="100.9201055"></trkpt>
			<trkpt lat="6.3486335" lon="100.919951"></trkpt>
			<trkpt lat="6.3494488" lon="100.9215084"></trkpt>
			<trkpt lat="6.3549629" lon="100.9195147"></trkpt>
			<trkpt lat="6.3550482" lon="100.9253049"></trkpt>
			<trkpt lat="6.3666674" lon="100.9274092"></trkpt>
			<trkpt lat="6.3689423" lon="100.9254815"></trkpt>
			<trkpt lat="6.3699524" lon="100.9266076"></trkpt>
			<trkpt lat="6.3728315" lon="100.9226639"></trkpt>
			<trkpt lat="6.3808463" lon="100.922439"></trkpt>
			<trkpt lat="6.3814251" lon="100.919813"></trkpt>
			<trkpt lat="6.3900105" lon="100.9215937"></trkpt>
			<trkpt lat="6.3917227" lon="100.9178162"></trkpt>
			<trkpt lat="6.4154029" lon="100.9184146"></trkpt>
			<trkpt lat="6.4252155" lon="100.9215984"></trkpt>
			<trkpt lat="6.445189" lon="100.9328892"></trkpt>
			<trkpt lat="6.4435732" lon="100.9377458"></trkpt>
			<trkpt lat="6.4435561" lon="100.9497968"></trkpt>
			<trkpt lat="6.4460568" lon="100.9519412"></trkpt>
			<trkpt lat="6.4516839" lon="100.9523395"></trkpt>
			<trkpt lat="6.4514303" lon="100.9592411"></trkpt>
			<trkpt lat="6.4687308" lon="100.9641067"></trkpt>
			<trkpt lat="6.4666878" lon="100.9692989"></trkpt>
			<trkpt lat="6.4681704" lon="100.9725202"></trkpt>
			<trkpt lat="6.4755978" lon="100.9717344"></trkpt>
			<trkpt lat="6.4804949" lon="100.975434"></trkpt>
			<trkpt lat="6.4839383" lon="100.9744514"></trkpt>
			<trkpt lat="6.4864283" lon="100.9775451"></trkpt>
			<trkpt lat="6.4846726" lon="100.9836407"></trkpt>
			<trkpt lat="6.4856286" lon="100.997047"></trkpt>
			<trkpt lat="6.4832424" lon="101.0050664"></trkpt>
			<trkpt lat="6.4868955" lon="101.0155936"></trkpt>
			<trkpt lat="6.4819424" lon="101.0203967"></trkpt>
			<trkpt lat="6.4848548" lon="101.0387145"></trkpt>
			<trkpt lat="6.4890229" lon="101.0459114"></trkpt>
			<trkpt lat="6.4927291" lon="101.0421126"></trkpt>
			<trkpt lat="6.5121443" lon="101.0400261"></trkpt>
			<trkpt lat="6.5162109" lon="101.0365115"></trkpt>
			<trkpt lat="6.5224737" lon="101.0384904"></trkpt>
			<trkpt lat="6.5251894" lon="101.0439058"></trkpt>
			<trkpt lat="6.5415477" lon="101.043218"></trkpt>
			<trkpt lat="6.5442238" lon="101.0690286"></trkpt>
			<trkpt lat="6.5533041" lon="101.0756662"></trkpt>
			<trkpt lat="6.5552614" lon="101.0802726"></trkpt>
			<trkpt lat="6.5745263" lon="101.0850489"></trkpt>
			<trkpt lat="6.585207" lon="101.0815028"></trkpt>
			<trkpt lat="6.6057385" lon="101.0844001"></trkpt>
			<trkpt lat="6.6090443" lon="101.0895638"></trkpt>
			<trkpt lat="6.6135032" lon="101.0885304"></trkpt>
			<trkpt lat="6.6195081" lon="101.0988966"></trkpt>
			<trkpt lat="6.628019" lon="101.1039265"></trkpt>
			<trkpt lat="6.6291016" lon="101.1080645"></trkpt>
			<trkpt lat="6.6382918" lon="101.0979911"></trkpt>
			<trkpt lat="6.6425511" lon="101.0881853"></trkpt>
			<trkpt lat="6.6419276" lon="101.0737313"></trkpt>
			<trkpt lat="6.644339" lon="101.0714714"></trkpt>
			<trkpt lat="6.6441087" lon="101.0689733"></trkpt>
			<trkpt lat="6.6570524" lon="101.060439"></trkpt>
			<trkpt lat="6.6632742" lon="101.0489468"></trkpt>
			<trkpt lat="6.6777171" lon="101.0573301"></trkpt>
			<trkpt lat="6.682408" lon="101.0629846"></trkpt>
			<trkpt lat="6.6858645" lon="101.0730292"></trkpt>
			<trkpt lat="6.6901679" lon="101.0615467"></trkpt>
			<trkpt lat="6.7014439" lon="101.0630945"></trkpt>
			<trkpt lat="6.7072213" lon="101.0587868"></trkpt>
			<trkpt lat="6.7096705" lon="101.0588163"></trkpt>
			<trkpt lat="6.7162453" lon="101.0447581"></trkpt>
			<trkpt lat="6.7198869" lon="101.0431433"></trkpt>
			<trkpt lat="6.7213565" lon="101.0271128"></trkpt>
			<trkpt lat="6.7238032" lon="101.0199918"></trkpt>
			<trkpt lat="6.7268945" lon="101.0190302"></trkpt>
			<trkpt lat="6.7302717" lon="101.0236992"></trkpt>
			<trkpt lat="6.7339266" lon="101.024327"></trkpt>
			<trkpt lat="6.7391315" lon="101.0313125"></trkpt>
			<trkpt lat="6.7450015" lon="101.0325708"></trkpt>
			<trkpt lat="6.7555986" lon="101.0282611"></trkpt>
			<trkpt lat="6.760624" lon="101.0332827"></trkpt>
			<trkpt lat="6.7659209" lon="101.0283392"></trkpt>
			<trkpt lat="6.7825506" lon="101.0304888"></trkpt>
			<trkpt lat="6.7829203" lon="101.0339537"></trkpt>
			<trkpt lat="6.7872297" lon="101.0382955"></trkpt>
			<trkpt lat="6.7890663" lon="101.0380845"></trkpt>
			<trkpt lat="6.7914093" lon="101.0412214"></trkpt>
			<trkpt lat="6.8063083" lon="101.0383634"></trkpt>
			<trkpt lat="6.8307165" lon="101.0426228"></trkpt>
			<trkpt lat="6.8360959" lon="101.0490829"></trkpt>
			<trkpt lat="6.8385809" lon="101.0486718"></trkpt>
			<trkpt lat="6.8377518" lon="101.0443317"></trkpt>
			<trkpt lat="6.8411934" lon="101.0428657"></trkpt>
			<trkpt lat="6.8452842" lon="101.0453903"></trkpt>
			<trkpt lat="6.847834" lon="101.043461"></trkpt>
			<trkpt lat="6.8482415" lon="101.0495248"></trkpt>
			<trkpt lat="6.8537651" lon="101.0634109"></trkpt>
			<trkpt lat="6.8574863" lon="101.0636853"></trkpt>
			<trkpt lat="6.8543444" lon="101.04276"></trkpt>
			<trkpt lat="6.8545433" lon="101.0204489"></trkpt>
			<trkpt lat="6.85754" lon="101.0037892"></trkpt>
			<trkpt lat="6.8647363" lon="100.9824567"></trkpt>
			<trkpt lat="6.8808996" lon="100.957333"></trkpt>
			<trkpt lat="6.8802061" lon="100.95308"></trkpt>
			<trkpt lat="6.8924179" lon="100.9316254"></trkpt>
			<trkpt lat="6.9101458" lon="100.9070459"></trkpt>
			<trkpt lat="6.9621853" lon="100.8490578"></trkpt>
			<trkpt lat="6.9603788" lon="100.8468519"></trkpt>
			<trkpt lat="6.9605335" lon="100.8383277"></trkpt>
			<trkpt lat="6.9540349" lon="100.8330894"></trkpt>
			<trkpt lat="6.9515036" lon="100.8286227"></trkpt>
			<trkpt lat="6.9548952" lon="100.8106988"></trkpt>
			<trkpt lat="6.9632306" lon="100.7939017"></trkpt>
			<trkpt lat="6.9808407" lon="100.770059"></trkpt>
			<trkpt lat="6.9987838" lon="100.7519016"></trkpt>
			<trkpt lat="7.0780093" lon="100.6905005"></trkpt>
			<trkpt lat="7.1285065" lon="100.6562693"></trkpt>
			<trkpt lat="7.1842294" lon="100.6229659"></trkpt>
			<trkpt lat="7.1830684" lon="100.618698"></trkpt>
			<trkpt lat="7.2167657" lon="100.5960422"></trkpt>
			<trkpt lat="7.2154462" lon="100.5903213"></trkpt>
			<trkpt lat="7.2172044" lon="100.5870751"></trkpt>
			<trkpt lat="7.2313488" lon="100.5802035"></trkpt>
			<trkpt lat="7.2337657" lon="100.5824299"></trkpt>
			<trkpt lat="7.2521246" lon="100.559798"></trkpt>
			<trkpt lat="7.2498746" lon="100.5563548"></trkpt>
			<trkpt lat="7.259689" lon="100.5426946"></trkpt>
			<trkpt lat="7.2983915" lon="100.5181204"></trkpt>
			<trkpt lat="7.3781331" lon="100.4797502"></trkpt>
			<trkpt lat="7.4209704" lon="100.4630992"></trkpt>
			<trkpt lat="7.5180977" lon="100.4331186"></trkpt>
			<trkpt lat="7.7476601" lon="100.3771207"></trkpt>
			<trkpt lat="7.931889" lon="100.3369089"></trkpt>
			<trkpt lat="7.9319033" lon="100.3350965"></trkpt>
			<trkpt lat="7.9350356" lon="100.3343974"></trkpt>
			<trkpt lat="7.938187" lon="100.3279287"></trkpt>
		</trkseg>
	</trk>
	<trk>
		<name>สตูล</name>
		<desc>Length: 326.1 km (202.6 mi)</desc>
		<trkseg>
			<trkpt lat="7.165938" lon="99.9676109"></trkpt>
			<trkpt lat="7.1675605" lon="99.961895"></trkpt>
			<trkpt lat="7.1709291" lon="99.9605267"></trkpt>
			<trkpt lat="7.1744911" lon="99.9605087"></trkpt>
			<trkpt lat="7.1771723" lon="99.9580425"></trkpt>
			<trkpt lat="7.1813678" lon="99.959176"></trkpt>
			<trkpt lat="7.1881973" lon="99.9561389"></trkpt>
			<trkpt lat="7.1908758" lon="99.9560607"></trkpt>
			<trkpt lat="7.194679" lon="99.9590958"></trkpt>
			<trkpt lat="7.1979702" lon="99.9593715"></trkpt>
			<trkpt lat="7.1945599" lon="99.9451367"></trkpt>
			<trkpt lat="7.1921541" lon="99.9293311"></trkpt>
			<trkpt lat="7.1909661" lon="99.9140108"></trkpt>
			<trkpt lat="7.1890516" lon="99.901941"></trkpt>
			<trkpt lat="7.1863195" lon="99.8924179"></trkpt>
			<trkpt lat="7.1843554" lon="99.8884394"></trkpt>
			<trkpt lat="7.1717618" lon="99.8753243"></trkpt>
			<trkpt lat="7.1698321" lon="99.8704127"></trkpt>
			<trkpt lat="7.1684679" lon="99.8593577"></trkpt>
			<trkpt lat="7.1670783" lon="99.8554377"></trkpt>
			<trkpt lat="7.1594024" lon="99.8450702"></trkpt>
			<trkpt lat="7.1480479" lon="99.8358882"></trkpt>
			<trkpt lat="7.1393009" lon="99.8320678"></trkpt>
			<trkpt lat="7.1383124" lon="99.8306607"></trkpt>
			<trkpt lat="7.1375782" lon="99.8239407"></trkpt>
			<trkpt lat="7.134912" lon="99.8208735"></trkpt>
			<trkpt lat="7.1335809" lon="99.8121132"></trkpt>
			<trkpt lat="7.1285713" lon="99.7989943"></trkpt>
			<trkpt lat="7.139701" lon="99.7879815"></trkpt>
			<trkpt lat="7.1399657" lon="99.7862755"></trkpt>
			<trkpt lat="7.139023" lon="99.785803"></trkpt>
			<trkpt lat="7.1331922" lon="99.7871616"></trkpt>
			<trkpt lat="7.1307" lon="99.7859597"></trkpt>
			<trkpt lat="7.1278867" lon="99.7830979"></trkpt>
			<trkpt lat="7.1282758" lon="99.780357"></trkpt>
			<trkpt lat="7.1269655" lon="99.7779245"></trkpt>
			<trkpt lat="7.1257813" lon="99.7714382"></trkpt>
			<trkpt lat="7.1261723" lon="99.7675042"></trkpt>
			<trkpt lat="7.1246778" lon="99.7601804"></trkpt>
			<trkpt lat="7.1255888" lon="99.7544922"></trkpt>
			<trkpt lat="7.1293252" lon="99.7470364"></trkpt>
			<trkpt lat="7.1313293" lon="99.7407058"></trkpt>
			<trkpt lat="7.1302733" lon="99.7336096"></trkpt>
			<trkpt lat="7.1277099" lon="99.7330333"></trkpt>
			<trkpt lat="7.1201261" lon="99.7358307"></trkpt>
			<trkpt lat="7.1100791" lon="99.7336686"></trkpt>
			<trkpt lat="7.1128295" lon="99.7293066"></trkpt>
			<trkpt lat="7.1125496" lon="99.7257627"></trkpt>
			<trkpt lat="7.1032102" lon="99.7105325"></trkpt>
			<trkpt lat="7.1003508" lon="99.709733"></trkpt>
			<trkpt lat="7.0901476" lon="99.7160813"></trkpt>
			<trkpt lat="7.0885085" lon="99.7102848"></trkpt>
			<trkpt lat="7.0809672" lon="99.7086496"></trkpt>
			<trkpt lat="7.0688618" lon="99.701087"></trkpt>
			<trkpt lat="7.0666612" lon="99.700567"></trkpt>
			<trkpt lat="7.0690008" lon="99.6985395"></trkpt>
			<trkpt lat="7.0724361" lon="99.6979459"></trkpt>
			<trkpt lat="7.0759857" lon="99.6987515"></trkpt>
			<trkpt lat="7.0785472" lon="99.6972788"></trkpt>
			<trkpt lat="7.0787303" lon="99.6950482"></trkpt>
			<trkpt lat="7.0644826" lon="99.6879209"></trkpt>
			<trkpt lat="7.0541555" lon="99.6802519"></trkpt>
			<trkpt lat="7.0508043" lon="99.6789653"></trkpt>
			<trkpt lat="7.0509614" lon="99.677883"></trkpt>
			<trkpt lat="7.0538683" lon="99.676344"></trkpt>
			<trkpt lat="7.0526957" lon="99.6744879"></trkpt>
			<trkpt lat="7.0456227" lon="99.6697712"></trkpt>
			<trkpt lat="7.0418785" lon="99.6685905"></trkpt>
			<trkpt lat="7.033592" lon="99.6723841"></trkpt>
			<trkpt lat="7.0315107" lon="99.6721876"></trkpt>
			<trkpt lat="7.0216993" lon="99.6756773"></trkpt>
			<trkpt lat="7.0143033" lon="99.6813002"></trkpt>
			<trkpt lat="7.0146745" lon="99.6842103"></trkpt>
			<trkpt lat="7.0124136" lon="99.682733"></trkpt>
			<trkpt lat="7.0103352" lon="99.6797774"></trkpt>
			<trkpt lat="7.008266" lon="99.6734721"></trkpt>
			<trkpt lat="7.0059726" lon="99.671408"></trkpt>
			<trkpt lat="7.0023645" lon="99.6702984"></trkpt>
			<trkpt lat="6.9959912" lon="99.6712693"></trkpt>
			<trkpt lat="6.9810474" lon="99.6772846"></trkpt>
			<trkpt lat="6.9754828" lon="99.6812253"></trkpt>
			<trkpt lat="6.9732116" lon="99.6856759"></trkpt>
			<trkpt lat="6.9721861" lon="99.6848393"></trkpt>
			<trkpt lat="6.9729605" lon="99.6829518"></trkpt>
			<trkpt lat="6.9718256" lon="99.6824087"></trkpt>
			<trkpt lat="6.9666073" lon="99.683728"></trkpt>
			<trkpt lat="6.9656763" lon="99.6820802"></trkpt>
			<trkpt lat="6.9604293" lon="99.6824935"></trkpt>
			<trkpt lat="6.959689" lon="99.6838803"></trkpt>
			<trkpt lat="6.9605012" lon="99.6863749"></trkpt>
			<trkpt lat="6.966593" lon="99.6904257"></trkpt>
			<trkpt lat="6.9677317" lon="99.692673"></trkpt>
			<trkpt lat="6.9682499" lon="99.6982269"></trkpt>
			<trkpt lat="6.967041" lon="99.700645"></trkpt>
			<trkpt lat="6.9673439" lon="99.702224"></trkpt>
			<trkpt lat="6.9666617" lon="99.7032827"></trkpt>
			<trkpt lat="6.9586213" lon="99.7045279"></trkpt>
			<trkpt lat="6.956958" lon="99.7038425"></trkpt>
			<trkpt lat="6.9540097" lon="99.7004356"></trkpt>
			<trkpt lat="6.9557551" lon="99.6926028"></trkpt>
			<trkpt lat="6.9514691" lon="99.685736"></trkpt>
			<trkpt lat="6.9458977" lon="99.6814259"></trkpt>
			<trkpt lat="6.9407293" lon="99.680709"></trkpt>
			<trkpt lat="6.924441" lon="99.6824694"></trkpt>
			<trkpt lat="6.9121523" lon="99.682355"></trkpt>
			<trkpt lat="6.9108742" lon="99.683053"></trkpt>
			<trkpt lat="6.9075762" lon="99.682129"></trkpt>
			<trkpt lat="6.9068769" lon="99.6801508"></trkpt>
			<trkpt lat="6.9012935" lon="99.6794063"></trkpt>
			<trkpt lat="6.902267" lon="99.6778191"></trkpt>
			<trkpt lat="6.898787" lon="99.6784653"></trkpt>
			<trkpt lat="6.9000274" lon="99.6792676"></trkpt>
			<trkpt lat="6.8997808" lon="99.6804903"></trkpt>
			<trkpt lat="6.8981027" lon="99.6809998"></trkpt>
			<trkpt lat="6.8966794" lon="99.6847976"></trkpt>
			<trkpt lat="6.8937045" lon="99.6864186"></trkpt>
			<trkpt lat="6.8804665" lon="99.6903882"></trkpt>
			<trkpt lat="6.8716783" lon="99.6954417"></trkpt>
			<trkpt lat="6.8698057" lon="99.6974992"></trkpt>
			<trkpt lat="6.8707851" lon="99.7000942"></trkpt>
			<trkpt lat="6.8697118" lon="99.7017964"></trkpt>
			<trkpt lat="6.8709997" lon="99.7014012"></trkpt>
			<trkpt lat="6.8718525" lon="99.7031085"></trkpt>
			<trkpt lat="6.8710154" lon="99.7045458"></trkpt>
			<trkpt lat="6.8720326" lon="99.7048477"></trkpt>
			<trkpt lat="6.8746659" lon="99.7091207"></trkpt>
			<trkpt lat="6.8744769" lon="99.710357"></trkpt>
			<trkpt lat="6.8726886" lon="99.7115898"></trkpt>
			<trkpt lat="6.8710676" lon="99.7101992"></trkpt>
			<trkpt lat="6.8711172" lon="99.7087755"></trkpt>
			<trkpt lat="6.8679603" lon="99.7068809"></trkpt>
			<trkpt lat="6.8666592" lon="99.7070504"></trkpt>
			<trkpt lat="6.8639922" lon="99.7057053"></trkpt>
			<trkpt lat="6.8641689" lon="99.7027765"></trkpt>
			<trkpt lat="6.8606228" lon="99.7010659"></trkpt>
			<trkpt lat="6.8592131" lon="99.703611"></trkpt>
			<trkpt lat="6.8597434" lon="99.7055355"></trkpt>
			<trkpt lat="6.8584354" lon="99.7069262"></trkpt>
			<trkpt lat="6.8602303" lon="99.7126726"></trkpt>
			<trkpt lat="6.8597547" lon="99.7162231"></trkpt>
			<trkpt lat="6.8619216" lon="99.720376"></trkpt>
			<trkpt lat="6.8606191" lon="99.7218645"></trkpt>
			<trkpt lat="6.8550338" lon="99.7220756"></trkpt>
			<trkpt lat="6.849748" lon="99.7354898"></trkpt>
			<trkpt lat="6.8411521" lon="99.7493838"></trkpt>
			<trkpt lat="6.8367277" lon="99.7509114"></trkpt>
			<trkpt lat="6.8359397" lon="99.7523169"></trkpt>
			<trkpt lat="6.8332434" lon="99.7534965"></trkpt>
			<trkpt lat="6.8330095" lon="99.755197"></trkpt>
			<trkpt lat="6.8346276" lon="99.755854"></trkpt>
			<trkpt lat="6.8360675" lon="99.7551611"></trkpt>
			<trkpt lat="6.8377853" lon="99.7560461"></trkpt>
			<trkpt lat="6.8383921" lon="99.7587808"></trkpt>
			<trkpt lat="6.8368269" lon="99.7618479"></trkpt>
			<trkpt lat="6.8351299" lon="99.762843"></trkpt>
			<trkpt lat="6.8364168" lon="99.7662817"></trkpt>
			<trkpt lat="6.8361826" lon="99.7678351"></trkpt>
			<trkpt lat="6.8420892" lon="99.7698989"></trkpt>
			<trkpt lat="6.8422805" lon="99.7733151"></trkpt>
			<trkpt lat="6.8337904" lon="99.783116"></trkpt>
			<trkpt lat="6.8215302" lon="99.7923771"></trkpt>
			<trkpt lat="6.8133102" lon="99.797265"></trkpt>
			<trkpt lat="6.8017949" lon="99.8014499"></trkpt>
			<trkpt lat="6.7992397" lon="99.7996602"></trkpt>
			<trkpt lat="6.7977622" lon="99.8016016"></trkpt>
			<trkpt lat="6.7903833" lon="99.8037906"></trkpt>
			<trkpt lat="6.7768191" lon="99.8052786"></trkpt>
			<trkpt lat="6.7724794" lon="99.8081885"></trkpt>
			<trkpt lat="6.7702252" lon="99.8113891"></trkpt>
			<trkpt lat="6.7747674" lon="99.8209374"></trkpt>
			<trkpt lat="6.7737705" lon="99.8210505"></trkpt>
			<trkpt lat="6.7787893" lon="99.8281521"></trkpt>
			<trkpt lat="6.7763378" lon="99.8266102"></trkpt>
			<trkpt lat="6.7759141" lon="99.8321122"></trkpt>
			<trkpt lat="6.7784415" lon="99.8358118"></trkpt>
			<trkpt lat="6.7789463" lon="99.8401024"></trkpt>
			<trkpt lat="6.7612327" lon="99.8415579"></trkpt>
			<trkpt lat="6.7448531" lon="99.8412158"></trkpt>
			<trkpt lat="6.7446534" lon="99.8523434"></trkpt>
			<trkpt lat="6.7431493" lon="99.8567438"></trkpt>
			<trkpt lat="6.7356753" lon="99.8628024"></trkpt>
			<trkpt lat="6.7224414" lon="99.8690462"></trkpt>
			<trkpt lat="6.7195462" lon="99.8735677"></trkpt>
			<trkpt lat="6.7188833" lon="99.8769474"></trkpt>
			<trkpt lat="6.7203649" lon="99.8876737"></trkpt>
			<trkpt lat="6.7181405" lon="99.9000319"></trkpt>
			<trkpt lat="6.7183085" lon="99.9070145"></trkpt>
			<trkpt lat="6.7191809" lon="99.9084558"></trkpt>
			<trkpt lat="6.711814" lon="99.912881"></trkpt>
			<trkpt lat="6.7100129" lon="99.9116941"></trkpt>
			<trkpt lat="6.7082183" lon="99.9075749"></trkpt>
			<trkpt lat="6.7066585" lon="99.9066871"></trkpt>
			<trkpt lat="6.7050498" lon="99.9068746"></trkpt>
			<trkpt lat="6.703183" lon="99.9087971"></trkpt>
			<trkpt lat="6.7025691" lon="99.9130402"></trkpt>
			<trkpt lat="6.6959916" lon="99.9157964"></trkpt>
			<trkpt lat="6.6904407" lon="99.9203875"></trkpt>
			<trkpt lat="6.6875816" lon="99.9215068"></trkpt>
			<trkpt lat="6.6829719" lon="99.9209814"></trkpt>
			<trkpt lat="6.6769574" lon="99.9177037"></trkpt>
			<trkpt lat="6.6655845" lon="99.9158043"></trkpt>
			<trkpt lat="6.6443259" lon="99.9163879"></trkpt>
			<trkpt lat="6.5939784" lon="99.8435863"></trkpt>
			<trkpt lat="6.5912312" lon="99.8433696"></trkpt>
			<trkpt lat="6.5849273" lon="99.8453365"></trkpt>
			<trkpt lat="6.5690295" lon="99.8558135"></trkpt>
			<trkpt lat="6.5675652" lon="99.8578432"></trkpt>
			<trkpt lat="6.5384797" lon="99.9545949"></trkpt>
			<trkpt lat="6.557363" lon="99.9799764"></trkpt>
			<trkpt lat="6.5549609" lon="100.0057506"></trkpt>
			<trkpt lat="6.5568093" lon="100.0095139"></trkpt>
			<trkpt lat="6.548658" lon="100.0177423"></trkpt>
			<trkpt lat="6.5270792" lon="100.0432062"></trkpt>
			<trkpt lat="6.5244156" lon="100.0453649"></trkpt>
			<trkpt lat="6.5181229" lon="100.0547847"></trkpt>
			<trkpt lat="6.5168187" lon="100.0626379"></trkpt>
			<trkpt lat="6.5239568" lon="100.0679473"></trkpt>
			<trkpt lat="6.5304611" lon="100.0684574"></trkpt>
			<trkpt lat="6.5414641" lon="100.072365"></trkpt>
			<trkpt lat="6.5466761" lon="100.0752594"></trkpt>
			<trkpt lat="6.5533209" lon="100.0769174"></trkpt>
			<trkpt lat="6.5584723" lon="100.0764299"></trkpt>
			<trkpt lat="6.5591187" lon="100.0800144"></trkpt>
			<trkpt lat="6.5606558" lon="100.0802008"></trkpt>
			<trkpt lat="6.5605581" lon="100.0809892"></trkpt>
			<trkpt lat="6.5572627" lon="100.0808798"></trkpt>
			<trkpt lat="6.5490105" lon="100.0903332"></trkpt>
			<trkpt lat="6.5512475" lon="100.0954682"></trkpt>
			<trkpt lat="6.5516621" lon="100.0999871"></trkpt>
			<trkpt lat="6.5470703" lon="100.1005112"></trkpt>
			<trkpt lat="6.5457902" lon="100.0965156"></trkpt>
			<trkpt lat="6.5423741" lon="100.0949899"></trkpt>
			<trkpt lat="6.5291595" lon="100.0988007"></trkpt>
			<trkpt lat="6.5166117" lon="100.098094"></trkpt>
			<trkpt lat="6.5179076" lon="100.0958925"></trkpt>
			<trkpt lat="6.5135483" lon="100.0926653"></trkpt>
			<trkpt lat="6.5033574" lon="100.0907669"></trkpt>
			<trkpt lat="6.498718" lon="100.0887228"></trkpt>
			<trkpt lat="6.498214" lon="100.085174"></trkpt>
			<trkpt lat="6.4973454" lon="100.0842639"></trkpt>
			<trkpt lat="6.494864" lon="100.0847085"></trkpt>
			<trkpt lat="6.4942828" lon="100.0870986"></trkpt>
			<trkpt lat="6.497637" lon="100.100322"></trkpt>
			<trkpt lat="6.496677" lon="100.1013999"></trkpt>
			<trkpt lat="6.4890874" lon="100.1016943"></trkpt>
			<trkpt lat="6.4850443" lon="100.1046238"></trkpt>
			<trkpt lat="6.4673759" lon="100.1110106"></trkpt>
			<trkpt lat="6.462877" lon="100.1114681"></trkpt>
			<trkpt lat="6.4577983" lon="100.114645"></trkpt>
			<trkpt lat="6.4491599" lon="100.1139751"></trkpt>
			<trkpt lat="6.4468724" lon="100.1157067"></trkpt>
			<trkpt lat="6.4439337" lon="100.1163507"></trkpt>
			<trkpt lat="6.4428674" lon="100.1180183"></trkpt>
			<trkpt lat="6.4392849" lon="100.1181314"></trkpt>
			<trkpt lat="6.4368723" lon="100.1165687"></trkpt>
			<trkpt lat="6.4323582" lon="100.1167142"></trkpt>
			<trkpt lat="6.4226669" lon="100.1198345"></trkpt>
			<trkpt lat="6.4231477" lon="100.1233188"></trkpt>
			<trkpt lat="6.4256182" lon="100.1252834"></trkpt>
			<trkpt lat="6.426644" lon="100.1281914"></trkpt>
			<trkpt lat="6.4279907" lon="100.1293805"></trkpt>
			<trkpt lat="6.4293293" lon="100.1334702"></trkpt>
			<trkpt lat="6.4336354" lon="100.1348213"></trkpt>
			<trkpt lat="6.439855" lon="100.1341683"></trkpt>
			<trkpt lat="6.4407198" lon="100.1359887"></trkpt>
			<trkpt lat="6.4441508" lon="100.1353256"></trkpt>
			<trkpt lat="6.448161" lon="100.1398283"></trkpt>
			<trkpt lat="6.4479194" lon="100.141973"></trkpt>
			<trkpt lat="6.4491875" lon="100.1426505"></trkpt>
			<trkpt lat="6.4496868" lon="100.1441023"></trkpt>
			<trkpt lat="6.4512837" lon="100.1443331"></trkpt>
			<trkpt lat="6.4528819" lon="100.147555"></trkpt>
			<trkpt lat="6.4604089" lon="100.1448774"></trkpt>
			<trkpt lat="6.4686923" lon="100.1454838"></trkpt>
			<trkpt lat="6.4687411" lon="100.147181"></trkpt>
			<trkpt lat="6.4708125" lon="100.1503285"></trkpt>
			<trkpt lat="6.4725804" lon="100.1514673"></trkpt>
			<trkpt lat="6.4759878" lon="100.1509924"></trkpt>
			<trkpt lat="6.478689" lon="100.1540938"></trkpt>
			<trkpt lat="6.4779596" lon="100.1549229"></trkpt>
			<trkpt lat="6.4798925" lon="100.1585669"></trkpt>
			<trkpt lat="6.48361" lon="100.1562034"></trkpt>
			<trkpt lat="6.4836135" lon="100.1544475"></trkpt>
			<trkpt lat="6.4871649" lon="100.1547822"></trkpt>
			<trkpt lat="6.4866255" lon="100.1563216"></trkpt>
			<trkpt lat="6.4872797" lon="100.1592269"></trkpt>
			<trkpt lat="6.4908475" lon="100.1603072"></trkpt>
			<trkpt lat="6.4965252" lon="100.1593023"></trkpt>
			<trkpt lat="6.4971387" lon="100.1599322"></trkpt>
			<trkpt lat="6.5026807" lon="100.1601992"></trkpt>
			<trkpt lat="6.5075177" lon="100.1579987"></trkpt>
			<trkpt lat="6.5098636" lon="100.158471"></trkpt>
			<trkpt lat="6.5227677" lon="100.1542672"></trkpt>
			<trkpt lat="6.5227938" lon="100.155955"></trkpt>
			<trkpt lat="6.5241637" lon="100.1568743"></trkpt>
			<trkpt lat="6.5259902" lon="100.1560832"></trkpt>
			<trkpt lat="6.5302787" lon="100.1561784"></trkpt>
			<trkpt lat="6.5312431" lon="100.1554329"></trkpt>
			<trkpt lat="6.5328776" lon="100.1565365"></trkpt>
			<trkpt lat="6.5360379" lon="100.1556202"></trkpt>
			<trkpt lat="6.5417175" lon="100.1555095"></trkpt>
			<trkpt lat="6.549245" lon="100.1536434"></trkpt>
			<trkpt lat="6.5564067" lon="100.1530404"></trkpt>
			<trkpt lat="6.5598471" lon="100.1547423"></trkpt>
			<trkpt lat="6.5611867" lon="100.1579695"></trkpt>
			<trkpt lat="6.5631894" lon="100.1591996"></trkpt>
			<trkpt lat="6.5688213" lon="100.1584462"></trkpt>
			<trkpt lat="6.5715818" lon="100.1590794"></trkpt>
			<trkpt lat="6.5752921" lon="100.157165"></trkpt>
			<trkpt lat="6.5755313" lon="100.1559135"></trkpt>
			<trkpt lat="6.5798324" lon="100.1564333"></trkpt>
			<trkpt lat="6.5794671" lon="100.1579717"></trkpt>
			<trkpt lat="6.5754513" lon="100.1628603"></trkpt>
			<trkpt lat="6.5719452" lon="100.162972"></trkpt>
			<trkpt lat="6.5704426" lon="100.1649802"></trkpt>
			<trkpt lat="6.5709398" lon="100.1667947"></trkpt>
			<trkpt lat="6.5744965" lon="100.1691974"></trkpt>
			<trkpt lat="6.5748098" lon="100.1708397"></trkpt>
			<trkpt lat="6.5728817" lon="100.1729741"></trkpt>
			<trkpt lat="6.5675617" lon="100.1745539"></trkpt>
			<trkpt lat="6.5675166" lon="100.1752084"></trkpt>
			<trkpt lat="6.5699677" lon="100.1765995"></trkpt>
			<trkpt lat="6.5729002" lon="100.1769009"></trkpt>
			<trkpt lat="6.5738822" lon="100.1797606"></trkpt>
			<trkpt lat="6.5729517" lon="100.1802535"></trkpt>
			<trkpt lat="6.5741175" lon="100.1830447"></trkpt>
			<trkpt lat="6.576968" lon="100.1825992"></trkpt>
			<trkpt lat="6.5774986" lon="100.1834144"></trkpt>
			<trkpt lat="6.5804643" lon="100.1832909"></trkpt>
			<trkpt lat="6.5819791" lon="100.1816614"></trkpt>
			<trkpt lat="6.5875768" lon="100.1807702"></trkpt>
			<trkpt lat="6.5915731" lon="100.1779946"></trkpt>
			<trkpt lat="6.5957931" lon="100.1781244"></trkpt>
			<trkpt lat="6.5982226" lon="100.1805032"></trkpt>
			<trkpt lat="6.6013151" lon="100.1800583"></trkpt>
			<trkpt lat="6.6050357" lon="100.1776725"></trkpt>
			<trkpt lat="6.6043773" lon="100.1757202"></trkpt>
			<trkpt lat="6.6083221" lon="100.1695683"></trkpt>
			<trkpt lat="6.6225989" lon="100.1679721"></trkpt>
			<trkpt lat="6.6249541" lon="100.1669058"></trkpt>
			<trkpt lat="6.6278642" lon="100.1678155"></trkpt>
			<trkpt lat="6.6306088" lon="100.1658083"></trkpt>
			<trkpt lat="6.6319421" lon="100.1658781"></trkpt>
			<trkpt lat="6.6335442" lon="100.1680035"></trkpt>
			<trkpt lat="6.6416851" lon="100.1687678"></trkpt>
			<trkpt lat="6.6479147" lon="100.1674642"></trkpt>
			<trkpt lat="6.6513717" lon="100.1723015"></trkpt>
			<trkpt lat="6.6510187" lon="100.1743223"></trkpt>
			<trkpt lat="6.6550991" lon="100.1806186"></trkpt>
			<trkpt lat="6.6690171" lon="100.1775526"></trkpt>
			<trkpt lat="6.6749542" lon="100.1803484"></trkpt>
			<trkpt lat="6.6827236" lon="100.1785629"></trkpt>
			<trkpt lat="6.6832238" lon="100.1752673"></trkpt>
			<trkpt lat="6.692012" lon="100.1710253"></trkpt>
			<trkpt lat="6.6940022" lon="100.171544"></trkpt>
			<trkpt lat="6.6974164" lon="100.1783917"></trkpt>
			<trkpt lat="6.7006247" lon="100.1787041"></trkpt>
			<trkpt lat="6.7138576" lon="100.1857561"></trkpt>
			<trkpt lat="6.7176287" lon="100.1856555"></trkpt>
			<trkpt lat="6.7215533" lon="100.1954564"></trkpt>
			<trkpt lat="6.7227271" lon="100.1962265"></trkpt>
			<trkpt lat="6.7225812" lon="100.1981214"></trkpt>
			<trkpt lat="6.7285191" lon="100.2060084"></trkpt>
			<trkpt lat="6.7335001" lon="100.2069763"></trkpt>
			<trkpt lat="6.7498809" lon="100.2066685"></trkpt>
			<trkpt lat="6.7580645" lon="100.2136105"></trkpt>
			<trkpt lat="6.7599289" lon="100.2139855"></trkpt>
			<trkpt lat="6.7633124" lon="100.2129117"></trkpt>
			<trkpt lat="6.7652969" lon="100.2141075"></trkpt>
			<trkpt lat="6.7690664" lon="100.2126161"></trkpt>
			<trkpt lat="6.7768056" lon="100.1990713"></trkpt>
			<trkpt lat="6.7833537" lon="100.199472"></trkpt>
			<trkpt lat="6.783711" lon="100.1971838"></trkpt>
			<trkpt lat="6.7849095" lon="100.1971127"></trkpt>
			<trkpt lat="6.7877709" lon="100.1941136"></trkpt>
			<trkpt lat="6.7928229" lon="100.1924171"></trkpt>
			<trkpt lat="6.7953691" lon="100.1959555"></trkpt>
			<trkpt lat="6.7997964" lon="100.1924835"></trkpt>
			<trkpt lat="6.8024914" lon="100.1927627"></trkpt>
			<trkpt lat="6.8042923" lon="100.1916401"></trkpt>
			<trkpt lat="6.8049228" lon="100.1931447"></trkpt>
			<trkpt lat="6.8067927" lon="100.1935718"></trkpt>
			<trkpt lat="6.8098132" lon="100.1911673"></trkpt>
			<trkpt lat="6.8143849" lon="100.1962678"></trkpt>
			<trkpt lat="6.8265078" lon="100.1952273"></trkpt>
			<trkpt lat="6.8296731" lon="100.1973321"></trkpt>
			<trkpt lat="6.8353616" lon="100.1985792"></trkpt>
			<trkpt lat="6.8399265" lon="100.2020523"></trkpt>
			<trkpt lat="6.8437805" lon="100.2108111"></trkpt>
			<trkpt lat="6.8488886" lon="100.2101917"></trkpt>
			<trkpt lat="6.8542848" lon="100.2114383"></trkpt>
			<trkpt lat="6.8561892" lon="100.2105342"></trkpt>
			<trkpt lat="6.8613165" lon="100.213077"></trkpt>
			<trkpt lat="6.862244" lon="100.2146691"></trkpt>
			<trkpt lat="6.8658453" lon="100.2173201"></trkpt>
			<trkpt lat="6.8687356" lon="100.217703"></trkpt>
			<trkpt lat="6.8709831" lon="100.2203692"></trkpt>
			<trkpt lat="6.8721656" lon="100.2187965"></trkpt>
			<trkpt lat="6.8791537" lon="100.2186458"></trkpt>
			<trkpt lat="6.880191" lon="100.2179629"></trkpt>
			<trkpt lat="6.8814663" lon="100.2148163"></trkpt>
			<trkpt lat="6.8841711" lon="100.2121151"></trkpt>
			<trkpt lat="6.8875462" lon="100.2112436"></trkpt>
			<trkpt lat="6.8886486" lon="100.2084981"></trkpt>
			<trkpt lat="6.8922937" lon="100.2085859"></trkpt>
			<trkpt lat="6.8955811" lon="100.2073188"></trkpt>
			<trkpt lat="6.8981006" lon="100.2045423"></trkpt>
			<trkpt lat="6.8997263" lon="100.2009615"></trkpt>
			<trkpt lat="6.9077852" lon="100.1982475"></trkpt>
			<trkpt lat="6.9080417" lon="100.1964947"></trkpt>
			<trkpt lat="6.9068604" lon="100.1949096"></trkpt>
			<trkpt lat="6.9098967" lon="100.1941214"></trkpt>
			<trkpt lat="6.9114752" lon="100.1912627"></trkpt>
			<trkpt lat="6.9098771" lon="100.1888406"></trkpt>
			<trkpt lat="6.9114024" lon="100.1878324"></trkpt>
			<trkpt lat="6.9133981" lon="100.1817845"></trkpt>
			<trkpt lat="6.9131572" lon="100.1790976"></trkpt>
			<trkpt lat="6.9120797" lon="100.1777572"></trkpt>
			<trkpt lat="6.913318" lon="100.1730479"></trkpt>
			<trkpt lat="6.9131689" lon="100.1676976"></trkpt>
			<trkpt lat="6.9142472" lon="100.1631756"></trkpt>
			<trkpt lat="6.9190987" lon="100.1576593"></trkpt>
			<trkpt lat="6.9233649" lon="100.1487441"></trkpt>
			<trkpt lat="6.9240414" lon="100.1429353"></trkpt>
			<trkpt lat="6.9226759" lon="100.1300637"></trkpt>
			<trkpt lat="6.9236164" lon="100.1217828"></trkpt>
			<trkpt lat="6.9353719" lon="100.1202968"></trkpt>
			<trkpt lat="6.9399478" lon="100.1164446"></trkpt>
			<trkpt lat="6.9455435" lon="100.1072567"></trkpt>
			<trkpt lat="6.9490947" lon="100.1057608"></trkpt>
			<trkpt lat="6.9491789" lon="100.1014028"></trkpt>
			<trkpt lat="6.9575972" lon="100.0993457"></trkpt>
			<trkpt lat="6.9622646" lon="100.0957687"></trkpt>
			<trkpt lat="6.9650095" lon="100.0947942"></trkpt>
			<trkpt lat="6.9630192" lon="100.0792927"></trkpt>
			<trkpt lat="6.9637645" lon="100.0784436"></trkpt>
			<trkpt lat="6.9784687" lon="100.0811124"></trkpt>
			<trkpt lat="6.9818521" lon="100.0810019"></trkpt>
			<trkpt lat="6.9856258" lon="100.0795934"></trkpt>
			<trkpt lat="6.9943427" lon="100.0833831"></trkpt>
			<trkpt lat="6.9992057" lon="100.0826978"></trkpt>
			<trkpt lat="7.0022449" lon="100.0803472"></trkpt>
			<trkpt lat="7.0044799" lon="100.0799156"></trkpt>
			<trkpt lat="7.0082065" lon="100.0738952"></trkpt>
			<trkpt lat="7.0117586" lon="100.0709494"></trkpt>
			<trkpt lat="7.0159385" lon="100.0648846"></trkpt>
			<trkpt lat="7.0197235" lon="100.0634759"></trkpt>
			<trkpt lat="7.0227107" lon="100.0633679"></trkpt>
			<trkpt lat="7.028048" lon="100.066364"></trkpt>
			<trkpt lat="7.0314184" lon="100.0660254"></trkpt>
			<trkpt lat="7.0331501" lon="100.064208"></trkpt>
			<trkpt lat="7.0358684" lon="100.0667417"></trkpt>
			<trkpt lat="7.0344181" lon="100.0708649"></trkpt>
			<trkpt lat="7.0353828" lon="100.0744074"></trkpt>
			<trkpt lat="7.0407887" lon="100.0790352"></trkpt>
			<trkpt lat="7.0422826" lon="100.079317"></trkpt>
			<trkpt lat="7.0443576" lon="100.0784222"></trkpt>
			<trkpt lat="7.0457374" lon="100.0759623"></trkpt>
			<trkpt lat="7.0451703" lon="100.0723476"></trkpt>
			<trkpt lat="7.048729" lon="100.0685354"></trkpt>
			<trkpt lat="7.0484112" lon="100.0717672"></trkpt>
			<trkpt lat="7.0498165" lon="100.0734974"></trkpt>
			<trkpt lat="7.0590052" lon="100.0643253"></trkpt>
			<trkpt lat="7.0649554" lon="100.0645347"></trkpt>
			<trkpt lat="7.0673439" lon="100.0637049"></trkpt>
			<trkpt lat="7.0693177" lon="100.0610646"></trkpt>
			<trkpt lat="7.0721368" lon="100.0607944"></trkpt>
			<trkpt lat="7.0792501" lon="100.0626197"></trkpt>
			<trkpt lat="7.0846024" lon="100.0625374"></trkpt>
			<trkpt lat="7.0891908" lon="100.058292"></trkpt>
			<trkpt lat="7.0974114" lon="100.054702"></trkpt>
			<trkpt lat="7.1051452" lon="100.0573613"></trkpt>
			<trkpt lat="7.1076883" lon="100.0568787"></trkpt>
			<trkpt lat="7.1106286" lon="100.0523089"></trkpt>
			<trkpt lat="7.1077546" lon="100.0488792"></trkpt>
			<trkpt lat="7.1092159" lon="100.0398235"></trkpt>
			<trkpt lat="7.1081667" lon="100.0378065"></trkpt>
			<trkpt lat="7.1011558" lon="100.0371468"></trkpt>
			<trkpt lat="7.100346" lon="100.0342646"></trkpt>
			<trkpt lat="7.0909718" lon="100.0291761"></trkpt>
			<trkpt lat="7.0903216" lon="100.027949"></trkpt>
			<trkpt lat="7.0921668" lon="100.0261275"></trkpt>
			<trkpt lat="7.10028" lon="100.0268308"></trkpt>
			<trkpt lat="7.104114" lon="100.0244008"></trkpt>
			<trkpt lat="7.104562" lon="100.0217222"></trkpt>
			<trkpt lat="7.1066969" lon="100.0184662"></trkpt>
			<trkpt lat="7.111066" lon="100.0068197"></trkpt>
			<trkpt lat="7.1107456" lon="100.00442"></trkpt>
			<trkpt lat="7.11794" lon="99.99503"></trkpt>
			<trkpt lat="7.1245297" lon="99.9904958"></trkpt>
			<trkpt lat="7.1381316" lon="99.9850228"></trkpt>
			<trkpt lat="7.1417204" lon="99.980324"></trkpt>
			<trkpt lat="7.145133" lon="99.9795678"></trkpt>
			<trkpt lat="7.1455854" lon="99.9760632"></trkpt>
			<trkpt lat="7.1503702" lon="99.9714227"></trkpt>
			<trkpt lat="7.1543821" lon="99.9708845"></trkpt>
			<trkpt lat="7.156704" lon="99.9715901"></trkpt>
			<trkpt lat="7.161326" lon="99.9693467"></trkpt>
			<trkpt lat="7.1658326" lon="99.9685327"></trkpt>
			<trkpt lat="7.165938" lon="99.9676109"></trkpt>
		</trkseg>
	</trk>
	<trk>
		<name>สตูล1</name>
		<desc>Length: 82.58 km (51.32 mi)</desc>
		<trkseg>
			<trkpt lat="6.7370336" lon="99.6487145"></trkpt>
			<trkpt lat="6.7378988" lon="99.648542"></trkpt>
			<trkpt lat="6.7404299" lon="99.6468188"></trkpt>
			<trkpt lat="6.7405134" lon="99.6452083"></trkpt>
			<trkpt lat="6.738972" lon="99.641544"></trkpt>
			<trkpt lat="6.7386675" lon="99.6413326"></trkpt>
			<trkpt lat="6.7371016" lon="99.6417083"></trkpt>
			<trkpt lat="6.7368622" lon="99.6401924"></trkpt>
			<trkpt lat="6.7361483" lon="99.6396401"></trkpt>
			<trkpt lat="6.7334662" lon="99.6392837"></trkpt>
			<trkpt lat="6.7282494" lon="99.6395602"></trkpt>
			<trkpt lat="6.7274584" lon="99.640015"></trkpt>
			<trkpt lat="6.7265805" lon="99.6399493"></trkpt>
			<trkpt lat="6.7256722" lon="99.6393532"></trkpt>
			<trkpt lat="6.7235207" lon="99.6391604"></trkpt>
			<trkpt lat="6.7222145" lon="99.6397712"></trkpt>
			<trkpt lat="6.7213034" lon="99.6392209"></trkpt>
			<trkpt lat="6.7205051" lon="99.6396112"></trkpt>
			<trkpt lat="6.7205241" lon="99.6415627"></trkpt>
			<trkpt lat="6.7199757" lon="99.6419986"></trkpt>
			<trkpt lat="6.7190003" lon="99.6416778"></trkpt>
			<trkpt lat="6.7187762" lon="99.6409978"></trkpt>
			<trkpt lat="6.7179101" lon="99.6409582"></trkpt>
			<trkpt lat="6.7168828" lon="99.641895"></trkpt>
			<trkpt lat="6.7154618" lon="99.6420639"></trkpt>
			<trkpt lat="6.7151791" lon="99.6425227"></trkpt>
			<trkpt lat="6.7139368" lon="99.6431765"></trkpt>
			<trkpt lat="6.7114076" lon="99.6429996"></trkpt>
			<trkpt lat="6.7097424" lon="99.6423516"></trkpt>
			<trkpt lat="6.7094174" lon="99.6414238"></trkpt>
			<trkpt lat="6.708264" lon="99.6410779"></trkpt>
			<trkpt lat="6.7081335" lon="99.640575"></trkpt>
			<trkpt lat="6.7067313" lon="99.6406291"></trkpt>
			<trkpt lat="6.7057452" lon="99.6402739"></trkpt>
			<trkpt lat="6.7051119" lon="99.6408295"></trkpt>
			<trkpt lat="6.7052759" lon="99.6420811"></trkpt>
			<trkpt lat="6.7041767" lon="99.6443416"></trkpt>
			<trkpt lat="6.7003888" lon="99.6443779"></trkpt>
			<trkpt lat="6.6924021" lon="99.6426806"></trkpt>
			<trkpt lat="6.6908433" lon="99.6414617"></trkpt>
			<trkpt lat="6.6899536" lon="99.6413197"></trkpt>
			<trkpt lat="6.6887298" lon="99.6416382"></trkpt>
			<trkpt lat="6.6844304" lon="99.6411112"></trkpt>
			<trkpt lat="6.6795248" lon="99.639866"></trkpt>
			<trkpt lat="6.6782591" lon="99.6398253"></trkpt>
			<trkpt lat="6.6763055" lon="99.6391725"></trkpt>
			<trkpt lat="6.6771374" lon="99.6385493"></trkpt>
			<trkpt lat="6.6764278" lon="99.6372914"></trkpt>
			<trkpt lat="6.675348" lon="99.6363593"></trkpt>
			<trkpt lat="6.6750053" lon="99.6364928"></trkpt>
			<trkpt lat="6.6744777" lon="99.6374251"></trkpt>
			<trkpt lat="6.673763" lon="99.6375051"></trkpt>
			<trkpt lat="6.6708901" lon="99.6360159"></trkpt>
			<trkpt lat="6.6702739" lon="99.6351415"></trkpt>
			<trkpt lat="6.670387" lon="99.6342415"></trkpt>
			<trkpt lat="6.670766" lon="99.633629"></trkpt>
			<trkpt lat="6.6706485" lon="99.6321893"></trkpt>
			<trkpt lat="6.6694197" lon="99.6311416"></trkpt>
			<trkpt lat="6.667912" lon="99.6306234"></trkpt>
			<trkpt lat="6.6679709" lon="99.6300965"></trkpt>
			<trkpt lat="6.6693851" lon="99.6290104"></trkpt>
			<trkpt lat="6.6692766" lon="99.6284963"></trkpt>
			<trkpt lat="6.6687493" lon="99.6283684"></trkpt>
			<trkpt lat="6.6681055" lon="99.6286933"></trkpt>
			<trkpt lat="6.6675879" lon="99.6285354"></trkpt>
			<trkpt lat="6.6672234" lon="99.6279192"></trkpt>
			<trkpt lat="6.6645551" lon="99.6278117"></trkpt>
			<trkpt lat="6.6636201" lon="99.6272683"></trkpt>
			<trkpt lat="6.6630494" lon="99.6265732"></trkpt>
			<trkpt lat="6.6625398" lon="99.6250278"></trkpt>
			<trkpt lat="6.6624916" lon="99.6237629"></trkpt>
			<trkpt lat="6.6630785" lon="99.6228595"></trkpt>
			<trkpt lat="6.6641769" lon="99.619255"></trkpt>
			<trkpt lat="6.6649188" lon="99.6187629"></trkpt>
			<trkpt lat="6.6644778" lon="99.6182551"></trkpt>
			<trkpt lat="6.6639454" lon="99.6181584"></trkpt>
			<trkpt lat="6.6634349" lon="99.6176703"></trkpt>
			<trkpt lat="6.6627711" lon="99.6182259"></trkpt>
			<trkpt lat="6.6618446" lon="99.6176859"></trkpt>
			<trkpt lat="6.6612008" lon="99.6162008"></trkpt>
			<trkpt lat="6.6610633" lon="99.6149425"></trkpt>
			<trkpt lat="6.6605698" lon="99.6140038"></trkpt>
			<trkpt lat="6.6512157" lon="99.6142438"></trkpt>
			<trkpt lat="6.6478335" lon="99.6162418"></trkpt>
			<trkpt lat="6.6470142" lon="99.617211"></trkpt>
			<trkpt lat="6.646536" lon="99.6185612"></trkpt>
			<trkpt lat="6.645849" lon="99.6186384"></trkpt>
			<trkpt lat="6.644628" lon="99.6175999"></trkpt>
			<trkpt lat="6.6431795" lon="99.6176258"></trkpt>
			<trkpt lat="6.6417677" lon="99.6173034"></trkpt>
			<trkpt lat="6.639392" lon="99.6173514"></trkpt>
			<trkpt lat="6.6341028" lon="99.6161772"></trkpt>
			<trkpt lat="6.62452" lon="99.6135159"></trkpt>
			<trkpt lat="6.6184641" lon="99.6124704"></trkpt>
			<trkpt lat="6.6175262" lon="99.6119474"></trkpt>
			<trkpt lat="6.6164821" lon="99.6105089"></trkpt>
			<trkpt lat="6.6157623" lon="99.6105945"></trkpt>
			<trkpt lat="6.6155686" lon="99.6099491"></trkpt>
			<trkpt lat="6.6142591" lon="99.6087071"></trkpt>
			<trkpt lat="6.614668" lon="99.6075915"></trkpt>
			<trkpt lat="6.6144754" lon="99.6056141"></trkpt>
			<trkpt lat="6.6151317" lon="99.6047612"></trkpt>
			<trkpt lat="6.6149505" lon="99.6040661"></trkpt>
			<trkpt lat="6.6135464" lon="99.6029449"></trkpt>
			<trkpt lat="6.6127088" lon="99.6013496"></trkpt>
			<trkpt lat="6.6125237" lon="99.6001117"></trkpt>
			<trkpt lat="6.6120211" lon="99.5995893"></trkpt>
			<trkpt lat="6.6098919" lon="99.5986917"></trkpt>
			<trkpt lat="6.6092021" lon="99.5987627"></trkpt>
			<trkpt lat="6.608497" lon="99.5979431"></trkpt>
			<trkpt lat="6.6068504" lon="99.5972435"></trkpt>
			<trkpt lat="6.6059738" lon="99.5974562"></trkpt>
			<trkpt lat="6.6050246" lon="99.597009"></trkpt>
			<trkpt lat="6.6046382" lon="99.5962068"></trkpt>
			<trkpt lat="6.6023707" lon="99.5956952"></trkpt>
			<trkpt lat="6.6000366" lon="99.5958852"></trkpt>
			<trkpt lat="6.5980826" lon="99.5955262"></trkpt>
			<trkpt lat="6.595865" lon="99.5967181"></trkpt>
			<trkpt lat="6.5942532" lon="99.5966795"></trkpt>
			<trkpt lat="6.5923332" lon="99.597636"></trkpt>
			<trkpt lat="6.590853" lon="99.5991975"></trkpt>
			<trkpt lat="6.5892791" lon="99.600086"></trkpt>
			<trkpt lat="6.5878929" lon="99.6005089"></trkpt>
			<trkpt lat="6.5833144" lon="99.6030141"></trkpt>
			<trkpt lat="6.5809031" lon="99.6054512"></trkpt>
			<trkpt lat="6.5800834" lon="99.6058398"></trkpt>
			<trkpt lat="6.5795918" lon="99.6065849"></trkpt>
			<trkpt lat="6.5774017" lon="99.6078452"></trkpt>
			<trkpt lat="6.575689" lon="99.6094436"></trkpt>
			<trkpt lat="6.5755487" lon="99.6099647"></trkpt>
			<trkpt lat="6.5738279" lon="99.611251"></trkpt>
			<trkpt lat="6.5719047" lon="99.6116455"></trkpt>
			<trkpt lat="6.5708477" lon="99.611439"></trkpt>
			<trkpt lat="6.5704543" lon="99.6118139"></trkpt>
			<trkpt lat="6.5693694" lon="99.6118499"></trkpt>
			<trkpt lat="6.567516" lon="99.6133401"></trkpt>
			<trkpt lat="6.5663976" lon="99.6139001"></trkpt>
			<trkpt lat="6.565681" lon="99.6155483"></trkpt>
			<trkpt lat="6.5648205" lon="99.616463"></trkpt>
			<trkpt lat="6.5646519" lon="99.6184369"></trkpt>
			<trkpt lat="6.5651556" lon="99.6203026"></trkpt>
			<trkpt lat="6.5660449" lon="99.6212037"></trkpt>
			<trkpt lat="6.5662699" lon="99.6220797"></trkpt>
			<trkpt lat="6.5672342" lon="99.6231335"></trkpt>
			<trkpt lat="6.567024" lon="99.6239773"></trkpt>
			<trkpt lat="6.5655155" lon="99.6249777"></trkpt>
			<trkpt lat="6.5644486" lon="99.626427"></trkpt>
			<trkpt lat="6.5632897" lon="99.627282"></trkpt>
			<trkpt lat="6.5600201" lon="99.6283277"></trkpt>
			<trkpt lat="6.5590291" lon="99.6296024"></trkpt>
			<trkpt lat="6.5571039" lon="99.6306097"></trkpt>
			<trkpt lat="6.5559051" lon="99.631684"></trkpt>
			<trkpt lat="6.5551816" lon="99.6316062"></trkpt>
			<trkpt lat="6.5543828" lon="99.6320122"></trkpt>
			<trkpt lat="6.5533884" lon="99.633301"></trkpt>
			<trkpt lat="6.5530799" lon="99.6345313"></trkpt>
			<trkpt lat="6.5520457" lon="99.6355311"></trkpt>
			<trkpt lat="6.5497118" lon="99.6364909"></trkpt>
			<trkpt lat="6.5485878" lon="99.6378999"></trkpt>
			<trkpt lat="6.546837" lon="99.6391481"></trkpt>
			<trkpt lat="6.5394567" lon="99.6397634"></trkpt>
			<trkpt lat="6.5363876" lon="99.638725"></trkpt>
			<trkpt lat="6.5343996" lon="99.6402392"></trkpt>
			<trkpt lat="6.5333168" lon="99.6403497"></trkpt>
			<trkpt lat="6.5328008" lon="99.6410647"></trkpt>
			<trkpt lat="6.5299597" lon="99.6421295"></trkpt>
			<trkpt lat="6.5262605" lon="99.6426002"></trkpt>
			<trkpt lat="6.5259866" lon="99.6428474"></trkpt>
			<trkpt lat="6.5245771" lon="99.6428931"></trkpt>
			<trkpt lat="6.5242264" lon="99.6435156"></trkpt>
			<trkpt lat="6.52235" lon="99.6439496"></trkpt>
			<trkpt lat="6.5220119" lon="99.6443731"></trkpt>
			<trkpt lat="6.5211987" lon="99.6440714"></trkpt>
			<trkpt lat="6.5189272" lon="99.6444461"></trkpt>
			<trkpt lat="6.5162254" lon="99.6462249"></trkpt>
			<trkpt lat="6.5154225" lon="99.6471933"></trkpt>
			<trkpt lat="6.5152384" lon="99.647894"></trkpt>
			<trkpt lat="6.5144759" lon="99.6486579"></trkpt>
			<trkpt lat="6.5121082" lon="99.6495513"></trkpt>
			<trkpt lat="6.5103377" lon="99.6494083"></trkpt>
			<trkpt lat="6.5087186" lon="99.6502112"></trkpt>
			<trkpt lat="6.5079949" lon="99.6502741"></trkpt>
			<trkpt lat="6.5044555" lon="99.65266"></trkpt>
			<trkpt lat="6.5033315" lon="99.654074"></trkpt>
			<trkpt lat="6.5040979" lon="99.6550794"></trkpt>
			<trkpt lat="6.5038776" lon="99.6588313"></trkpt>
			<trkpt lat="6.5045842" lon="99.6593771"></trkpt>
			<trkpt lat="6.5051391" lon="99.6609119"></trkpt>
			<trkpt lat="6.5080216" lon="99.6619032"></trkpt>
			<trkpt lat="6.5106497" lon="99.6638105"></trkpt>
			<trkpt lat="6.5135571" lon="99.6647961"></trkpt>
			<trkpt lat="6.5141816" lon="99.6654289"></trkpt>
			<trkpt lat="6.514195" lon="99.6668794"></trkpt>
			<trkpt lat="6.5133426" lon="99.6688646"></trkpt>
			<trkpt lat="6.5130773" lon="99.671924"></trkpt>
			<trkpt lat="6.5126868" lon="99.6723079"></trkpt>
			<trkpt lat="6.5121242" lon="99.6723456"></trkpt>
			<trkpt lat="6.511985" lon="99.67284"></trkpt>
			<trkpt lat="6.5124564" lon="99.6733669"></trkpt>
			<trkpt lat="6.5136858" lon="99.6730695"></trkpt>
			<trkpt lat="6.5152922" lon="99.6716291"></trkpt>
			<trkpt lat="6.5152488" lon="99.6707286"></trkpt>
			<trkpt lat="6.5169454" lon="99.6694567"></trkpt>
			<trkpt lat="6.5171993" lon="99.6689935"></trkpt>
			<trkpt lat="6.5179812" lon="99.6693795"></trkpt>
			<trkpt lat="6.5188761" lon="99.6693762"></trkpt>
			<trkpt lat="6.519422" lon="99.6687172"></trkpt>
			<trkpt lat="6.5208145" lon="99.6687326"></trkpt>
			<trkpt lat="6.522473" lon="99.6692831"></trkpt>
			<trkpt lat="6.5224399" lon="99.6699524"></trkpt>
			<trkpt lat="6.5218017" lon="99.670739"></trkpt>
			<trkpt lat="6.5213028" lon="99.6709474"></trkpt>
			<trkpt lat="6.5212825" lon="99.671299"></trkpt>
			<trkpt lat="6.5222347" lon="99.6716332"></trkpt>
			<trkpt lat="6.5228072" lon="99.6709602"></trkpt>
			<trkpt lat="6.5234684" lon="99.6707304"></trkpt>
			<trkpt lat="6.5236722" lon="99.6696702"></trkpt>
			<trkpt lat="6.5242178" lon="99.6692205"></trkpt>
			<trkpt lat="6.5240449" lon="99.6687262"></trkpt>
			<trkpt lat="6.5233816" lon="99.6684206"></trkpt>
			<trkpt lat="6.5233579" lon="99.6679576"></trkpt>
			<trkpt lat="6.524421" lon="99.6685786"></trkpt>
			<trkpt lat="6.5250679" lon="99.6680837"></trkpt>
			<trkpt lat="6.525509" lon="99.668407"></trkpt>
			<trkpt lat="6.527585" lon="99.6679378"></trkpt>
			<trkpt lat="6.5279745" lon="99.6675624"></trkpt>
			<trkpt lat="6.5313585" lon="99.6664018"></trkpt>
			<trkpt lat="6.5316664" lon="99.6666006"></trkpt>
			<trkpt lat="6.5318068" lon="99.6672792"></trkpt>
			<trkpt lat="6.5326561" lon="99.6675872"></trkpt>
			<trkpt lat="6.5326562" lon="99.6679304"></trkpt>
			<trkpt lat="6.5306691" lon="99.6699741"></trkpt>
			<trkpt lat="6.5307617" lon="99.6704863"></trkpt>
			<trkpt lat="6.5343109" lon="99.6718217"></trkpt>
			<trkpt lat="6.5370247" lon="99.6739051"></trkpt>
			<trkpt lat="6.5380719" lon="99.6741461"></trkpt>
			<trkpt lat="6.5395414" lon="99.6761809"></trkpt>
			<trkpt lat="6.5394407" lon="99.6770671"></trkpt>
			<trkpt lat="6.537074" lon="99.6788412"></trkpt>
			<trkpt lat="6.5365464" lon="99.6789236"></trkpt>
			<trkpt lat="6.5355044" lon="99.6798431"></trkpt>
			<trkpt lat="6.535755" lon="99.6804963"></trkpt>
			<trkpt lat="6.5366401" lon="99.6811142"></trkpt>
			<trkpt lat="6.5371693" lon="99.6831636"></trkpt>
			<trkpt lat="6.5368785" lon="99.6845764"></trkpt>
			<trkpt lat="6.5340129" lon="99.6853034"></trkpt>
			<trkpt lat="6.5337777" lon="99.686173"></trkpt>
			<trkpt lat="6.5333719" lon="99.6865049"></trkpt>
			<trkpt lat="6.5333484" lon="99.6871103"></trkpt>
			<trkpt lat="6.5338405" lon="99.6873659"></trkpt>
			<trkpt lat="6.5336163" lon="99.6875725"></trkpt>
			<trkpt lat="6.5318147" lon="99.6874439"></trkpt>
			<trkpt lat="6.5311361" lon="99.68804"></trkpt>
			<trkpt lat="6.530649" lon="99.6895073"></trkpt>
			<trkpt lat="6.5303238" lon="99.6895775"></trkpt>
			<trkpt lat="6.5301733" lon="99.6900867"></trkpt>
			<trkpt lat="6.5298509" lon="99.6889715"></trkpt>
			<trkpt lat="6.5295231" lon="99.6893339"></trkpt>
			<trkpt lat="6.5296656" lon="99.6909463"></trkpt>
			<trkpt lat="6.5303511" lon="99.6915125"></trkpt>
			<trkpt lat="6.5300357" lon="99.6923233"></trkpt>
			<trkpt lat="6.5295741" lon="99.6925216"></trkpt>
			<trkpt lat="6.5298118" lon="99.6931743"></trkpt>
			<trkpt lat="6.5310776" lon="99.6931743"></trkpt>
			<trkpt lat="6.5316118" lon="99.6936448"></trkpt>
			<trkpt lat="6.5321411" lon="99.6935353"></trkpt>
			<trkpt lat="6.5327771" lon="99.6923101"></trkpt>
			<trkpt lat="6.5327908" lon="99.6913983"></trkpt>
			<trkpt lat="6.5336177" lon="99.69156"></trkpt>
			<trkpt lat="6.5339108" lon="99.6913281"></trkpt>
			<trkpt lat="6.5360935" lon="99.6918245"></trkpt>
			<trkpt lat="6.5361766" lon="99.692702"></trkpt>
			<trkpt lat="6.5376707" lon="99.6939674"></trkpt>
			<trkpt lat="6.5380337" lon="99.6939691"></trkpt>
			<trkpt lat="6.5383026" lon="99.6933035"></trkpt>
			<trkpt lat="6.538961" lon="99.6930512"></trkpt>
			<trkpt lat="6.539192" lon="99.692372"></trkpt>
			<trkpt lat="6.5399735" lon="99.693446"></trkpt>
			<trkpt lat="6.5412911" lon="99.6936604"></trkpt>
			<trkpt lat="6.5416545" lon="99.6932827"></trkpt>
			<trkpt lat="6.5420123" lon="99.6933584"></trkpt>
			<trkpt lat="6.5430997" lon="99.6951948"></trkpt>
			<trkpt lat="6.5431336" lon="99.6960999"></trkpt>
			<trkpt lat="6.5426517" lon="99.6970416"></trkpt>
			<trkpt lat="6.5427598" lon="99.6973628"></trkpt>
			<trkpt lat="6.5437168" lon="99.6978876"></trkpt>
			<trkpt lat="6.545296" lon="99.6981662"></trkpt>
			<trkpt lat="6.5463669" lon="99.698036"></trkpt>
			<trkpt lat="6.547587" lon="99.6983661"></trkpt>
			<trkpt lat="6.5511159" lon="99.6983716"></trkpt>
			<trkpt lat="6.5526976" lon="99.698094"></trkpt>
			<trkpt lat="6.5548452" lon="99.6982327"></trkpt>
			<trkpt lat="6.5552707" lon="99.6979139"></trkpt>
			<trkpt lat="6.5568098" lon="99.6981681"></trkpt>
			<trkpt lat="6.5581136" lon="99.6972818"></trkpt>
			<trkpt lat="6.5580638" lon="99.6969222"></trkpt>
			<trkpt lat="6.5571432" lon="99.6966643"></trkpt>
			<trkpt lat="6.557568" lon="99.695692"></trkpt>
			<trkpt lat="6.5574303" lon="99.6943056"></trkpt>
			<trkpt lat="6.5577323" lon="99.6942179"></trkpt>
			<trkpt lat="6.5580454" lon="99.6946564"></trkpt>
			<trkpt lat="6.5590198" lon="99.6932225"></trkpt>
			<trkpt lat="6.5597323" lon="99.6930957"></trkpt>
			<trkpt lat="6.5598814" lon="99.6924283"></trkpt>
			<trkpt lat="6.5611158" lon="99.6926516"></trkpt>
			<trkpt lat="6.5612841" lon="99.6931702"></trkpt>
			<trkpt lat="6.5617445" lon="99.6930295"></trkpt>
			<trkpt lat="6.5618561" lon="99.6925016"></trkpt>
			<trkpt lat="6.5623046" lon="99.6922948"></trkpt>
			<trkpt lat="6.5621169" lon="99.6927705"></trkpt>
			<trkpt lat="6.5624349" lon="99.6933657"></trkpt>
			<trkpt lat="6.5641857" lon="99.6930442"></trkpt>
			<trkpt lat="6.5644059" lon="99.6923729"></trkpt>
			<trkpt lat="6.5654485" lon="99.6923591"></trkpt>
			<trkpt lat="6.5660481" lon="99.6916962"></trkpt>
			<trkpt lat="6.5667318" lon="99.6915236"></trkpt>
			<trkpt lat="6.5671264" lon="99.690757"></trkpt>
			<trkpt lat="6.5681766" lon="99.6908998"></trkpt>
			<trkpt lat="6.5697802" lon="99.6906725"></trkpt>
			<trkpt lat="6.5725761" lon="99.6917052"></trkpt>
			<trkpt lat="6.572537" lon="99.6926238"></trkpt>
			<trkpt lat="6.5722179" lon="99.6932345"></trkpt>
			<trkpt lat="6.5724179" lon="99.69373"></trkpt>
			<trkpt lat="6.5746069" lon="99.6945103"></trkpt>
			<trkpt lat="6.5750573" lon="99.6942311"></trkpt>
			<trkpt lat="6.5749999" lon="99.6928596"></trkpt>
			<trkpt lat="6.5760132" lon="99.692701"></trkpt>
			<trkpt lat="6.5767137" lon="99.6935206"></trkpt>
			<trkpt lat="6.5768063" lon="99.6944026"></trkpt>
			<trkpt lat="6.5783639" lon="99.6947151"></trkpt>
			<trkpt lat="6.5812485" lon="99.694571"></trkpt>
			<trkpt lat="6.5820241" lon="99.6950266"></trkpt>
			<trkpt lat="6.58275" lon="99.6950214"></trkpt>
			<trkpt lat="6.5833686" lon="99.6953474"></trkpt>
			<trkpt lat="6.5852706" lon="99.6948644"></trkpt>
			<trkpt lat="6.5859748" lon="99.6949745"></trkpt>
			<trkpt lat="6.5880262" lon="99.6943854"></trkpt>
			<trkpt lat="6.5887417" lon="99.6945074"></trkpt>
			<trkpt lat="6.5899262" lon="99.6940658"></trkpt>
			<trkpt lat="6.5939004" lon="99.6941946"></trkpt>
			<trkpt lat="6.5948068" lon="99.6936553"></trkpt>
			<trkpt lat="6.595061" lon="99.6929852"></trkpt>
			<trkpt lat="6.5964582" lon="99.6916416"></trkpt>
			<trkpt lat="6.5975219" lon="99.6914299"></trkpt>
			<trkpt lat="6.5971921" lon="99.6927626"></trkpt>
			<trkpt lat="6.5977599" lon="99.6934339"></trkpt>
			<trkpt lat="6.5986588" lon="99.6934792"></trkpt>
			<trkpt lat="6.599639" lon="99.6927366"></trkpt>
			<trkpt lat="6.6009216" lon="99.6936622"></trkpt>
			<trkpt lat="6.6027192" lon="99.6921964"></trkpt>
			<trkpt lat="6.6039269" lon="99.6924977"></trkpt>
			<trkpt lat="6.6053654" lon="99.6923465"></trkpt>
			<trkpt lat="6.6083825" lon="99.6911889"></trkpt>
			<trkpt lat="6.6084056" lon="99.6908282"></trkpt>
			<trkpt lat="6.6079826" lon="99.6905235"></trkpt>
			<trkpt lat="6.6063631" lon="99.6903963"></trkpt>
			<trkpt lat="6.6054304" lon="99.6898573"></trkpt>
			<trkpt lat="6.6048013" lon="99.6889682"></trkpt>
			<trkpt lat="6.6024579" lon="99.6877523"></trkpt>
			<trkpt lat="6.6026915" lon="99.6872986"></trkpt>
			<trkpt lat="6.6033134" lon="99.6876455"></trkpt>
			<trkpt lat="6.6066313" lon="99.6869157"></trkpt>
			<trkpt lat="6.6067059" lon="99.6865709"></trkpt>
			<trkpt lat="6.6059918" lon="99.6857773"></trkpt>
			<trkpt lat="6.6062002" lon="99.685509"></trkpt>
			<trkpt lat="6.6077113" lon="99.6863846"></trkpt>
			<trkpt lat="6.6077028" lon="99.6851532"></trkpt>
			<trkpt lat="6.6107078" lon="99.6825725"></trkpt>
			<trkpt lat="6.6149833" lon="99.6806894"></trkpt>
			<trkpt lat="6.6164157" lon="99.6787408"></trkpt>
			<trkpt lat="6.6159511" lon="99.6782166"></trkpt>
			<trkpt lat="6.6167155" lon="99.6778208"></trkpt>
			<trkpt lat="6.6171992" lon="99.6780046"></trkpt>
			<trkpt lat="6.6173158" lon="99.6787013"></trkpt>
			<trkpt lat="6.6179098" lon="99.6784076"></trkpt>
			<trkpt lat="6.6184275" lon="99.6785434"></trkpt>
			<trkpt lat="6.6190007" lon="99.6793979"></trkpt>
			<trkpt lat="6.6200745" lon="99.6788204"></trkpt>
			<trkpt lat="6.6220194" lon="99.6792047"></trkpt>
			<trkpt lat="6.6232797" lon="99.679086"></trkpt>
			<trkpt lat="6.6240061" lon="99.6783181"></trkpt>
			<trkpt lat="6.6253336" lon="99.6778201"></trkpt>
			<trkpt lat="6.6262325" lon="99.6778292"></trkpt>
			<trkpt lat="6.6266852" lon="99.6775398"></trkpt>
			<trkpt lat="6.6277057" lon="99.677898"></trkpt>
			<trkpt lat="6.6295013" lon="99.6778427"></trkpt>
			<trkpt lat="6.6306615" lon="99.6773988"></trkpt>
			<trkpt lat="6.6308679" lon="99.6769541"></trkpt>
			<trkpt lat="6.631023" lon="99.6780314"></trkpt>
			<trkpt lat="6.6319896" lon="99.6777393"></trkpt>
			<trkpt lat="6.6323223" lon="99.6779026"></trkpt>
			<trkpt lat="6.6332045" lon="99.680633"></trkpt>
			<trkpt lat="6.633729" lon="99.6807394"></trkpt>
			<trkpt lat="6.6351146" lon="99.6803772"></trkpt>
			<trkpt lat="6.6363667" lon="99.6804982"></trkpt>
			<trkpt lat="6.6370809" lon="99.6799581"></trkpt>
			<trkpt lat="6.6384395" lon="99.6802817"></trkpt>
			<trkpt lat="6.6396728" lon="99.6801347"></trkpt>
			<trkpt lat="6.6401911" lon="99.680616"></trkpt>
			<trkpt lat="6.6402008" lon="99.681338"></trkpt>
			<trkpt lat="6.6391606" lon="99.6837989"></trkpt>
			<trkpt lat="6.6393202" lon="99.6841118"></trkpt>
			<trkpt lat="6.6403784" lon="99.6841489"></trkpt>
			<trkpt lat="6.6414865" lon="99.6829642"></trkpt>
			<trkpt lat="6.6422839" lon="99.6815455"></trkpt>
			<trkpt lat="6.6427969" lon="99.6813631"></trkpt>
			<trkpt lat="6.6432524" lon="99.6818929"></trkpt>
			<trkpt lat="6.6434497" lon="99.6831224"></trkpt>
			<trkpt lat="6.6443874" lon="99.6836648"></trkpt>
			<trkpt lat="6.6447366" lon="99.6842471"></trkpt>
			<trkpt lat="6.6453865" lon="99.6840224"></trkpt>
			<trkpt lat="6.6467627" lon="99.6842668"></trkpt>
			<trkpt lat="6.6475397" lon="99.6833333"></trkpt>
			<trkpt lat="6.6487438" lon="99.6825445"></trkpt>
			<trkpt lat="6.6491641" lon="99.6819638"></trkpt>
			<trkpt lat="6.6496979" lon="99.6818842"></trkpt>
			<trkpt lat="6.6501645" lon="99.6833895"></trkpt>
			<trkpt lat="6.6510235" lon="99.6836638"></trkpt>
			<trkpt lat="6.6522905" lon="99.6836078"></trkpt>
			<trkpt lat="6.6530241" lon="99.6841296"></trkpt>
			<trkpt lat="6.656454" lon="99.6842056"></trkpt>
			<trkpt lat="6.6595685" lon="99.6849981"></trkpt>
			<trkpt lat="6.6603645" lon="99.684574"></trkpt>
			<trkpt lat="6.66199" lon="99.6845333"></trkpt>
			<trkpt lat="6.6623873" lon="99.6841754"></trkpt>
			<trkpt lat="6.6650764" lon="99.6839953"></trkpt>
			<trkpt lat="6.6665556" lon="99.6841794"></trkpt>
			<trkpt lat="6.6667231" lon="99.6836662"></trkpt>
			<trkpt lat="6.669956" lon="99.6835045"></trkpt>
			<trkpt lat="6.6735882" lon="99.6824001"></trkpt>
			<trkpt lat="6.6770088" lon="99.6821872"></trkpt>
			<trkpt lat="6.6778848" lon="99.6824157"></trkpt>
			<trkpt lat="6.6787664" lon="99.6822246"></trkpt>
			<trkpt lat="6.6790245" lon="99.6824173"></trkpt>
			<trkpt lat="6.6790383" lon="99.6830494"></trkpt>
			<trkpt lat="6.6801136" lon="99.6830436"></trkpt>
			<trkpt lat="6.6808603" lon="99.6835586"></trkpt>
			<trkpt lat="6.6815743" lon="99.6835794"></trkpt>
			<trkpt lat="6.6832424" lon="99.6829105"></trkpt>
			<trkpt lat="6.6848304" lon="99.682971"></trkpt>
			<trkpt lat="6.6850161" lon="99.6840213"></trkpt>
			<trkpt lat="6.6864558" lon="99.68336"></trkpt>
			<trkpt lat="6.6871114" lon="99.6822848"></trkpt>
			<trkpt lat="6.6896325" lon="99.6808922"></trkpt>
			<trkpt lat="6.6911929" lon="99.6796792"></trkpt>
			<trkpt lat="6.6911571" lon="99.6793325"></trkpt>
			<trkpt lat="6.690102" lon="99.6790444"></trkpt>
			<trkpt lat="6.6902044" lon="99.6785887"></trkpt>
			<trkpt lat="6.6922226" lon="99.6778321"></trkpt>
			<trkpt lat="6.6941682" lon="99.6780836"></trkpt>
			<trkpt lat="6.6937879" lon="99.6788024"></trkpt>
			<trkpt lat="6.6949046" lon="99.6782859"></trkpt>
			<trkpt lat="6.6956926" lon="99.6770792"></trkpt>
			<trkpt lat="6.696489" lon="99.6767879"></trkpt>
			<trkpt lat="6.6963073" lon="99.6778264"></trkpt>
			<trkpt lat="6.6966917" lon="99.6782211"></trkpt>
			<trkpt lat="6.6974023" lon="99.678234"></trkpt>
			<trkpt lat="6.699208" lon="99.6770489"></trkpt>
			<trkpt lat="6.7003607" lon="99.6766819"></trkpt>
			<trkpt lat="6.7018874" lon="99.6768734"></trkpt>
			<trkpt lat="6.7018301" lon="99.6761879"></trkpt>
			<trkpt lat="6.7020617" lon="99.6759152"></trkpt>
			<trkpt lat="6.7019336" lon="99.6753156"></trkpt>
			<trkpt lat="6.6999807" lon="99.6750516"></trkpt>
			<trkpt lat="6.6996138" lon="99.6746802"></trkpt>
			<trkpt lat="6.6997091" lon="99.6739955"></trkpt>
			<trkpt lat="6.7012845" lon="99.6725563"></trkpt>
			<trkpt lat="6.6989176" lon="99.6715793"></trkpt>
			<trkpt lat="6.6971223" lon="99.6717996"></trkpt>
			<trkpt lat="6.6968902" lon="99.6715923"></trkpt>
			<trkpt lat="6.6978438" lon="99.6708879"></trkpt>
			<trkpt lat="6.6972686" lon="99.669413"></trkpt>
			<trkpt lat="6.698087" lon="99.6687638"></trkpt>
			<trkpt lat="6.6993276" lon="99.6685348"></trkpt>
			<trkpt lat="6.6997431" lon="99.6681768"></trkpt>
			<trkpt lat="6.6998229" lon="99.6676527"></trkpt>
			<trkpt lat="6.7002435" lon="99.6673129"></trkpt>
			<trkpt lat="6.7015036" lon="99.6673508"></trkpt>
			<trkpt lat="6.7020209" lon="99.6664552"></trkpt>
			<trkpt lat="6.7037855" lon="99.6646764"></trkpt>
			<trkpt lat="6.7066197" lon="99.6650342"></trkpt>
			<trkpt lat="6.7079468" lon="99.6644728"></trkpt>
			<trkpt lat="6.7088552" lon="99.6645237"></trkpt>
			<trkpt lat="6.709396" lon="99.6638408"></trkpt>
			<trkpt lat="6.710063" lon="99.6635793"></trkpt>
			<trkpt lat="6.7129316" lon="99.6639513"></trkpt>
			<trkpt lat="6.7143859" lon="99.6633301"></trkpt>
			<trkpt lat="6.7170662" lon="99.6629521"></trkpt>
			<trkpt lat="6.7182757" lon="99.6606895"></trkpt>
			<trkpt lat="6.7171896" lon="99.6598856"></trkpt>
			<trkpt lat="6.7193623" lon="99.6598568"></trkpt>
			<trkpt lat="6.7206605" lon="99.6588921"></trkpt>
			<trkpt lat="6.7288465" lon="99.656144"></trkpt>
			<trkpt lat="6.7296825" lon="99.6549791"></trkpt>
			<trkpt lat="6.7307" lon="99.6542294"></trkpt>
			<trkpt lat="6.7326837" lon="99.6534358"></trkpt>
			<trkpt lat="6.7333728" lon="99.6517821"></trkpt>
			<trkpt lat="6.734911" lon="99.6497692"></trkpt>
			<trkpt lat="6.7361347" lon="99.6487167"></trkpt>
			<trkpt lat="6.7370336" lon="99.6487145"></trkpt>
		</trkseg>
	</trk>
	<trk>
		<name>ตรัง</name>
		<desc>Length: 399.1 km (248 mi)</desc>
		<trkseg>
			<trkpt lat="8.0111751" lon="99.65877"></trkpt>
			<trkpt lat="8.0128111" lon="99.6563078"></trkpt>
			<trkpt lat="8.0111073" lon="99.6548753"></trkpt>
			<trkpt lat="8.0119584" lon="99.6522072"></trkpt>
			<trkpt lat="8.0107151" lon="99.6522903"></trkpt>
			<trkpt lat="8.0107397" lon="99.6456457"></trkpt>
			<trkpt lat="8.0119152" lon="99.6447572"></trkpt>
			<trkpt lat="8.0085666" lon="99.6362029"></trkpt>
			<trkpt lat="8.0102945" lon="99.6341792"></trkpt>
			<trkpt lat="8.0092817" lon="99.630667"></trkpt>
			<trkpt lat="8.0048279" lon="99.6263993"></trkpt>
			<trkpt lat="8.0038705" lon="99.6269837"></trkpt>
			<trkpt lat="8.0028615" lon="99.623897"></trkpt>
			<trkpt lat="7.9994677" lon="99.6232929"></trkpt>
			<trkpt lat="7.9937925" lon="99.6187076"></trkpt>
			<trkpt lat="7.9942156" lon="99.6174419"></trkpt>
			<trkpt lat="7.9917387" lon="99.6183314"></trkpt>
			<trkpt lat="7.9903091" lon="99.6164061"></trkpt>
			<trkpt lat="7.9919236" lon="99.6141276"></trkpt>
			<trkpt lat="7.9893451" lon="99.6126952"></trkpt>
			<trkpt lat="7.9878539" lon="99.6041188"></trkpt>
			<trkpt lat="7.9827705" lon="99.6076632"></trkpt>
			<trkpt lat="7.9808603" lon="99.6072492"></trkpt>
			<trkpt lat="7.9810751" lon="99.6037941"></trkpt>
			<trkpt lat="7.9734809" lon="99.5996251"></trkpt>
			<trkpt lat="7.9708895" lon="99.6004084"></trkpt>
			<trkpt lat="7.9710156" lon="99.5980637"></trkpt>
			<trkpt lat="7.9667025" lon="99.5986081"></trkpt>
			<trkpt lat="7.9657889" lon="99.5935183"></trkpt>
			<trkpt lat="7.9653781" lon="99.5957793"></trkpt>
			<trkpt lat="7.9606504" lon="99.597684"></trkpt>
			<trkpt lat="7.9595555" lon="99.5856843"></trkpt>
			<trkpt lat="7.9542434" lon="99.58507"></trkpt>
			<trkpt lat="7.9531203" lon="99.5861095"></trkpt>
			<trkpt lat="7.9520491" lon="99.5820376"></trkpt>
			<trkpt lat="7.9493151" lon="99.5837588"></trkpt>
			<trkpt lat="7.9494912" lon="99.5823192"></trkpt>
			<trkpt lat="7.9480984" lon="99.581833"></trkpt>
			<trkpt lat="7.9472233" lon="99.5773027"></trkpt>
			<trkpt lat="7.9489084" lon="99.5720983"></trkpt>
			<trkpt lat="7.9420976" lon="99.5686554"></trkpt>
			<trkpt lat="7.9411584" lon="99.569605"></trkpt>
			<trkpt lat="7.9389334" lon="99.56871"></trkpt>
			<trkpt lat="7.9379103" lon="99.5656686"></trkpt>
			<trkpt lat="7.9395805" lon="99.5634248"></trkpt>
			<trkpt lat="7.935811" lon="99.5621025"></trkpt>
			<trkpt lat="7.9343301" lon="99.5652209"></trkpt>
			<trkpt lat="7.9326885" lon="99.5631064"></trkpt>
			<trkpt lat="7.9272912" lon="99.5635663"></trkpt>
			<trkpt lat="7.9205403" lon="99.5566718"></trkpt>
			<trkpt lat="7.9230819" lon="99.5550932"></trkpt>
			<trkpt lat="7.9206138" lon="99.5515777"></trkpt>
			<trkpt lat="7.9210086" lon="99.5488724"></trkpt>
			<trkpt lat="7.9135607" lon="99.5438864"></trkpt>
			<trkpt lat="7.9140432" lon="99.5423289"></trkpt>
			<trkpt lat="7.909558" lon="99.5431112"></trkpt>
			<trkpt lat="7.9049966" lon="99.54161"></trkpt>
			<trkpt lat="7.9003858" lon="99.535887"></trkpt>
			<trkpt lat="7.8988436" lon="99.5372282"></trkpt>
			<trkpt lat="7.8938583" lon="99.5347021"></trkpt>
			<trkpt lat="7.8913645" lon="99.5383236"></trkpt>
			<trkpt lat="7.889581" lon="99.5360658"></trkpt>
			<trkpt lat="7.8863487" lon="99.5354527"></trkpt>
			<trkpt lat="7.8859561" lon="99.5399954"></trkpt>
			<trkpt lat="7.8811806" lon="99.5335087"></trkpt>
			<trkpt lat="7.878542" lon="99.5151248"></trkpt>
			<trkpt lat="7.88437" lon="99.5096011"></trkpt>
			<trkpt lat="7.8864054" lon="99.5029285"></trkpt>
			<trkpt lat="7.8853136" lon="99.4982876"></trkpt>
			<trkpt lat="7.88222" lon="99.4959638"></trkpt>
			<trkpt lat="7.8825437" lon="99.4937808"></trkpt>
			<trkpt lat="7.8870837" lon="99.4896086"></trkpt>
			<trkpt lat="7.8822329" lon="99.4849628"></trkpt>
			<trkpt lat="7.8810581" lon="99.4815851"></trkpt>
			<trkpt lat="7.8823704" lon="99.4789269"></trkpt>
			<trkpt lat="7.8887879" lon="99.475623"></trkpt>
			<trkpt lat="7.9047554" lon="99.4714704"></trkpt>
			<trkpt lat="7.8991354" lon="99.4629357"></trkpt>
			<trkpt lat="7.8919406" lon="99.4580737"></trkpt>
			<trkpt lat="7.8893094" lon="99.4545163"></trkpt>
			<trkpt lat="7.887476" lon="99.4466859"></trkpt>
			<trkpt lat="7.8812882" lon="99.4436233"></trkpt>
			<trkpt lat="7.8786958" lon="99.4380732"></trkpt>
			<trkpt lat="7.8741162" lon="99.4351196"></trkpt>
			<trkpt lat="7.8662756" lon="99.4223208"></trkpt>
			<trkpt lat="7.8663625" lon="99.4202288"></trkpt>
			<trkpt lat="7.9094041" lon="99.4190407"></trkpt>
			<trkpt lat="7.9259953" lon="99.4233216"></trkpt>
			<trkpt lat="7.9233365" lon="99.4016302"></trkpt>
			<trkpt lat="7.9213366" lon="99.3983547"></trkpt>
			<trkpt lat="7.9253599" lon="99.3914554"></trkpt>
			<trkpt lat="7.9284008" lon="99.3903083"></trkpt>
			<trkpt lat="7.943054" lon="99.3761273"></trkpt>
			<trkpt lat="7.9463838" lon="99.3691723"></trkpt>
			<trkpt lat="7.9442715" lon="99.364229"></trkpt>
			<trkpt lat="7.9367641" lon="99.3639167"></trkpt>
			<trkpt lat="7.9316443" lon="99.3508008"></trkpt>
			<trkpt lat="7.9285648" lon="99.3336704"></trkpt>
			<trkpt lat="7.9027121" lon="99.3336927"></trkpt>
			<trkpt lat="7.8928337" lon="99.3309994"></trkpt>
			<trkpt lat="7.8827206" lon="99.3320681"></trkpt>
			<trkpt lat="7.8715527" lon="99.3219104"></trkpt>
			<trkpt lat="7.8658908" lon="99.3114097"></trkpt>
			<trkpt lat="7.8656118" lon="99.3017734"></trkpt>
			<trkpt lat="7.8619729" lon="99.2973705"></trkpt>
			<trkpt lat="7.8618694" lon="99.290174"></trkpt>
			<trkpt lat="7.8537983" lon="99.2796492"></trkpt>
			<trkpt lat="7.8485589" lon="99.2783961"></trkpt>
			<trkpt lat="7.8408438" lon="99.2823034"></trkpt>
			<trkpt lat="7.8359418" lon="99.2887682"></trkpt>
			<trkpt lat="7.8313701" lon="99.2891052"></trkpt>
			<trkpt lat="7.8251021" lon="99.2940222"></trkpt>
			<trkpt lat="7.8197403" lon="99.2933184"></trkpt>
			<trkpt lat="7.8178821" lon="99.2872863"></trkpt>
			<trkpt lat="7.8106626" lon="99.2873596"></trkpt>
			<trkpt lat="7.8105935" lon="99.2997349"></trkpt>
			<trkpt lat="7.8091589" lon="99.3032605"></trkpt>
			<trkpt lat="7.792417" lon="99.2996182"></trkpt>
			<trkpt lat="7.7895763" lon="99.3009506"></trkpt>
			<trkpt lat="7.7745488" lon="99.2878973"></trkpt>
			<trkpt lat="7.7708477" lon="99.2875071"></trkpt>
			<trkpt lat="7.765302" lon="99.2893977"></trkpt>
			<trkpt lat="7.7627908" lon="99.2884692"></trkpt>
			<trkpt lat="7.7600173" lon="99.2916387"></trkpt>
			<trkpt lat="7.7589219" lon="99.2969377"></trkpt>
			<trkpt lat="7.7560065" lon="99.3000759"></trkpt>
			<trkpt lat="7.7556297" lon="99.3059473"></trkpt>
			<trkpt lat="7.7403064" lon="99.3076049"></trkpt>
			<trkpt lat="7.7366214" lon="99.3107428"></trkpt>
			<trkpt lat="7.7275709" lon="99.3120982"></trkpt>
			<trkpt lat="7.7207374" lon="99.3082334"></trkpt>
			<trkpt lat="7.7114201" lon="99.3102557"></trkpt>
			<trkpt lat="7.7013497" lon="99.3077275"></trkpt>
			<trkpt lat="7.6915116" lon="99.2986889"></trkpt>
			<trkpt lat="7.6884315" lon="99.2978486"></trkpt>
			<trkpt lat="7.6884428" lon="99.2963451"></trkpt>
			<trkpt lat="7.6904225" lon="99.2957191"></trkpt>
			<trkpt lat="7.6897072" lon="99.2917928"></trkpt>
			<trkpt lat="7.6872741" lon="99.2906662"></trkpt>
			<trkpt lat="7.6878992" lon="99.2867046"></trkpt>
			<trkpt lat="7.685688" lon="99.2851871"></trkpt>
			<trkpt lat="7.6805511" lon="99.2862559"></trkpt>
			<trkpt lat="7.680114" lon="99.2759062"></trkpt>
			<trkpt lat="7.6625018" lon="99.2618589"></trkpt>
			<trkpt lat="7.6595213" lon="99.2627117"></trkpt>
			<trkpt lat="7.6526413" lon="99.2592869"></trkpt>
			<trkpt lat="7.6506229" lon="99.2547132"></trkpt>
			<trkpt lat="7.6391573" lon="99.2512225"></trkpt>
			<trkpt lat="7.6288552" lon="99.2543592"></trkpt>
			<trkpt lat="7.6265065" lon="99.2566822"></trkpt>
			<trkpt lat="7.6306171" lon="99.2519542"></trkpt>
			<trkpt lat="7.6311311" lon="99.2450566"></trkpt>
			<trkpt lat="7.6337811" lon="99.2386276"></trkpt>
			<trkpt lat="7.6322762" lon="99.2354138"></trkpt>
			<trkpt lat="7.6329459" lon="99.2326863"></trkpt>
			<trkpt lat="7.6306867" lon="99.2327151"></trkpt>
			<trkpt lat="7.6270486" lon="99.2358592"></trkpt>
			<trkpt lat="7.6277712" lon="99.2409476"></trkpt>
			<trkpt lat="7.6258915" lon="99.2468045"></trkpt>
			<trkpt lat="7.6212288" lon="99.2510676"></trkpt>
			<trkpt lat="7.6197943" lon="99.2571128"></trkpt>
			<trkpt lat="7.6167044" lon="99.2612797"></trkpt>
			<trkpt lat="7.6231037" lon="99.2650557"></trkpt>
			<trkpt lat="7.6215754" lon="99.2698061"></trkpt>
			<trkpt lat="7.6335327" lon="99.275139"></trkpt>
			<trkpt lat="7.6337759" lon="99.2767746"></trkpt>
			<trkpt lat="7.6320201" lon="99.278257"></trkpt>
			<trkpt lat="7.6287859" lon="99.2770366"></trkpt>
			<trkpt lat="7.6200907" lon="99.2805385"></trkpt>
			<trkpt lat="7.6189838" lon="99.2830429"></trkpt>
			<trkpt lat="7.6158456" lon="99.2804326"></trkpt>
			<trkpt lat="7.6011654" lon="99.2780501"></trkpt>
			<trkpt lat="7.5794713" lon="99.2913407"></trkpt>
			<trkpt lat="7.5770028" lon="99.2899356"></trkpt>
			<trkpt lat="7.5745461" lon="99.2919131"></trkpt>
			<trkpt lat="7.5749868" lon="99.2932477"></trkpt>
			<trkpt lat="7.5693461" lon="99.2992654"></trkpt>
			<trkpt lat="7.562956" lon="99.2941387"></trkpt>
			<trkpt lat="7.560651" lon="99.2940595"></trkpt>
			<trkpt lat="7.5434825" lon="99.3093547"></trkpt>
			<trkpt lat="7.537694" lon="99.3122217"></trkpt>
			<trkpt lat="7.5353091" lon="99.3078141"></trkpt>
			<trkpt lat="7.5258799" lon="99.3073378"></trkpt>
			<trkpt lat="7.521263" lon="99.3043281"></trkpt>
			<trkpt lat="7.5189473" lon="99.3043526"></trkpt>
			<trkpt lat="7.5173717" lon="99.3002137"></trkpt>
			<trkpt lat="7.5200549" lon="99.2967797"></trkpt>
			<trkpt lat="7.5225193" lon="99.2960035"></trkpt>
			<trkpt lat="7.5221868" lon="99.2935016"></trkpt>
			<trkpt lat="7.5194765" lon="99.2943501"></trkpt>
			<trkpt lat="7.5185999" lon="99.296449"></trkpt>
			<trkpt lat="7.5154976" lon="99.2975465"></trkpt>
			<trkpt lat="7.5135561" lon="99.2933978"></trkpt>
			<trkpt lat="7.5185241" lon="99.2914053"></trkpt>
			<trkpt lat="7.5219888" lon="99.2878012"></trkpt>
			<trkpt lat="7.5171849" lon="99.2834547"></trkpt>
			<trkpt lat="7.5061745" lon="99.2904527"></trkpt>
			<trkpt lat="7.5039678" lon="99.2898763"></trkpt>
			<trkpt lat="7.4975864" lon="99.2960756"></trkpt>
			<trkpt lat="7.5025385" lon="99.2974986"></trkpt>
			<trkpt lat="7.503998" lon="99.3004493"></trkpt>
			<trkpt lat="7.507443" lon="99.3016016"></trkpt>
			<trkpt lat="7.5128243" lon="99.3093703"></trkpt>
			<trkpt lat="7.5126005" lon="99.3133555"></trkpt>
			<trkpt lat="7.5105719" lon="99.311045"></trkpt>
			<trkpt lat="7.5073794" lon="99.3109407"></trkpt>
			<trkpt lat="7.5040685" lon="99.3182942"></trkpt>
			<trkpt lat="7.497232" lon="99.3255629"></trkpt>
			<trkpt lat="7.4856846" lon="99.3308887"></trkpt>
			<trkpt lat="7.4754796" lon="99.3320637"></trkpt>
			<trkpt lat="7.4627756" lon="99.3378097"></trkpt>
			<trkpt lat="7.4440619" lon="99.3435042"></trkpt>
			<trkpt lat="7.4410025" lon="99.3460291"></trkpt>
			<trkpt lat="7.4365993" lon="99.3440738"></trkpt>
			<trkpt lat="7.4262617" lon="99.3456313"></trkpt>
			<trkpt lat="7.4133548" lon="99.3439034"></trkpt>
			<trkpt lat="7.4139019" lon="99.3404343"></trkpt>
			<trkpt lat="7.410903" lon="99.3363502"></trkpt>
			<trkpt lat="7.4094093" lon="99.337915"></trkpt>
			<trkpt lat="7.4123029" lon="99.3451412"></trkpt>
			<trkpt lat="7.4068906" lon="99.3481387"></trkpt>
			<trkpt lat="7.4016252" lon="99.3470382"></trkpt>
			<trkpt lat="7.3814678" lon="99.3361404"></trkpt>
			<trkpt lat="7.3772196" lon="99.3384631"></trkpt>
			<trkpt lat="7.3708588" lon="99.3465385"></trkpt>
			<trkpt lat="7.3617269" lon="99.3540881"></trkpt>
			<trkpt lat="7.3576427" lon="99.3612299"></trkpt>
			<trkpt lat="7.3544224" lon="99.3598693"></trkpt>
			<trkpt lat="7.350484" lon="99.3613334"></trkpt>
			<trkpt lat="7.3426334" lon="99.3683449"></trkpt>
			<trkpt lat="7.3416134" lon="99.3678865"></trkpt>
			<trkpt lat="7.3391731" lon="99.3707878"></trkpt>
			<trkpt lat="7.3415923" lon="99.3734813"></trkpt>
			<trkpt lat="7.3198193" lon="99.3895056"></trkpt>
			<trkpt lat="7.307347" lon="99.394605"></trkpt>
			<trkpt lat="7.3071479" lon="99.396701"></trkpt>
			<trkpt lat="7.3042467" lon="99.3990262"></trkpt>
			<trkpt lat="7.3067698" lon="99.4023233"></trkpt>
			<trkpt lat="7.311218" lon="99.4009984"></trkpt>
			<trkpt lat="7.3178055" lon="99.403618"></trkpt>
			<trkpt lat="7.3158528" lon="99.408606"></trkpt>
			<trkpt lat="7.3158736" lon="99.4131269"></trkpt>
			<trkpt lat="7.3142516" lon="99.4155495"></trkpt>
			<trkpt lat="7.3142066" lon="99.412836"></trkpt>
			<trkpt lat="7.3042465" lon="99.418565"></trkpt>
			<trkpt lat="7.305293" lon="99.418515"></trkpt>
			<trkpt lat="7.3023591" lon="99.4249152"></trkpt>
			<trkpt lat="7.3034333" lon="99.4243313"></trkpt>
			<trkpt lat="7.2977826" lon="99.4331969"></trkpt>
			<trkpt lat="7.2985737" lon="99.4336398"></trkpt>
			<trkpt lat="7.2947927" lon="99.4387921"></trkpt>
			<trkpt lat="7.2955085" lon="99.4405005"></trkpt>
			<trkpt lat="7.2929184" lon="99.4475615"></trkpt>
			<trkpt lat="7.2940434" lon="99.4505092"></trkpt>
			<trkpt lat="7.2900987" lon="99.4546855"></trkpt>
			<trkpt lat="7.2888066" lon="99.46161"></trkpt>
			<trkpt lat="7.2564968" lon="99.5111999"></trkpt>
			<trkpt lat="7.2518677" lon="99.5211324"></trkpt>
			<trkpt lat="7.2477707" lon="99.5220867"></trkpt>
			<trkpt lat="7.2312431" lon="99.5397144"></trkpt>
			<trkpt lat="7.22306" lon="99.5446701"></trkpt>
			<trkpt lat="7.2074696" lon="99.5577135"></trkpt>
			<trkpt lat="7.1891852" lon="99.566878"></trkpt>
			<trkpt lat="7.1626386" lon="99.5770383"></trkpt>
			<trkpt lat="7.1570979" lon="99.5773297"></trkpt>
			<trkpt lat="7.1466386" lon="99.5852696"></trkpt>
			<trkpt lat="7.1511937" lon="99.5913698"></trkpt>
			<trkpt lat="7.1570424" lon="99.5951731"></trkpt>
			<trkpt lat="7.1577849" lon="99.597561"></trkpt>
			<trkpt lat="7.1556903" lon="99.5984373"></trkpt>
			<trkpt lat="7.1557721" lon="99.6003393"></trkpt>
			<trkpt lat="7.1535089" lon="99.6013082"></trkpt>
			<trkpt lat="7.1455277" lon="99.599787"></trkpt>
			<trkpt lat="7.1437703" lon="99.6017641"></trkpt>
			<trkpt lat="7.1389948" lon="99.5996365"></trkpt>
			<trkpt lat="7.1368849" lon="99.6021937"></trkpt>
			<trkpt lat="7.1389926" lon="99.6146175"></trkpt>
			<trkpt lat="7.1614499" lon="99.6361079"></trkpt>
			<trkpt lat="7.1658433" lon="99.6380431"></trkpt>
			<trkpt lat="7.1680998" lon="99.6435062"></trkpt>
			<trkpt lat="7.1666856" lon="99.6453178"></trkpt>
			<trkpt lat="7.1683573" lon="99.6481435"></trkpt>
			<trkpt lat="7.1677499" lon="99.6507397"></trkpt>
			<trkpt lat="7.1606667" lon="99.6598789"></trkpt>
			<trkpt lat="7.1564928" lon="99.6607457"></trkpt>
			<trkpt lat="7.149721" lon="99.6651667"></trkpt>
			<trkpt lat="7.1477569" lon="99.6644563"></trkpt>
			<trkpt lat="7.136158" lon="99.6687111"></trkpt>
			<trkpt lat="7.124824" lon="99.6703791"></trkpt>
			<trkpt lat="7.1159846" lon="99.6654802"></trkpt>
			<trkpt lat="7.1137767" lon="99.6680448"></trkpt>
			<trkpt lat="7.1174244" lon="99.6699178"></trkpt>
			<trkpt lat="7.1173763" lon="99.6734115"></trkpt>
			<trkpt lat="7.1190169" lon="99.6742362"></trkpt>
			<trkpt lat="7.1194109" lon="99.6773604"></trkpt>
			<trkpt lat="7.1227882" lon="99.6804132"></trkpt>
			<trkpt lat="7.1267721" lon="99.693406"></trkpt>
			<trkpt lat="7.1308938" lon="99.6965149"></trkpt>
			<trkpt lat="7.1324701" lon="99.7008607"></trkpt>
			<trkpt lat="7.1310845" lon="99.7119417"></trkpt>
			<trkpt lat="7.1339944" lon="99.7140618"></trkpt>
			<trkpt lat="7.1310835" lon="99.7158985"></trkpt>
			<trkpt lat="7.1282521" lon="99.7218776"></trkpt>
			<trkpt lat="7.1306253" lon="99.7290795"></trkpt>
			<trkpt lat="7.1329126" lon="99.7312836"></trkpt>
			<trkpt lat="7.1325336" lon="99.734259"></trkpt>
			<trkpt lat="7.130834" lon="99.7351092"></trkpt>
			<trkpt lat="7.1313293" lon="99.7407058"></trkpt>
			<trkpt lat="7.1255888" lon="99.7544922"></trkpt>
			<trkpt lat="7.1246778" lon="99.7601804"></trkpt>
			<trkpt lat="7.1278867" lon="99.7830979"></trkpt>
			<trkpt lat="7.1331922" lon="99.7871616"></trkpt>
			<trkpt lat="7.1399657" lon="99.7862755"></trkpt>
			<trkpt lat="7.139701" lon="99.7879815"></trkpt>
			<trkpt lat="7.1285713" lon="99.7989943"></trkpt>
			<trkpt lat="7.1335809" lon="99.8121132"></trkpt>
			<trkpt lat="7.134912" lon="99.8208735"></trkpt>
			<trkpt lat="7.1375782" lon="99.8239407"></trkpt>
			<trkpt lat="7.1393009" lon="99.8320678"></trkpt>
			<trkpt lat="7.1480479" lon="99.8358882"></trkpt>
			<trkpt lat="7.1594024" lon="99.8450702"></trkpt>
			<trkpt lat="7.1670783" lon="99.8554377"></trkpt>
			<trkpt lat="7.1717618" lon="99.8753243"></trkpt>
			<trkpt lat="7.1843554" lon="99.8884394"></trkpt>
			<trkpt lat="7.1890516" lon="99.901941"></trkpt>
			<trkpt lat="7.1945599" lon="99.9451367"></trkpt>
			<trkpt lat="7.1980048" lon="99.9592844"></trkpt>
			<trkpt lat="7.2029799" lon="99.94904"></trkpt>
			<trkpt lat="7.2113138" lon="99.9461676"></trkpt>
			<trkpt lat="7.2158784" lon="99.94789"></trkpt>
			<trkpt lat="7.2316649" lon="99.9402265"></trkpt>
			<trkpt lat="7.2332781" lon="99.9378218"></trkpt>
			<trkpt lat="7.2360569" lon="99.9382215"></trkpt>
			<trkpt lat="7.2398062" lon="99.9339626"></trkpt>
			<trkpt lat="7.2467864" lon="99.932915"></trkpt>
			<trkpt lat="7.2553357" lon="99.9371807"></trkpt>
			<trkpt lat="7.2556393" lon="99.9393251"></trkpt>
			<trkpt lat="7.2586548" lon="99.9422451"></trkpt>
			<trkpt lat="7.2633994" lon="99.943813"></trkpt>
			<trkpt lat="7.2651483" lon="99.9460833"></trkpt>
			<trkpt lat="7.2686203" lon="99.9458393"></trkpt>
			<trkpt lat="7.2721721" lon="99.9433416"></trkpt>
			<trkpt lat="7.2816867" lon="99.9403241"></trkpt>
			<trkpt lat="7.2958878" lon="99.9404335"></trkpt>
			<trkpt lat="7.3070289" lon="99.9378768"></trkpt>
			<trkpt lat="7.3170916" lon="99.9390115"></trkpt>
			<trkpt lat="7.3184148" lon="99.9372234"></trkpt>
			<trkpt lat="7.3184868" lon="99.9217412"></trkpt>
			<trkpt lat="7.3227402" lon="99.9111445"></trkpt>
			<trkpt lat="7.3277209" lon="99.9056104"></trkpt>
			<trkpt lat="7.3352277" lon="99.9030119"></trkpt>
			<trkpt lat="7.3401745" lon="99.9044856"></trkpt>
			<trkpt lat="7.3434458" lon="99.9023009"></trkpt>
			<trkpt lat="7.3514308" lon="99.9050445"></trkpt>
			<trkpt lat="7.3564841" lon="99.902766"></trkpt>
			<trkpt lat="7.3586167" lon="99.898673"></trkpt>
			<trkpt lat="7.3654323" lon="99.8951211"></trkpt>
			<trkpt lat="7.3776101" lon="99.9020925"></trkpt>
			<trkpt lat="7.3881694" lon="99.9017792"></trkpt>
			<trkpt lat="7.4062185" lon="99.8878859"></trkpt>
			<trkpt lat="7.4130166" lon="99.885154"></trkpt>
			<trkpt lat="7.4182346" lon="99.87733"></trkpt>
			<trkpt lat="7.42215" lon="99.877276"></trkpt>
			<trkpt lat="7.4250183" lon="99.8726808"></trkpt>
			<trkpt lat="7.4320777" lon="99.8710087"></trkpt>
			<trkpt lat="7.4390736" lon="99.8654106"></trkpt>
			<trkpt lat="7.4407302" lon="99.8614766"></trkpt>
			<trkpt lat="7.4438717" lon="99.8617121"></trkpt>
			<trkpt lat="7.447003" lon="99.8599438"></trkpt>
			<trkpt lat="7.4509051" lon="99.8611951"></trkpt>
			<trkpt lat="7.461508" lon="99.8559377"></trkpt>
			<trkpt lat="7.4648758" lon="99.8487393"></trkpt>
			<trkpt lat="7.4702481" lon="99.8474634"></trkpt>
			<trkpt lat="7.4730955" lon="99.8498523"></trkpt>
			<trkpt lat="7.4750473" lon="99.8490517"></trkpt>
			<trkpt lat="7.4792139" lon="99.8533265"></trkpt>
			<trkpt lat="7.4831221" lon="99.8523259"></trkpt>
			<trkpt lat="7.4991234" lon="99.8403379"></trkpt>
			<trkpt lat="7.5017443" lon="99.83374"></trkpt>
			<trkpt lat="7.5039742" lon="99.8332622"></trkpt>
			<trkpt lat="7.5081192" lon="99.8235873"></trkpt>
			<trkpt lat="7.5124349" lon="99.8201866"></trkpt>
			<trkpt lat="7.5185103" lon="99.8207599"></trkpt>
			<trkpt lat="7.5218003" lon="99.8190027"></trkpt>
			<trkpt lat="7.5225496" lon="99.8237108"></trkpt>
			<trkpt lat="7.526084" lon="99.8272709"></trkpt>
			<trkpt lat="7.533387" lon="99.8294334"></trkpt>
			<trkpt lat="7.5402198" lon="99.8363054"></trkpt>
			<trkpt lat="7.5468449" lon="99.836189"></trkpt>
			<trkpt lat="7.5563172" lon="99.8230348"></trkpt>
			<trkpt lat="7.5735201" lon="99.8121843"></trkpt>
			<trkpt lat="7.5767541" lon="99.8070412"></trkpt>
			<trkpt lat="7.5851866" lon="99.7989059"></trkpt>
			<trkpt lat="7.5899363" lon="99.7970513"></trkpt>
			<trkpt lat="7.5977761" lon="99.8007354"></trkpt>
			<trkpt lat="7.6024127" lon="99.8001502"></trkpt>
			<trkpt lat="7.6091461" lon="99.8025774"></trkpt>
			<trkpt lat="7.6131772" lon="99.8062666"></trkpt>
			<trkpt lat="7.6202059" lon="99.8067755"></trkpt>
			<trkpt lat="7.6215928" lon="99.8099861"></trkpt>
			<trkpt lat="7.6300034" lon="99.7978409"></trkpt>
			<trkpt lat="7.6361152" lon="99.7973882"></trkpt>
			<trkpt lat="7.6440504" lon="99.7850901"></trkpt>
			<trkpt lat="7.645927" lon="99.7926467"></trkpt>
			<trkpt lat="7.6454713" lon="99.8078881"></trkpt>
			<trkpt lat="7.6486359" lon="99.8079071"></trkpt>
			<trkpt lat="7.6495849" lon="99.8133967"></trkpt>
			<trkpt lat="7.6583854" lon="99.8173629"></trkpt>
			<trkpt lat="7.6649332" lon="99.8168444"></trkpt>
			<trkpt lat="7.6694881" lon="99.8190953"></trkpt>
			<trkpt lat="7.674733" lon="99.816701"></trkpt>
			<trkpt lat="7.6792565" lon="99.8179501"></trkpt>
			<trkpt lat="7.6842084" lon="99.8060435"></trkpt>
			<trkpt lat="7.6888272" lon="99.8005038"></trkpt>
			<trkpt lat="7.6972262" lon="99.7976096"></trkpt>
			<trkpt lat="7.699781" lon="99.7889869"></trkpt>
			<trkpt lat="7.7014645" lon="99.7880209"></trkpt>
			<trkpt lat="7.7078426" lon="99.7888074"></trkpt>
			<trkpt lat="7.7137447" lon="99.785893"></trkpt>
			<trkpt lat="7.7175751" lon="99.7887223"></trkpt>
			<trkpt lat="7.7262499" lon="99.7852467"></trkpt>
			<trkpt lat="7.7354026" lon="99.7838133"></trkpt>
			<trkpt lat="7.7432923" lon="99.7882583"></trkpt>
			<trkpt lat="7.7482737" lon="99.7824684"></trkpt>
			<trkpt lat="7.7517621" lon="99.78254"></trkpt>
			<trkpt lat="7.7547263" lon="99.780258"></trkpt>
			<trkpt lat="7.7565545" lon="99.7826877"></trkpt>
			<trkpt lat="7.7598863" lon="99.783705"></trkpt>
			<trkpt lat="7.7613257" lon="99.7765118"></trkpt>
			<trkpt lat="7.7657752" lon="99.7740295"></trkpt>
			<trkpt lat="7.7686668" lon="99.7671431"></trkpt>
			<trkpt lat="7.7731317" lon="99.7692881"></trkpt>
			<trkpt lat="7.777934" lon="99.7655581"></trkpt>
			<trkpt lat="7.7810589" lon="99.7665415"></trkpt>
			<trkpt lat="7.7837568" lon="99.7708151"></trkpt>
			<trkpt lat="7.7890318" lon="99.7707307"></trkpt>
			<trkpt lat="7.7958147" lon="99.7667991"></trkpt>
			<trkpt lat="7.7975549" lon="99.7635854"></trkpt>
			<trkpt lat="7.799744" lon="99.7637408"></trkpt>
			<trkpt lat="7.8023436" lon="99.7591631"></trkpt>
			<trkpt lat="7.8065083" lon="99.7575931"></trkpt>
			<trkpt lat="7.8148021" lon="99.757811"></trkpt>
			<trkpt lat="7.8222821" lon="99.7556659"></trkpt>
			<trkpt lat="7.8248498" lon="99.7518378"></trkpt>
			<trkpt lat="7.8321047" lon="99.7513667"></trkpt>
			<trkpt lat="7.8383588" lon="99.746887"></trkpt>
			<trkpt lat="7.8393786" lon="99.7372278"></trkpt>
			<trkpt lat="7.841064" lon="99.73905"></trkpt>
			<trkpt lat="7.8492919" lon="99.7323506"></trkpt>
			<trkpt lat="7.8548994" lon="99.7335663"></trkpt>
			<trkpt lat="7.8571304" lon="99.7369649"></trkpt>
			<trkpt lat="7.8612781" lon="99.7375856"></trkpt>
			<trkpt lat="7.8634142" lon="99.7354833"></trkpt>
			<trkpt lat="7.8664315" lon="99.7349982"></trkpt>
			<trkpt lat="7.8774735" lon="99.7396065"></trkpt>
			<trkpt lat="7.8785605" lon="99.7374415"></trkpt>
			<trkpt lat="7.8878506" lon="99.7323593"></trkpt>
			<trkpt lat="7.8966662" lon="99.7339124"></trkpt>
			<trkpt lat="7.9019526" lon="99.7328048"></trkpt>
			<trkpt lat="7.9120236" lon="99.7350741"></trkpt>
			<trkpt lat="7.9291632" lon="99.7433421"></trkpt>
			<trkpt lat="7.9327018" lon="99.7431279"></trkpt>
			<trkpt lat="7.9443736" lon="99.7349387"></trkpt>
			<trkpt lat="7.9470182" lon="99.7355025"></trkpt>
			<trkpt lat="7.9522698" lon="99.7409737"></trkpt>
			<trkpt lat="7.9673761" lon="99.7465615"></trkpt>
			<trkpt lat="7.9674561" lon="99.7432778"></trkpt>
			<trkpt lat="7.9710802" lon="99.7461378"></trkpt>
			<trkpt lat="7.9690199" lon="99.7491469"></trkpt>
			<trkpt lat="7.9698508" lon="99.7516855"></trkpt>
			<trkpt lat="7.9792352" lon="99.7536733"></trkpt>
			<trkpt lat="7.9829342" lon="99.7576122"></trkpt>
			<trkpt lat="7.9866659" lon="99.7578238"></trkpt>
			<trkpt lat="7.9869722" lon="99.7510442"></trkpt>
			<trkpt lat="7.9827571" lon="99.7483803"></trkpt>
			<trkpt lat="7.9836698" lon="99.7463064"></trkpt>
			<trkpt lat="8.0024185" lon="99.7467561"></trkpt>
			<trkpt lat="8.0023812" lon="99.744563"></trkpt>
			<trkpt lat="8.0066737" lon="99.7422961"></trkpt>
			<trkpt lat="8.0039392" lon="99.734428"></trkpt>
			<trkpt lat="8.0006689" lon="99.7299579"></trkpt>
			<trkpt lat="7.9932496" lon="99.7129099"></trkpt>
			<trkpt lat="7.9926928" lon="99.704987"></trkpt>
			<trkpt lat="7.9945154" lon="99.6989675"></trkpt>
			<trkpt lat="7.998851" lon="99.6941708"></trkpt>
			<trkpt lat="7.9983313" lon="99.6909027"></trkpt>
			<trkpt lat="8.0011019" lon="99.6857994"></trkpt>
			<trkpt lat="8.0003369" lon="99.6845345"></trkpt>
			<trkpt lat="8.0038852" lon="99.6787728"></trkpt>
			<trkpt lat="8.0041133" lon="99.6751804"></trkpt>
			<trkpt lat="8.0065068" lon="99.6762449"></trkpt>
			<trkpt lat="8.0069648" lon="99.6734208"></trkpt>
			<trkpt lat="8.0084654" lon="99.6728691"></trkpt>
			<trkpt lat="8.0064508" lon="99.6717724"></trkpt>
			<trkpt lat="8.0087308" lon="99.6709856"></trkpt>
			<trkpt lat="8.0069585" lon="99.6671846"></trkpt>
			<trkpt lat="8.0089858" lon="99.6654042"></trkpt>
			<trkpt lat="8.0084681" lon="99.6639254"></trkpt>
			<trkpt lat="8.0115243" lon="99.6613777"></trkpt>
			<trkpt lat="8.0111751" lon="99.65877"></trkpt>
		</trkseg>
	</trk>
	<trk>
		<name>พัทลุง</name>
		<desc>Length: 335.3 km (208.3 mi)</desc>
		<trkseg>
			<trkpt lat="7.8892644" lon="99.9608057"></trkpt>
			<trkpt lat="7.8975712" lon="99.9531581"></trkpt>
			<trkpt lat="7.8926648" lon="99.9490496"></trkpt>
			<trkpt lat="7.8892265" lon="99.9476698"></trkpt>
			<trkpt lat="7.8887542" lon="99.9463308"></trkpt>
			<trkpt lat="7.8867393" lon="99.9476698"></trkpt>
			<trkpt lat="7.8852654" lon="99.9467832"></trkpt>
			<trkpt lat="7.8850962" lon="99.9425983"></trkpt>
			<trkpt lat="7.8818294" lon="99.9413698"></trkpt>
			<trkpt lat="7.8806579" lon="99.9419454"></trkpt>
			<trkpt lat="7.8784705" lon="99.9408503"></trkpt>
			<trkpt lat="7.8776976" lon="99.9381324"></trkpt>
			<trkpt lat="7.8780771" lon="99.9347675"></trkpt>
			<trkpt lat="7.8756578" lon="99.9308968"></trkpt>
			<trkpt lat="7.872646" lon="99.9280691"></trkpt>
			<trkpt lat="7.8728985" lon="99.92559"></trkpt>
			<trkpt lat="7.8714745" lon="99.9217778"></trkpt>
			<trkpt lat="7.8718201" lon="99.9201243"></trkpt>
			<trkpt lat="7.87023" lon="99.9180686"></trkpt>
			<trkpt lat="7.8699651" lon="99.9163769"></trkpt>
			<trkpt lat="7.8721279" lon="99.9112171"></trkpt>
			<trkpt lat="7.8809099" lon="99.9019137"></trkpt>
			<trkpt lat="7.8889061" lon="99.8861916"></trkpt>
			<trkpt lat="7.8924513" lon="99.8826059"></trkpt>
			<trkpt lat="7.8900411" lon="99.8741488"></trkpt>
			<trkpt lat="7.8885779" lon="99.8718144"></trkpt>
			<trkpt lat="7.8885885" lon="99.8702548"></trkpt>
			<trkpt lat="7.8873002" lon="99.8694329"></trkpt>
			<trkpt lat="7.8875839" lon="99.8645816"></trkpt>
			<trkpt lat="7.8865694" lon="99.8616937"></trkpt>
			<trkpt lat="7.8884463" lon="99.8608172"></trkpt>
			<trkpt lat="7.8890293" lon="99.8590767"></trkpt>
			<trkpt lat="7.8882456" lon="99.8508606"></trkpt>
			<trkpt lat="7.8899256" lon="99.84867"></trkpt>
			<trkpt lat="7.8897171" lon="99.8463887"></trkpt>
			<trkpt lat="7.8909487" lon="99.8445322"></trkpt>
			<trkpt lat="7.8913274" lon="99.8420316"></trkpt>
			<trkpt lat="7.8884003" lon="99.8378155"></trkpt>
			<trkpt lat="7.8860394" lon="99.83708"></trkpt>
			<trkpt lat="7.8855957" lon="99.8350715"></trkpt>
			<trkpt lat="7.8863987" lon="99.8312139"></trkpt>
			<trkpt lat="7.8851297" lon="99.8283325"></trkpt>
			<trkpt lat="7.8879427" lon="99.8222218"></trkpt>
			<trkpt lat="7.8862844" lon="99.8218222"></trkpt>
			<trkpt lat="7.8848206" lon="99.8193225"></trkpt>
			<trkpt lat="7.8863563" lon="99.8157073"></trkpt>
			<trkpt lat="7.8897572" lon="99.8136497"></trkpt>
			<trkpt lat="7.8902861" lon="99.8122895"></trkpt>
			<trkpt lat="7.8884993" lon="99.8090294"></trkpt>
			<trkpt lat="7.8908583" lon="99.8061006"></trkpt>
			<trkpt lat="7.8880695" lon="99.8032445"></trkpt>
			<trkpt lat="7.8861011" lon="99.8038111"></trkpt>
			<trkpt lat="7.8849364" lon="99.8006889"></trkpt>
			<trkpt lat="7.882822" lon="99.7989886"></trkpt>
			<trkpt lat="7.8785594" lon="99.7979395"></trkpt>
			<trkpt lat="7.8775549" lon="99.7999797"></trkpt>
			<trkpt lat="7.876138" lon="99.7994968"></trkpt>
			<trkpt lat="7.8760905" lon="99.7974688"></trkpt>
			<trkpt lat="7.8740863" lon="99.7954478"></trkpt>
			<trkpt lat="7.8722664" lon="99.7955821"></trkpt>
			<trkpt lat="7.8708842" lon="99.7943843"></trkpt>
			<trkpt lat="7.8686732" lon="99.794167"></trkpt>
			<trkpt lat="7.8669561" lon="99.7924975"></trkpt>
			<trkpt lat="7.8648373" lon="99.7925105"></trkpt>
			<trkpt lat="7.8619553" lon="99.7871545"></trkpt>
			<trkpt lat="7.8623842" lon="99.7860299"></trkpt>
			<trkpt lat="7.86041" lon="99.7840103"></trkpt>
			<trkpt lat="7.8574847" lon="99.7832978"></trkpt>
			<trkpt lat="7.8573906" lon="99.7798298"></trkpt>
			<trkpt lat="7.858771" lon="99.7777314"></trkpt>
			<trkpt lat="7.8573507" lon="99.7753925"></trkpt>
			<trkpt lat="7.8579947" lon="99.774091"></trkpt>
			<trkpt lat="7.857351" lon="99.7721901"></trkpt>
			<trkpt lat="7.8607286" lon="99.7632673"></trkpt>
			<trkpt lat="7.8590921" lon="99.7597897"></trkpt>
			<trkpt lat="7.8590933" lon="99.7572215"></trkpt>
			<trkpt lat="7.8578631" lon="99.7547538"></trkpt>
			<trkpt lat="7.8587282" lon="99.7530875"></trkpt>
			<trkpt lat="7.8553832" lon="99.7496448"></trkpt>
			<trkpt lat="7.8565846" lon="99.7476928"></trkpt>
			<trkpt lat="7.8584804" lon="99.7478102"></trkpt>
			<trkpt lat="7.8595772" lon="99.746803"></trkpt>
			<trkpt lat="7.8592008" lon="99.7435845"></trkpt>
			<trkpt lat="7.857123" lon="99.7411652"></trkpt>
			<trkpt lat="7.8575282" lon="99.7383341"></trkpt>
			<trkpt lat="7.8587903" lon="99.7378256"></trkpt>
			<trkpt lat="7.8608025" lon="99.7386948"></trkpt>
			<trkpt lat="7.8612781" lon="99.7375856"></trkpt>
			<trkpt lat="7.8571304" lon="99.7369649"></trkpt>
			<trkpt lat="7.8548994" lon="99.7335663"></trkpt>
			<trkpt lat="7.8492919" lon="99.7323506"></trkpt>
			<trkpt lat="7.841064" lon="99.73905"></trkpt>
			<trkpt lat="7.8393786" lon="99.7372278"></trkpt>
			<trkpt lat="7.8381722" lon="99.7411401"></trkpt>
			<trkpt lat="7.8383588" lon="99.746887"></trkpt>
			<trkpt lat="7.8359228" lon="99.7494739"></trkpt>
			<trkpt lat="7.8321047" lon="99.7513667"></trkpt>
			<trkpt lat="7.8248498" lon="99.7518378"></trkpt>
			<trkpt lat="7.8222821" lon="99.7556659"></trkpt>
			<trkpt lat="7.8148021" lon="99.757811"></trkpt>
			<trkpt lat="7.8065083" lon="99.7575931"></trkpt>
			<trkpt lat="7.8023436" lon="99.7591631"></trkpt>
			<trkpt lat="7.799744" lon="99.7637408"></trkpt>
			<trkpt lat="7.7975549" lon="99.7635854"></trkpt>
			<trkpt lat="7.7958147" lon="99.7667991"></trkpt>
			<trkpt lat="7.7890318" lon="99.7707307"></trkpt>
			<trkpt lat="7.7837568" lon="99.7708151"></trkpt>
			<trkpt lat="7.7810589" lon="99.7665415"></trkpt>
			<trkpt lat="7.777934" lon="99.7655581"></trkpt>
			<trkpt lat="7.7751171" lon="99.7670896"></trkpt>
			<trkpt lat="7.7731317" lon="99.7692881"></trkpt>
			<trkpt lat="7.7686668" lon="99.7671431"></trkpt>
			<trkpt lat="7.7657752" lon="99.7740295"></trkpt>
			<trkpt lat="7.7613257" lon="99.7765118"></trkpt>
			<trkpt lat="7.7602727" lon="99.7785916"></trkpt>
			<trkpt lat="7.7598863" lon="99.783705"></trkpt>
			<trkpt lat="7.7565545" lon="99.7826877"></trkpt>
			<trkpt lat="7.7558806" lon="99.7808892"></trkpt>
			<trkpt lat="7.7547263" lon="99.780258"></trkpt>
			<trkpt lat="7.7517621" lon="99.78254"></trkpt>
			<trkpt lat="7.7496538" lon="99.7830178"></trkpt>
			<trkpt lat="7.7482737" lon="99.7824684"></trkpt>
			<trkpt lat="7.7469172" lon="99.784823"></trkpt>
			<trkpt lat="7.7449572" lon="99.7857829"></trkpt>
			<trkpt lat="7.7432923" lon="99.7882583"></trkpt>
			<trkpt lat="7.7354026" lon="99.7838133"></trkpt>
			<trkpt lat="7.7323364" lon="99.7840916"></trkpt>
			<trkpt lat="7.7301192" lon="99.7854024"></trkpt>
			<trkpt lat="7.7262499" lon="99.7852467"></trkpt>
			<trkpt lat="7.7175751" lon="99.7887223"></trkpt>
			<trkpt lat="7.7137447" lon="99.785893"></trkpt>
			<trkpt lat="7.7078426" lon="99.7888074"></trkpt>
			<trkpt lat="7.7014645" lon="99.7880209"></trkpt>
			<trkpt lat="7.699781" lon="99.7889869"></trkpt>
			<trkpt lat="7.6981151" lon="99.7966014"></trkpt>
			<trkpt lat="7.6972262" lon="99.7976096"></trkpt>
			<trkpt lat="7.6945002" lon="99.7976628"></trkpt>
			<trkpt lat="7.6888272" lon="99.8005038"></trkpt>
			<trkpt lat="7.6871288" lon="99.8036128"></trkpt>
			<trkpt lat="7.6842084" lon="99.8060435"></trkpt>
			<trkpt lat="7.6804254" lon="99.8165566"></trkpt>
			<trkpt lat="7.6792565" lon="99.8179501"></trkpt>
			<trkpt lat="7.674733" lon="99.816701"></trkpt>
			<trkpt lat="7.6694881" lon="99.8190953"></trkpt>
			<trkpt lat="7.6649332" lon="99.8168444"></trkpt>
			<trkpt lat="7.6583854" lon="99.8173629"></trkpt>
			<trkpt lat="7.6495849" lon="99.8133967"></trkpt>
			<trkpt lat="7.648544" lon="99.8108012"></trkpt>
			<trkpt lat="7.6486359" lon="99.8079071"></trkpt>
			<trkpt lat="7.6454713" lon="99.8078881"></trkpt>
			<trkpt lat="7.6448541" lon="99.8069203"></trkpt>
			<trkpt lat="7.645927" lon="99.7926467"></trkpt>
			<trkpt lat="7.6446656" lon="99.7899869"></trkpt>
			<trkpt lat="7.6440504" lon="99.7850901"></trkpt>
			<trkpt lat="7.637738" lon="99.7962738"></trkpt>
			<trkpt lat="7.6361152" lon="99.7973882"></trkpt>
			<trkpt lat="7.6300034" lon="99.7978409"></trkpt>
			<trkpt lat="7.6215928" lon="99.8099861"></trkpt>
			<trkpt lat="7.6202059" lon="99.8067755"></trkpt>
			<trkpt lat="7.6131772" lon="99.8062666"></trkpt>
			<trkpt lat="7.6091461" lon="99.8025774"></trkpt>
			<trkpt lat="7.6024127" lon="99.8001502"></trkpt>
			<trkpt lat="7.5977761" lon="99.8007354"></trkpt>
			<trkpt lat="7.5930104" lon="99.7977289"></trkpt>
			<trkpt lat="7.5899363" lon="99.7970513"></trkpt>
			<trkpt lat="7.5875338" lon="99.7989063"></trkpt>
			<trkpt lat="7.5851866" lon="99.7989059"></trkpt>
			<trkpt lat="7.581671" lon="99.8031791"></trkpt>
			<trkpt lat="7.5767541" lon="99.8070412"></trkpt>
			<trkpt lat="7.5735201" lon="99.8121843"></trkpt>
			<trkpt lat="7.5563172" lon="99.8230348"></trkpt>
			<trkpt lat="7.5551901" lon="99.8259598"></trkpt>
			<trkpt lat="7.5523984" lon="99.8284901"></trkpt>
			<trkpt lat="7.548845" lon="99.834929"></trkpt>
			<trkpt lat="7.5468449" lon="99.836189"></trkpt>
			<trkpt lat="7.5418773" lon="99.8368949"></trkpt>
			<trkpt lat="7.5402198" lon="99.8363054"></trkpt>
			<trkpt lat="7.533387" lon="99.8294334"></trkpt>
			<trkpt lat="7.526084" lon="99.8272709"></trkpt>
			<trkpt lat="7.5225496" lon="99.8237108"></trkpt>
			<trkpt lat="7.5218003" lon="99.8190027"></trkpt>
			<trkpt lat="7.5210009" lon="99.8187417"></trkpt>
			<trkpt lat="7.5185103" lon="99.8207599"></trkpt>
			<trkpt lat="7.5124349" lon="99.8201866"></trkpt>
			<trkpt lat="7.5081192" lon="99.8235873"></trkpt>
			<trkpt lat="7.5058948" lon="99.8274429"></trkpt>
			<trkpt lat="7.5039742" lon="99.8332622"></trkpt>
			<trkpt lat="7.5017443" lon="99.83374"></trkpt>
			<trkpt lat="7.4991234" lon="99.8403379"></trkpt>
			<trkpt lat="7.493812" lon="99.8431865"></trkpt>
			<trkpt lat="7.4831221" lon="99.8523259"></trkpt>
			<trkpt lat="7.4792139" lon="99.8533265"></trkpt>
			<trkpt lat="7.4750473" lon="99.8490517"></trkpt>
			<trkpt lat="7.4730955" lon="99.8498523"></trkpt>
			<trkpt lat="7.4702481" lon="99.8474634"></trkpt>
			<trkpt lat="7.4648758" lon="99.8487393"></trkpt>
			<trkpt lat="7.4628893" lon="99.8511341"></trkpt>
			<trkpt lat="7.461508" lon="99.8559377"></trkpt>
			<trkpt lat="7.4600677" lon="99.8573696"></trkpt>
			<trkpt lat="7.4509051" lon="99.8611951"></trkpt>
			<trkpt lat="7.447003" lon="99.8599438"></trkpt>
			<trkpt lat="7.4438717" lon="99.8617121"></trkpt>
			<trkpt lat="7.4407302" lon="99.8614766"></trkpt>
			<trkpt lat="7.4390736" lon="99.8654106"></trkpt>
			<trkpt lat="7.4320777" lon="99.8710087"></trkpt>
			<trkpt lat="7.429528" lon="99.8719988"></trkpt>
			<trkpt lat="7.4271654" lon="99.8717863"></trkpt>
			<trkpt lat="7.4250183" lon="99.8726808"></trkpt>
			<trkpt lat="7.42215" lon="99.877276"></trkpt>
			<trkpt lat="7.4182346" lon="99.87733"></trkpt>
			<trkpt lat="7.4163678" lon="99.8788344"></trkpt>
			<trkpt lat="7.4130166" lon="99.885154"></trkpt>
			<trkpt lat="7.4062185" lon="99.8878859"></trkpt>
			<trkpt lat="7.4024333" lon="99.8915411"></trkpt>
			<trkpt lat="7.3881694" lon="99.9017792"></trkpt>
			<trkpt lat="7.3776101" lon="99.9020925"></trkpt>
			<trkpt lat="7.3654323" lon="99.8951211"></trkpt>
			<trkpt lat="7.3586167" lon="99.898673"></trkpt>
			<trkpt lat="7.3564841" lon="99.902766"></trkpt>
			<trkpt lat="7.3514308" lon="99.9050445"></trkpt>
			<trkpt lat="7.3488267" lon="99.9049034"></trkpt>
			<trkpt lat="7.3434458" lon="99.9023009"></trkpt>
			<trkpt lat="7.3401745" lon="99.9044856"></trkpt>
			<trkpt lat="7.3352277" lon="99.9030119"></trkpt>
			<trkpt lat="7.3277209" lon="99.9056104"></trkpt>
			<trkpt lat="7.3227402" lon="99.9111445"></trkpt>
			<trkpt lat="7.3184868" lon="99.9217412"></trkpt>
			<trkpt lat="7.3175923" lon="99.9333852"></trkpt>
			<trkpt lat="7.3184148" lon="99.9372234"></trkpt>
			<trkpt lat="7.3170916" lon="99.9390115"></trkpt>
			<trkpt lat="7.3143545" lon="99.9395408"></trkpt>
			<trkpt lat="7.3070289" lon="99.9378768"></trkpt>
			<trkpt lat="7.2958878" lon="99.9404335"></trkpt>
			<trkpt lat="7.2881012" lon="99.940286"></trkpt>
			<trkpt lat="7.2852972" lon="99.9411622"></trkpt>
			<trkpt lat="7.2816867" lon="99.9403241"></trkpt>
			<trkpt lat="7.2721721" lon="99.9433416"></trkpt>
			<trkpt lat="7.2686203" lon="99.9458393"></trkpt>
			<trkpt lat="7.2651483" lon="99.9460833"></trkpt>
			<trkpt lat="7.2633994" lon="99.943813"></trkpt>
			<trkpt lat="7.2586548" lon="99.9422451"></trkpt>
			<trkpt lat="7.2556393" lon="99.9393251"></trkpt>
			<trkpt lat="7.2553357" lon="99.9371807"></trkpt>
			<trkpt lat="7.2467864" lon="99.932915"></trkpt>
			<trkpt lat="7.2430876" lon="99.9326617"></trkpt>
			<trkpt lat="7.2398062" lon="99.9339626"></trkpt>
			<trkpt lat="7.2394084" lon="99.9357784"></trkpt>
			<trkpt lat="7.2377428" lon="99.9361984"></trkpt>
			<trkpt lat="7.2360569" lon="99.9382215"></trkpt>
			<trkpt lat="7.2332781" lon="99.9378218"></trkpt>
			<trkpt lat="7.2316649" lon="99.9402265"></trkpt>
			<trkpt lat="7.2179888" lon="99.9469813"></trkpt>
			<trkpt lat="7.216426" lon="99.946883"></trkpt>
			<trkpt lat="7.2158784" lon="99.94789"></trkpt>
			<trkpt lat="7.2125109" lon="99.9473566"></trkpt>
			<trkpt lat="7.2113138" lon="99.9461676"></trkpt>
			<trkpt lat="7.2029799" lon="99.94904"></trkpt>
			<trkpt lat="7.1999346" lon="99.9572162"></trkpt>
			<trkpt lat="7.1979702" lon="99.9593715"></trkpt>
			<trkpt lat="7.194679" lon="99.9590958"></trkpt>
			<trkpt lat="7.1908758" lon="99.9560607"></trkpt>
			<trkpt lat="7.1881973" lon="99.9561389"></trkpt>
			<trkpt lat="7.1813678" lon="99.959176"></trkpt>
			<trkpt lat="7.1771723" lon="99.9580425"></trkpt>
			<trkpt lat="7.1744911" lon="99.9605087"></trkpt>
			<trkpt lat="7.1709291" lon="99.9605267"></trkpt>
			<trkpt lat="7.1675605" lon="99.961895"></trkpt>
			<trkpt lat="7.1667435" lon="99.9630122"></trkpt>
			<trkpt lat="7.1658326" lon="99.9685327"></trkpt>
			<trkpt lat="7.161326" lon="99.9693467"></trkpt>
			<trkpt lat="7.156704" lon="99.9715901"></trkpt>
			<trkpt lat="7.1543821" lon="99.9708845"></trkpt>
			<trkpt lat="7.1503702" lon="99.9714227"></trkpt>
			<trkpt lat="7.1455854" lon="99.9760632"></trkpt>
			<trkpt lat="7.145133" lon="99.9795678"></trkpt>
			<trkpt lat="7.1417204" lon="99.980324"></trkpt>
			<trkpt lat="7.1381316" lon="99.9850228"></trkpt>
			<trkpt lat="7.1245297" lon="99.9904958"></trkpt>
			<trkpt lat="7.11794" lon="99.99503"></trkpt>
			<trkpt lat="7.1107456" lon="100.00442"></trkpt>
			<trkpt lat="7.111066" lon="100.0068197"></trkpt>
			<trkpt lat="7.1066969" lon="100.0184662"></trkpt>
			<trkpt lat="7.104562" lon="100.0217222"></trkpt>
			<trkpt lat="7.104114" lon="100.0244008"></trkpt>
			<trkpt lat="7.10028" lon="100.0268308"></trkpt>
			<trkpt lat="7.0921668" lon="100.0261275"></trkpt>
			<trkpt lat="7.0903216" lon="100.027949"></trkpt>
			<trkpt lat="7.0909718" lon="100.0291761"></trkpt>
			<trkpt lat="7.100346" lon="100.0342646"></trkpt>
			<trkpt lat="7.1011558" lon="100.0371468"></trkpt>
			<trkpt lat="7.1081667" lon="100.0378065"></trkpt>
			<trkpt lat="7.1092159" lon="100.0398235"></trkpt>
			<trkpt lat="7.1077546" lon="100.0488792"></trkpt>
			<trkpt lat="7.1106286" lon="100.0523089"></trkpt>
			<trkpt lat="7.1076883" lon="100.0568787"></trkpt>
			<trkpt lat="7.1096485" lon="100.0572465"></trkpt>
			<trkpt lat="7.1109478" lon="100.0603206"></trkpt>
			<trkpt lat="7.110886" lon="100.0653384"></trkpt>
			<trkpt lat="7.112203" lon="100.0663657"></trkpt>
			<trkpt lat="7.1146854" lon="100.0662334"></trkpt>
			<trkpt lat="7.1177523" lon="100.06464"></trkpt>
			<trkpt lat="7.1226766" lon="100.0653169"></trkpt>
			<trkpt lat="7.1245018" lon="100.0641259"></trkpt>
			<trkpt lat="7.1260343" lon="100.0614362"></trkpt>
			<trkpt lat="7.1284021" lon="100.0605209"></trkpt>
			<trkpt lat="7.133412" lon="100.0622987"></trkpt>
			<trkpt lat="7.1355376" lon="100.0619934"></trkpt>
			<trkpt lat="7.1370141" lon="100.0629691"></trkpt>
			<trkpt lat="7.1396151" lon="100.0629276"></trkpt>
			<trkpt lat="7.1411576" lon="100.068101"></trkpt>
			<trkpt lat="7.1488158" lon="100.075024"></trkpt>
			<trkpt lat="7.1480859" lon="100.0832863"></trkpt>
			<trkpt lat="7.1496551" lon="100.0890451"></trkpt>
			<trkpt lat="7.1532181" lon="100.0959016"></trkpt>
			<trkpt lat="7.1566233" lon="100.0978322"></trkpt>
			<trkpt lat="7.1615456" lon="100.1051641"></trkpt>
			<trkpt lat="7.1636842" lon="100.1057907"></trkpt>
			<trkpt lat="7.1670704" lon="100.1113465"></trkpt>
			<trkpt lat="7.1666345" lon="100.1167442"></trkpt>
			<trkpt lat="7.1672822" lon="100.1172291"></trkpt>
			<trkpt lat="7.1674541" lon="100.1211737"></trkpt>
			<trkpt lat="7.1626007" lon="100.1262764"></trkpt>
			<trkpt lat="7.160957" lon="100.1324656"></trkpt>
			<trkpt lat="7.1597958" lon="100.1334402"></trkpt>
			<trkpt lat="7.157576" lon="100.1336424"></trkpt>
			<trkpt lat="7.1539309" lon="100.136269"></trkpt>
			<trkpt lat="7.1539101" lon="100.1392272"></trkpt>
			<trkpt lat="7.1502428" lon="100.1464462"></trkpt>
			<trkpt lat="7.1504206" lon="100.1476997"></trkpt>
			<trkpt lat="7.1525497" lon="100.1496139"></trkpt>
			<trkpt lat="7.1525947" lon="100.1512864"></trkpt>
			<trkpt lat="7.1516886" lon="100.1519632"></trkpt>
			<trkpt lat="7.1513346" lon="100.154706"></trkpt>
			<trkpt lat="7.1496459" lon="100.1557448"></trkpt>
			<trkpt lat="7.1526358" lon="100.1585492"></trkpt>
			<trkpt lat="7.1527599" lon="100.160253"></trkpt>
			<trkpt lat="7.1539577" lon="100.1600138"></trkpt>
			<trkpt lat="7.1571181" lon="100.1627032"></trkpt>
			<trkpt lat="7.15657" lon="100.1650539"></trkpt>
			<trkpt lat="7.1596994" lon="100.1654727"></trkpt>
			<trkpt lat="7.1609294" lon="100.1676971"></trkpt>
			<trkpt lat="7.1632422" lon="100.1653549"></trkpt>
			<trkpt lat="7.165641" lon="100.1678744"></trkpt>
			<trkpt lat="7.1657561" lon="100.1701447"></trkpt>
			<trkpt lat="7.1676659" lon="100.1711327"></trkpt>
			<trkpt lat="7.1708295" lon="100.1707604"></trkpt>
			<trkpt lat="7.1736202" lon="100.172299"></trkpt>
			<trkpt lat="7.1747746" lon="100.1742234"></trkpt>
			<trkpt lat="7.1760394" lon="100.1741118"></trkpt>
			<trkpt lat="7.1758106" lon="100.1771385"></trkpt>
			<trkpt lat="7.177522" lon="100.1827217"></trkpt>
			<trkpt lat="7.1769954" lon="100.1839439"></trkpt>
			<trkpt lat="7.1783595" lon="100.1849803"></trkpt>
			<trkpt lat="7.1778895" lon="100.187273"></trkpt>
			<trkpt lat="7.1807561" lon="100.1904912"></trkpt>
			<trkpt lat="7.1823433" lon="100.1942131"></trkpt>
			<trkpt lat="7.1814265" lon="100.1963631"></trkpt>
			<trkpt lat="7.1819404" lon="100.1989119"></trkpt>
			<trkpt lat="7.1837027" lon="100.1994281"></trkpt>
			<trkpt lat="7.1847095" lon="100.2010913"></trkpt>
			<trkpt lat="7.1841632" lon="100.2022869"></trkpt>
			<trkpt lat="7.185244" lon="100.2067904"></trkpt>
			<trkpt lat="7.1858695" lon="100.2064581"></trkpt>
			<trkpt lat="7.1876438" lon="100.2083735"></trkpt>
			<trkpt lat="7.1864323" lon="100.2110405"></trkpt>
			<trkpt lat="7.1880845" lon="100.2142596"></trkpt>
			<trkpt lat="7.1904599" lon="100.2158512"></trkpt>
			<trkpt lat="7.1938445" lon="100.2239764"></trkpt>
			<trkpt lat="7.1931553" lon="100.2267931"></trkpt>
			<trkpt lat="7.1941674" lon="100.2289946"></trkpt>
			<trkpt lat="7.1942451" lon="100.2383413"></trkpt>
			<trkpt lat="7.1928519" lon="100.2416293"></trkpt>
			<trkpt lat="7.1945725" lon="100.2455935"></trkpt>
			<trkpt lat="7.19933" lon="100.2491846"></trkpt>
			<trkpt lat="7.198744" lon="100.2536519"></trkpt>
			<trkpt lat="7.1970061" lon="100.2556632"></trkpt>
			<trkpt lat="7.1979767" lon="100.2591285"></trkpt>
			<trkpt lat="7.2007357" lon="100.2607508"></trkpt>
			<trkpt lat="7.2043181" lon="100.268942"></trkpt>
			<trkpt lat="7.2082419" lon="100.2716119"></trkpt>
			<trkpt lat="7.2076366" lon="100.2727982"></trkpt>
			<trkpt lat="7.2110725" lon="100.2815874"></trkpt>
			<trkpt lat="7.2103975" lon="100.2836236"></trkpt>
			<trkpt lat="7.2110173" lon="100.2941334"></trkpt>
			<trkpt lat="7.2099275" lon="100.2953568"></trkpt>
			<trkpt lat="7.208108" lon="100.301917"></trkpt>
			<trkpt lat="7.209643" lon="100.3055652"></trkpt>
			<trkpt lat="7.2198669" lon="100.310861"></trkpt>
			<trkpt lat="7.2285243" lon="100.3140788"></trkpt>
			<trkpt lat="7.2318223" lon="100.3166427"></trkpt>
			<trkpt lat="7.2331847" lon="100.3201055"></trkpt>
			<trkpt lat="7.2343174" lon="100.3208768"></trkpt>
			<trkpt lat="7.2341862" lon="100.3218868"></trkpt>
			<trkpt lat="7.2361103" lon="100.324393"></trkpt>
			<trkpt lat="7.2370738" lon="100.3291282"></trkpt>
			<trkpt lat="7.2410578" lon="100.3344089"></trkpt>
			<trkpt lat="7.2442649" lon="100.3340193"></trkpt>
			<trkpt lat="7.2491233" lon="100.3404409"></trkpt>
			<trkpt lat="7.2520857" lon="100.3415902"></trkpt>
			<trkpt lat="7.2553338" lon="100.3412659"></trkpt>
			<trkpt lat="7.2572712" lon="100.3399867"></trkpt>
			<trkpt lat="7.262907" lon="100.3392234"></trkpt>
			<trkpt lat="7.2709205" lon="100.3413828"></trkpt>
			<trkpt lat="7.2741001" lon="100.345718"></trkpt>
			<trkpt lat="7.2780394" lon="100.3476844"></trkpt>
			<trkpt lat="7.2794041" lon="100.3553664"></trkpt>
			<trkpt lat="7.2786464" lon="100.3594239"></trkpt>
			<trkpt lat="7.281555" lon="100.3609548"></trkpt>
			<trkpt lat="7.2862795" lon="100.3585372"></trkpt>
			<trkpt lat="7.2900648" lon="100.3585271"></trkpt>
			<trkpt lat="7.2920707" lon="100.3570523"></trkpt>
			<trkpt lat="7.2960414" lon="100.3562672"></trkpt>
			<trkpt lat="7.3005217" lon="100.3578176"></trkpt>
			<trkpt lat="7.3064577" lon="100.3689959"></trkpt>
			<trkpt lat="7.3051843" lon="100.3727124"></trkpt>
			<trkpt lat="7.3064451" lon="100.3737091"></trkpt>
			<trkpt lat="7.3115462" lon="100.3748133"></trkpt>
			<trkpt lat="7.3136842" lon="100.3770978"></trkpt>
			<trkpt lat="7.3125972" lon="100.3789637"></trkpt>
			<trkpt lat="7.3009892" lon="100.3784974"></trkpt>
			<trkpt lat="7.2971347" lon="100.3799155"></trkpt>
			<trkpt lat="7.2915127" lon="100.3835703"></trkpt>
			<trkpt lat="7.2822033" lon="100.3824096"></trkpt>
			<trkpt lat="7.2791741" lon="100.3832172"></trkpt>
			<trkpt lat="7.2742793" lon="100.3867428"></trkpt>
			<trkpt lat="7.2705821" lon="100.3936342"></trkpt>
			<trkpt lat="7.2654036" lon="100.3977073"></trkpt>
			<trkpt lat="7.2636209" lon="100.4006321"></trkpt>
			<trkpt lat="7.2672287" lon="100.4090001"></trkpt>
			<trkpt lat="7.2719947" lon="100.4098617"></trkpt>
			<trkpt lat="7.2733635" lon="100.4111504"></trkpt>
			<trkpt lat="7.277066" lon="100.420244"></trkpt>
			<trkpt lat="7.28174" lon="100.4257244"></trkpt>
			<trkpt lat="7.2958017" lon="100.4258781"></trkpt>
			<trkpt lat="7.3086054" lon="100.4277494"></trkpt>
			<trkpt lat="7.3103154" lon="100.4273116"></trkpt>
			<trkpt lat="7.3230863" lon="100.41775"></trkpt>
			<trkpt lat="7.3393176" lon="100.4108002"></trkpt>
			<trkpt lat="7.3508767" lon="100.4098629"></trkpt>
			<trkpt lat="7.3779075" lon="100.4012265"></trkpt>
			<trkpt lat="7.398313" lon="100.3994285"></trkpt>
			<trkpt lat="7.4032726" lon="100.3976578"></trkpt>
			<trkpt lat="7.4163953" lon="100.3861584"></trkpt>
			<trkpt lat="7.4259247" lon="100.382527"></trkpt>
			<trkpt lat="7.4308458" lon="100.3827394"></trkpt>
			<trkpt lat="7.4360603" lon="100.3840479"></trkpt>
			<trkpt lat="7.5059432" lon="100.3853795"></trkpt>
			<trkpt lat="7.5277056" lon="100.3557934"></trkpt>
			<trkpt lat="7.5022709" lon="100.3046829"></trkpt>
			<trkpt lat="7.4986424" lon="100.2990506"></trkpt>
			<trkpt lat="7.4986634" lon="100.2865275"></trkpt>
			<trkpt lat="7.5007667" lon="100.2571766"></trkpt>
			<trkpt lat="7.5020871" lon="100.2571453"></trkpt>
			<trkpt lat="7.5388186" lon="100.2371689"></trkpt>
			<trkpt lat="7.5471342" lon="100.2352219"></trkpt>
			<trkpt lat="7.5749651" lon="100.2333315"></trkpt>
			<trkpt lat="7.7253815" lon="100.2169791"></trkpt>
			<trkpt lat="7.740814" lon="100.2162378"></trkpt>
			<trkpt lat="7.7766735" lon="100.2166633"></trkpt>
			<trkpt lat="7.7842353" lon="100.2176395"></trkpt>
			<trkpt lat="7.8018769" lon="100.1957912"></trkpt>
			<trkpt lat="7.8263415" lon="100.1891674"></trkpt>
			<trkpt lat="7.8764017" lon="100.177567"></trkpt>
			<trkpt lat="7.8812388" lon="100.1734328"></trkpt>
			<trkpt lat="7.8783038" lon="100.1658283"></trkpt>
			<trkpt lat="7.8746507" lon="100.1599085"></trkpt>
			<trkpt lat="7.8742768" lon="100.1557069"></trkpt>
			<trkpt lat="7.8711323" lon="100.1458255"></trkpt>
			<trkpt lat="7.8682148" lon="100.1409413"></trkpt>
			<trkpt lat="7.8684455" lon="100.1396495"></trkpt>
			<trkpt lat="7.8749952" lon="100.134159"></trkpt>
			<trkpt lat="7.8766549" lon="100.1313858"></trkpt>
			<trkpt lat="7.8784748" lon="100.1238948"></trkpt>
			<trkpt lat="7.8788202" lon="100.1073363"></trkpt>
			<trkpt lat="7.8766343" lon="100.1019978"></trkpt>
			<trkpt lat="7.8739716" lon="100.0982346"></trkpt>
			<trkpt lat="7.855059" lon="100.0797959"></trkpt>
			<trkpt lat="7.8524572" lon="100.0782405"></trkpt>
			<trkpt lat="7.8468601" lon="100.0720185"></trkpt>
			<trkpt lat="7.845201" lon="100.0713742"></trkpt>
			<trkpt lat="7.8428248" lon="100.0717406"></trkpt>
			<trkpt lat="7.8420831" lon="100.0702394"></trkpt>
			<trkpt lat="7.8435032" lon="100.0639011"></trkpt>
			<trkpt lat="7.8399838" lon="100.0594469"></trkpt>
			<trkpt lat="7.8381622" lon="100.0557391"></trkpt>
			<trkpt lat="7.8376338" lon="100.0518702"></trkpt>
			<trkpt lat="7.8383995" lon="100.0489948"></trkpt>
			<trkpt lat="7.8370208" lon="100.047182"></trkpt>
			<trkpt lat="7.8417261" lon="100.0449219"></trkpt>
			<trkpt lat="7.842502" lon="100.0397518"></trkpt>
			<trkpt lat="7.846716" lon="100.0344882"></trkpt>
			<trkpt lat="7.8477828" lon="100.0254341"></trkpt>
			<trkpt lat="7.8545095" lon="100.0069206"></trkpt>
			<trkpt lat="7.8552065" lon="99.9978971"></trkpt>
			<trkpt lat="7.8561502" lon="99.9949232"></trkpt>
			<trkpt lat="7.8588654" lon="99.9912557"></trkpt>
			<trkpt lat="7.8599425" lon="99.9880553"></trkpt>
			<trkpt lat="7.8662007" lon="99.9805231"></trkpt>
			<trkpt lat="7.8790265" lon="99.9706878"></trkpt>
			<trkpt lat="7.8892644" lon="99.9608057"></trkpt>
		</trkseg>
	</trk>
	<trk>
		<name>ปัตตานี</name>
		<desc>Length: 303.2 km (188.4 mi)</desc>
		<trkseg>
			<trkpt lat="6.9498515" lon="101.2928591"></trkpt>
			<trkpt lat="6.9521055" lon="101.2865729"></trkpt>
			<trkpt lat="6.9529013" lon="101.2775738"></trkpt>
			<trkpt lat="6.9521267" lon="101.2780721"></trkpt>
			<trkpt lat="6.9483823" lon="101.2688821"></trkpt>
			<trkpt lat="6.9480546" lon="101.2632155"></trkpt>
			<trkpt lat="6.9429301" lon="101.2515427"></trkpt>
			<trkpt lat="6.9421962" lon="101.2475036"></trkpt>
			<trkpt lat="6.934851" lon="101.2409806"></trkpt>
			<trkpt lat="6.9312437" lon="101.2393048"></trkpt>
			<trkpt lat="6.9288392" lon="101.2394439"></trkpt>
			<trkpt lat="6.9290619" lon="101.24025"></trkpt>
			<trkpt lat="6.9333116" lon="101.2420346"></trkpt>
			<trkpt lat="6.9335318" lon="101.2431397"></trkpt>
			<trkpt lat="6.932419" lon="101.2440713"></trkpt>
			<trkpt lat="6.9351052" lon="101.2445781"></trkpt>
			<trkpt lat="6.9322805" lon="101.2453913"></trkpt>
			<trkpt lat="6.9338217" lon="101.2453935"></trkpt>
			<trkpt lat="6.9344003" lon="101.246203"></trkpt>
			<trkpt lat="6.9308864" lon="101.2457115"></trkpt>
			<trkpt lat="6.9316541" lon="101.2447766"></trkpt>
			<trkpt lat="6.9297996" lon="101.2450698"></trkpt>
			<trkpt lat="6.9298723" lon="101.2459436"></trkpt>
			<trkpt lat="6.9359334" lon="101.2495946"></trkpt>
			<trkpt lat="6.9379797" lon="101.2533928"></trkpt>
			<trkpt lat="6.9364994" lon="101.2555732"></trkpt>
			<trkpt lat="6.9409267" lon="101.2605994"></trkpt>
			<trkpt lat="6.9404336" lon="101.2629388"></trkpt>
			<trkpt lat="6.9418635" lon="101.2637558"></trkpt>
			<trkpt lat="6.9419217" lon="101.2649512"></trkpt>
			<trkpt lat="6.9430373" lon="101.2661563"></trkpt>
			<trkpt lat="6.9429145" lon="101.2670281"></trkpt>
			<trkpt lat="6.9451011" lon="101.2680477"></trkpt>
			<trkpt lat="6.9448544" lon="101.2686079"></trkpt>
			<trkpt lat="6.9426566" lon="101.2675656"></trkpt>
			<trkpt lat="6.9446208" lon="101.2727877"></trkpt>
			<trkpt lat="6.9460937" lon="101.2726517"></trkpt>
			<trkpt lat="6.9470995" lon="101.2733158"></trkpt>
			<trkpt lat="6.9468994" lon="101.2738078"></trkpt>
			<trkpt lat="6.9455736" lon="101.2729574"></trkpt>
			<trkpt lat="6.9442689" lon="101.2747829"></trkpt>
			<trkpt lat="6.9431895" lon="101.2746239"></trkpt>
			<trkpt lat="6.9433207" lon="101.2741084"></trkpt>
			<trkpt lat="6.9444005" lon="101.2741984"></trkpt>
			<trkpt lat="6.9446283" lon="101.2732355"></trkpt>
			<trkpt lat="6.941263" lon="101.2740318"></trkpt>
			<trkpt lat="6.948436" lon="101.2805193"></trkpt>
			<trkpt lat="6.9486823" lon="101.2825089"></trkpt>
			<trkpt lat="6.9478651" lon="101.2863268"></trkpt>
			<trkpt lat="6.9493482" lon="101.2863063"></trkpt>
			<trkpt lat="6.9486035" lon="101.2872525"></trkpt>
			<trkpt lat="6.9487453" lon="101.2893564"></trkpt>
			<trkpt lat="6.9461226" lon="101.2869658"></trkpt>
			<trkpt lat="6.9442559" lon="101.2861788"></trkpt>
			<trkpt lat="6.9453046" lon="101.2859012"></trkpt>
			<trkpt lat="6.9385037" lon="101.2852295"></trkpt>
			<trkpt lat="6.9377163" lon="101.2857967"></trkpt>
			<trkpt lat="6.9388918" lon="101.2905056"></trkpt>
			<trkpt lat="6.9366515" lon="101.2965276"></trkpt>
			<trkpt lat="6.9347209" lon="101.297624"></trkpt>
			<trkpt lat="6.9340413" lon="101.2990188"></trkpt>
			<trkpt lat="6.9366507" lon="101.2978714"></trkpt>
			<trkpt lat="6.9375024" lon="101.2965125"></trkpt>
			<trkpt lat="6.9379028" lon="101.2992156"></trkpt>
			<trkpt lat="6.9390816" lon="101.2998585"></trkpt>
			<trkpt lat="6.9377483" lon="101.3010291"></trkpt>
			<trkpt lat="6.9325377" lon="101.3011875"></trkpt>
			<trkpt lat="6.9305669" lon="101.300434"></trkpt>
			<trkpt lat="6.933029" lon="101.3002961"></trkpt>
			<trkpt lat="6.9318156" lon="101.2996989"></trkpt>
			<trkpt lat="6.9322798" lon="101.2992783"></trkpt>
			<trkpt lat="6.9280125" lon="101.3006285"></trkpt>
			<trkpt lat="6.929332" lon="101.3059134"></trkpt>
			<trkpt lat="6.9282914" lon="101.3077649"></trkpt>
			<trkpt lat="6.9248259" lon="101.3107307"></trkpt>
			<trkpt lat="6.9228525" lon="101.3139859"></trkpt>
			<trkpt lat="6.9240167" lon="101.3149503"></trkpt>
			<trkpt lat="6.9277521" lon="101.321303"></trkpt>
			<trkpt lat="6.9277479" lon="101.3242433"></trkpt>
			<trkpt lat="6.9227396" lon="101.3274015"></trkpt>
			<trkpt lat="6.9203753" lon="101.328126"></trkpt>
			<trkpt lat="6.9142958" lon="101.3278514"></trkpt>
			<trkpt lat="6.9111506" lon="101.3297405"></trkpt>
			<trkpt lat="6.9130763" lon="101.3340429"></trkpt>
			<trkpt lat="6.9126081" lon="101.3398965"></trkpt>
			<trkpt lat="6.9095212" lon="101.3429113"></trkpt>
			<trkpt lat="6.9066089" lon="101.3432978"></trkpt>
			<trkpt lat="6.9025757" lon="101.3417324"></trkpt>
			<trkpt lat="6.9005053" lon="101.3418512"></trkpt>
			<trkpt lat="6.8994356" lon="101.3443218"></trkpt>
			<trkpt lat="6.8907867" lon="101.3458146"></trkpt>
			<trkpt lat="6.8860892" lon="101.3440251"></trkpt>
			<trkpt lat="6.8845101" lon="101.3382906"></trkpt>
			<trkpt lat="6.8804923" lon="101.3363349"></trkpt>
			<trkpt lat="6.8796317" lon="101.3348797"></trkpt>
			<trkpt lat="6.8763575" lon="101.3333561"></trkpt>
			<trkpt lat="6.8749285" lon="101.3275083"></trkpt>
			<trkpt lat="6.8759764" lon="101.3248307"></trkpt>
			<trkpt lat="6.8783985" lon="101.3228086"></trkpt>
			<trkpt lat="6.8801074" lon="101.317093"></trkpt>
			<trkpt lat="6.8868801" lon="101.3083691"></trkpt>
			<trkpt lat="6.8816034" lon="101.2995219"></trkpt>
			<trkpt lat="6.8786955" lon="101.2918913"></trkpt>
			<trkpt lat="6.878704" lon="101.2884573"></trkpt>
			<trkpt lat="6.8827193" lon="101.2832109"></trkpt>
			<trkpt lat="6.8919532" lon="101.28441"></trkpt>
			<trkpt lat="6.8932376" lon="101.2772425"></trkpt>
			<trkpt lat="6.892792" lon="101.2731956"></trkpt>
			<trkpt lat="6.8939316" lon="101.2705526"></trkpt>
			<trkpt lat="6.8969228" lon="101.2691558"></trkpt>
			<trkpt lat="6.8991841" lon="101.267063"></trkpt>
			<trkpt lat="6.9012171" lon="101.2635553"></trkpt>
			<trkpt lat="6.901625" lon="101.2579419"></trkpt>
			<trkpt lat="6.9007799" lon="101.2532639"></trkpt>
			<trkpt lat="6.9011532" lon="101.2479098"></trkpt>
			<trkpt lat="6.8971514" lon="101.2449507"></trkpt>
			<trkpt lat="6.894092" lon="101.2416303"></trkpt>
			<trkpt lat="6.8840799" lon="101.2343553"></trkpt>
			<trkpt lat="6.8731367" lon="101.2163497"></trkpt>
			<trkpt lat="6.8714122" lon="101.2058616"></trkpt>
			<trkpt lat="6.86838" lon="101.1985027"></trkpt>
			<trkpt lat="6.8652884" lon="101.1797007"></trkpt>
			<trkpt lat="6.8650672" lon="101.1666812"></trkpt>
			<trkpt lat="6.8633044" lon="101.1639219"></trkpt>
			<trkpt lat="6.8627606" lon="101.1611161"></trkpt>
			<trkpt lat="6.8614468" lon="101.1587709"></trkpt>
			<trkpt lat="6.8611276" lon="101.1420018"></trkpt>
			<trkpt lat="6.8600835" lon="101.1342738"></trkpt>
			<trkpt lat="6.8617737" lon="101.1150649"></trkpt>
			<trkpt lat="6.861288" lon="101.1132136"></trkpt>
			<trkpt lat="6.8627452" lon="101.1011242"></trkpt>
			<trkpt lat="6.8622005" lon="101.0982726"></trkpt>
			<trkpt lat="6.8611633" lon="101.0966976"></trkpt>
			<trkpt lat="6.8574863" lon="101.0636853"></trkpt>
			<trkpt lat="6.8537651" lon="101.0634109"></trkpt>
			<trkpt lat="6.8526779" lon="101.0621179"></trkpt>
			<trkpt lat="6.8525791" lon="101.0585508"></trkpt>
			<trkpt lat="6.8482415" lon="101.0495248"></trkpt>
			<trkpt lat="6.8485563" lon="101.0439378"></trkpt>
			<trkpt lat="6.847834" lon="101.043461"></trkpt>
			<trkpt lat="6.8452842" lon="101.0453903"></trkpt>
			<trkpt lat="6.8438505" lon="101.0438488"></trkpt>
			<trkpt lat="6.8411934" lon="101.0428657"></trkpt>
			<trkpt lat="6.8377518" lon="101.0443317"></trkpt>
			<trkpt lat="6.8392294" lon="101.0471216"></trkpt>
			<trkpt lat="6.8385809" lon="101.0486718"></trkpt>
			<trkpt lat="6.8360959" lon="101.0490829"></trkpt>
			<trkpt lat="6.8347736" lon="101.0481756"></trkpt>
			<trkpt lat="6.8307165" lon="101.0426228"></trkpt>
			<trkpt lat="6.8178408" lon="101.0392499"></trkpt>
			<trkpt lat="6.8063083" lon="101.0383634"></trkpt>
			<trkpt lat="6.7983207" lon="101.0396225"></trkpt>
			<trkpt lat="6.7938224" lon="101.0415413"></trkpt>
			<trkpt lat="6.7914093" lon="101.0412214"></trkpt>
			<trkpt lat="6.7909601" lon="101.0398815"></trkpt>
			<trkpt lat="6.7892812" lon="101.0393979"></trkpt>
			<trkpt lat="6.7890663" lon="101.0380845"></trkpt>
			<trkpt lat="6.7872297" lon="101.0382955"></trkpt>
			<trkpt lat="6.785978" lon="101.037236"></trkpt>
			<trkpt lat="6.786146" lon="101.0362605"></trkpt>
			<trkpt lat="6.7846716" lon="101.0357733"></trkpt>
			<trkpt lat="6.7829203" lon="101.0339537"></trkpt>
			<trkpt lat="6.7825506" lon="101.0304888"></trkpt>
			<trkpt lat="6.7794548" lon="101.0294092"></trkpt>
			<trkpt lat="6.7750351" lon="101.0295202"></trkpt>
			<trkpt lat="6.769317" lon="101.0277417"></trkpt>
			<trkpt lat="6.7659209" lon="101.0283392"></trkpt>
			<trkpt lat="6.760624" lon="101.0332827"></trkpt>
			<trkpt lat="6.7603511" lon="101.0322098"></trkpt>
			<trkpt lat="6.7586669" lon="101.0313555"></trkpt>
			<trkpt lat="6.7581586" lon="101.0299432"></trkpt>
			<trkpt lat="6.7555986" lon="101.0282611"></trkpt>
			<trkpt lat="6.7524071" lon="101.0282975"></trkpt>
			<trkpt lat="6.751898" lon="101.0289816"></trkpt>
			<trkpt lat="6.7490986" lon="101.029716"></trkpt>
			<trkpt lat="6.7487746" lon="101.0311413"></trkpt>
			<trkpt lat="6.7450015" lon="101.0325708"></trkpt>
			<trkpt lat="6.7391315" lon="101.0313125"></trkpt>
			<trkpt lat="6.7339266" lon="101.024327"></trkpt>
			<trkpt lat="6.7302717" lon="101.0236992"></trkpt>
			<trkpt lat="6.7268945" lon="101.0190302"></trkpt>
			<trkpt lat="6.7256072" lon="101.0187864"></trkpt>
			<trkpt lat="6.7238032" lon="101.0199918"></trkpt>
			<trkpt lat="6.7213565" lon="101.0271128"></trkpt>
			<trkpt lat="6.7198869" lon="101.0431433"></trkpt>
			<trkpt lat="6.7162453" lon="101.0447581"></trkpt>
			<trkpt lat="6.7149336" lon="101.0464402"></trkpt>
			<trkpt lat="6.7096705" lon="101.0588163"></trkpt>
			<trkpt lat="6.7072213" lon="101.0587868"></trkpt>
			<trkpt lat="6.7061319" lon="101.0608129"></trkpt>
			<trkpt lat="6.7014439" lon="101.0630945"></trkpt>
			<trkpt lat="6.6970319" lon="101.0630291"></trkpt>
			<trkpt lat="6.6948715" lon="101.0617473"></trkpt>
			<trkpt lat="6.6901679" lon="101.0615467"></trkpt>
			<trkpt lat="6.6871501" lon="101.067212"></trkpt>
			<trkpt lat="6.6858645" lon="101.0730292"></trkpt>
			<trkpt lat="6.682408" lon="101.0629846"></trkpt>
			<trkpt lat="6.6779274" lon="101.0585251"></trkpt>
			<trkpt lat="6.6777171" lon="101.0573301"></trkpt>
			<trkpt lat="6.6736155" lon="101.0562517"></trkpt>
			<trkpt lat="6.6632742" lon="101.0489468"></trkpt>
			<trkpt lat="6.6570524" lon="101.060439"></trkpt>
			<trkpt lat="6.6511446" lon="101.0651511"></trkpt>
			<trkpt lat="6.6441087" lon="101.0689733"></trkpt>
			<trkpt lat="6.644339" lon="101.0714714"></trkpt>
			<trkpt lat="6.6419276" lon="101.0737313"></trkpt>
			<trkpt lat="6.6416727" lon="101.0771173"></trkpt>
			<trkpt lat="6.6429484" lon="101.0805036"></trkpt>
			<trkpt lat="6.6425511" lon="101.0881853"></trkpt>
			<trkpt lat="6.6405691" lon="101.094195"></trkpt>
			<trkpt lat="6.6382918" lon="101.0979911"></trkpt>
			<trkpt lat="6.6291016" lon="101.1080645"></trkpt>
			<trkpt lat="6.6268734" lon="101.1129173"></trkpt>
			<trkpt lat="6.6194093" lon="101.1196407"></trkpt>
			<trkpt lat="6.6098165" lon="101.1310507"></trkpt>
			<trkpt lat="6.6084407" lon="101.1336812"></trkpt>
			<trkpt lat="6.6079644" lon="101.1396045"></trkpt>
			<trkpt lat="6.6083885" lon="101.1422761"></trkpt>
			<trkpt lat="6.6109223" lon="101.1482254"></trkpt>
			<trkpt lat="6.6107312" lon="101.1497004"></trkpt>
			<trkpt lat="6.6082631" lon="101.1532674"></trkpt>
			<trkpt lat="6.6066439" lon="101.1573059"></trkpt>
			<trkpt lat="6.6044647" lon="101.1592571"></trkpt>
			<trkpt lat="6.6028517" lon="101.1619903"></trkpt>
			<trkpt lat="6.6026605" lon="101.1641303"></trkpt>
			<trkpt lat="6.6037174" lon="101.1695047"></trkpt>
			<trkpt lat="6.5988319" lon="101.1757239"></trkpt>
			<trkpt lat="6.5981621" lon="101.1788934"></trkpt>
			<trkpt lat="6.5996198" lon="101.1862408"></trkpt>
			<trkpt lat="6.5977414" lon="101.1898135"></trkpt>
			<trkpt lat="6.598383" lon="101.1938351"></trkpt>
			<trkpt lat="6.5969555" lon="101.1982854"></trkpt>
			<trkpt lat="6.5967706" lon="101.2053707"></trkpt>
			<trkpt lat="6.5950676" lon="101.2099813"></trkpt>
			<trkpt lat="6.594847" lon="101.2129877"></trkpt>
			<trkpt lat="6.5960085" lon="101.2161884"></trkpt>
			<trkpt lat="6.6039785" lon="101.2234269"></trkpt>
			<trkpt lat="6.6082486" lon="101.2250465"></trkpt>
			<trkpt lat="6.6129506" lon="101.2304079"></trkpt>
			<trkpt lat="6.6189702" lon="101.2337102"></trkpt>
			<trkpt lat="6.6318182" lon="101.2373061"></trkpt>
			<trkpt lat="6.6346384" lon="101.2390958"></trkpt>
			<trkpt lat="6.6439573" lon="101.2487275"></trkpt>
			<trkpt lat="6.6440713" lon="101.2504875"></trkpt>
			<trkpt lat="6.6412385" lon="101.2542399"></trkpt>
			<trkpt lat="6.6455458" lon="101.2702908"></trkpt>
			<trkpt lat="6.6540977" lon="101.2762736"></trkpt>
			<trkpt lat="6.6672261" lon="101.2786925"></trkpt>
			<trkpt lat="6.6696071" lon="101.2836273"></trkpt>
			<trkpt lat="6.6718775" lon="101.2811008"></trkpt>
			<trkpt lat="6.6750969" lon="101.2825966"></trkpt>
			<trkpt lat="6.6794176" lon="101.2794428"></trkpt>
			<trkpt lat="6.6815735" lon="101.2797901"></trkpt>
			<trkpt lat="6.6805082" lon="101.2819403"></trkpt>
			<trkpt lat="6.6805912" lon="101.284028"></trkpt>
			<trkpt lat="6.6834953" lon="101.2878471"></trkpt>
			<trkpt lat="6.6838069" lon="101.2892408"></trkpt>
			<trkpt lat="6.6788175" lon="101.2941748"></trkpt>
			<trkpt lat="6.6777237" lon="101.2962654"></trkpt>
			<trkpt lat="6.6759171" lon="101.2963604"></trkpt>
			<trkpt lat="6.6664525" lon="101.2898388"></trkpt>
			<trkpt lat="6.6638554" lon="101.2893583"></trkpt>
			<trkpt lat="6.6589464" lon="101.2915996"></trkpt>
			<trkpt lat="6.6534572" lon="101.2959146"></trkpt>
			<trkpt lat="6.6493618" lon="101.2977579"></trkpt>
			<trkpt lat="6.6427946" lon="101.2989348"></trkpt>
			<trkpt lat="6.631646" lon="101.2980994"></trkpt>
			<trkpt lat="6.6221823" lon="101.302441"></trkpt>
			<trkpt lat="6.6202953" lon="101.3027"></trkpt>
			<trkpt lat="6.6189609" lon="101.3020933"></trkpt>
			<trkpt lat="6.6178404" lon="101.2954282"></trkpt>
			<trkpt lat="6.6148946" lon="101.2921711"></trkpt>
			<trkpt lat="6.6029076" lon="101.2929062"></trkpt>
			<trkpt lat="6.598965" lon="101.2938632"></trkpt>
			<trkpt lat="6.592079" lon="101.2977777"></trkpt>
			<trkpt lat="6.5865716" lon="101.2989449"></trkpt>
			<trkpt lat="6.5800402" lon="101.2978703"></trkpt>
			<trkpt lat="6.5742638" lon="101.3010503"></trkpt>
			<trkpt lat="6.5709177" lon="101.3016354"></trkpt>
			<trkpt lat="6.5668578" lon="101.3045238"></trkpt>
			<trkpt lat="6.5665079" lon="101.3067649"></trkpt>
			<trkpt lat="6.5650927" lon="101.3093631"></trkpt>
			<trkpt lat="6.5656185" lon="101.3110993"></trkpt>
			<trkpt lat="6.5697059" lon="101.3146375"></trkpt>
			<trkpt lat="6.570806" lon="101.3236213"></trkpt>
			<trkpt lat="6.5732606" lon="101.3260562"></trkpt>
			<trkpt lat="6.5734752" lon="101.3274045"></trkpt>
			<trkpt lat="6.5726022" lon="101.3284286"></trkpt>
			<trkpt lat="6.5673173" lon="101.3301174"></trkpt>
			<trkpt lat="6.5663308" lon="101.3310036"></trkpt>
			<trkpt lat="6.5648479" lon="101.3379071"></trkpt>
			<trkpt lat="6.561141" lon="101.3405307"></trkpt>
			<trkpt lat="6.5585441" lon="101.3436566"></trkpt>
			<trkpt lat="6.5570326" lon="101.3494147"></trkpt>
			<trkpt lat="6.5586492" lon="101.3558315"></trkpt>
			<trkpt lat="6.5635532" lon="101.3626772"></trkpt>
			<trkpt lat="6.566084" lon="101.3695107"></trkpt>
			<trkpt lat="6.566074" lon="101.3732898"></trkpt>
			<trkpt lat="6.5674174" lon="101.378871"></trkpt>
			<trkpt lat="6.5696251" lon="101.3820895"></trkpt>
			<trkpt lat="6.5685466" lon="101.388624"></trkpt>
			<trkpt lat="6.569667" lon="101.3913131"></trkpt>
			<trkpt lat="6.5717518" lon="101.393717"></trkpt>
			<trkpt lat="6.5728309" lon="101.3981865"></trkpt>
			<trkpt lat="6.5821184" lon="101.4081844"></trkpt>
			<trkpt lat="6.5827656" lon="101.4120722"></trkpt>
			<trkpt lat="6.5843499" lon="101.4151591"></trkpt>
			<trkpt lat="6.5838099" lon="101.4177256"></trkpt>
			<trkpt lat="6.5841896" lon="101.4226041"></trkpt>
			<trkpt lat="6.5821849" lon="101.4299164"></trkpt>
			<trkpt lat="6.5822278" lon="101.4369962"></trkpt>
			<trkpt lat="6.5807413" lon="101.4393603"></trkpt>
			<trkpt lat="6.5803404" lon="101.4421132"></trkpt>
			<trkpt lat="6.5779105" lon="101.4446015"></trkpt>
			<trkpt lat="6.5756963" lon="101.4517323"></trkpt>
			<trkpt lat="6.5762678" lon="101.4537138"></trkpt>
			<trkpt lat="6.5811797" lon="101.4574671"></trkpt>
			<trkpt lat="6.5827557" lon="101.4576856"></trkpt>
			<trkpt lat="6.5849024" lon="101.45685"></trkpt>
			<trkpt lat="6.5863903" lon="101.462005"></trkpt>
			<trkpt lat="6.5865703" lon="101.4689182"></trkpt>
			<trkpt lat="6.5956078" lon="101.4712975"></trkpt>
			<trkpt lat="6.5962082" lon="101.4720936"></trkpt>
			<trkpt lat="6.5953041" lon="101.4753389"></trkpt>
			<trkpt lat="6.5977272" lon="101.4760626"></trkpt>
			<trkpt lat="6.5979692" lon="101.4782889"></trkpt>
			<trkpt lat="6.6014132" lon="101.4819331"></trkpt>
			<trkpt lat="6.6003684" lon="101.4840338"></trkpt>
			<trkpt lat="6.6035284" lon="101.4866079"></trkpt>
			<trkpt lat="6.6022308" lon="101.4878876"></trkpt>
			<trkpt lat="6.6023784" lon="101.4887509"></trkpt>
			<trkpt lat="6.6043914" lon="101.4891208"></trkpt>
			<trkpt lat="6.6032592" lon="101.4906426"></trkpt>
			<trkpt lat="6.6056836" lon="101.4906429"></trkpt>
			<trkpt lat="6.6043217" lon="101.4915546"></trkpt>
			<trkpt lat="6.6044275" lon="101.4925312"></trkpt>
			<trkpt lat="6.6059743" lon="101.4937212"></trkpt>
			<trkpt lat="6.6057171" lon="101.4942063"></trkpt>
			<trkpt lat="6.6027162" lon="101.4932694"></trkpt>
			<trkpt lat="6.6000523" lon="101.4946372"></trkpt>
			<trkpt lat="6.6008089" lon="101.497615"></trkpt>
			<trkpt lat="6.6038755" lon="101.5014428"></trkpt>
			<trkpt lat="6.6043779" lon="101.5034235"></trkpt>
			<trkpt lat="6.6018634" lon="101.5092285"></trkpt>
			<trkpt lat="6.6003622" lon="101.5107551"></trkpt>
			<trkpt lat="6.5955167" lon="101.5134708"></trkpt>
			<trkpt lat="6.5915529" lon="101.5185701"></trkpt>
			<trkpt lat="6.5861313" lon="101.5212727"></trkpt>
			<trkpt lat="6.5830044" lon="101.5213749"></trkpt>
			<trkpt lat="6.5794011" lon="101.5176892"></trkpt>
			<trkpt lat="6.5770964" lon="101.5178217"></trkpt>
			<trkpt lat="6.5711656" lon="101.5263219"></trkpt>
			<trkpt lat="6.5615134" lon="101.530245"></trkpt>
			<trkpt lat="6.5562706" lon="101.5352487"></trkpt>
			<trkpt lat="6.5554079" lon="101.5394233"></trkpt>
			<trkpt lat="6.5556183" lon="101.5472825"></trkpt>
			<trkpt lat="6.5547531" lon="101.5523664"></trkpt>
			<trkpt lat="6.5505496" lon="101.5609044"></trkpt>
			<trkpt lat="6.549816" lon="101.56409"></trkpt>
			<trkpt lat="6.5527276" lon="101.5698499"></trkpt>
			<trkpt lat="6.5532623" lon="101.5723135"></trkpt>
			<trkpt lat="6.5549964" lon="101.5743827"></trkpt>
			<trkpt lat="6.5549224" lon="101.5806684"></trkpt>
			<trkpt lat="6.5557561" lon="101.5820812"></trkpt>
			<trkpt lat="6.5637963" lon="101.588345"></trkpt>
			<trkpt lat="6.5654253" lon="101.592159"></trkpt>
			<trkpt lat="6.5651234" lon="101.5928532"></trkpt>
			<trkpt lat="6.5691365" lon="101.5948113"></trkpt>
			<trkpt lat="6.573776" lon="101.5939243"></trkpt>
			<trkpt lat="6.5781465" lon="101.59698"></trkpt>
			<trkpt lat="6.5805971" lon="101.5966939"></trkpt>
			<trkpt lat="6.5828769" lon="101.5949215"></trkpt>
			<trkpt lat="6.5854011" lon="101.5915407"></trkpt>
			<trkpt lat="6.5900995" lon="101.5879039"></trkpt>
			<trkpt lat="6.5905729" lon="101.5836385"></trkpt>
			<trkpt lat="6.5926788" lon="101.5790037"></trkpt>
			<trkpt lat="6.5970666" lon="101.5749263"></trkpt>
			<trkpt lat="6.6001417" lon="101.573691"></trkpt>
			<trkpt lat="6.6043686" lon="101.5748364"></trkpt>
			<trkpt lat="6.6089242" lon="101.5770685"></trkpt>
			<trkpt lat="6.6129661" lon="101.5769533"></trkpt>
			<trkpt lat="6.6212628" lon="101.5743499"></trkpt>
			<trkpt lat="6.6246142" lon="101.57844"></trkpt>
			<trkpt lat="6.6293234" lon="101.5821807"></trkpt>
			<trkpt lat="6.6273974" lon="101.5852148"></trkpt>
			<trkpt lat="6.6261747" lon="101.5887535"></trkpt>
			<trkpt lat="6.6260341" lon="101.5921047"></trkpt>
			<trkpt lat="6.6240071" lon="101.596187"></trkpt>
			<trkpt lat="6.6240564" lon="101.600374"></trkpt>
			<trkpt lat="6.6273308" lon="101.6028223"></trkpt>
			<trkpt lat="6.630812" lon="101.6039522"></trkpt>
			<trkpt lat="6.6317958" lon="101.6057"></trkpt>
			<trkpt lat="6.6318947" lon="101.6093456"></trkpt>
			<trkpt lat="6.6336238" lon="101.6130534"></trkpt>
			<trkpt lat="6.6330591" lon="101.613774"></trkpt>
			<trkpt lat="6.6299409" lon="101.6146156"></trkpt>
			<trkpt lat="6.6300055" lon="101.6197115"></trkpt>
			<trkpt lat="6.6337443" lon="101.6234977"></trkpt>
			<trkpt lat="6.6333096" lon="101.6253797"></trkpt>
			<trkpt lat="6.6302393" lon="101.6262362"></trkpt>
			<trkpt lat="6.6275789" lon="101.6224258"></trkpt>
			<trkpt lat="6.6256694" lon="101.6228286"></trkpt>
			<trkpt lat="6.6249429" lon="101.6242572"></trkpt>
			<trkpt lat="6.6248629" lon="101.6267805"></trkpt>
			<trkpt lat="6.6258816" lon="101.6288504"></trkpt>
			<trkpt lat="6.6270469" lon="101.6296767"></trkpt>
			<trkpt lat="6.6331615" lon="101.6296747"></trkpt>
			<trkpt lat="6.6356065" lon="101.6308484"></trkpt>
			<trkpt lat="6.6311095" lon="101.6328784"></trkpt>
			<trkpt lat="6.6240611" lon="101.6327133"></trkpt>
			<trkpt lat="6.6212887" lon="101.6339412"></trkpt>
			<trkpt lat="6.6183751" lon="101.638493"></trkpt>
			<trkpt lat="6.620347" lon="101.6420699"></trkpt>
			<trkpt lat="6.6188504" lon="101.6457598"></trkpt>
			<trkpt lat="6.6171428" lon="101.6467573"></trkpt>
			<trkpt lat="6.6122277" lon="101.6477495"></trkpt>
			<trkpt lat="6.5992869" lon="101.6534151"></trkpt>
			<trkpt lat="6.5956697" lon="101.6559166"></trkpt>
			<trkpt lat="6.5943097" lon="101.6612009"></trkpt>
			<trkpt lat="6.5922792" lon="101.6617503"></trkpt>
			<trkpt lat="6.5887269" lon="101.6598015"></trkpt>
			<trkpt lat="6.5852242" lon="101.6652872"></trkpt>
			<trkpt lat="6.5783385" lon="101.66631"></trkpt>
			<trkpt lat="6.5735337" lon="101.6692003"></trkpt>
			<trkpt lat="6.5738876" lon="101.6728274"></trkpt>
			<trkpt lat="6.5727221" lon="101.6762843"></trkpt>
			<trkpt lat="6.5727426" lon="101.6883737"></trkpt>
			<trkpt lat="6.5677413" lon="101.7046551"></trkpt>
			<trkpt lat="6.5682929" lon="101.7087638"></trkpt>
			<trkpt lat="6.5697078" lon="101.7124903"></trkpt>
			<trkpt lat="6.5741585" lon="101.7192829"></trkpt>
			<trkpt lat="6.5747618" lon="101.721963"></trkpt>
			<trkpt lat="6.5768172" lon="101.7247296"></trkpt>
			<trkpt lat="6.6050891" lon="101.7075497"></trkpt>
			<trkpt lat="6.6188496" lon="101.6982122"></trkpt>
			<trkpt lat="6.6334909" lon="101.6894591"></trkpt>
			<trkpt lat="6.6559045" lon="101.6738547"></trkpt>
			<trkpt lat="6.6759388" lon="101.66118"></trkpt>
			<trkpt lat="6.7020747" lon="101.6473171"></trkpt>
			<trkpt lat="6.7114636" lon="101.6410812"></trkpt>
			<trkpt lat="6.7140453" lon="101.6375083"></trkpt>
			<trkpt lat="6.7153674" lon="101.637638"></trkpt>
			<trkpt lat="6.7191806" lon="101.6351716"></trkpt>
			<trkpt lat="6.7203641" lon="101.63209"></trkpt>
			<trkpt lat="6.7221577" lon="101.6301308"></trkpt>
			<trkpt lat="6.7613538" lon="101.6078702"></trkpt>
			<trkpt lat="6.7746367" lon="101.599487"></trkpt>
			<trkpt lat="6.7818503" lon="101.5959416"></trkpt>
			<trkpt lat="6.789988" lon="101.5903821"></trkpt>
			<trkpt lat="6.8373904" lon="101.5633349"></trkpt>
			<trkpt lat="6.8364019" lon="101.5636602"></trkpt>
			<trkpt lat="6.8460108" lon="101.5575075"></trkpt>
			<trkpt lat="6.8464812" lon="101.5541163"></trkpt>
			<trkpt lat="6.8460038" lon="101.5527626"></trkpt>
			<trkpt lat="6.846637" lon="101.5497837"></trkpt>
			<trkpt lat="6.84585" lon="101.5486498"></trkpt>
			<trkpt lat="6.8469387" lon="101.5445318"></trkpt>
			<trkpt lat="6.854033" lon="101.5368608"></trkpt>
			<trkpt lat="6.8627607" lon="101.5291942"></trkpt>
			<trkpt lat="6.8656129" lon="101.5256086"></trkpt>
			<trkpt lat="6.8634819" lon="101.522251"></trkpt>
			<trkpt lat="6.8635654" lon="101.52001"></trkpt>
			<trkpt lat="6.8663693" lon="101.5102082"></trkpt>
			<trkpt lat="6.8655923" lon="101.5086601"></trkpt>
			<trkpt lat="6.8644204" lon="101.5092739"></trkpt>
			<trkpt lat="6.8642826" lon="101.5152042"></trkpt>
			<trkpt lat="6.8632003" lon="101.5178971"></trkpt>
			<trkpt lat="6.8628703" lon="101.5219092"></trkpt>
			<trkpt lat="6.8618456" lon="101.5217982"></trkpt>
			<trkpt lat="6.8613565" lon="101.5202951"></trkpt>
			<trkpt lat="6.8620131" lon="101.5087216"></trkpt>
			<trkpt lat="6.864613" lon="101.4997478"></trkpt>
			<trkpt lat="6.8651093" lon="101.5030431"></trkpt>
			<trkpt lat="6.8643336" lon="101.5046899"></trkpt>
			<trkpt lat="6.8657215" lon="101.5035001"></trkpt>
			<trkpt lat="6.8669452" lon="101.4946857"></trkpt>
			<trkpt lat="6.8689168" lon="101.491696"></trkpt>
			<trkpt lat="6.8676875" lon="101.4904208"></trkpt>
			<trkpt lat="6.8678067" lon="101.4887914"></trkpt>
			<trkpt lat="6.8704454" lon="101.4834075"></trkpt>
			<trkpt lat="6.8792424" lon="101.4700206"></trkpt>
			<trkpt lat="6.8816879" lon="101.4607761"></trkpt>
			<trkpt lat="6.8850519" lon="101.4528267"></trkpt>
			<trkpt lat="6.8859785" lon="101.4460476"></trkpt>
			<trkpt lat="6.8852025" lon="101.4442603"></trkpt>
			<trkpt lat="6.8865238" lon="101.4394949"></trkpt>
			<trkpt lat="6.8881687" lon="101.4237417"></trkpt>
			<trkpt lat="6.8907034" lon="101.4146926"></trkpt>
			<trkpt lat="6.8901735" lon="101.4111159"></trkpt>
			<trkpt lat="6.8911308" lon="101.4095855"></trkpt>
			<trkpt lat="6.8957277" lon="101.3903109"></trkpt>
			<trkpt lat="6.8965997" lon="101.3832207"></trkpt>
			<trkpt lat="6.8999932" lon="101.3695846"></trkpt>
			<trkpt lat="6.9055205" lon="101.3539125"></trkpt>
			<trkpt lat="6.9165102" lon="101.3382328"></trkpt>
			<trkpt lat="6.9255071" lon="101.329024"></trkpt>
			<trkpt lat="6.9371183" lon="101.314406"></trkpt>
			<trkpt lat="6.938063" lon="101.311715"></trkpt>
			<trkpt lat="6.9422719" lon="101.3066882"></trkpt>
			<trkpt lat="6.9498515" lon="101.2928591"></trkpt>
		</trkseg>
	</trk>
	<trk>
		<name>ยะลา</name>
		<desc>Length: 501.2 km (311.4 mi)</desc>
		<trkseg>
			<trkpt lat="6.6804189" lon="101.2925204"></trkpt>
			<trkpt lat="6.6838069" lon="101.2892408"></trkpt>
			<trkpt lat="6.6805912" lon="101.284028"></trkpt>
			<trkpt lat="6.6815735" lon="101.2797901"></trkpt>
			<trkpt lat="6.6750969" lon="101.2825966"></trkpt>
			<trkpt lat="6.6718775" lon="101.2811008"></trkpt>
			<trkpt lat="6.6696071" lon="101.2836273"></trkpt>
			<trkpt lat="6.6672261" lon="101.2786925"></trkpt>
			<trkpt lat="6.6540977" lon="101.2762736"></trkpt>
			<trkpt lat="6.6455458" lon="101.2702908"></trkpt>
			<trkpt lat="6.6412385" lon="101.2542399"></trkpt>
			<trkpt lat="6.6439573" lon="101.2487275"></trkpt>
			<trkpt lat="6.6318182" lon="101.2373061"></trkpt>
			<trkpt lat="6.6129506" lon="101.2304079"></trkpt>
			<trkpt lat="6.5960085" lon="101.2161884"></trkpt>
			<trkpt lat="6.594847" lon="101.2129877"></trkpt>
			<trkpt lat="6.5996198" lon="101.1862408"></trkpt>
			<trkpt lat="6.5988319" lon="101.1757239"></trkpt>
			<trkpt lat="6.6037174" lon="101.1695047"></trkpt>
			<trkpt lat="6.6028517" lon="101.1619903"></trkpt>
			<trkpt lat="6.6109223" lon="101.1482254"></trkpt>
			<trkpt lat="6.6083885" lon="101.1422761"></trkpt>
			<trkpt lat="6.6084407" lon="101.1336812"></trkpt>
			<trkpt lat="6.6291016" lon="101.1080645"></trkpt>
			<trkpt lat="6.628019" lon="101.1039265"></trkpt>
			<trkpt lat="6.6195081" lon="101.0988966"></trkpt>
			<trkpt lat="6.6135032" lon="101.0885304"></trkpt>
			<trkpt lat="6.6090443" lon="101.0895638"></trkpt>
			<trkpt lat="6.6057385" lon="101.0844001"></trkpt>
			<trkpt lat="6.585207" lon="101.0815028"></trkpt>
			<trkpt lat="6.5745263" lon="101.0850489"></trkpt>
			<trkpt lat="6.5552614" lon="101.0802726"></trkpt>
			<trkpt lat="6.5533041" lon="101.0756662"></trkpt>
			<trkpt lat="6.5442238" lon="101.0690286"></trkpt>
			<trkpt lat="6.5415477" lon="101.043218"></trkpt>
			<trkpt lat="6.5251894" lon="101.0439058"></trkpt>
			<trkpt lat="6.5224737" lon="101.0384904"></trkpt>
			<trkpt lat="6.5162109" lon="101.0365115"></trkpt>
			<trkpt lat="6.5121443" lon="101.0400261"></trkpt>
			<trkpt lat="6.4927291" lon="101.0421126"></trkpt>
			<trkpt lat="6.4890229" lon="101.0459114"></trkpt>
			<trkpt lat="6.4848548" lon="101.0387145"></trkpt>
			<trkpt lat="6.4819424" lon="101.0203967"></trkpt>
			<trkpt lat="6.4868955" lon="101.0155936"></trkpt>
			<trkpt lat="6.4832424" lon="101.0050664"></trkpt>
			<trkpt lat="6.4856286" lon="100.997047"></trkpt>
			<trkpt lat="6.4846726" lon="100.9836407"></trkpt>
			<trkpt lat="6.4864283" lon="100.9775451"></trkpt>
			<trkpt lat="6.4839383" lon="100.9744514"></trkpt>
			<trkpt lat="6.4804949" lon="100.975434"></trkpt>
			<trkpt lat="6.4755978" lon="100.9717344"></trkpt>
			<trkpt lat="6.4681704" lon="100.9725202"></trkpt>
			<trkpt lat="6.4666878" lon="100.9692989"></trkpt>
			<trkpt lat="6.4687308" lon="100.9641067"></trkpt>
			<trkpt lat="6.4514303" lon="100.9592411"></trkpt>
			<trkpt lat="6.4516839" lon="100.9523395"></trkpt>
			<trkpt lat="6.4435561" lon="100.9497968"></trkpt>
			<trkpt lat="6.445189" lon="100.9328892"></trkpt>
			<trkpt lat="6.4154029" lon="100.9184146"></trkpt>
			<trkpt lat="6.3917227" lon="100.9178162"></trkpt>
			<trkpt lat="6.3900105" lon="100.9215937"></trkpt>
			<trkpt lat="6.3814251" lon="100.919813"></trkpt>
			<trkpt lat="6.3808463" lon="100.922439"></trkpt>
			<trkpt lat="6.3728315" lon="100.9226639"></trkpt>
			<trkpt lat="6.3699524" lon="100.9266076"></trkpt>
			<trkpt lat="6.3550482" lon="100.9253049"></trkpt>
			<trkpt lat="6.3549629" lon="100.9195147"></trkpt>
			<trkpt lat="6.3494488" lon="100.9215084"></trkpt>
			<trkpt lat="6.3486335" lon="100.919951"></trkpt>
			<trkpt lat="6.3407418" lon="100.9223211"></trkpt>
			<trkpt lat="6.3401802" lon="100.9258055"></trkpt>
			<trkpt lat="6.329023" lon="100.9255727"></trkpt>
			<trkpt lat="6.3270412" lon="100.9286411"></trkpt>
			<trkpt lat="6.3264787" lon="100.9239847"></trkpt>
			<trkpt lat="6.3219636" lon="100.9287483"></trkpt>
			<trkpt lat="6.3192457" lon="100.9244352"></trkpt>
			<trkpt lat="6.3207446" lon="100.9234462"></trkpt>
			<trkpt lat="6.3170929" lon="100.9162894"></trkpt>
			<trkpt lat="6.3046224" lon="100.9118752"></trkpt>
			<trkpt lat="6.3036197" lon="100.8973977"></trkpt>
			<trkpt lat="6.3010309" lon="100.8923077"></trkpt>
			<trkpt lat="6.296746" lon="100.8899106"></trkpt>
			<trkpt lat="6.2947157" lon="100.8688495"></trkpt>
			<trkpt lat="6.2973418" lon="100.8647248"></trkpt>
			<trkpt lat="6.2938671" lon="100.8621715"></trkpt>
			<trkpt lat="6.2892646" lon="100.8484031"></trkpt>
			<trkpt lat="6.3081893" lon="100.8428352"></trkpt>
			<trkpt lat="6.3004965" lon="100.8402744"></trkpt>
			<trkpt lat="6.3004673" lon="100.8378113"></trkpt>
			<trkpt lat="6.2946565" lon="100.8345519"></trkpt>
			<trkpt lat="6.2924369" lon="100.8362717"></trkpt>
			<trkpt lat="6.2852437" lon="100.8349758"></trkpt>
			<trkpt lat="6.2827025" lon="100.8383131"></trkpt>
			<trkpt lat="6.2584199" lon="100.8460152"></trkpt>
			<trkpt lat="6.2530645" lon="100.8440509"></trkpt>
			<trkpt lat="6.2320056" lon="100.8528313"></trkpt>
			<trkpt lat="6.2330982" lon="100.8586911"></trkpt>
			<trkpt lat="6.2364503" lon="100.8609673"></trkpt>
			<trkpt lat="6.2407377" lon="100.8703882"></trkpt>
			<trkpt lat="6.2444465" lon="100.8651123"></trkpt>
			<trkpt lat="6.2645801" lon="100.8713991"></trkpt>
			<trkpt lat="6.2632079" lon="100.8745906"></trkpt>
			<trkpt lat="6.2576456" lon="100.8765179"></trkpt>
			<trkpt lat="6.2545306" lon="100.880985"></trkpt>
			<trkpt lat="6.2554695" lon="100.8839142"></trkpt>
			<trkpt lat="6.2501043" lon="100.8858506"></trkpt>
			<trkpt lat="6.2492066" lon="100.8919423"></trkpt>
			<trkpt lat="6.2395513" lon="100.8922865"></trkpt>
			<trkpt lat="6.2331763" lon="100.9034813"></trkpt>
			<trkpt lat="6.2373065" lon="100.9075614"></trkpt>
			<trkpt lat="6.2400936" lon="100.9072163"></trkpt>
			<trkpt lat="6.2413503" lon="100.911133"></trkpt>
			<trkpt lat="6.2481347" lon="100.9170367"></trkpt>
			<trkpt lat="6.2446312" lon="100.9221384"></trkpt>
			<trkpt lat="6.2431171" lon="100.9443658"></trkpt>
			<trkpt lat="6.2527303" lon="100.9469368"></trkpt>
			<trkpt lat="6.2628895" lon="100.9463888"></trkpt>
			<trkpt lat="6.2654091" lon="100.954622"></trkpt>
			<trkpt lat="6.269253" lon="100.9562231"></trkpt>
			<trkpt lat="6.2750864" lon="100.9674652"></trkpt>
			<trkpt lat="6.2831419" lon="100.967204"></trkpt>
			<trkpt lat="6.2830077" lon="100.9716258"></trkpt>
			<trkpt lat="6.2791176" lon="100.976461"></trkpt>
			<trkpt lat="6.2787643" lon="100.984583"></trkpt>
			<trkpt lat="6.2759058" lon="100.9841018"></trkpt>
			<trkpt lat="6.2662528" lon="100.989479"></trkpt>
			<trkpt lat="6.2562257" lon="101.0099819"></trkpt>
			<trkpt lat="6.2474568" lon="101.0133444"></trkpt>
			<trkpt lat="6.2463149" lon="101.0190781"></trkpt>
			<trkpt lat="6.250137" lon="101.0217128"></trkpt>
			<trkpt lat="6.2439849" lon="101.0303268"></trkpt>
			<trkpt lat="6.2494489" lon="101.0389448"></trkpt>
			<trkpt lat="6.2492467" lon="101.0427205"></trkpt>
			<trkpt lat="6.2545578" lon="101.0500365"></trkpt>
			<trkpt lat="6.2535627" lon="101.0585828"></trkpt>
			<trkpt lat="6.2591751" lon="101.0643592"></trkpt>
			<trkpt lat="6.2556958" lon="101.0683365"></trkpt>
			<trkpt lat="6.2576987" lon="101.071978"></trkpt>
			<trkpt lat="6.2557583" lon="101.0764198"></trkpt>
			<trkpt lat="6.2602322" lon="101.0950711"></trkpt>
			<trkpt lat="6.2515975" lon="101.1076469"></trkpt>
			<trkpt lat="6.2512046" lon="101.1116311"></trkpt>
			<trkpt lat="6.2395785" lon="101.1052229"></trkpt>
			<trkpt lat="6.226841" lon="101.1130659"></trkpt>
			<trkpt lat="6.2217503" lon="101.1134679"></trkpt>
			<trkpt lat="6.2203382" lon="101.1161712"></trkpt>
			<trkpt lat="6.2117074" lon="101.1184848"></trkpt>
			<trkpt lat="6.2038279" lon="101.1150365"></trkpt>
			<trkpt lat="6.2008714" lon="101.1230135"></trkpt>
			<trkpt lat="6.1934247" lon="101.1264959"></trkpt>
			<trkpt lat="6.1797304" lon="101.1080677"></trkpt>
			<trkpt lat="6.1782771" lon="101.1013696"></trkpt>
			<trkpt lat="6.1797588" lon="101.0960189"></trkpt>
			<trkpt lat="6.1763703" lon="101.0920186"></trkpt>
			<trkpt lat="6.1787671" lon="101.085715"></trkpt>
			<trkpt lat="6.1748633" lon="101.0842753"></trkpt>
			<trkpt lat="6.1710846" lon="101.0750881"></trkpt>
			<trkpt lat="6.1612552" lon="101.0754112"></trkpt>
			<trkpt lat="6.150845" lon="101.0606859"></trkpt>
			<trkpt lat="6.1409092" lon="101.0592673"></trkpt>
			<trkpt lat="6.140173" lon="101.0702498"></trkpt>
			<trkpt lat="6.1356725" lon="101.0746278"></trkpt>
			<trkpt lat="6.1341845" lon="101.0890818"></trkpt>
			<trkpt lat="6.1281544" lon="101.0952013"></trkpt>
			<trkpt lat="6.1273319" lon="101.0991836"></trkpt>
			<trkpt lat="6.1238518" lon="101.1018231"></trkpt>
			<trkpt lat="6.1242625" lon="101.1044232"></trkpt>
			<trkpt lat="6.117275" lon="101.1075666"></trkpt>
			<trkpt lat="6.1137599" lon="101.105734"></trkpt>
			<trkpt lat="6.1123644" lon="101.1137658"></trkpt>
			<trkpt lat="6.1149502" lon="101.1182721"></trkpt>
			<trkpt lat="6.1030629" lon="101.1275624"></trkpt>
			<trkpt lat="6.0954932" lon="101.1261919"></trkpt>
			<trkpt lat="6.0935566" lon="101.1157654"></trkpt>
			<trkpt lat="6.0808627" lon="101.1153974"></trkpt>
			<trkpt lat="6.0736334" lon="101.1098624"></trkpt>
			<trkpt lat="6.0660689" lon="101.1105707"></trkpt>
			<trkpt lat="6.0634547" lon="101.1039978"></trkpt>
			<trkpt lat="6.0504453" lon="101.1001432"></trkpt>
			<trkpt lat="6.0488232" lon="101.1053595"></trkpt>
			<trkpt lat="6.045208" lon="101.1064462"></trkpt>
			<trkpt lat="6.0398768" lon="101.1134932"></trkpt>
			<trkpt lat="6.0318121" lon="101.1122264"></trkpt>
			<trkpt lat="6.0288379" lon="101.1078075"></trkpt>
			<trkpt lat="6.0237803" lon="101.1100315"></trkpt>
			<trkpt lat="6.0153926" lon="101.1084098"></trkpt>
			<trkpt lat="6.009329" lon="101.1125843"></trkpt>
			<trkpt lat="5.9996322" lon="101.106121"></trkpt>
			<trkpt lat="5.9899876" lon="101.1074876"></trkpt>
			<trkpt lat="5.9886147" lon="101.1133449"></trkpt>
			<trkpt lat="5.9822218" lon="101.1226152"></trkpt>
			<trkpt lat="5.9769657" lon="101.1232835"></trkpt>
			<trkpt lat="5.9670737" lon="101.1145393"></trkpt>
			<trkpt lat="5.9574449" lon="101.1106165"></trkpt>
			<trkpt lat="5.9588764" lon="101.1086243"></trkpt>
			<trkpt lat="5.9510219" lon="101.0997536"></trkpt>
			<trkpt lat="5.9509548" lon="101.0954148"></trkpt>
			<trkpt lat="5.9420673" lon="101.0991807"></trkpt>
			<trkpt lat="5.9319455" lon="101.0919802"></trkpt>
			<trkpt lat="5.9270612" lon="101.0917372"></trkpt>
			<trkpt lat="5.9249372" lon="101.0871149"></trkpt>
			<trkpt lat="5.9204011" lon="101.0887575"></trkpt>
			<trkpt lat="5.9104327" lon="101.0856334"></trkpt>
			<trkpt lat="5.9181944" lon="101.0749803"></trkpt>
			<trkpt lat="5.9195507" lon="101.0614352"></trkpt>
			<trkpt lat="5.9162866" lon="101.0597218"></trkpt>
			<trkpt lat="5.9162359" lon="101.0559989"></trkpt>
			<trkpt lat="5.9125283" lon="101.0556562"></trkpt>
			<trkpt lat="5.9109851" lon="101.0503082"></trkpt>
			<trkpt lat="5.9161222" lon="101.0453392"></trkpt>
			<trkpt lat="5.9174469" lon="101.036977"></trkpt>
			<trkpt lat="5.9150873" lon="101.0280161"></trkpt>
			<trkpt lat="5.9122037" lon="101.025271"></trkpt>
			<trkpt lat="5.9024385" lon="101.0294204"></trkpt>
			<trkpt lat="5.8972804" lon="101.0240701"></trkpt>
			<trkpt lat="5.8923102" lon="101.0229929"></trkpt>
			<trkpt lat="5.8821635" lon="101.0143802"></trkpt>
			<trkpt lat="5.8751231" lon="101.0132377"></trkpt>
			<trkpt lat="5.8737333" lon="101.0090756"></trkpt>
			<trkpt lat="5.857132" lon="101.0090224"></trkpt>
			<trkpt lat="5.8533584" lon="101.0070103"></trkpt>
			<trkpt lat="5.8403769" lon="101.0098096"></trkpt>
			<trkpt lat="5.8381785" lon="101.0121072"></trkpt>
			<trkpt lat="5.828355" lon="101.0009653"></trkpt>
			<trkpt lat="5.8242589" lon="101.0015991"></trkpt>
			<trkpt lat="5.8116603" lon="100.9924824"></trkpt>
			<trkpt lat="5.8092937" lon="100.984294"></trkpt>
			<trkpt lat="5.7960143" lon="100.988557"></trkpt>
			<trkpt lat="5.7837756" lon="100.9893345"></trkpt>
			<trkpt lat="5.7847693" lon="100.9956937"></trkpt>
			<trkpt lat="5.7805594" lon="100.9973495"></trkpt>
			<trkpt lat="5.7793194" lon="101.0028731"></trkpt>
			<trkpt lat="5.7740647" lon="101.0072535"></trkpt>
			<trkpt lat="5.7707599" lon="101.0068504"></trkpt>
			<trkpt lat="5.7654474" lon="101.0192547"></trkpt>
			<trkpt lat="5.7592263" lon="101.019991"></trkpt>
			<trkpt lat="5.7435187" lon="101.0300828"></trkpt>
			<trkpt lat="5.7374884" lon="101.0367707"></trkpt>
			<trkpt lat="5.7407231" lon="101.0409416"></trkpt>
			<trkpt lat="5.7400887" lon="101.0502131"></trkpt>
			<trkpt lat="5.7444729" lon="101.0533615"></trkpt>
			<trkpt lat="5.7440871" lon="101.0605675"></trkpt>
			<trkpt lat="5.7339396" lon="101.0592617"></trkpt>
			<trkpt lat="5.7316536" lon="101.0628256"></trkpt>
			<trkpt lat="5.7266642" lon="101.0623801"></trkpt>
			<trkpt lat="5.7287276" lon="101.0674425"></trkpt>
			<trkpt lat="5.7215992" lon="101.0823927"></trkpt>
			<trkpt lat="5.7172401" lon="101.0804647"></trkpt>
			<trkpt lat="5.7097123" lon="101.0813536"></trkpt>
			<trkpt lat="5.7128587" lon="101.0854777"></trkpt>
			<trkpt lat="5.7086266" lon="101.0853163"></trkpt>
			<trkpt lat="5.704669" lon="101.0884474"></trkpt>
			<trkpt lat="5.7035999" lon="101.0951431"></trkpt>
			<trkpt lat="5.699877" lon="101.0965167"></trkpt>
			<trkpt lat="5.6970888" lon="101.0947607"></trkpt>
			<trkpt lat="5.6890812" lon="101.0998698"></trkpt>
			<trkpt lat="5.6890879" lon="101.1025114"></trkpt>
			<trkpt lat="5.684486" lon="101.1046071"></trkpt>
			<trkpt lat="5.6815285" lon="101.1105426"></trkpt>
			<trkpt lat="5.6718037" lon="101.1183017"></trkpt>
			<trkpt lat="5.6629746" lon="101.1203125"></trkpt>
			<trkpt lat="5.6620137" lon="101.1230439"></trkpt>
			<trkpt lat="5.6464134" lon="101.1251912"></trkpt>
			<trkpt lat="5.6402837" lon="101.1288378"></trkpt>
			<trkpt lat="5.63192" lon="101.1278186"></trkpt>
			<trkpt lat="5.6137588" lon="101.1331674"></trkpt>
			<trkpt lat="5.6146599" lon="101.1441582"></trkpt>
			<trkpt lat="5.6231952" lon="101.1447291"></trkpt>
			<trkpt lat="5.6225648" lon="101.1511308"></trkpt>
			<trkpt lat="5.6304931" lon="101.1634836"></trkpt>
			<trkpt lat="5.6363542" lon="101.1681317"></trkpt>
			<trkpt lat="5.6398652" lon="101.1664556"></trkpt>
			<trkpt lat="5.6471853" lon="101.1708797"></trkpt>
			<trkpt lat="5.6505989" lon="101.1885506"></trkpt>
			<trkpt lat="5.649381" lon="101.1950681"></trkpt>
			<trkpt lat="5.6544532" lon="101.2026086"></trkpt>
			<trkpt lat="5.6598349" lon="101.2043666"></trkpt>
			<trkpt lat="5.6616753" lon="101.2139537"></trkpt>
			<trkpt lat="5.6759012" lon="101.2210224"></trkpt>
			<trkpt lat="5.6806393" lon="101.2178957"></trkpt>
			<trkpt lat="5.6875996" lon="101.2181276"></trkpt>
			<trkpt lat="5.6878338" lon="101.2330045"></trkpt>
			<trkpt lat="5.6911459" lon="101.2416946"></trkpt>
			<trkpt lat="5.6960198" lon="101.2449228"></trkpt>
			<trkpt lat="5.6990805" lon="101.2505258"></trkpt>
			<trkpt lat="5.7042086" lon="101.2486975"></trkpt>
			<trkpt lat="5.7083357" lon="101.2514446"></trkpt>
			<trkpt lat="5.7116286" lon="101.2594469"></trkpt>
			<trkpt lat="5.71784" lon="101.2607211"></trkpt>
			<trkpt lat="5.7193815" lon="101.2582093"></trkpt>
			<trkpt lat="5.7324089" lon="101.2595916"></trkpt>
			<trkpt lat="5.7465606" lon="101.2536418"></trkpt>
			<trkpt lat="5.7520348" lon="101.2556077"></trkpt>
			<trkpt lat="5.7600961" lon="101.2501121"></trkpt>
			<trkpt lat="5.7729206" lon="101.254642"></trkpt>
			<trkpt lat="5.7786251" lon="101.2590465"></trkpt>
			<trkpt lat="5.7873485" lon="101.2587144"></trkpt>
			<trkpt lat="5.8026538" lon="101.2658527"></trkpt>
			<trkpt lat="5.8033791" lon="101.2694095"></trkpt>
			<trkpt lat="5.8117223" lon="101.2764831"></trkpt>
			<trkpt lat="5.8162896" lon="101.2913909"></trkpt>
			<trkpt lat="5.8123184" lon="101.2947764"></trkpt>
			<trkpt lat="5.8140082" lon="101.304336"></trkpt>
			<trkpt lat="5.8026595" lon="101.3097312"></trkpt>
			<trkpt lat="5.8027633" lon="101.3141693"></trkpt>
			<trkpt lat="5.8124426" lon="101.3207852"></trkpt>
			<trkpt lat="5.813917" lon="101.3243716"></trkpt>
			<trkpt lat="5.8069111" lon="101.3379606"></trkpt>
			<trkpt lat="5.8096161" lon="101.3412131"></trkpt>
			<trkpt lat="5.808952" lon="101.3460513"></trkpt>
			<trkpt lat="5.8249995" lon="101.3479619"></trkpt>
			<trkpt lat="5.8333402" lon="101.3590475"></trkpt>
			<trkpt lat="5.8311899" lon="101.3615071"></trkpt>
			<trkpt lat="5.8328183" lon="101.374345"></trkpt>
			<trkpt lat="5.8370813" lon="101.3736488"></trkpt>
			<trkpt lat="5.8456668" lon="101.3793278"></trkpt>
			<trkpt lat="5.8506406" lon="101.3796551"></trkpt>
			<trkpt lat="5.8567876" lon="101.3888171"></trkpt>
			<trkpt lat="5.8760186" lon="101.3919617"></trkpt>
			<trkpt lat="5.8734732" lon="101.3949774"></trkpt>
			<trkpt lat="5.8743756" lon="101.4026794"></trkpt>
			<trkpt lat="5.8722125" lon="101.4092671"></trkpt>
			<trkpt lat="5.8765175" lon="101.4176799"></trkpt>
			<trkpt lat="5.8741935" lon="101.4244512"></trkpt>
			<trkpt lat="5.8756188" lon="101.4276937"></trkpt>
			<trkpt lat="5.8709867" lon="101.4318352"></trkpt>
			<trkpt lat="5.8726665" lon="101.4369472"></trkpt>
			<trkpt lat="5.8707941" lon="101.4383042"></trkpt>
			<trkpt lat="5.8707515" lon="101.4467713"></trkpt>
			<trkpt lat="5.8674058" lon="101.4536969"></trkpt>
			<trkpt lat="5.8765754" lon="101.4653245"></trkpt>
			<trkpt lat="5.8746824" lon="101.4703141"></trkpt>
			<trkpt lat="5.8704701" lon="101.4733789"></trkpt>
			<trkpt lat="5.8727211" lon="101.478991"></trkpt>
			<trkpt lat="5.8699605" lon="101.4851184"></trkpt>
			<trkpt lat="5.8720014" lon="101.486893"></trkpt>
			<trkpt lat="5.8829964" lon="101.4867275"></trkpt>
			<trkpt lat="5.8816258" lon="101.4938652"></trkpt>
			<trkpt lat="5.8888536" lon="101.501624"></trkpt>
			<trkpt lat="5.8999199" lon="101.4983724"></trkpt>
			<trkpt lat="5.8981952" lon="101.4913419"></trkpt>
			<trkpt lat="5.8998817" lon="101.4899989"></trkpt>
			<trkpt lat="5.9068325" lon="101.492278"></trkpt>
			<trkpt lat="5.9144242" lon="101.4898197"></trkpt>
			<trkpt lat="5.9227592" lon="101.4922749"></trkpt>
			<trkpt lat="5.9368062" lon="101.4900768"></trkpt>
			<trkpt lat="5.9416621" lon="101.494793"></trkpt>
			<trkpt lat="5.9488131" lon="101.4969651"></trkpt>
			<trkpt lat="5.9506589" lon="101.4956403"></trkpt>
			<trkpt lat="5.9493545" lon="101.4917829"></trkpt>
			<trkpt lat="5.9547786" lon="101.4908775"></trkpt>
			<trkpt lat="5.9551707" lon="101.4871061"></trkpt>
			<trkpt lat="5.96183" lon="101.4847456"></trkpt>
			<trkpt lat="5.9681856" lon="101.4856955"></trkpt>
			<trkpt lat="5.9719616" lon="101.4833706"></trkpt>
			<trkpt lat="5.9786735" lon="101.4838635"></trkpt>
			<trkpt lat="5.9761803" lon="101.4790644"></trkpt>
			<trkpt lat="5.9889671" lon="101.475023"></trkpt>
			<trkpt lat="5.9884179" lon="101.4726716"></trkpt>
			<trkpt lat="5.9978531" lon="101.478177"></trkpt>
			<trkpt lat="6.0081443" lon="101.477881"></trkpt>
			<trkpt lat="6.0121066" lon="101.4821742"></trkpt>
			<trkpt lat="6.0253389" lon="101.4772163"></trkpt>
			<trkpt lat="6.0296386" lon="101.4794821"></trkpt>
			<trkpt lat="6.0398835" lon="101.4740795"></trkpt>
			<trkpt lat="6.0427102" lon="101.4781788"></trkpt>
			<trkpt lat="6.0652801" lon="101.4760432"></trkpt>
			<trkpt lat="6.0801551" lon="101.4674985"></trkpt>
			<trkpt lat="6.0775503" lon="101.4614547"></trkpt>
			<trkpt lat="6.0780116" lon="101.4536878"></trkpt>
			<trkpt lat="6.0823867" lon="101.4465672"></trkpt>
			<trkpt lat="6.0963863" lon="101.43775"></trkpt>
			<trkpt lat="6.1048166" lon="101.4380336"></trkpt>
			<trkpt lat="6.1105296" lon="101.4409823"></trkpt>
			<trkpt lat="6.1139108" lon="101.4395421"></trkpt>
			<trkpt lat="6.1149563" lon="101.4358277"></trkpt>
			<trkpt lat="6.1200817" lon="101.4376744"></trkpt>
			<trkpt lat="6.1289223" lon="101.4349467"></trkpt>
			<trkpt lat="6.1287748" lon="101.430212"></trkpt>
			<trkpt lat="6.1422466" lon="101.4268268"></trkpt>
			<trkpt lat="6.1442744" lon="101.4233768"></trkpt>
			<trkpt lat="6.143341" lon="101.4158062"></trkpt>
			<trkpt lat="6.1504082" lon="101.4116259"></trkpt>
			<trkpt lat="6.1575707" lon="101.4113607"></trkpt>
			<trkpt lat="6.1581562" lon="101.3973949"></trkpt>
			<trkpt lat="6.1668911" lon="101.3873905"></trkpt>
			<trkpt lat="6.1832971" lon="101.3856758"></trkpt>
			<trkpt lat="6.2091209" lon="101.3713736"></trkpt>
			<trkpt lat="6.2231382" lon="101.3952912"></trkpt>
			<trkpt lat="6.2402957" lon="101.4033382"></trkpt>
			<trkpt lat="6.2454343" lon="101.3951106"></trkpt>
			<trkpt lat="6.2586324" lon="101.4010272"></trkpt>
			<trkpt lat="6.2653505" lon="101.399861"></trkpt>
			<trkpt lat="6.2714225" lon="101.4026116"></trkpt>
			<trkpt lat="6.2815901" lon="101.3994459"></trkpt>
			<trkpt lat="6.2868695" lon="101.3948005"></trkpt>
			<trkpt lat="6.3014922" lon="101.3940613"></trkpt>
			<trkpt lat="6.3060939" lon="101.3978792"></trkpt>
			<trkpt lat="6.3172267" lon="101.4000607"></trkpt>
			<trkpt lat="6.3277867" lon="101.3888589"></trkpt>
			<trkpt lat="6.3400477" lon="101.3886974"></trkpt>
			<trkpt lat="6.3500309" lon="101.3975844"></trkpt>
			<trkpt lat="6.3583878" lon="101.3985158"></trkpt>
			<trkpt lat="6.3712803" lon="101.4160206"></trkpt>
			<trkpt lat="6.379975" lon="101.4195634"></trkpt>
			<trkpt lat="6.3899527" lon="101.4194498"></trkpt>
			<trkpt lat="6.3955279" lon="101.4119591"></trkpt>
			<trkpt lat="6.3982557" lon="101.4126845"></trkpt>
			<trkpt lat="6.4020978" lon="101.4192438"></trkpt>
			<trkpt lat="6.4137685" lon="101.4248774"></trkpt>
			<trkpt lat="6.417026" lon="101.4220665"></trkpt>
			<trkpt lat="6.422049" lon="101.4244745"></trkpt>
			<trkpt lat="6.4294942" lon="101.4356695"></trkpt>
			<trkpt lat="6.4276291" lon="101.4409638"></trkpt>
			<trkpt lat="6.4312267" lon="101.4577306"></trkpt>
			<trkpt lat="6.4230652" lon="101.464453"></trkpt>
			<trkpt lat="6.4238837" lon="101.4673876"></trkpt>
			<trkpt lat="6.4288062" lon="101.4695758"></trkpt>
			<trkpt lat="6.4454198" lon="101.4639599"></trkpt>
			<trkpt lat="6.4507265" lon="101.4661297"></trkpt>
			<trkpt lat="6.4545016" lon="101.4626094"></trkpt>
			<trkpt lat="6.4659951" lon="101.4638018"></trkpt>
			<trkpt lat="6.463336" lon="101.470712"></trkpt>
			<trkpt lat="6.4639823" lon="101.4791821"></trkpt>
			<trkpt lat="6.4617334" lon="101.4833846"></trkpt>
			<trkpt lat="6.4631465" lon="101.4866578"></trkpt>
			<trkpt lat="6.4543852" lon="101.4968555"></trkpt>
			<trkpt lat="6.4528823" lon="101.5079762"></trkpt>
			<trkpt lat="6.4661059" lon="101.5244666"></trkpt>
			<trkpt lat="6.4671244" lon="101.5316051"></trkpt>
			<trkpt lat="6.4755982" lon="101.5406794"></trkpt>
			<trkpt lat="6.4798884" lon="101.541867"></trkpt>
			<trkpt lat="6.4831116" lon="101.5467781"></trkpt>
			<trkpt lat="6.4817333" lon="101.5506226"></trkpt>
			<trkpt lat="6.4871806" lon="101.5590383"></trkpt>
			<trkpt lat="6.4975038" lon="101.5671316"></trkpt>
			<trkpt lat="6.4992736" lon="101.5738772"></trkpt>
			<trkpt lat="6.5106046" lon="101.5811918"></trkpt>
			<trkpt lat="6.513549" lon="101.587699"></trkpt>
			<trkpt lat="6.5198383" lon="101.5922023"></trkpt>
			<trkpt lat="6.5293042" lon="101.5935149"></trkpt>
			<trkpt lat="6.5328333" lon="101.6009444"></trkpt>
			<trkpt lat="6.5441598" lon="101.608625"></trkpt>
			<trkpt lat="6.550925" lon="101.5987591"></trkpt>
			<trkpt lat="6.5605134" lon="101.5971043"></trkpt>
			<trkpt lat="6.5654253" lon="101.592159"></trkpt>
			<trkpt lat="6.5549224" lon="101.5806684"></trkpt>
			<trkpt lat="6.5549964" lon="101.5743827"></trkpt>
			<trkpt lat="6.549816" lon="101.56409"></trkpt>
			<trkpt lat="6.5547531" lon="101.5523664"></trkpt>
			<trkpt lat="6.5562706" lon="101.5352487"></trkpt>
			<trkpt lat="6.5615134" lon="101.530245"></trkpt>
			<trkpt lat="6.5711656" lon="101.5263219"></trkpt>
			<trkpt lat="6.5770964" lon="101.5178217"></trkpt>
			<trkpt lat="6.5830044" lon="101.5213749"></trkpt>
			<trkpt lat="6.5915529" lon="101.5185701"></trkpt>
			<trkpt lat="6.6018634" lon="101.5092285"></trkpt>
			<trkpt lat="6.6043779" lon="101.5034235"></trkpt>
			<trkpt lat="6.6000523" lon="101.4946372"></trkpt>
			<trkpt lat="6.6057171" lon="101.4942063"></trkpt>
			<trkpt lat="6.6056836" lon="101.4906429"></trkpt>
			<trkpt lat="6.6032592" lon="101.4906426"></trkpt>
			<trkpt lat="6.6043914" lon="101.4891208"></trkpt>
			<trkpt lat="6.6023784" lon="101.4887509"></trkpt>
			<trkpt lat="6.6035284" lon="101.4866079"></trkpt>
			<trkpt lat="6.6003684" lon="101.4840338"></trkpt>
			<trkpt lat="6.6014132" lon="101.4819331"></trkpt>
			<trkpt lat="6.5953041" lon="101.4753389"></trkpt>
			<trkpt lat="6.5962082" lon="101.4720936"></trkpt>
			<trkpt lat="6.5865703" lon="101.4689182"></trkpt>
			<trkpt lat="6.5849024" lon="101.45685"></trkpt>
			<trkpt lat="6.5811797" lon="101.4574671"></trkpt>
			<trkpt lat="6.5756963" lon="101.4517323"></trkpt>
			<trkpt lat="6.5822278" lon="101.4369962"></trkpt>
			<trkpt lat="6.5843499" lon="101.4151591"></trkpt>
			<trkpt lat="6.5821184" lon="101.4081844"></trkpt>
			<trkpt lat="6.5728309" lon="101.3981865"></trkpt>
			<trkpt lat="6.5685466" lon="101.388624"></trkpt>
			<trkpt lat="6.5696251" lon="101.3820895"></trkpt>
			<trkpt lat="6.5570326" lon="101.3494147"></trkpt>
			<trkpt lat="6.5585441" lon="101.3436566"></trkpt>
			<trkpt lat="6.5648479" lon="101.3379071"></trkpt>
			<trkpt lat="6.5663308" lon="101.3310036"></trkpt>
			<trkpt lat="6.5734752" lon="101.3274045"></trkpt>
			<trkpt lat="6.570806" lon="101.3236213"></trkpt>
			<trkpt lat="6.5697059" lon="101.3146375"></trkpt>
			<trkpt lat="6.5650927" lon="101.3093631"></trkpt>
			<trkpt lat="6.5668578" lon="101.3045238"></trkpt>
			<trkpt lat="6.5800402" lon="101.2978703"></trkpt>
			<trkpt lat="6.5865716" lon="101.2989449"></trkpt>
			<trkpt lat="6.598965" lon="101.2938632"></trkpt>
			<trkpt lat="6.6148946" lon="101.2921711"></trkpt>
			<trkpt lat="6.6178404" lon="101.2954282"></trkpt>
			<trkpt lat="6.6189609" lon="101.3020933"></trkpt>
			<trkpt lat="6.631646" lon="101.2980994"></trkpt>
			<trkpt lat="6.6427946" lon="101.2989348"></trkpt>
			<trkpt lat="6.6534572" lon="101.2959146"></trkpt>
			<trkpt lat="6.6638554" lon="101.2893583"></trkpt>
			<trkpt lat="6.6777237" lon="101.2962654"></trkpt>
			<trkpt lat="6.6804189" lon="101.2925204"></trkpt>
		</trkseg>
	</trk>
	<trk>
		<name>นราธิวาส</name>
		<desc>Length: 366.3 km (227.6 mi)</desc>
		<trkseg>
			<trkpt lat="6.6251085" lon="101.6325488"></trkpt>
			<trkpt lat="6.6311095" lon="101.6328784"></trkpt>
			<trkpt lat="6.6356065" lon="101.6308484"></trkpt>
			<trkpt lat="6.6270469" lon="101.6296767"></trkpt>
			<trkpt lat="6.6248629" lon="101.6267805"></trkpt>
			<trkpt lat="6.6256694" lon="101.6228286"></trkpt>
			<trkpt lat="6.6275789" lon="101.6224258"></trkpt>
			<trkpt lat="6.6302393" lon="101.6262362"></trkpt>
			<trkpt lat="6.6333096" lon="101.6253797"></trkpt>
			<trkpt lat="6.6337443" lon="101.6234977"></trkpt>
			<trkpt lat="6.6300055" lon="101.6197115"></trkpt>
			<trkpt lat="6.6299409" lon="101.6146156"></trkpt>
			<trkpt lat="6.6336238" lon="101.6130534"></trkpt>
			<trkpt lat="6.630812" lon="101.6039522"></trkpt>
			<trkpt lat="6.6240564" lon="101.600374"></trkpt>
			<trkpt lat="6.6240071" lon="101.596187"></trkpt>
			<trkpt lat="6.6293234" lon="101.5821807"></trkpt>
			<trkpt lat="6.6212628" lon="101.5743499"></trkpt>
			<trkpt lat="6.6089242" lon="101.5770685"></trkpt>
			<trkpt lat="6.6001417" lon="101.573691"></trkpt>
			<trkpt lat="6.5926788" lon="101.5790037"></trkpt>
			<trkpt lat="6.5900995" lon="101.5879039"></trkpt>
			<trkpt lat="6.5805971" lon="101.5966939"></trkpt>
			<trkpt lat="6.5781465" lon="101.59698"></trkpt>
			<trkpt lat="6.573776" lon="101.5939243"></trkpt>
			<trkpt lat="6.5691365" lon="101.5948113"></trkpt>
			<trkpt lat="6.5651234" lon="101.5928532"></trkpt>
			<trkpt lat="6.5605134" lon="101.5971043"></trkpt>
			<trkpt lat="6.550925" lon="101.5987591"></trkpt>
			<trkpt lat="6.5441598" lon="101.608625"></trkpt>
			<trkpt lat="6.5427655" lon="101.6086962"></trkpt>
			<trkpt lat="6.5400672" lon="101.605462"></trkpt>
			<trkpt lat="6.5328333" lon="101.6009444"></trkpt>
			<trkpt lat="6.5293042" lon="101.5935149"></trkpt>
			<trkpt lat="6.5198383" lon="101.5922023"></trkpt>
			<trkpt lat="6.513549" lon="101.587699"></trkpt>
			<trkpt lat="6.5106046" lon="101.5811918"></trkpt>
			<trkpt lat="6.4992736" lon="101.5738772"></trkpt>
			<trkpt lat="6.4975038" lon="101.5671316"></trkpt>
			<trkpt lat="6.4946081" lon="101.5635276"></trkpt>
			<trkpt lat="6.4871806" lon="101.5590383"></trkpt>
			<trkpt lat="6.482537" lon="101.553558"></trkpt>
			<trkpt lat="6.4817333" lon="101.5506226"></trkpt>
			<trkpt lat="6.4831116" lon="101.5467781"></trkpt>
			<trkpt lat="6.4798884" lon="101.541867"></trkpt>
			<trkpt lat="6.4755982" lon="101.5406794"></trkpt>
			<trkpt lat="6.4719552" lon="101.5353071"></trkpt>
			<trkpt lat="6.4671244" lon="101.5316051"></trkpt>
			<trkpt lat="6.4661059" lon="101.5244666"></trkpt>
			<trkpt lat="6.4625304" lon="101.5187741"></trkpt>
			<trkpt lat="6.4575051" lon="101.5155305"></trkpt>
			<trkpt lat="6.4528823" lon="101.5079762"></trkpt>
			<trkpt lat="6.4541354" lon="101.5033298"></trkpt>
			<trkpt lat="6.4529378" lon="101.5010566"></trkpt>
			<trkpt lat="6.4543852" lon="101.4968555"></trkpt>
			<trkpt lat="6.4631465" lon="101.4866578"></trkpt>
			<trkpt lat="6.4617334" lon="101.4833846"></trkpt>
			<trkpt lat="6.4639823" lon="101.4791821"></trkpt>
			<trkpt lat="6.463336" lon="101.470712"></trkpt>
			<trkpt lat="6.4659951" lon="101.4638018"></trkpt>
			<trkpt lat="6.461988" lon="101.4646984"></trkpt>
			<trkpt lat="6.457649" lon="101.4622813"></trkpt>
			<trkpt lat="6.4545016" lon="101.4626094"></trkpt>
			<trkpt lat="6.4507265" lon="101.4661297"></trkpt>
			<trkpt lat="6.4454198" lon="101.4639599"></trkpt>
			<trkpt lat="6.4288062" lon="101.4695758"></trkpt>
			<trkpt lat="6.4238837" lon="101.4673876"></trkpt>
			<trkpt lat="6.4230652" lon="101.464453"></trkpt>
			<trkpt lat="6.4250124" lon="101.4613983"></trkpt>
			<trkpt lat="6.4312267" lon="101.4577306"></trkpt>
			<trkpt lat="6.4301592" lon="101.4473502"></trkpt>
			<trkpt lat="6.4276291" lon="101.4409638"></trkpt>
			<trkpt lat="6.4294942" lon="101.4356695"></trkpt>
			<trkpt lat="6.422049" lon="101.4244745"></trkpt>
			<trkpt lat="6.417026" lon="101.4220665"></trkpt>
			<trkpt lat="6.4137685" lon="101.4248774"></trkpt>
			<trkpt lat="6.4098204" lon="101.4216768"></trkpt>
			<trkpt lat="6.4020978" lon="101.4192438"></trkpt>
			<trkpt lat="6.3982557" lon="101.4126845"></trkpt>
			<trkpt lat="6.3955279" lon="101.4119591"></trkpt>
			<trkpt lat="6.3899527" lon="101.4194498"></trkpt>
			<trkpt lat="6.379975" lon="101.4195634"></trkpt>
			<trkpt lat="6.3712803" lon="101.4160206"></trkpt>
			<trkpt lat="6.3675832" lon="101.4088464"></trkpt>
			<trkpt lat="6.3583878" lon="101.3985158"></trkpt>
			<trkpt lat="6.3500309" lon="101.3975844"></trkpt>
			<trkpt lat="6.3400477" lon="101.3886974"></trkpt>
			<trkpt lat="6.3358172" lon="101.3874436"></trkpt>
			<trkpt lat="6.3277867" lon="101.3888589"></trkpt>
			<trkpt lat="6.3197686" lon="101.3987456"></trkpt>
			<trkpt lat="6.3172267" lon="101.4000607"></trkpt>
			<trkpt lat="6.3060939" lon="101.3978792"></trkpt>
			<trkpt lat="6.3014922" lon="101.3940613"></trkpt>
			<trkpt lat="6.2928605" lon="101.3955263"></trkpt>
			<trkpt lat="6.2868695" lon="101.3948005"></trkpt>
			<trkpt lat="6.2815901" lon="101.3994459"></trkpt>
			<trkpt lat="6.2779333" lon="101.3994782"></trkpt>
			<trkpt lat="6.2714225" lon="101.4026116"></trkpt>
			<trkpt lat="6.2653505" lon="101.399861"></trkpt>
			<trkpt lat="6.2586324" lon="101.4010272"></trkpt>
			<trkpt lat="6.2552927" lon="101.3980538"></trkpt>
			<trkpt lat="6.2454343" lon="101.3951106"></trkpt>
			<trkpt lat="6.242592" lon="101.3970233"></trkpt>
			<trkpt lat="6.2402957" lon="101.4033382"></trkpt>
			<trkpt lat="6.2305694" lon="101.3975637"></trkpt>
			<trkpt lat="6.2231382" lon="101.3952912"></trkpt>
			<trkpt lat="6.2152626" lon="101.3800622"></trkpt>
			<trkpt lat="6.2091209" lon="101.3713736"></trkpt>
			<trkpt lat="6.2074942" lon="101.3713251"></trkpt>
			<trkpt lat="6.204303" lon="101.3747209"></trkpt>
			<trkpt lat="6.1832971" lon="101.3856758"></trkpt>
			<trkpt lat="6.1702121" lon="101.3860383"></trkpt>
			<trkpt lat="6.1668911" lon="101.3873905"></trkpt>
			<trkpt lat="6.160646" lon="101.3931921"></trkpt>
			<trkpt lat="6.1581562" lon="101.3973949"></trkpt>
			<trkpt lat="6.1575707" lon="101.4113607"></trkpt>
			<trkpt lat="6.1504082" lon="101.4116259"></trkpt>
			<trkpt lat="6.143341" lon="101.4158062"></trkpt>
			<trkpt lat="6.1442744" lon="101.4233768"></trkpt>
			<trkpt lat="6.1422466" lon="101.4268268"></trkpt>
			<trkpt lat="6.1287748" lon="101.430212"></trkpt>
			<trkpt lat="6.1289223" lon="101.4349467"></trkpt>
			<trkpt lat="6.1200817" lon="101.4376744"></trkpt>
			<trkpt lat="6.1149563" lon="101.4358277"></trkpt>
			<trkpt lat="6.1139108" lon="101.4395421"></trkpt>
			<trkpt lat="6.1105296" lon="101.4409823"></trkpt>
			<trkpt lat="6.1048166" lon="101.4380336"></trkpt>
			<trkpt lat="6.0963863" lon="101.43775"></trkpt>
			<trkpt lat="6.0912262" lon="101.4402053"></trkpt>
			<trkpt lat="6.0866789" lon="101.4446746"></trkpt>
			<trkpt lat="6.0823867" lon="101.4465672"></trkpt>
			<trkpt lat="6.0780116" lon="101.4536878"></trkpt>
			<trkpt lat="6.0775503" lon="101.4614547"></trkpt>
			<trkpt lat="6.0801551" lon="101.4674985"></trkpt>
			<trkpt lat="6.0743897" lon="101.4695331"></trkpt>
			<trkpt lat="6.0652801" lon="101.4760432"></trkpt>
			<trkpt lat="6.0535327" lon="101.4783054"></trkpt>
			<trkpt lat="6.0427102" lon="101.4781788"></trkpt>
			<trkpt lat="6.0398835" lon="101.4740795"></trkpt>
			<trkpt lat="6.0344537" lon="101.4784607"></trkpt>
			<trkpt lat="6.0296386" lon="101.4794821"></trkpt>
			<trkpt lat="6.0253389" lon="101.4772163"></trkpt>
			<trkpt lat="6.020511" lon="101.4777948"></trkpt>
			<trkpt lat="6.0121066" lon="101.4821742"></trkpt>
			<trkpt lat="6.0081443" lon="101.477881"></trkpt>
			<trkpt lat="5.9978531" lon="101.478177"></trkpt>
			<trkpt lat="5.9884179" lon="101.4726716"></trkpt>
			<trkpt lat="5.9889671" lon="101.475023"></trkpt>
			<trkpt lat="5.9803268" lon="101.4766378"></trkpt>
			<trkpt lat="5.9761803" lon="101.4790644"></trkpt>
			<trkpt lat="5.9786735" lon="101.4838635"></trkpt>
			<trkpt lat="5.9719616" lon="101.4833706"></trkpt>
			<trkpt lat="5.9681856" lon="101.4856955"></trkpt>
			<trkpt lat="5.96183" lon="101.4847456"></trkpt>
			<trkpt lat="5.9551707" lon="101.4871061"></trkpt>
			<trkpt lat="5.9547786" lon="101.4908775"></trkpt>
			<trkpt lat="5.9493545" lon="101.4917829"></trkpt>
			<trkpt lat="5.9506589" lon="101.4956403"></trkpt>
			<trkpt lat="5.9488131" lon="101.4969651"></trkpt>
			<trkpt lat="5.9416621" lon="101.494793"></trkpt>
			<trkpt lat="5.9368062" lon="101.4900768"></trkpt>
			<trkpt lat="5.9313276" lon="101.4912928"></trkpt>
			<trkpt lat="5.9269447" lon="101.490687"></trkpt>
			<trkpt lat="5.9227592" lon="101.4922749"></trkpt>
			<trkpt lat="5.9144242" lon="101.4898197"></trkpt>
			<trkpt lat="5.9068325" lon="101.492278"></trkpt>
			<trkpt lat="5.8998817" lon="101.4899989"></trkpt>
			<trkpt lat="5.8981952" lon="101.4913419"></trkpt>
			<trkpt lat="5.8999199" lon="101.4983724"></trkpt>
			<trkpt lat="5.8894024" lon="101.5018053"></trkpt>
			<trkpt lat="5.8941935" lon="101.5077369"></trkpt>
			<trkpt lat="5.8969783" lon="101.5082335"></trkpt>
			<trkpt lat="5.9010214" lon="101.5128018"></trkpt>
			<trkpt lat="5.9033308" lon="101.5131219"></trkpt>
			<trkpt lat="5.9039243" lon="101.5150386"></trkpt>
			<trkpt lat="5.8996822" lon="101.517783"></trkpt>
			<trkpt lat="5.90066" lon="101.5202577"></trkpt>
			<trkpt lat="5.8987732" lon="101.5235537"></trkpt>
			<trkpt lat="5.9011178" lon="101.5248319"></trkpt>
			<trkpt lat="5.9056101" lon="101.5245831"></trkpt>
			<trkpt lat="5.9098948" lon="101.5267761"></trkpt>
			<trkpt lat="5.9152058" lon="101.5341631"></trkpt>
			<trkpt lat="5.9150973" lon="101.536282"></trkpt>
			<trkpt lat="5.9189711" lon="101.5397273"></trkpt>
			<trkpt lat="5.9210773" lon="101.5543893"></trkpt>
			<trkpt lat="5.9190794" lon="101.5592987"></trkpt>
			<trkpt lat="5.9259857" lon="101.5730893"></trkpt>
			<trkpt lat="5.9305353" lon="101.5753239"></trkpt>
			<trkpt lat="5.9343275" lon="101.5816619"></trkpt>
			<trkpt lat="5.9327187" lon="101.5822857"></trkpt>
			<trkpt lat="5.9326816" lon="101.5849081"></trkpt>
			<trkpt lat="5.9295339" lon="101.5879126"></trkpt>
			<trkpt lat="5.9185338" lon="101.5894752"></trkpt>
			<trkpt lat="5.9143518" lon="101.5968527"></trkpt>
			<trkpt lat="5.9118915" lon="101.5977979"></trkpt>
			<trkpt lat="5.9150709" lon="101.6081542"></trkpt>
			<trkpt lat="5.9107336" lon="101.6152503"></trkpt>
			<trkpt lat="5.9007815" lon="101.6151089"></trkpt>
			<trkpt lat="5.8959661" lon="101.6182992"></trkpt>
			<trkpt lat="5.8958694" lon="101.6219223"></trkpt>
			<trkpt lat="5.8856605" lon="101.621893"></trkpt>
			<trkpt lat="5.8813929" lon="101.623172"></trkpt>
			<trkpt lat="5.8778556" lon="101.6225338"></trkpt>
			<trkpt lat="5.8738658" lon="101.6347576"></trkpt>
			<trkpt lat="5.8711092" lon="101.6377097"></trkpt>
			<trkpt lat="5.870774" lon="101.642781"></trkpt>
			<trkpt lat="5.8739365" lon="101.6458727"></trkpt>
			<trkpt lat="5.8778595" lon="101.6541103"></trkpt>
			<trkpt lat="5.8749421" lon="101.6586696"></trkpt>
			<trkpt lat="5.8710466" lon="101.6590312"></trkpt>
			<trkpt lat="5.8658383" lon="101.6625311"></trkpt>
			<trkpt lat="5.8642802" lon="101.6596478"></trkpt>
			<trkpt lat="5.8570172" lon="101.6556298"></trkpt>
			<trkpt lat="5.8541895" lon="101.6569994"></trkpt>
			<trkpt lat="5.8525969" lon="101.6599568"></trkpt>
			<trkpt lat="5.8481674" lon="101.6612038"></trkpt>
			<trkpt lat="5.8419916" lon="101.659601"></trkpt>
			<trkpt lat="5.83852" lon="101.6566711"></trkpt>
			<trkpt lat="5.8259073" lon="101.6588468"></trkpt>
			<trkpt lat="5.8228163" lon="101.6572486"></trkpt>
			<trkpt lat="5.8119062" lon="101.6579232"></trkpt>
			<trkpt lat="5.8148798" lon="101.6627258"></trkpt>
			<trkpt lat="5.8082672" lon="101.6675001"></trkpt>
			<trkpt lat="5.8004259" lon="101.6644264"></trkpt>
			<trkpt lat="5.7953533" lon="101.6699755"></trkpt>
			<trkpt lat="5.7908561" lon="101.6689432"></trkpt>
			<trkpt lat="5.7811973" lon="101.6785697"></trkpt>
			<trkpt lat="5.783181" lon="101.6853636"></trkpt>
			<trkpt lat="5.7806594" lon="101.6878188"></trkpt>
			<trkpt lat="5.7724647" lon="101.6899935"></trkpt>
			<trkpt lat="5.7670113" lon="101.6897203"></trkpt>
			<trkpt lat="5.7642637" lon="101.6877912"></trkpt>
			<trkpt lat="5.7635588" lon="101.6894632"></trkpt>
			<trkpt lat="5.7577848" lon="101.6911768"></trkpt>
			<trkpt lat="5.7564294" lon="101.6904255"></trkpt>
			<trkpt lat="5.7524532" lon="101.697858"></trkpt>
			<trkpt lat="5.752733" lon="101.7021031"></trkpt>
			<trkpt lat="5.7550524" lon="101.7067892"></trkpt>
			<trkpt lat="5.7622517" lon="101.7101057"></trkpt>
			<trkpt lat="5.762401" lon="101.7125621"></trkpt>
			<trkpt lat="5.7644896" lon="101.7150447"></trkpt>
			<trkpt lat="5.7867546" lon="101.7169902"></trkpt>
			<trkpt lat="5.7885042" lon="101.7192441"></trkpt>
			<trkpt lat="5.7799124" lon="101.7219289"></trkpt>
			<trkpt lat="5.7820828" lon="101.7253464"></trkpt>
			<trkpt lat="5.7850534" lon="101.7263012"></trkpt>
			<trkpt lat="5.7838474" lon="101.7285899"></trkpt>
			<trkpt lat="5.7844951" lon="101.7326976"></trkpt>
			<trkpt lat="5.7823183" lon="101.7393045"></trkpt>
			<trkpt lat="5.7901738" lon="101.7437035"></trkpt>
			<trkpt lat="5.793563" lon="101.7438248"></trkpt>
			<trkpt lat="5.7942193" lon="101.7466035"></trkpt>
			<trkpt lat="5.7929315" lon="101.747795"></trkpt>
			<trkpt lat="5.7972109" lon="101.7527566"></trkpt>
			<trkpt lat="5.7954082" lon="101.7604135"></trkpt>
			<trkpt lat="5.7895662" lon="101.7654359"></trkpt>
			<trkpt lat="5.788807" lon="101.7691663"></trkpt>
			<trkpt lat="5.7864448" lon="101.7735153"></trkpt>
			<trkpt lat="5.78295" lon="101.7765584"></trkpt>
			<trkpt lat="5.7724146" lon="101.77388"></trkpt>
			<trkpt lat="5.7660673" lon="101.7766724"></trkpt>
			<trkpt lat="5.750817" lon="101.7926024"></trkpt>
			<trkpt lat="5.750755" lon="101.7982269"></trkpt>
			<trkpt lat="5.7441601" lon="101.8039677"></trkpt>
			<trkpt lat="5.7440194" lon="101.8078777"></trkpt>
			<trkpt lat="5.7376701" lon="101.814193"></trkpt>
			<trkpt lat="5.7330318" lon="101.8157371"></trkpt>
			<trkpt lat="5.7327505" lon="101.8229603"></trkpt>
			<trkpt lat="5.7353481" lon="101.8263103"></trkpt>
			<trkpt lat="5.7385412" lon="101.8267392"></trkpt>
			<trkpt lat="5.7453001" lon="101.823843"></trkpt>
			<trkpt lat="5.7517991" lon="101.8241519"></trkpt>
			<trkpt lat="5.7538899" lon="101.8229849"></trkpt>
			<trkpt lat="5.7540813" lon="101.8191141"></trkpt>
			<trkpt lat="5.7566542" lon="101.8184169"></trkpt>
			<trkpt lat="5.7584472" lon="101.8210549"></trkpt>
			<trkpt lat="5.7756447" lon="101.8291628"></trkpt>
			<trkpt lat="5.7843413" lon="101.8349522"></trkpt>
			<trkpt lat="5.7888278" lon="101.8359129"></trkpt>
			<trkpt lat="5.7899569" lon="101.8404947"></trkpt>
			<trkpt lat="5.7914042" lon="101.8401698"></trkpt>
			<trkpt lat="5.7888677" lon="101.8428146"></trkpt>
			<trkpt lat="5.7910291" lon="101.8546781"></trkpt>
			<trkpt lat="5.7939432" lon="101.8563324"></trkpt>
			<trkpt lat="5.7920778" lon="101.8572557"></trkpt>
			<trkpt lat="5.7906171" lon="101.8653824"></trkpt>
			<trkpt lat="5.7921997" lon="101.8668913"></trkpt>
			<trkpt lat="5.7937488" lon="101.86575"></trkpt>
			<trkpt lat="5.7933982" lon="101.8639456"></trkpt>
			<trkpt lat="5.797689" lon="101.8635787"></trkpt>
			<trkpt lat="5.7984243" lon="101.8604412"></trkpt>
			<trkpt lat="5.8015074" lon="101.8608216"></trkpt>
			<trkpt lat="5.8041299" lon="101.8656152"></trkpt>
			<trkpt lat="5.8025886" lon="101.8664329"></trkpt>
			<trkpt lat="5.8038526" lon="101.8695292"></trkpt>
			<trkpt lat="5.8051842" lon="101.8695122"></trkpt>
			<trkpt lat="5.8030212" lon="101.8718926"></trkpt>
			<trkpt lat="5.8045839" lon="101.8748647"></trkpt>
			<trkpt lat="5.8063065" lon="101.8750386"></trkpt>
			<trkpt lat="5.8063002" lon="101.8761545"></trkpt>
			<trkpt lat="5.8095305" lon="101.8771215"></trkpt>
			<trkpt lat="5.8089268" lon="101.8784407"></trkpt>
			<trkpt lat="5.8106833" lon="101.8780521"></trkpt>
			<trkpt lat="5.8101105" lon="101.8799872"></trkpt>
			<trkpt lat="5.8140544" lon="101.8787577"></trkpt>
			<trkpt lat="5.8159591" lon="101.879537"></trkpt>
			<trkpt lat="5.8196452" lon="101.8767134"></trkpt>
			<trkpt lat="5.8306214" lon="101.8791183"></trkpt>
			<trkpt lat="5.8352243" lon="101.8840763"></trkpt>
			<trkpt lat="5.8379001" lon="101.8833716"></trkpt>
			<trkpt lat="5.8394372" lon="101.8866709"></trkpt>
			<trkpt lat="5.8380008" lon="101.8883929"></trkpt>
			<trkpt lat="5.8388709" lon="101.8913769"></trkpt>
			<trkpt lat="5.8455636" lon="101.8955536"></trkpt>
			<trkpt lat="5.8430473" lon="101.8968708"></trkpt>
			<trkpt lat="5.8442112" lon="101.8992676"></trkpt>
			<trkpt lat="5.8414105" lon="101.9058957"></trkpt>
			<trkpt lat="5.8430751" lon="101.9164825"></trkpt>
			<trkpt lat="5.8454352" lon="101.9162077"></trkpt>
			<trkpt lat="5.8457044" lon="101.9199442"></trkpt>
			<trkpt lat="5.8496161" lon="101.9230517"></trkpt>
			<trkpt lat="5.8499395" lon="101.9255677"></trkpt>
			<trkpt lat="5.8545097" lon="101.9289882"></trkpt>
			<trkpt lat="5.8548187" lon="101.9269046"></trkpt>
			<trkpt lat="5.857422" lon="101.9268799"></trkpt>
			<trkpt lat="5.8617949" lon="101.9307483"></trkpt>
			<trkpt lat="5.8634112" lon="101.9357855"></trkpt>
			<trkpt lat="5.8618554" lon="101.9371002"></trkpt>
			<trkpt lat="5.8680882" lon="101.9409807"></trkpt>
			<trkpt lat="5.8701117" lon="101.9401698"></trkpt>
			<trkpt lat="5.8720961" lon="101.9432376"></trkpt>
			<trkpt lat="5.8766388" lon="101.9417502"></trkpt>
			<trkpt lat="5.8786731" lon="101.9393316"></trkpt>
			<trkpt lat="5.8851304" lon="101.9402323"></trkpt>
			<trkpt lat="5.8866815" lon="101.9390568"></trkpt>
			<trkpt lat="5.8891601" lon="101.9396495"></trkpt>
			<trkpt lat="5.8883404" lon="101.9366227"></trkpt>
			<trkpt lat="5.8912723" lon="101.9379813"></trkpt>
			<trkpt lat="5.8971615" lon="101.9342916"></trkpt>
			<trkpt lat="5.8996212" lon="101.9350562"></trkpt>
			<trkpt lat="5.9002906" lon="101.9329699"></trkpt>
			<trkpt lat="5.9017891" lon="101.9338394"></trkpt>
			<trkpt lat="5.9055255" lon="101.9317196"></trkpt>
			<trkpt lat="5.9067064" lon="101.9328694"></trkpt>
			<trkpt lat="5.9071014" lon="101.9312079"></trkpt>
			<trkpt lat="5.9049363" lon="101.9296277"></trkpt>
			<trkpt lat="5.9098005" lon="101.9295929"></trkpt>
			<trkpt lat="5.9106723" lon="101.9264987"></trkpt>
			<trkpt lat="5.9089628" lon="101.9255801"></trkpt>
			<trkpt lat="5.9105906" lon="101.9215362"></trkpt>
			<trkpt lat="5.9184194" lon="101.9205498"></trkpt>
			<trkpt lat="5.9212321" lon="101.9235394"></trkpt>
			<trkpt lat="5.9244902" lon="101.9231336"></trkpt>
			<trkpt lat="5.9237857" lon="101.9266286"></trkpt>
			<trkpt lat="5.9323684" lon="101.9301095"></trkpt>
			<trkpt lat="5.935342" lon="101.9286081"></trkpt>
			<trkpt lat="5.9361616" lon="101.9308006"></trkpt>
			<trkpt lat="5.938926" lon="101.9283947"></trkpt>
			<trkpt lat="5.9412037" lon="101.9306575"></trkpt>
			<trkpt lat="5.9430501" lon="101.9297227"></trkpt>
			<trkpt lat="5.9452396" lon="101.9310646"></trkpt>
			<trkpt lat="5.9450619" lon="101.9284677"></trkpt>
			<trkpt lat="5.9494271" lon="101.9290492"></trkpt>
			<trkpt lat="5.9494825" lon="101.9342594"></trkpt>
			<trkpt lat="5.9482399" lon="101.9352657"></trkpt>
			<trkpt lat="5.9533111" lon="101.9422859"></trkpt>
			<trkpt lat="5.958547" lon="101.9432736"></trkpt>
			<trkpt lat="5.9591129" lon="101.9410427"></trkpt>
			<trkpt lat="5.964735" lon="101.9418341"></trkpt>
			<trkpt lat="5.972347" lon="101.9389301"></trkpt>
			<trkpt lat="5.9780115" lon="101.9456205"></trkpt>
			<trkpt lat="5.9783564" lon="101.9430094"></trkpt>
			<trkpt lat="5.9798743" lon="101.9448905"></trkpt>
			<trkpt lat="5.9805966" lon="101.9418082"></trkpt>
			<trkpt lat="5.987514" lon="101.9454481"></trkpt>
			<trkpt lat="5.9838116" lon="101.9466916"></trkpt>
			<trkpt lat="5.985107" lon="101.9480578"></trkpt>
			<trkpt lat="5.9910156" lon="101.9478577"></trkpt>
			<trkpt lat="5.990217" lon="101.949555"></trkpt>
			<trkpt lat="5.9880408" lon="101.9497604"></trkpt>
			<trkpt lat="5.9880344" lon="101.9514705"></trkpt>
			<trkpt lat="5.9914389" lon="101.9521813"></trkpt>
			<trkpt lat="5.9923875" lon="101.9546015"></trkpt>
			<trkpt lat="5.9951623" lon="101.9530186"></trkpt>
			<trkpt lat="5.9957223" lon="101.9543008"></trkpt>
			<trkpt lat="5.9937933" lon="101.9572503"></trkpt>
			<trkpt lat="5.9974095" lon="101.9584886"></trkpt>
			<trkpt lat="5.996392" lon="101.9609884"></trkpt>
			<trkpt lat="5.9975986" lon="101.9637112"></trkpt>
			<trkpt lat="6.0005716" lon="101.9640059"></trkpt>
			<trkpt lat="6.0045447" lon="101.9679325"></trkpt>
			<trkpt lat="6.0047095" lon="101.9697197"></trkpt>
			<trkpt lat="6.0099816" lon="101.9722271"></trkpt>
			<trkpt lat="6.0109974" lon="101.9705529"></trkpt>
			<trkpt lat="6.0199628" lon="101.9705909"></trkpt>
			<trkpt lat="6.0238317" lon="101.9752527"></trkpt>
			<trkpt lat="6.030233" lon="101.9775584"></trkpt>
			<trkpt lat="6.0288727" lon="101.9801422"></trkpt>
			<trkpt lat="6.0303909" lon="101.9831714"></trkpt>
			<trkpt lat="6.0376157" lon="101.9871535"></trkpt>
			<trkpt lat="6.0405834" lon="101.9903447"></trkpt>
			<trkpt lat="6.041179" lon="101.9934282"></trkpt>
			<trkpt lat="6.0396967" lon="101.9975623"></trkpt>
			<trkpt lat="6.0440099" lon="102.0035072"></trkpt>
			<trkpt lat="6.049434" lon="102.0025338"></trkpt>
			<trkpt lat="6.051195" lon="102.0050123"></trkpt>
			<trkpt lat="6.0517154" lon="102.01258"></trkpt>
			<trkpt lat="6.0536617" lon="102.0160213"></trkpt>
			<trkpt lat="6.052193" lon="102.0181734"></trkpt>
			<trkpt lat="6.0622848" lon="102.0226978"></trkpt>
			<trkpt lat="6.0652939" lon="102.0289117"></trkpt>
			<trkpt lat="6.0713807" lon="102.0316006"></trkpt>
			<trkpt lat="6.0695044" lon="102.0334346"></trkpt>
			<trkpt lat="6.0747907" lon="102.0436221"></trkpt>
			<trkpt lat="6.0760325" lon="102.0429781"></trkpt>
			<trkpt lat="6.0788783" lon="102.0485539"></trkpt>
			<trkpt lat="6.0787685" lon="102.051206"></trkpt>
			<trkpt lat="6.0858527" lon="102.0567872"></trkpt>
			<trkpt lat="6.09096" lon="102.0577005"></trkpt>
			<trkpt lat="6.091334" lon="102.0606419"></trkpt>
			<trkpt lat="6.0974424" lon="102.0589624"></trkpt>
			<trkpt lat="6.0965751" lon="102.0606677"></trkpt>
			<trkpt lat="6.0992014" lon="102.0597107"></trkpt>
			<trkpt lat="6.1027537" lon="102.0607355"></trkpt>
			<trkpt lat="6.1069741" lon="102.0645184"></trkpt>
			<trkpt lat="6.1067171" lon="102.0660145"></trkpt>
			<trkpt lat="6.1099258" lon="102.0672872"></trkpt>
			<trkpt lat="6.1093946" lon="102.0699545"></trkpt>
			<trkpt lat="6.1153808" lon="102.0717677"></trkpt>
			<trkpt lat="6.1159851" lon="102.0739062"></trkpt>
			<trkpt lat="6.1178813" lon="102.0724809"></trkpt>
			<trkpt lat="6.1179373" lon="102.0749293"></trkpt>
			<trkpt lat="6.1202331" lon="102.0739158"></trkpt>
			<trkpt lat="6.1230877" lon="102.0786366"></trkpt>
			<trkpt lat="6.1257894" lon="102.0788167"></trkpt>
			<trkpt lat="6.1274883" lon="102.0771399"></trkpt>
			<trkpt lat="6.1276744" lon="102.079342"></trkpt>
			<trkpt lat="6.1294578" lon="102.0796596"></trkpt>
			<trkpt lat="6.1294862" lon="102.0814023"></trkpt>
			<trkpt lat="6.1369626" lon="102.0827539"></trkpt>
			<trkpt lat="6.1368507" lon="102.0852268"></trkpt>
			<trkpt lat="6.1382152" lon="102.0858399"></trkpt>
			<trkpt lat="6.13854" lon="102.0881607"></trkpt>
			<trkpt lat="6.1410594" lon="102.086954"></trkpt>
			<trkpt lat="6.1454971" lon="102.0916277"></trkpt>
			<trkpt lat="6.1485968" lon="102.0926909"></trkpt>
			<trkpt lat="6.1509295" lon="102.0898771"></trkpt>
			<trkpt lat="6.1543764" lon="102.0909434"></trkpt>
			<trkpt lat="6.1594244" lon="102.0883162"></trkpt>
			<trkpt lat="6.1579871" lon="102.0847777"></trkpt>
			<trkpt lat="6.1618435" lon="102.0834557"></trkpt>
			<trkpt lat="6.1642702" lon="102.0852033"></trkpt>
			<trkpt lat="6.1690243" lon="102.0822398"></trkpt>
			<trkpt lat="6.1714716" lon="102.0822743"></trkpt>
			<trkpt lat="6.1703291" lon="102.0791131"></trkpt>
			<trkpt lat="6.1723621" lon="102.077961"></trkpt>
			<trkpt lat="6.1797623" lon="102.0800798"></trkpt>
			<trkpt lat="6.1914248" lon="102.0769249"></trkpt>
			<trkpt lat="6.1985439" lon="102.0770999"></trkpt>
			<trkpt lat="6.2037584" lon="102.0797332"></trkpt>
			<trkpt lat="6.2096731" lon="102.0784795"></trkpt>
			<trkpt lat="6.2171566" lon="102.0790912"></trkpt>
			<trkpt lat="6.2204917" lon="102.0807191"></trkpt>
			<trkpt lat="6.2263187" lon="102.0800715"></trkpt>
			<trkpt lat="6.2369314" lon="102.0910579"></trkpt>
			<trkpt lat="6.2413402" lon="102.0872071"></trkpt>
			<trkpt lat="6.24735" lon="102.0864824"></trkpt>
			<trkpt lat="6.2467918" lon="102.0856802"></trkpt>
			<trkpt lat="6.2513561" lon="102.0804666"></trkpt>
			<trkpt lat="6.3138767" lon="101.9838424"></trkpt>
			<trkpt lat="6.3445343" lon="101.946389"></trkpt>
			<trkpt lat="6.3735514" lon="101.9174087"></trkpt>
			<trkpt lat="6.4246171" lon="101.8739847"></trkpt>
			<trkpt lat="6.4282334" lon="101.8667516"></trkpt>
			<trkpt lat="6.4272581" lon="101.8653439"></trkpt>
			<trkpt lat="6.429288" lon="101.8590214"></trkpt>
			<trkpt lat="6.4278589" lon="101.8560718"></trkpt>
			<trkpt lat="6.4447676" lon="101.8302662"></trkpt>
			<trkpt lat="6.4441183" lon="101.8293142"></trkpt>
			<trkpt lat="6.4479102" lon="101.8258852"></trkpt>
			<trkpt lat="6.4468803" lon="101.8249463"></trkpt>
			<trkpt lat="6.4481481" lon="101.8216874"></trkpt>
			<trkpt lat="6.471297" lon="101.7994196"></trkpt>
			<trkpt lat="6.4981399" lon="101.778584"></trkpt>
			<trkpt lat="6.5768172" lon="101.7247296"></trkpt>
			<trkpt lat="6.5697078" lon="101.7124903"></trkpt>
			<trkpt lat="6.5677413" lon="101.7046551"></trkpt>
			<trkpt lat="6.5727426" lon="101.6883737"></trkpt>
			<trkpt lat="6.5735337" lon="101.6692003"></trkpt>
			<trkpt lat="6.5783385" lon="101.66631"></trkpt>
			<trkpt lat="6.5852242" lon="101.6652872"></trkpt>
			<trkpt lat="6.5887269" lon="101.6598015"></trkpt>
			<trkpt lat="6.5922792" lon="101.6617503"></trkpt>
			<trkpt lat="6.5943097" lon="101.6612009"></trkpt>
			<trkpt lat="6.5956697" lon="101.6559166"></trkpt>
			<trkpt lat="6.6188504" lon="101.6457598"></trkpt>
			<trkpt lat="6.620347" lon="101.6420699"></trkpt>
			<trkpt lat="6.6183751" lon="101.638493"></trkpt>
			<trkpt lat="6.6212887" lon="101.6339412"></trkpt>
			<trkpt lat="6.6251085" lon="101.6325488"></trkpt>
		</trkseg>
	</trk>
</gpx>
